ISO-10303-21;
HEADER;
FILE_DESCRIPTION(('KiCad electronic assembly'),'2;1');
FILE_NAME('3d_PCB.step','2026-05-16T16:30:20',('Pcbnew'),('Kicad'),
  'Open CASCADE STEP processor 7.8','KiCad to STEP converter','Unknown'
  );
FILE_SCHEMA(('AUTOMOTIVE_DESIGN { 1 0 10303 214 1 1 1 1 }'));
ENDSEC;
DATA;
#1 = APPLICATION_PROTOCOL_DEFINITION('international standard',
  'automotive_design',2000,#2);
#2 = APPLICATION_CONTEXT(
  'core data for automotive mechanical design processes');
#3 = SHAPE_DEFINITION_REPRESENTATION(#4,#10);
#4 = PRODUCT_DEFINITION_SHAPE('','',#5);
#5 = PRODUCT_DEFINITION('design','',#6,#9);
#6 = PRODUCT_DEFINITION_FORMATION('','',#7);
#7 = PRODUCT('3d_PCB 1','3d_PCB 1','',(#8));
#8 = PRODUCT_CONTEXT('',#2,'mechanical');
#9 = PRODUCT_DEFINITION_CONTEXT('part definition',#2,'design');
#10 = SHAPE_REPRESENTATION('',(#11,#15,#19,#23,#27,#31,#35,#39,#43,#47,
    #51,#55,#59,#63,#67,#71,#75,#79,#83),#87);
#11 = AXIS2_PLACEMENT_3D('',#12,#13,#14);
#12 = CARTESIAN_POINT('',(0.,0.,0.));
#13 = DIRECTION('',(0.,0.,1.));
#14 = DIRECTION('',(1.,0.,-0.));
#15 = AXIS2_PLACEMENT_3D('',#16,#17,#18);
#16 = CARTESIAN_POINT('',(134.23,-65.56,1.595));
#17 = DIRECTION('',(0.,0.,1.));
#18 = DIRECTION('',(1.,0.,0.));
#19 = AXIS2_PLACEMENT_3D('',#20,#21,#22);
#20 = CARTESIAN_POINT('',(131.9,-101.85,-8.5E-02));
#21 = DIRECTION('',(1.499759782662E-32,1.224646799147E-16,-1.));
#22 = DIRECTION('',(-1.,1.224646799147E-16,0.));
#23 = AXIS2_PLACEMENT_3D('',#24,#25,#26);
#24 = CARTESIAN_POINT('',(143.35,-122.55,-8.5E-02));
#25 = DIRECTION('',(0.,-1.224646799147E-16,-1.));
#26 = DIRECTION('',(1.,0.,0.));
#27 = AXIS2_PLACEMENT_3D('',#28,#29,#30);
#28 = CARTESIAN_POINT('',(113.85,-101.75,-8.5E-02));
#29 = DIRECTION('',(1.499759782662E-32,1.224646799147E-16,-1.));
#30 = DIRECTION('',(-1.,1.224646799147E-16,0.));
#31 = AXIS2_PLACEMENT_3D('',#32,#33,#34);
#32 = CARTESIAN_POINT('',(128.25,-117.21,-8.5E-02));
#33 = DIRECTION('',(1.224646799147E-16,-1.359631073447E-32,-1.));
#34 = DIRECTION('',(1.110223024625E-16,1.,0.));
#35 = AXIS2_PLACEMENT_3D('',#36,#37,#38);
#36 = CARTESIAN_POINT('',(128.35,-98.12,-8.5E-02));
#37 = DIRECTION('',(1.224646799147E-16,-1.359631073447E-32,-1.));
#38 = DIRECTION('',(1.110223024625E-16,1.,0.));
#39 = AXIS2_PLACEMENT_3D('',#40,#41,#42);
#40 = CARTESIAN_POINT('',(107.8,-116.91,-8.5E-02));
#41 = DIRECTION('',(1.224646799147E-16,-1.359631073447E-32,-1.));
#42 = DIRECTION('',(1.110223024625E-16,1.,0.));
#43 = AXIS2_PLACEMENT_3D('',#44,#45,#46);
#44 = CARTESIAN_POINT('',(147.05,-84.74,-8.5E-02));
#45 = DIRECTION('',(-1.224646799147E-16,-1.359631073447E-32,-1.));
#46 = DIRECTION('',(1.110223024625E-16,-1.,0.));
#47 = AXIS2_PLACEMENT_3D('',#48,#49,#50);
#48 = CARTESIAN_POINT('',(147.4,-136.22,-8.5E-02));
#49 = DIRECTION('',(1.224646799147E-16,-1.359631073447E-32,-1.));
#50 = DIRECTION('',(1.110223024625E-16,1.,0.));
#51 = AXIS2_PLACEMENT_3D('',#52,#53,#54);
#52 = CARTESIAN_POINT('',(128.3,-136.37,-8.5E-02));
#53 = DIRECTION('',(1.224646799147E-16,-1.359631073447E-32,-1.));
#54 = DIRECTION('',(1.110223024625E-16,1.,0.));
#55 = AXIS2_PLACEMENT_3D('',#56,#57,#58);
#56 = CARTESIAN_POINT('',(147.35,-117.11,-8.5E-02));
#57 = DIRECTION('',(1.224646799147E-16,-1.359631073447E-32,-1.));
#58 = DIRECTION('',(1.110223024625E-16,1.,0.));
#59 = AXIS2_PLACEMENT_3D('',#60,#61,#62);
#60 = CARTESIAN_POINT('',(107.75,-136.36,-8.5E-02));
#61 = DIRECTION('',(1.224646799147E-16,-1.359631073447E-32,-1.));
#62 = DIRECTION('',(1.110223024625E-16,1.,0.));
#63 = AXIS2_PLACEMENT_3D('',#64,#65,#66);
#64 = CARTESIAN_POINT('',(147.05,-81.41,-8.5E-02));
#65 = DIRECTION('',(1.224646799147E-16,-1.359631073447E-32,-1.));
#66 = DIRECTION('',(1.110223024625E-16,1.,0.));
#67 = AXIS2_PLACEMENT_3D('',#68,#69,#70);
#68 = CARTESIAN_POINT('',(151.15,-101.9,-8.5E-02));
#69 = DIRECTION('',(1.499759782662E-32,1.224646799147E-16,-1.));
#70 = DIRECTION('',(-1.,1.224646799147E-16,0.));
#71 = AXIS2_PLACEMENT_3D('',#72,#73,#74);
#72 = CARTESIAN_POINT('',(107.9,-97.71,-8.5E-02));
#73 = DIRECTION('',(1.224646799147E-16,-1.359631073447E-32,-1.));
#74 = DIRECTION('',(1.110223024625E-16,1.,0.));
#75 = AXIS2_PLACEMENT_3D('',#76,#77,#78);
#76 = CARTESIAN_POINT('',(151.25,-120.95,-8.5E-02));
#77 = DIRECTION('',(1.499759782662E-32,1.224646799147E-16,-1.));
#78 = DIRECTION('',(-1.,1.224646799147E-16,0.));
#79 = AXIS2_PLACEMENT_3D('',#80,#81,#82);
#80 = CARTESIAN_POINT('',(113.1,-121.15,-8.5E-02));
#81 = DIRECTION('',(1.499759782662E-32,1.224646799147E-16,-1.));
#82 = DIRECTION('',(-1.,1.224646799147E-16,0.));
#83 = AXIS2_PLACEMENT_3D('',#84,#85,#86);
#84 = CARTESIAN_POINT('',(0.,0.,0.));
#85 = DIRECTION('',(0.,0.,1.));
#86 = DIRECTION('',(1.,0.,-0.));
#87 = ( GEOMETRIC_REPRESENTATION_CONTEXT(3) 
GLOBAL_UNCERTAINTY_ASSIGNED_CONTEXT((#91)) GLOBAL_UNIT_ASSIGNED_CONTEXT(
(#88,#89,#90)) REPRESENTATION_CONTEXT('Context #1',
  '3D Context with UNIT and UNCERTAINTY') );
#88 = ( LENGTH_UNIT() NAMED_UNIT(*) SI_UNIT(.MILLI.,.METRE.) );
#89 = ( NAMED_UNIT(*) PLANE_ANGLE_UNIT() SI_UNIT($,.RADIAN.) );
#90 = ( NAMED_UNIT(*) SI_UNIT($,.STERADIAN.) SOLID_ANGLE_UNIT() );
#91 = UNCERTAINTY_MEASURE_WITH_UNIT(LENGTH_MEASURE(1.E-07),#88,
  'distance_accuracy_value','confusion accuracy');
#92 = PRODUCT_RELATED_PRODUCT_CATEGORY('part',$,(#7));
#93 = SHAPE_DEFINITION_REPRESENTATION(#94,#100);
#94 = PRODUCT_DEFINITION_SHAPE('','',#95);
#95 = PRODUCT_DEFINITION('design','',#96,#99);
#96 = PRODUCT_DEFINITION_FORMATION('','',#97);
#97 = PRODUCT('DIP-14_W7.62mm','DIP-14_W7.62mm','',(#98));
#98 = PRODUCT_CONTEXT('',#2,'mechanical');
#99 = PRODUCT_DEFINITION_CONTEXT('part definition',#2,'design');
#100 = ADVANCED_BREP_SHAPE_REPRESENTATION('',(#11,#101),#8047);
#101 = MANIFOLD_SOLID_BREP('',#102);
#102 = CLOSED_SHELL('',(#103,#143,#284,#307,#442,#459,#489,#519,#550,
    #581,#612,#643,#674,#705,#736,#767,#798,#829,#860,#891,#922,#945,
    #969,#999,#1030,#1061,#1092,#1123,#1154,#1185,#1216,#1247,#1278,
    #1309,#1340,#1371,#1402,#1419,#1449,#1507,#1565,#1595,#1653,#1670,
    #1695,#1745,#1776,#1834,#1892,#1923,#1981,#1998,#2023,#2073,#2104,
    #2162,#2220,#2251,#2309,#2326,#2351,#2401,#2432,#2490,#2548,#2579,
    #2596,#2619,#2643,#2701,#2759,#2789,#2847,#2864,#2922,#2939,#2970,
    #3028,#3086,#3117,#3175,#3192,#3250,#3267,#3298,#3356,#3414,#3445,
    #3503,#3520,#3578,#3595,#3626,#3684,#3742,#3773,#3790,#3807,#3885,
    #3904,#3953,#3977,#4024,#4036,#4055,#4072,#4121,#4145,#4187,#4204,
    #4221,#4240,#4305,#4329,#4392,#4404,#4469,#4493,#4556,#4573,#4587,
    #4604,#4621,#4640,#4705,#4729,#4792,#4804,#4869,#4893,#4956,#4973,
    #4987,#5004,#5021,#5040,#5105,#5129,#5192,#5204,#5221,#5570,#5642,
    #5661,#5710,#5734,#5781,#5793,#5847,#5871,#5913,#5932,#5944,#5961,
    #5978,#5997,#6014,#6079,#6103,#6161,#6183,#6248,#6272,#6330,#6344,
    #6361,#6378,#6397,#6414,#6479,#6503,#6561,#6583,#6648,#6672,#6730,
    #6744,#6761,#6778,#6797,#6814,#6879,#6903,#6961,#6978,#6995,#7024,
    #7041,#7058,#7070,#7087,#7104,#7116,#7133,#7150,#7167,#7184,#7196,
    #7213,#7230,#7247,#7264,#7276,#7293,#7310,#7327,#7344,#7356,#7373,
    #7390,#7407,#7424,#7436,#7453,#7470,#7487,#7504,#7516,#7544,#7555,
    #7572,#7589,#7601,#7618,#7635,#7647,#7664,#7681,#7698,#7715,#7727,
    #7744,#7761,#7778,#7795,#7807,#7824,#7841,#7858,#7875,#7887,#7904,
    #7921,#7938,#7955,#7967,#7984,#8001,#8018,#8035));
#103 = ADVANCED_FACE('',(#104),#138,.T.);
#104 = FACE_BOUND('',#105,.F.);
#105 = EDGE_LOOP('',(#106,#116,#124,#132));
#106 = ORIENTED_EDGE('',*,*,#107,.T.);
#107 = EDGE_CURVE('',#108,#110,#112,.T.);
#108 = VERTEX_POINT('',#109);
#109 = CARTESIAN_POINT('',(6.661276356577,-16.82127635657,0.38));
#110 = VERTEX_POINT('',#111);
#111 = CARTESIAN_POINT('',(6.661276356577,1.581276356577,0.38));
#112 = LINE('',#113,#114);
#113 = CARTESIAN_POINT('',(6.661276356577,-16.82127635657,0.38));
#114 = VECTOR('',#115,1.);
#115 = DIRECTION('',(-4.440892098501E-16,1.,0.));
#116 = ORIENTED_EDGE('',*,*,#117,.T.);
#117 = EDGE_CURVE('',#110,#118,#120,.T.);
#118 = VERTEX_POINT('',#119);
#119 = CARTESIAN_POINT('',(0.958723643423,1.581276356577,0.38));
#120 = LINE('',#121,#122);
#121 = CARTESIAN_POINT('',(6.661276356577,1.581276356577,0.38));
#122 = VECTOR('',#123,1.);
#123 = DIRECTION('',(-1.,-4.440892098501E-16,0.));
#124 = ORIENTED_EDGE('',*,*,#125,.T.);
#125 = EDGE_CURVE('',#118,#126,#128,.T.);
#126 = VERTEX_POINT('',#127);
#127 = CARTESIAN_POINT('',(0.958723643423,-16.82127635657,0.38));
#128 = LINE('',#129,#130);
#129 = CARTESIAN_POINT('',(0.958723643423,1.581276356577,0.38));
#130 = VECTOR('',#131,1.);
#131 = DIRECTION('',(4.440892098501E-16,-1.,0.));
#132 = ORIENTED_EDGE('',*,*,#133,.T.);
#133 = EDGE_CURVE('',#126,#108,#134,.T.);
#134 = LINE('',#135,#136);
#135 = CARTESIAN_POINT('',(0.958723643423,-16.82127635657,0.38));
#136 = VECTOR('',#137,1.);
#137 = DIRECTION('',(1.,4.440892098501E-16,0.));
#138 = PLANE('',#139);
#139 = AXIS2_PLACEMENT_3D('',#140,#141,#142);
#140 = CARTESIAN_POINT('',(6.661276356577,-16.82127635657,0.38));
#141 = DIRECTION('',(-0.,0.,-1.));
#142 = DIRECTION('',(-0.2959927601,0.955190183141,0.));
#143 = ADVANCED_FACE('',(#144),#279,.T.);
#144 = FACE_BOUND('',#145,.T.);
#145 = EDGE_LOOP('',(#146,#147,#154,#162,#170,#178,#186,#194,#202,#210,
    #218,#226,#234,#242,#250,#258,#266,#274));
#146 = ORIENTED_EDGE('',*,*,#107,.T.);
#147 = ORIENTED_EDGE('',*,*,#148,.T.);
#148 = EDGE_CURVE('',#110,#149,#151,.T.);
#149 = VERTEX_POINT('',#150);
#150 = CARTESIAN_POINT('',(6.985,1.905,1.903));
#151 = B_SPLINE_CURVE_WITH_KNOTS('',1,(#152,#153),.UNSPECIFIED.,.F.,.F.,
  (2,2),(0.,1.),.PIECEWISE_BEZIER_KNOTS.);
#152 = CARTESIAN_POINT('',(6.661276356577,1.581276356577,0.38));
#153 = CARTESIAN_POINT('',(6.985,1.905,1.903));
#154 = ORIENTED_EDGE('',*,*,#155,.F.);
#155 = EDGE_CURVE('',#156,#149,#158,.T.);
#156 = VERTEX_POINT('',#157);
#157 = CARTESIAN_POINT('',(6.985,0.2285,1.903));
#158 = LINE('',#159,#160);
#159 = CARTESIAN_POINT('',(6.985,-17.145,1.903));
#160 = VECTOR('',#161,1.);
#161 = DIRECTION('',(-4.440892098501E-16,1.,0.));
#162 = ORIENTED_EDGE('',*,*,#163,.F.);
#163 = EDGE_CURVE('',#164,#156,#166,.T.);
#164 = VERTEX_POINT('',#165);
#165 = CARTESIAN_POINT('',(6.985,-0.762,1.903));
#166 = LINE('',#167,#168);
#167 = CARTESIAN_POINT('',(6.985,-17.145,1.903));
#168 = VECTOR('',#169,1.);
#169 = DIRECTION('',(-4.440892098501E-16,1.,0.));
#170 = ORIENTED_EDGE('',*,*,#171,.F.);
#171 = EDGE_CURVE('',#172,#164,#174,.T.);
#172 = VERTEX_POINT('',#173);
#173 = CARTESIAN_POINT('',(6.985,-1.778,1.903));
#174 = LINE('',#175,#176);
#175 = CARTESIAN_POINT('',(6.985,-17.145,1.903));
#176 = VECTOR('',#177,1.);
#177 = DIRECTION('',(-4.440892098501E-16,1.,0.));
#178 = ORIENTED_EDGE('',*,*,#179,.F.);
#179 = EDGE_CURVE('',#180,#172,#182,.T.);
#180 = VERTEX_POINT('',#181);
#181 = CARTESIAN_POINT('',(6.985,-3.302,1.903));
#182 = LINE('',#183,#184);
#183 = CARTESIAN_POINT('',(6.985,-17.145,1.903));
#184 = VECTOR('',#185,1.);
#185 = DIRECTION('',(-4.440892098501E-16,1.,0.));
#186 = ORIENTED_EDGE('',*,*,#187,.F.);
#187 = EDGE_CURVE('',#188,#180,#190,.T.);
#188 = VERTEX_POINT('',#189);
#189 = CARTESIAN_POINT('',(6.985,-4.318,1.903));
#190 = LINE('',#191,#192);
#191 = CARTESIAN_POINT('',(6.985,-17.145,1.903));
#192 = VECTOR('',#193,1.);
#193 = DIRECTION('',(-4.440892098501E-16,1.,0.));
#194 = ORIENTED_EDGE('',*,*,#195,.F.);
#195 = EDGE_CURVE('',#196,#188,#198,.T.);
#196 = VERTEX_POINT('',#197);
#197 = CARTESIAN_POINT('',(6.985,-5.842,1.903));
#198 = LINE('',#199,#200);
#199 = CARTESIAN_POINT('',(6.985,-17.145,1.903));
#200 = VECTOR('',#201,1.);
#201 = DIRECTION('',(-4.440892098501E-16,1.,0.));
#202 = ORIENTED_EDGE('',*,*,#203,.F.);
#203 = EDGE_CURVE('',#204,#196,#206,.T.);
#204 = VERTEX_POINT('',#205);
#205 = CARTESIAN_POINT('',(6.985,-6.858,1.903));
#206 = LINE('',#207,#208);
#207 = CARTESIAN_POINT('',(6.985,-17.145,1.903));
#208 = VECTOR('',#209,1.);
#209 = DIRECTION('',(-4.440892098501E-16,1.,0.));
#210 = ORIENTED_EDGE('',*,*,#211,.F.);
#211 = EDGE_CURVE('',#212,#204,#214,.T.);
#212 = VERTEX_POINT('',#213);
#213 = CARTESIAN_POINT('',(6.985,-8.382,1.903));
#214 = LINE('',#215,#216);
#215 = CARTESIAN_POINT('',(6.985,-17.145,1.903));
#216 = VECTOR('',#217,1.);
#217 = DIRECTION('',(-4.440892098501E-16,1.,0.));
#218 = ORIENTED_EDGE('',*,*,#219,.F.);
#219 = EDGE_CURVE('',#220,#212,#222,.T.);
#220 = VERTEX_POINT('',#221);
#221 = CARTESIAN_POINT('',(6.985,-9.398,1.903));
#222 = LINE('',#223,#224);
#223 = CARTESIAN_POINT('',(6.985,-17.145,1.903));
#224 = VECTOR('',#225,1.);
#225 = DIRECTION('',(-4.440892098501E-16,1.,0.));
#226 = ORIENTED_EDGE('',*,*,#227,.F.);
#227 = EDGE_CURVE('',#228,#220,#230,.T.);
#228 = VERTEX_POINT('',#229);
#229 = CARTESIAN_POINT('',(6.985,-10.922,1.903));
#230 = LINE('',#231,#232);
#231 = CARTESIAN_POINT('',(6.985,-17.145,1.903));
#232 = VECTOR('',#233,1.);
#233 = DIRECTION('',(-4.440892098501E-16,1.,0.));
#234 = ORIENTED_EDGE('',*,*,#235,.F.);
#235 = EDGE_CURVE('',#236,#228,#238,.T.);
#236 = VERTEX_POINT('',#237);
#237 = CARTESIAN_POINT('',(6.985,-11.938,1.903));
#238 = LINE('',#239,#240);
#239 = CARTESIAN_POINT('',(6.985,-17.145,1.903));
#240 = VECTOR('',#241,1.);
#241 = DIRECTION('',(-4.440892098501E-16,1.,0.));
#242 = ORIENTED_EDGE('',*,*,#243,.F.);
#243 = EDGE_CURVE('',#244,#236,#246,.T.);
#244 = VERTEX_POINT('',#245);
#245 = CARTESIAN_POINT('',(6.985,-13.462,1.903));
#246 = LINE('',#247,#248);
#247 = CARTESIAN_POINT('',(6.985,-17.145,1.903));
#248 = VECTOR('',#249,1.);
#249 = DIRECTION('',(-4.440892098501E-16,1.,0.));
#250 = ORIENTED_EDGE('',*,*,#251,.F.);
#251 = EDGE_CURVE('',#252,#244,#254,.T.);
#252 = VERTEX_POINT('',#253);
#253 = CARTESIAN_POINT('',(6.985,-14.478,1.903));
#254 = LINE('',#255,#256);
#255 = CARTESIAN_POINT('',(6.985,-17.145,1.903));
#256 = VECTOR('',#257,1.);
#257 = DIRECTION('',(-4.440892098501E-16,1.,0.));
#258 = ORIENTED_EDGE('',*,*,#259,.F.);
#259 = EDGE_CURVE('',#260,#252,#262,.T.);
#260 = VERTEX_POINT('',#261);
#261 = CARTESIAN_POINT('',(6.985,-15.4685,1.903));
#262 = LINE('',#263,#264);
#263 = CARTESIAN_POINT('',(6.985,-17.145,1.903));
#264 = VECTOR('',#265,1.);
#265 = DIRECTION('',(-4.440892098501E-16,1.,0.));
#266 = ORIENTED_EDGE('',*,*,#267,.F.);
#267 = EDGE_CURVE('',#268,#260,#270,.T.);
#268 = VERTEX_POINT('',#269);
#269 = CARTESIAN_POINT('',(6.985,-17.145,1.903));
#270 = LINE('',#271,#272);
#271 = CARTESIAN_POINT('',(6.985,-17.145,1.903));
#272 = VECTOR('',#273,1.);
#273 = DIRECTION('',(-4.440892098501E-16,1.,0.));
#274 = ORIENTED_EDGE('',*,*,#275,.F.);
#275 = EDGE_CURVE('',#108,#268,#276,.T.);
#276 = B_SPLINE_CURVE_WITH_KNOTS('',1,(#277,#278),.UNSPECIFIED.,.F.,.F.,
  (2,2),(0.,1.),.PIECEWISE_BEZIER_KNOTS.);
#277 = CARTESIAN_POINT('',(6.661276356577,-16.82127635657,0.38));
#278 = CARTESIAN_POINT('',(6.985,-17.145,1.903));
#279 = B_SPLINE_SURFACE_WITH_KNOTS('',1,1,(
    (#280,#281)
    ,(#282,#283
    )),.UNSPECIFIED.,.F.,.F.,.F.,(2,2),(2,2),(0.,19.05),(0.,1.),
  .PIECEWISE_BEZIER_KNOTS.);
#280 = CARTESIAN_POINT('',(6.661276356577,-16.82127635657,0.38));
#281 = CARTESIAN_POINT('',(6.985,-17.145,1.903));
#282 = CARTESIAN_POINT('',(6.661276356577,1.581276356577,0.38));
#283 = CARTESIAN_POINT('',(6.985,1.905,1.903));
#284 = ADVANCED_FACE('',(#285),#302,.T.);
#285 = FACE_BOUND('',#286,.T.);
#286 = EDGE_LOOP('',(#287,#288,#295,#301));
#287 = ORIENTED_EDGE('',*,*,#117,.T.);
#288 = ORIENTED_EDGE('',*,*,#289,.T.);
#289 = EDGE_CURVE('',#118,#290,#292,.T.);
#290 = VERTEX_POINT('',#291);
#291 = CARTESIAN_POINT('',(0.635,1.905,1.903));
#292 = B_SPLINE_CURVE_WITH_KNOTS('',1,(#293,#294),.UNSPECIFIED.,.F.,.F.,
  (2,2),(0.,1.),.PIECEWISE_BEZIER_KNOTS.);
#293 = CARTESIAN_POINT('',(0.958723643423,1.581276356577,0.38));
#294 = CARTESIAN_POINT('',(0.635,1.905,1.903));
#295 = ORIENTED_EDGE('',*,*,#296,.F.);
#296 = EDGE_CURVE('',#149,#290,#297,.T.);
#297 = LINE('',#298,#299);
#298 = CARTESIAN_POINT('',(6.985,1.905,1.903));
#299 = VECTOR('',#300,1.);
#300 = DIRECTION('',(-1.,-4.440892098501E-16,0.));
#301 = ORIENTED_EDGE('',*,*,#148,.F.);
#302 = B_SPLINE_SURFACE_WITH_KNOTS('',1,1,(
    (#303,#304)
    ,(#305,#306
    )),.UNSPECIFIED.,.F.,.F.,.F.,(2,2),(2,2),(0.,6.35),(0.,1.),
  .PIECEWISE_BEZIER_KNOTS.);
#303 = CARTESIAN_POINT('',(6.661276356577,1.581276356577,0.38));
#304 = CARTESIAN_POINT('',(6.985,1.905,1.903));
#305 = CARTESIAN_POINT('',(0.958723643423,1.581276356577,0.38));
#306 = CARTESIAN_POINT('',(0.635,1.905,1.903));
#307 = ADVANCED_FACE('',(#308),#437,.T.);
#308 = FACE_BOUND('',#309,.T.);
#309 = EDGE_LOOP('',(#310,#311,#318,#326,#334,#342,#350,#358,#366,#374,
    #382,#390,#398,#406,#414,#422,#430,#436));
#310 = ORIENTED_EDGE('',*,*,#125,.T.);
#311 = ORIENTED_EDGE('',*,*,#312,.T.);
#312 = EDGE_CURVE('',#126,#313,#315,.T.);
#313 = VERTEX_POINT('',#314);
#314 = CARTESIAN_POINT('',(0.635,-17.145,1.903));
#315 = B_SPLINE_CURVE_WITH_KNOTS('',1,(#316,#317),.UNSPECIFIED.,.F.,.F.,
  (2,2),(0.,1.),.PIECEWISE_BEZIER_KNOTS.);
#316 = CARTESIAN_POINT('',(0.958723643423,-16.82127635657,0.38));
#317 = CARTESIAN_POINT('',(0.635,-17.145,1.903));
#318 = ORIENTED_EDGE('',*,*,#319,.F.);
#319 = EDGE_CURVE('',#320,#313,#322,.T.);
#320 = VERTEX_POINT('',#321);
#321 = CARTESIAN_POINT('',(0.635,-15.4685,1.903));
#322 = LINE('',#323,#324);
#323 = CARTESIAN_POINT('',(0.635,1.905,1.903));
#324 = VECTOR('',#325,1.);
#325 = DIRECTION('',(4.440892098501E-16,-1.,0.));
#326 = ORIENTED_EDGE('',*,*,#327,.F.);
#327 = EDGE_CURVE('',#328,#320,#330,.T.);
#328 = VERTEX_POINT('',#329);
#329 = CARTESIAN_POINT('',(0.635,-14.478,1.903));
#330 = LINE('',#331,#332);
#331 = CARTESIAN_POINT('',(0.635,1.905,1.903));
#332 = VECTOR('',#333,1.);
#333 = DIRECTION('',(4.440892098501E-16,-1.,0.));
#334 = ORIENTED_EDGE('',*,*,#335,.F.);
#335 = EDGE_CURVE('',#336,#328,#338,.T.);
#336 = VERTEX_POINT('',#337);
#337 = CARTESIAN_POINT('',(0.635,-13.462,1.903));
#338 = LINE('',#339,#340);
#339 = CARTESIAN_POINT('',(0.635,1.905,1.903));
#340 = VECTOR('',#341,1.);
#341 = DIRECTION('',(4.440892098501E-16,-1.,0.));
#342 = ORIENTED_EDGE('',*,*,#343,.F.);
#343 = EDGE_CURVE('',#344,#336,#346,.T.);
#344 = VERTEX_POINT('',#345);
#345 = CARTESIAN_POINT('',(0.635,-11.938,1.903));
#346 = LINE('',#347,#348);
#347 = CARTESIAN_POINT('',(0.635,1.905,1.903));
#348 = VECTOR('',#349,1.);
#349 = DIRECTION('',(4.440892098501E-16,-1.,0.));
#350 = ORIENTED_EDGE('',*,*,#351,.F.);
#351 = EDGE_CURVE('',#352,#344,#354,.T.);
#352 = VERTEX_POINT('',#353);
#353 = CARTESIAN_POINT('',(0.635,-10.922,1.903));
#354 = LINE('',#355,#356);
#355 = CARTESIAN_POINT('',(0.635,1.905,1.903));
#356 = VECTOR('',#357,1.);
#357 = DIRECTION('',(4.440892098501E-16,-1.,0.));
#358 = ORIENTED_EDGE('',*,*,#359,.F.);
#359 = EDGE_CURVE('',#360,#352,#362,.T.);
#360 = VERTEX_POINT('',#361);
#361 = CARTESIAN_POINT('',(0.635,-9.398,1.903));
#362 = LINE('',#363,#364);
#363 = CARTESIAN_POINT('',(0.635,1.905,1.903));
#364 = VECTOR('',#365,1.);
#365 = DIRECTION('',(4.440892098501E-16,-1.,0.));
#366 = ORIENTED_EDGE('',*,*,#367,.F.);
#367 = EDGE_CURVE('',#368,#360,#370,.T.);
#368 = VERTEX_POINT('',#369);
#369 = CARTESIAN_POINT('',(0.635,-8.382,1.903));
#370 = LINE('',#371,#372);
#371 = CARTESIAN_POINT('',(0.635,1.905,1.903));
#372 = VECTOR('',#373,1.);
#373 = DIRECTION('',(4.440892098501E-16,-1.,0.));
#374 = ORIENTED_EDGE('',*,*,#375,.F.);
#375 = EDGE_CURVE('',#376,#368,#378,.T.);
#376 = VERTEX_POINT('',#377);
#377 = CARTESIAN_POINT('',(0.635,-6.858,1.903));
#378 = LINE('',#379,#380);
#379 = CARTESIAN_POINT('',(0.635,1.905,1.903));
#380 = VECTOR('',#381,1.);
#381 = DIRECTION('',(4.440892098501E-16,-1.,0.));
#382 = ORIENTED_EDGE('',*,*,#383,.F.);
#383 = EDGE_CURVE('',#384,#376,#386,.T.);
#384 = VERTEX_POINT('',#385);
#385 = CARTESIAN_POINT('',(0.635,-5.842,1.903));
#386 = LINE('',#387,#388);
#387 = CARTESIAN_POINT('',(0.635,1.905,1.903));
#388 = VECTOR('',#389,1.);
#389 = DIRECTION('',(4.440892098501E-16,-1.,0.));
#390 = ORIENTED_EDGE('',*,*,#391,.F.);
#391 = EDGE_CURVE('',#392,#384,#394,.T.);
#392 = VERTEX_POINT('',#393);
#393 = CARTESIAN_POINT('',(0.635,-4.318,1.903));
#394 = LINE('',#395,#396);
#395 = CARTESIAN_POINT('',(0.635,1.905,1.903));
#396 = VECTOR('',#397,1.);
#397 = DIRECTION('',(4.440892098501E-16,-1.,0.));
#398 = ORIENTED_EDGE('',*,*,#399,.F.);
#399 = EDGE_CURVE('',#400,#392,#402,.T.);
#400 = VERTEX_POINT('',#401);
#401 = CARTESIAN_POINT('',(0.635,-3.302,1.903));
#402 = LINE('',#403,#404);
#403 = CARTESIAN_POINT('',(0.635,1.905,1.903));
#404 = VECTOR('',#405,1.);
#405 = DIRECTION('',(4.440892098501E-16,-1.,0.));
#406 = ORIENTED_EDGE('',*,*,#407,.F.);
#407 = EDGE_CURVE('',#408,#400,#410,.T.);
#408 = VERTEX_POINT('',#409);
#409 = CARTESIAN_POINT('',(0.635,-1.778,1.903));
#410 = LINE('',#411,#412);
#411 = CARTESIAN_POINT('',(0.635,1.905,1.903));
#412 = VECTOR('',#413,1.);
#413 = DIRECTION('',(4.440892098501E-16,-1.,0.));
#414 = ORIENTED_EDGE('',*,*,#415,.F.);
#415 = EDGE_CURVE('',#416,#408,#418,.T.);
#416 = VERTEX_POINT('',#417);
#417 = CARTESIAN_POINT('',(0.635,-0.762,1.903));
#418 = LINE('',#419,#420);
#419 = CARTESIAN_POINT('',(0.635,1.905,1.903));
#420 = VECTOR('',#421,1.);
#421 = DIRECTION('',(4.440892098501E-16,-1.,0.));
#422 = ORIENTED_EDGE('',*,*,#423,.F.);
#423 = EDGE_CURVE('',#424,#416,#426,.T.);
#424 = VERTEX_POINT('',#425);
#425 = CARTESIAN_POINT('',(0.635,0.2285,1.903));
#426 = LINE('',#427,#428);
#427 = CARTESIAN_POINT('',(0.635,1.905,1.903));
#428 = VECTOR('',#429,1.);
#429 = DIRECTION('',(4.440892098501E-16,-1.,0.));
#430 = ORIENTED_EDGE('',*,*,#431,.F.);
#431 = EDGE_CURVE('',#290,#424,#432,.T.);
#432 = LINE('',#433,#434);
#433 = CARTESIAN_POINT('',(0.635,1.905,1.903));
#434 = VECTOR('',#435,1.);
#435 = DIRECTION('',(4.440892098501E-16,-1.,0.));
#436 = ORIENTED_EDGE('',*,*,#289,.F.);
#437 = B_SPLINE_SURFACE_WITH_KNOTS('',1,1,(
    (#438,#439)
    ,(#440,#441
    )),.UNSPECIFIED.,.F.,.F.,.F.,(2,2),(2,2),(0.,19.05),(0.,1.),
  .PIECEWISE_BEZIER_KNOTS.);
#438 = CARTESIAN_POINT('',(0.958723643423,1.581276356577,0.38));
#439 = CARTESIAN_POINT('',(0.635,1.905,1.903));
#440 = CARTESIAN_POINT('',(0.958723643423,-16.82127635657,0.38));
#441 = CARTESIAN_POINT('',(0.635,-17.145,1.903));
#442 = ADVANCED_FACE('',(#443),#454,.T.);
#443 = FACE_BOUND('',#444,.T.);
#444 = EDGE_LOOP('',(#445,#446,#447,#453));
#445 = ORIENTED_EDGE('',*,*,#133,.T.);
#446 = ORIENTED_EDGE('',*,*,#275,.T.);
#447 = ORIENTED_EDGE('',*,*,#448,.F.);
#448 = EDGE_CURVE('',#313,#268,#449,.T.);
#449 = LINE('',#450,#451);
#450 = CARTESIAN_POINT('',(0.635,-17.145,1.903));
#451 = VECTOR('',#452,1.);
#452 = DIRECTION('',(1.,4.440892098501E-16,0.));
#453 = ORIENTED_EDGE('',*,*,#312,.F.);
#454 = B_SPLINE_SURFACE_WITH_KNOTS('',1,1,(
    (#455,#456)
    ,(#457,#458
    )),.UNSPECIFIED.,.F.,.F.,.F.,(2,2),(2,2),(0.,6.35),(0.,1.),
  .PIECEWISE_BEZIER_KNOTS.);
#455 = CARTESIAN_POINT('',(0.958723643423,-16.82127635657,0.38));
#456 = CARTESIAN_POINT('',(0.635,-17.145,1.903));
#457 = CARTESIAN_POINT('',(6.661276356577,-16.82127635657,0.38));
#458 = CARTESIAN_POINT('',(6.985,-17.145,1.903));
#459 = ADVANCED_FACE('',(#460),#484,.T.);
#460 = FACE_BOUND('',#461,.T.);
#461 = EDGE_LOOP('',(#462,#469,#470,#478));
#462 = ORIENTED_EDGE('',*,*,#463,.F.);
#463 = EDGE_CURVE('',#268,#464,#466,.T.);
#464 = VERTEX_POINT('',#465);
#465 = CARTESIAN_POINT('',(6.985,-17.145,2.157));
#466 = B_SPLINE_CURVE_WITH_KNOTS('',1,(#467,#468),.UNSPECIFIED.,.F.,.F.,
  (2,2),(0.,1.),.PIECEWISE_BEZIER_KNOTS.);
#467 = CARTESIAN_POINT('',(6.985,-17.145,1.903));
#468 = CARTESIAN_POINT('',(6.985,-17.145,2.157));
#469 = ORIENTED_EDGE('',*,*,#267,.T.);
#470 = ORIENTED_EDGE('',*,*,#471,.T.);
#471 = EDGE_CURVE('',#260,#472,#474,.T.);
#472 = VERTEX_POINT('',#473);
#473 = CARTESIAN_POINT('',(6.985,-15.4685,2.157));
#474 = LINE('',#475,#476);
#475 = CARTESIAN_POINT('',(6.985,-15.4685,1.9665));
#476 = VECTOR('',#477,1.);
#477 = DIRECTION('',(0.,0.,1.));
#478 = ORIENTED_EDGE('',*,*,#479,.F.);
#479 = EDGE_CURVE('',#464,#472,#480,.T.);
#480 = LINE('',#481,#482);
#481 = CARTESIAN_POINT('',(6.985,-17.145,2.157));
#482 = VECTOR('',#483,1.);
#483 = DIRECTION('',(-4.440892098501E-16,1.,0.));
#484 = PLANE('',#485);
#485 = AXIS2_PLACEMENT_3D('',#486,#487,#488);
#486 = CARTESIAN_POINT('',(6.985,-17.145,2.157));
#487 = DIRECTION('',(1.,4.440892098501E-16,0.));
#488 = DIRECTION('',(-4.440892098501E-16,1.,0.));
#489 = ADVANCED_FACE('',(#490),#514,.T.);
#490 = FACE_BOUND('',#491,.T.);
#491 = EDGE_LOOP('',(#492,#500,#501,#508));
#492 = ORIENTED_EDGE('',*,*,#493,.T.);
#493 = EDGE_CURVE('',#494,#156,#496,.T.);
#494 = VERTEX_POINT('',#495);
#495 = CARTESIAN_POINT('',(6.985,0.2285,2.157));
#496 = LINE('',#497,#498);
#497 = CARTESIAN_POINT('',(6.985,0.2285,2.157));
#498 = VECTOR('',#499,1.);
#499 = DIRECTION('',(0.,0.,-1.));
#500 = ORIENTED_EDGE('',*,*,#155,.T.);
#501 = ORIENTED_EDGE('',*,*,#502,.T.);
#502 = EDGE_CURVE('',#149,#503,#505,.T.);
#503 = VERTEX_POINT('',#504);
#504 = CARTESIAN_POINT('',(6.985,1.905,2.157));
#505 = B_SPLINE_CURVE_WITH_KNOTS('',1,(#506,#507),.UNSPECIFIED.,.F.,.F.,
  (2,2),(0.,1.),.PIECEWISE_BEZIER_KNOTS.);
#506 = CARTESIAN_POINT('',(6.985,1.905,1.903));
#507 = CARTESIAN_POINT('',(6.985,1.905,2.157));
#508 = ORIENTED_EDGE('',*,*,#509,.F.);
#509 = EDGE_CURVE('',#494,#503,#510,.T.);
#510 = LINE('',#511,#512);
#511 = CARTESIAN_POINT('',(6.985,-17.145,2.157));
#512 = VECTOR('',#513,1.);
#513 = DIRECTION('',(-4.440892098501E-16,1.,0.));
#514 = PLANE('',#515);
#515 = AXIS2_PLACEMENT_3D('',#516,#517,#518);
#516 = CARTESIAN_POINT('',(6.985,-17.145,2.157));
#517 = DIRECTION('',(1.,4.440892098501E-16,0.));
#518 = DIRECTION('',(-4.440892098501E-16,1.,0.));
#519 = ADVANCED_FACE('',(#520),#545,.F.);
#520 = FACE_BOUND('',#521,.F.);
#521 = EDGE_LOOP('',(#522,#530,#531,#539));
#522 = ORIENTED_EDGE('',*,*,#523,.F.);
#523 = EDGE_CURVE('',#252,#524,#526,.T.);
#524 = VERTEX_POINT('',#525);
#525 = CARTESIAN_POINT('',(7.366,-14.478,1.903));
#526 = LINE('',#527,#528);
#527 = CARTESIAN_POINT('',(3.81,-14.478,1.903));
#528 = VECTOR('',#529,1.);
#529 = DIRECTION('',(1.,3.216245299353E-16,0.));
#530 = ORIENTED_EDGE('',*,*,#259,.F.);
#531 = ORIENTED_EDGE('',*,*,#532,.F.);
#532 = EDGE_CURVE('',#533,#260,#535,.T.);
#533 = VERTEX_POINT('',#534);
#534 = CARTESIAN_POINT('',(7.366,-15.4685,1.903));
#535 = LINE('',#536,#537);
#536 = CARTESIAN_POINT('',(7.747,-15.4685,1.903));
#537 = VECTOR('',#538,1.);
#538 = DIRECTION('',(-1.,-3.216245299353E-16,0.));
#539 = ORIENTED_EDGE('',*,*,#540,.T.);
#540 = EDGE_CURVE('',#533,#524,#541,.T.);
#541 = LINE('',#542,#543);
#542 = CARTESIAN_POINT('',(7.366,-15.4685,1.903));
#543 = VECTOR('',#544,1.);
#544 = DIRECTION('',(-3.216245299353E-16,1.,0.));
#545 = PLANE('',#546);
#546 = AXIS2_PLACEMENT_3D('',#547,#548,#549);
#547 = CARTESIAN_POINT('',(0.254,-14.478,1.903));
#548 = DIRECTION('',(0.,0.,1.));
#549 = DIRECTION('',(-4.440892098501E-16,1.,0.));
#550 = ADVANCED_FACE('',(#551),#576,.F.);
#551 = FACE_BOUND('',#552,.F.);
#552 = EDGE_LOOP('',(#553,#561,#562,#570));
#553 = ORIENTED_EDGE('',*,*,#554,.F.);
#554 = EDGE_CURVE('',#156,#555,#557,.T.);
#555 = VERTEX_POINT('',#556);
#556 = CARTESIAN_POINT('',(7.366,0.2285,1.903));
#557 = LINE('',#558,#559);
#558 = CARTESIAN_POINT('',(3.81,0.2285,1.903));
#559 = VECTOR('',#560,1.);
#560 = DIRECTION('',(1.,3.216245299353E-16,0.));
#561 = ORIENTED_EDGE('',*,*,#163,.F.);
#562 = ORIENTED_EDGE('',*,*,#563,.F.);
#563 = EDGE_CURVE('',#564,#164,#566,.T.);
#564 = VERTEX_POINT('',#565);
#565 = CARTESIAN_POINT('',(7.366,-0.762,1.903));
#566 = LINE('',#567,#568);
#567 = CARTESIAN_POINT('',(7.747,-0.762,1.903));
#568 = VECTOR('',#569,1.);
#569 = DIRECTION('',(-1.,-3.216245299353E-16,0.));
#570 = ORIENTED_EDGE('',*,*,#571,.F.);
#571 = EDGE_CURVE('',#555,#564,#572,.T.);
#572 = LINE('',#573,#574);
#573 = CARTESIAN_POINT('',(7.366,0.2285,1.903));
#574 = VECTOR('',#575,1.);
#575 = DIRECTION('',(3.216245299353E-16,-1.,0.));
#576 = PLANE('',#577);
#577 = AXIS2_PLACEMENT_3D('',#578,#579,#580);
#578 = CARTESIAN_POINT('',(0.254,0.2285,1.903));
#579 = DIRECTION('',(0.,0.,1.));
#580 = DIRECTION('',(-4.440892098501E-16,1.,0.));
#581 = ADVANCED_FACE('',(#582),#607,.T.);
#582 = FACE_BOUND('',#583,.T.);
#583 = EDGE_LOOP('',(#584,#592,#593,#601));
#584 = ORIENTED_EDGE('',*,*,#585,.T.);
#585 = EDGE_CURVE('',#586,#252,#588,.T.);
#586 = VERTEX_POINT('',#587);
#587 = CARTESIAN_POINT('',(6.985,-14.478,2.157));
#588 = LINE('',#589,#590);
#589 = CARTESIAN_POINT('',(6.985,-14.478,2.157));
#590 = VECTOR('',#591,1.);
#591 = DIRECTION('',(7.727215166377E-30,-1.740014167195E-14,-1.));
#592 = ORIENTED_EDGE('',*,*,#251,.T.);
#593 = ORIENTED_EDGE('',*,*,#594,.T.);
#594 = EDGE_CURVE('',#244,#595,#597,.T.);
#595 = VERTEX_POINT('',#596);
#596 = CARTESIAN_POINT('',(6.985,-13.462,2.157));
#597 = LINE('',#598,#599);
#598 = CARTESIAN_POINT('',(6.985,-13.462,2.157));
#599 = VECTOR('',#600,1.);
#600 = DIRECTION('',(0.,0.,1.));
#601 = ORIENTED_EDGE('',*,*,#602,.F.);
#602 = EDGE_CURVE('',#586,#595,#603,.T.);
#603 = LINE('',#604,#605);
#604 = CARTESIAN_POINT('',(6.985,-17.145,2.157));
#605 = VECTOR('',#606,1.);
#606 = DIRECTION('',(-4.440892098501E-16,1.,0.));
#607 = PLANE('',#608);
#608 = AXIS2_PLACEMENT_3D('',#609,#610,#611);
#609 = CARTESIAN_POINT('',(6.985,-17.145,2.157));
#610 = DIRECTION('',(1.,4.440892098501E-16,0.));
#611 = DIRECTION('',(-4.440892098501E-16,1.,0.));
#612 = ADVANCED_FACE('',(#613),#638,.T.);
#613 = FACE_BOUND('',#614,.T.);
#614 = EDGE_LOOP('',(#615,#623,#624,#632));
#615 = ORIENTED_EDGE('',*,*,#616,.F.);
#616 = EDGE_CURVE('',#172,#617,#619,.T.);
#617 = VERTEX_POINT('',#618);
#618 = CARTESIAN_POINT('',(6.985,-1.778,2.157));
#619 = LINE('',#620,#621);
#620 = CARTESIAN_POINT('',(6.985,-1.778,2.157));
#621 = VECTOR('',#622,1.);
#622 = DIRECTION('',(0.,0.,1.));
#623 = ORIENTED_EDGE('',*,*,#171,.T.);
#624 = ORIENTED_EDGE('',*,*,#625,.F.);
#625 = EDGE_CURVE('',#626,#164,#628,.T.);
#626 = VERTEX_POINT('',#627);
#627 = CARTESIAN_POINT('',(6.985,-0.762,2.157));
#628 = LINE('',#629,#630);
#629 = CARTESIAN_POINT('',(6.985,-0.762,1.0785));
#630 = VECTOR('',#631,1.);
#631 = DIRECTION('',(0.,0.,-1.));
#632 = ORIENTED_EDGE('',*,*,#633,.F.);
#633 = EDGE_CURVE('',#617,#626,#634,.T.);
#634 = LINE('',#635,#636);
#635 = CARTESIAN_POINT('',(6.985,-17.145,2.157));
#636 = VECTOR('',#637,1.);
#637 = DIRECTION('',(-4.440892098501E-16,1.,0.));
#638 = PLANE('',#639);
#639 = AXIS2_PLACEMENT_3D('',#640,#641,#642);
#640 = CARTESIAN_POINT('',(6.985,-17.145,2.157));
#641 = DIRECTION('',(1.,4.440892098501E-16,0.));
#642 = DIRECTION('',(-4.440892098501E-16,1.,0.));
#643 = ADVANCED_FACE('',(#644),#669,.F.);
#644 = FACE_BOUND('',#645,.F.);
#645 = EDGE_LOOP('',(#646,#654,#655,#663));
#646 = ORIENTED_EDGE('',*,*,#647,.F.);
#647 = EDGE_CURVE('',#236,#648,#650,.T.);
#648 = VERTEX_POINT('',#649);
#649 = CARTESIAN_POINT('',(7.366,-11.938,1.903));
#650 = LINE('',#651,#652);
#651 = CARTESIAN_POINT('',(3.683,-11.938,1.903));
#652 = VECTOR('',#653,1.);
#653 = DIRECTION('',(1.,3.216245299353E-16,0.));
#654 = ORIENTED_EDGE('',*,*,#243,.F.);
#655 = ORIENTED_EDGE('',*,*,#656,.F.);
#656 = EDGE_CURVE('',#657,#244,#659,.T.);
#657 = VERTEX_POINT('',#658);
#658 = CARTESIAN_POINT('',(7.366,-13.462,1.903));
#659 = LINE('',#660,#661);
#660 = CARTESIAN_POINT('',(7.62,-13.462,1.903));
#661 = VECTOR('',#662,1.);
#662 = DIRECTION('',(-1.,-3.216245299353E-16,0.));
#663 = ORIENTED_EDGE('',*,*,#664,.T.);
#664 = EDGE_CURVE('',#657,#648,#665,.T.);
#665 = LINE('',#666,#667);
#666 = CARTESIAN_POINT('',(7.366,-13.462,1.903));
#667 = VECTOR('',#668,1.);
#668 = DIRECTION('',(-3.216245299353E-16,1.,0.));
#669 = PLANE('',#670);
#670 = AXIS2_PLACEMENT_3D('',#671,#672,#673);
#671 = CARTESIAN_POINT('',(0.254,-11.938,1.903));
#672 = DIRECTION('',(0.,0.,1.));
#673 = DIRECTION('',(-4.440892098501E-16,1.,0.));
#674 = ADVANCED_FACE('',(#675),#700,.F.);
#675 = FACE_BOUND('',#676,.F.);
#676 = EDGE_LOOP('',(#677,#685,#686,#694));
#677 = ORIENTED_EDGE('',*,*,#678,.F.);
#678 = EDGE_CURVE('',#172,#679,#681,.T.);
#679 = VERTEX_POINT('',#680);
#680 = CARTESIAN_POINT('',(7.366,-1.778,1.903));
#681 = LINE('',#682,#683);
#682 = CARTESIAN_POINT('',(3.683,-1.778,1.903));
#683 = VECTOR('',#684,1.);
#684 = DIRECTION('',(1.,3.216245299353E-16,0.));
#685 = ORIENTED_EDGE('',*,*,#179,.F.);
#686 = ORIENTED_EDGE('',*,*,#687,.F.);
#687 = EDGE_CURVE('',#688,#180,#690,.T.);
#688 = VERTEX_POINT('',#689);
#689 = CARTESIAN_POINT('',(7.366,-3.302,1.903));
#690 = LINE('',#691,#692);
#691 = CARTESIAN_POINT('',(7.62,-3.302,1.903));
#692 = VECTOR('',#693,1.);
#693 = DIRECTION('',(-1.,-3.216245299353E-16,0.));
#694 = ORIENTED_EDGE('',*,*,#695,.T.);
#695 = EDGE_CURVE('',#688,#679,#696,.T.);
#696 = LINE('',#697,#698);
#697 = CARTESIAN_POINT('',(7.366,-3.302,1.903));
#698 = VECTOR('',#699,1.);
#699 = DIRECTION('',(-3.216245299353E-16,1.,0.));
#700 = PLANE('',#701);
#701 = AXIS2_PLACEMENT_3D('',#702,#703,#704);
#702 = CARTESIAN_POINT('',(0.254,-1.778,1.903));
#703 = DIRECTION('',(0.,0.,1.));
#704 = DIRECTION('',(-4.440892098501E-16,1.,0.));
#705 = ADVANCED_FACE('',(#706),#731,.T.);
#706 = FACE_BOUND('',#707,.T.);
#707 = EDGE_LOOP('',(#708,#716,#717,#725));
#708 = ORIENTED_EDGE('',*,*,#709,.F.);
#709 = EDGE_CURVE('',#236,#710,#712,.T.);
#710 = VERTEX_POINT('',#711);
#711 = CARTESIAN_POINT('',(6.985,-11.938,2.157));
#712 = LINE('',#713,#714);
#713 = CARTESIAN_POINT('',(6.985,-11.938,2.157));
#714 = VECTOR('',#715,1.);
#715 = DIRECTION('',(0.,0.,1.));
#716 = ORIENTED_EDGE('',*,*,#235,.T.);
#717 = ORIENTED_EDGE('',*,*,#718,.T.);
#718 = EDGE_CURVE('',#228,#719,#721,.T.);
#719 = VERTEX_POINT('',#720);
#720 = CARTESIAN_POINT('',(6.985,-10.922,2.157));
#721 = LINE('',#722,#723);
#722 = CARTESIAN_POINT('',(6.985,-10.922,2.157));
#723 = VECTOR('',#724,1.);
#724 = DIRECTION('',(0.,0.,1.));
#725 = ORIENTED_EDGE('',*,*,#726,.F.);
#726 = EDGE_CURVE('',#710,#719,#727,.T.);
#727 = LINE('',#728,#729);
#728 = CARTESIAN_POINT('',(6.985,-17.145,2.157));
#729 = VECTOR('',#730,1.);
#730 = DIRECTION('',(-4.440892098501E-16,1.,0.));
#731 = PLANE('',#732);
#732 = AXIS2_PLACEMENT_3D('',#733,#734,#735);
#733 = CARTESIAN_POINT('',(6.985,-17.145,2.157));
#734 = DIRECTION('',(1.,4.440892098501E-16,0.));
#735 = DIRECTION('',(-4.440892098501E-16,1.,0.));
#736 = ADVANCED_FACE('',(#737),#762,.T.);
#737 = FACE_BOUND('',#738,.T.);
#738 = EDGE_LOOP('',(#739,#747,#748,#756));
#739 = ORIENTED_EDGE('',*,*,#740,.F.);
#740 = EDGE_CURVE('',#188,#741,#743,.T.);
#741 = VERTEX_POINT('',#742);
#742 = CARTESIAN_POINT('',(6.985,-4.318,2.157));
#743 = LINE('',#744,#745);
#744 = CARTESIAN_POINT('',(6.985,-4.318,2.157));
#745 = VECTOR('',#746,1.);
#746 = DIRECTION('',(0.,0.,1.));
#747 = ORIENTED_EDGE('',*,*,#187,.T.);
#748 = ORIENTED_EDGE('',*,*,#749,.T.);
#749 = EDGE_CURVE('',#180,#750,#752,.T.);
#750 = VERTEX_POINT('',#751);
#751 = CARTESIAN_POINT('',(6.985,-3.302,2.157));
#752 = LINE('',#753,#754);
#753 = CARTESIAN_POINT('',(6.985,-3.302,2.157));
#754 = VECTOR('',#755,1.);
#755 = DIRECTION('',(0.,0.,1.));
#756 = ORIENTED_EDGE('',*,*,#757,.F.);
#757 = EDGE_CURVE('',#741,#750,#758,.T.);
#758 = LINE('',#759,#760);
#759 = CARTESIAN_POINT('',(6.985,-17.145,2.157));
#760 = VECTOR('',#761,1.);
#761 = DIRECTION('',(-4.440892098501E-16,1.,0.));
#762 = PLANE('',#763);
#763 = AXIS2_PLACEMENT_3D('',#764,#765,#766);
#764 = CARTESIAN_POINT('',(6.985,-17.145,2.157));
#765 = DIRECTION('',(1.,4.440892098501E-16,0.));
#766 = DIRECTION('',(-4.440892098501E-16,1.,0.));
#767 = ADVANCED_FACE('',(#768),#793,.F.);
#768 = FACE_BOUND('',#769,.F.);
#769 = EDGE_LOOP('',(#770,#778,#779,#787));
#770 = ORIENTED_EDGE('',*,*,#771,.F.);
#771 = EDGE_CURVE('',#220,#772,#774,.T.);
#772 = VERTEX_POINT('',#773);
#773 = CARTESIAN_POINT('',(7.366,-9.398,1.903));
#774 = LINE('',#775,#776);
#775 = CARTESIAN_POINT('',(3.683,-9.398,1.903));
#776 = VECTOR('',#777,1.);
#777 = DIRECTION('',(1.,3.216245299353E-16,0.));
#778 = ORIENTED_EDGE('',*,*,#227,.F.);
#779 = ORIENTED_EDGE('',*,*,#780,.F.);
#780 = EDGE_CURVE('',#781,#228,#783,.T.);
#781 = VERTEX_POINT('',#782);
#782 = CARTESIAN_POINT('',(7.366,-10.922,1.903));
#783 = LINE('',#784,#785);
#784 = CARTESIAN_POINT('',(7.62,-10.922,1.903));
#785 = VECTOR('',#786,1.);
#786 = DIRECTION('',(-1.,-3.216245299353E-16,0.));
#787 = ORIENTED_EDGE('',*,*,#788,.T.);
#788 = EDGE_CURVE('',#781,#772,#789,.T.);
#789 = LINE('',#790,#791);
#790 = CARTESIAN_POINT('',(7.366,-10.922,1.903));
#791 = VECTOR('',#792,1.);
#792 = DIRECTION('',(-3.216245299353E-16,1.,0.));
#793 = PLANE('',#794);
#794 = AXIS2_PLACEMENT_3D('',#795,#796,#797);
#795 = CARTESIAN_POINT('',(0.254,-9.398,1.903));
#796 = DIRECTION('',(0.,0.,1.));
#797 = DIRECTION('',(-4.440892098501E-16,1.,0.));
#798 = ADVANCED_FACE('',(#799),#824,.F.);
#799 = FACE_BOUND('',#800,.F.);
#800 = EDGE_LOOP('',(#801,#809,#810,#818));
#801 = ORIENTED_EDGE('',*,*,#802,.F.);
#802 = EDGE_CURVE('',#188,#803,#805,.T.);
#803 = VERTEX_POINT('',#804);
#804 = CARTESIAN_POINT('',(7.366,-4.318,1.903));
#805 = LINE('',#806,#807);
#806 = CARTESIAN_POINT('',(3.683,-4.318,1.903));
#807 = VECTOR('',#808,1.);
#808 = DIRECTION('',(1.,3.216245299353E-16,0.));
#809 = ORIENTED_EDGE('',*,*,#195,.F.);
#810 = ORIENTED_EDGE('',*,*,#811,.F.);
#811 = EDGE_CURVE('',#812,#196,#814,.T.);
#812 = VERTEX_POINT('',#813);
#813 = CARTESIAN_POINT('',(7.366,-5.842,1.903));
#814 = LINE('',#815,#816);
#815 = CARTESIAN_POINT('',(7.62,-5.842,1.903));
#816 = VECTOR('',#817,1.);
#817 = DIRECTION('',(-1.,-3.216245299353E-16,0.));
#818 = ORIENTED_EDGE('',*,*,#819,.T.);
#819 = EDGE_CURVE('',#812,#803,#820,.T.);
#820 = LINE('',#821,#822);
#821 = CARTESIAN_POINT('',(7.366,-5.842,1.903));
#822 = VECTOR('',#823,1.);
#823 = DIRECTION('',(-3.216245299353E-16,1.,0.));
#824 = PLANE('',#825);
#825 = AXIS2_PLACEMENT_3D('',#826,#827,#828);
#826 = CARTESIAN_POINT('',(0.254,-4.318,1.903));
#827 = DIRECTION('',(0.,0.,1.));
#828 = DIRECTION('',(-4.440892098501E-16,1.,0.));
#829 = ADVANCED_FACE('',(#830),#855,.T.);
#830 = FACE_BOUND('',#831,.T.);
#831 = EDGE_LOOP('',(#832,#840,#841,#849));
#832 = ORIENTED_EDGE('',*,*,#833,.F.);
#833 = EDGE_CURVE('',#220,#834,#836,.T.);
#834 = VERTEX_POINT('',#835);
#835 = CARTESIAN_POINT('',(6.985,-9.398,2.157));
#836 = LINE('',#837,#838);
#837 = CARTESIAN_POINT('',(6.985,-9.398,2.157));
#838 = VECTOR('',#839,1.);
#839 = DIRECTION('',(0.,0.,1.));
#840 = ORIENTED_EDGE('',*,*,#219,.T.);
#841 = ORIENTED_EDGE('',*,*,#842,.T.);
#842 = EDGE_CURVE('',#212,#843,#845,.T.);
#843 = VERTEX_POINT('',#844);
#844 = CARTESIAN_POINT('',(6.985,-8.382,2.157));
#845 = LINE('',#846,#847);
#846 = CARTESIAN_POINT('',(6.985,-8.382,2.157));
#847 = VECTOR('',#848,1.);
#848 = DIRECTION('',(0.,0.,1.));
#849 = ORIENTED_EDGE('',*,*,#850,.F.);
#850 = EDGE_CURVE('',#834,#843,#851,.T.);
#851 = LINE('',#852,#853);
#852 = CARTESIAN_POINT('',(6.985,-17.145,2.157));
#853 = VECTOR('',#854,1.);
#854 = DIRECTION('',(-4.440892098501E-16,1.,0.));
#855 = PLANE('',#856);
#856 = AXIS2_PLACEMENT_3D('',#857,#858,#859);
#857 = CARTESIAN_POINT('',(6.985,-17.145,2.157));
#858 = DIRECTION('',(1.,4.440892098501E-16,0.));
#859 = DIRECTION('',(-4.440892098501E-16,1.,0.));
#860 = ADVANCED_FACE('',(#861),#886,.T.);
#861 = FACE_BOUND('',#862,.T.);
#862 = EDGE_LOOP('',(#863,#871,#872,#880));
#863 = ORIENTED_EDGE('',*,*,#864,.F.);
#864 = EDGE_CURVE('',#204,#865,#867,.T.);
#865 = VERTEX_POINT('',#866);
#866 = CARTESIAN_POINT('',(6.985,-6.858,2.157));
#867 = LINE('',#868,#869);
#868 = CARTESIAN_POINT('',(6.985,-6.858,2.157));
#869 = VECTOR('',#870,1.);
#870 = DIRECTION('',(0.,0.,1.));
#871 = ORIENTED_EDGE('',*,*,#203,.T.);
#872 = ORIENTED_EDGE('',*,*,#873,.T.);
#873 = EDGE_CURVE('',#196,#874,#876,.T.);
#874 = VERTEX_POINT('',#875);
#875 = CARTESIAN_POINT('',(6.985,-5.842,2.157));
#876 = LINE('',#877,#878);
#877 = CARTESIAN_POINT('',(6.985,-5.842,2.157));
#878 = VECTOR('',#879,1.);
#879 = DIRECTION('',(0.,0.,1.));
#880 = ORIENTED_EDGE('',*,*,#881,.F.);
#881 = EDGE_CURVE('',#865,#874,#882,.T.);
#882 = LINE('',#883,#884);
#883 = CARTESIAN_POINT('',(6.985,-17.145,2.157));
#884 = VECTOR('',#885,1.);
#885 = DIRECTION('',(-4.440892098501E-16,1.,0.));
#886 = PLANE('',#887);
#887 = AXIS2_PLACEMENT_3D('',#888,#889,#890);
#888 = CARTESIAN_POINT('',(6.985,-17.145,2.157));
#889 = DIRECTION('',(1.,4.440892098501E-16,0.));
#890 = DIRECTION('',(-4.440892098501E-16,1.,0.));
#891 = ADVANCED_FACE('',(#892),#917,.F.);
#892 = FACE_BOUND('',#893,.F.);
#893 = EDGE_LOOP('',(#894,#902,#903,#911));
#894 = ORIENTED_EDGE('',*,*,#895,.F.);
#895 = EDGE_CURVE('',#204,#896,#898,.T.);
#896 = VERTEX_POINT('',#897);
#897 = CARTESIAN_POINT('',(7.366,-6.858,1.903));
#898 = LINE('',#899,#900);
#899 = CARTESIAN_POINT('',(3.683,-6.858,1.903));
#900 = VECTOR('',#901,1.);
#901 = DIRECTION('',(1.,3.216245299353E-16,0.));
#902 = ORIENTED_EDGE('',*,*,#211,.F.);
#903 = ORIENTED_EDGE('',*,*,#904,.F.);
#904 = EDGE_CURVE('',#905,#212,#907,.T.);
#905 = VERTEX_POINT('',#906);
#906 = CARTESIAN_POINT('',(7.366,-8.382,1.903));
#907 = LINE('',#908,#909);
#908 = CARTESIAN_POINT('',(7.62,-8.382,1.903));
#909 = VECTOR('',#910,1.);
#910 = DIRECTION('',(-1.,-3.216245299353E-16,0.));
#911 = ORIENTED_EDGE('',*,*,#912,.T.);
#912 = EDGE_CURVE('',#905,#896,#913,.T.);
#913 = LINE('',#914,#915);
#914 = CARTESIAN_POINT('',(7.366,-8.382,1.903));
#915 = VECTOR('',#916,1.);
#916 = DIRECTION('',(-3.216245299353E-16,1.,0.));
#917 = PLANE('',#918);
#918 = AXIS2_PLACEMENT_3D('',#919,#920,#921);
#919 = CARTESIAN_POINT('',(0.254,-6.858,1.903));
#920 = DIRECTION('',(0.,0.,1.));
#921 = DIRECTION('',(-4.440892098501E-16,1.,0.));
#922 = ADVANCED_FACE('',(#923),#940,.T.);
#923 = FACE_BOUND('',#924,.T.);
#924 = EDGE_LOOP('',(#925,#926,#933,#939));
#925 = ORIENTED_EDGE('',*,*,#296,.T.);
#926 = ORIENTED_EDGE('',*,*,#927,.T.);
#927 = EDGE_CURVE('',#290,#928,#930,.T.);
#928 = VERTEX_POINT('',#929);
#929 = CARTESIAN_POINT('',(0.635,1.905,2.157));
#930 = B_SPLINE_CURVE_WITH_KNOTS('',1,(#931,#932),.UNSPECIFIED.,.F.,.F.,
  (2,2),(0.,1.),.PIECEWISE_BEZIER_KNOTS.);
#931 = CARTESIAN_POINT('',(0.635,1.905,1.903));
#932 = CARTESIAN_POINT('',(0.635,1.905,2.157));
#933 = ORIENTED_EDGE('',*,*,#934,.F.);
#934 = EDGE_CURVE('',#503,#928,#935,.T.);
#935 = LINE('',#936,#937);
#936 = CARTESIAN_POINT('',(6.985,1.905,2.157));
#937 = VECTOR('',#938,1.);
#938 = DIRECTION('',(-1.,-4.440892098501E-16,0.));
#939 = ORIENTED_EDGE('',*,*,#502,.F.);
#940 = PLANE('',#941);
#941 = AXIS2_PLACEMENT_3D('',#942,#943,#944);
#942 = CARTESIAN_POINT('',(6.985,1.905,2.157));
#943 = DIRECTION('',(-4.440892098501E-16,1.,0.));
#944 = DIRECTION('',(-1.,-4.440892098501E-16,0.));
#945 = ADVANCED_FACE('',(#946),#964,.T.);
#946 = FACE_BOUND('',#947,.T.);
#947 = EDGE_LOOP('',(#948,#949,#950,#958));
#948 = ORIENTED_EDGE('',*,*,#927,.F.);
#949 = ORIENTED_EDGE('',*,*,#431,.T.);
#950 = ORIENTED_EDGE('',*,*,#951,.T.);
#951 = EDGE_CURVE('',#424,#952,#954,.T.);
#952 = VERTEX_POINT('',#953);
#953 = CARTESIAN_POINT('',(0.635,0.2285,2.157));
#954 = LINE('',#955,#956);
#955 = CARTESIAN_POINT('',(0.635,0.2285,2.157));
#956 = VECTOR('',#957,1.);
#957 = DIRECTION('',(0.,0.,1.));
#958 = ORIENTED_EDGE('',*,*,#959,.F.);
#959 = EDGE_CURVE('',#928,#952,#960,.T.);
#960 = LINE('',#961,#962);
#961 = CARTESIAN_POINT('',(0.635,1.905,2.157));
#962 = VECTOR('',#963,1.);
#963 = DIRECTION('',(4.440892098501E-16,-1.,0.));
#964 = PLANE('',#965);
#965 = AXIS2_PLACEMENT_3D('',#966,#967,#968);
#966 = CARTESIAN_POINT('',(0.635,1.905,2.157));
#967 = DIRECTION('',(-1.,-4.440892098501E-16,0.));
#968 = DIRECTION('',(4.440892098501E-16,-1.,0.));
#969 = ADVANCED_FACE('',(#970),#994,.T.);
#970 = FACE_BOUND('',#971,.T.);
#971 = EDGE_LOOP('',(#972,#980,#981,#988));
#972 = ORIENTED_EDGE('',*,*,#973,.T.);
#973 = EDGE_CURVE('',#974,#320,#976,.T.);
#974 = VERTEX_POINT('',#975);
#975 = CARTESIAN_POINT('',(0.635,-15.4685,2.157));
#976 = LINE('',#977,#978);
#977 = CARTESIAN_POINT('',(0.635,-15.4685,1.9665));
#978 = VECTOR('',#979,1.);
#979 = DIRECTION('',(0.,0.,-1.));
#980 = ORIENTED_EDGE('',*,*,#319,.T.);
#981 = ORIENTED_EDGE('',*,*,#982,.T.);
#982 = EDGE_CURVE('',#313,#983,#985,.T.);
#983 = VERTEX_POINT('',#984);
#984 = CARTESIAN_POINT('',(0.635,-17.145,2.157));
#985 = B_SPLINE_CURVE_WITH_KNOTS('',1,(#986,#987),.UNSPECIFIED.,.F.,.F.,
  (2,2),(0.,1.),.PIECEWISE_BEZIER_KNOTS.);
#986 = CARTESIAN_POINT('',(0.635,-17.145,1.903));
#987 = CARTESIAN_POINT('',(0.635,-17.145,2.157));
#988 = ORIENTED_EDGE('',*,*,#989,.F.);
#989 = EDGE_CURVE('',#974,#983,#990,.T.);
#990 = LINE('',#991,#992);
#991 = CARTESIAN_POINT('',(0.635,1.905,2.157));
#992 = VECTOR('',#993,1.);
#993 = DIRECTION('',(4.440892098501E-16,-1.,0.));
#994 = PLANE('',#995);
#995 = AXIS2_PLACEMENT_3D('',#996,#997,#998);
#996 = CARTESIAN_POINT('',(0.635,1.905,2.157));
#997 = DIRECTION('',(-1.,-4.440892098501E-16,0.));
#998 = DIRECTION('',(4.440892098501E-16,-1.,0.));
#999 = ADVANCED_FACE('',(#1000),#1025,.F.);
#1000 = FACE_BOUND('',#1001,.F.);
#1001 = EDGE_LOOP('',(#1002,#1010,#1018,#1024));
#1002 = ORIENTED_EDGE('',*,*,#1003,.F.);
#1003 = EDGE_CURVE('',#1004,#424,#1006,.T.);
#1004 = VERTEX_POINT('',#1005);
#1005 = CARTESIAN_POINT('',(0.254,0.2285,1.903));
#1006 = LINE('',#1007,#1008);
#1007 = CARTESIAN_POINT('',(-0.127,0.2285,1.903));
#1008 = VECTOR('',#1009,1.);
#1009 = DIRECTION('',(1.,4.440892098501E-16,0.));
#1010 = ORIENTED_EDGE('',*,*,#1011,.T.);
#1011 = EDGE_CURVE('',#1004,#1012,#1014,.T.);
#1012 = VERTEX_POINT('',#1013);
#1013 = CARTESIAN_POINT('',(0.254,-0.762,1.903));
#1014 = LINE('',#1015,#1016);
#1015 = CARTESIAN_POINT('',(0.254,0.2285,1.903));
#1016 = VECTOR('',#1017,1.);
#1017 = DIRECTION('',(4.440892098501E-16,-1.,0.));
#1018 = ORIENTED_EDGE('',*,*,#1019,.F.);
#1019 = EDGE_CURVE('',#416,#1012,#1020,.T.);
#1020 = LINE('',#1021,#1022);
#1021 = CARTESIAN_POINT('',(3.81,-0.762,1.903));
#1022 = VECTOR('',#1023,1.);
#1023 = DIRECTION('',(-1.,-4.440892098501E-16,0.));
#1024 = ORIENTED_EDGE('',*,*,#423,.F.);
#1025 = PLANE('',#1026);
#1026 = AXIS2_PLACEMENT_3D('',#1027,#1028,#1029);
#1027 = CARTESIAN_POINT('',(0.254,0.2285,1.903));
#1028 = DIRECTION('',(0.,0.,1.));
#1029 = DIRECTION('',(-4.440892098501E-16,1.,0.));
#1030 = ADVANCED_FACE('',(#1031),#1056,.F.);
#1031 = FACE_BOUND('',#1032,.F.);
#1032 = EDGE_LOOP('',(#1033,#1041,#1049,#1055));
#1033 = ORIENTED_EDGE('',*,*,#1034,.F.);
#1034 = EDGE_CURVE('',#1035,#328,#1037,.T.);
#1035 = VERTEX_POINT('',#1036);
#1036 = CARTESIAN_POINT('',(0.254,-14.478,1.903));
#1037 = LINE('',#1038,#1039);
#1038 = CARTESIAN_POINT('',(-0.127,-14.478,1.903));
#1039 = VECTOR('',#1040,1.);
#1040 = DIRECTION('',(1.,4.440892098501E-16,0.));
#1041 = ORIENTED_EDGE('',*,*,#1042,.F.);
#1042 = EDGE_CURVE('',#1043,#1035,#1045,.T.);
#1043 = VERTEX_POINT('',#1044);
#1044 = CARTESIAN_POINT('',(0.254,-15.4685,1.903));
#1045 = LINE('',#1046,#1047);
#1046 = CARTESIAN_POINT('',(0.254,-15.4685,1.903));
#1047 = VECTOR('',#1048,1.);
#1048 = DIRECTION('',(-4.440892098501E-16,1.,0.));
#1049 = ORIENTED_EDGE('',*,*,#1050,.F.);
#1050 = EDGE_CURVE('',#320,#1043,#1051,.T.);
#1051 = LINE('',#1052,#1053);
#1052 = CARTESIAN_POINT('',(3.81,-15.4685,1.903));
#1053 = VECTOR('',#1054,1.);
#1054 = DIRECTION('',(-1.,-4.440892098501E-16,0.));
#1055 = ORIENTED_EDGE('',*,*,#327,.F.);
#1056 = PLANE('',#1057);
#1057 = AXIS2_PLACEMENT_3D('',#1058,#1059,#1060);
#1058 = CARTESIAN_POINT('',(0.254,-14.478,1.903));
#1059 = DIRECTION('',(0.,0.,1.));
#1060 = DIRECTION('',(-4.440892098501E-16,1.,0.));
#1061 = ADVANCED_FACE('',(#1062),#1087,.T.);
#1062 = FACE_BOUND('',#1063,.T.);
#1063 = EDGE_LOOP('',(#1064,#1072,#1073,#1081));
#1064 = ORIENTED_EDGE('',*,*,#1065,.F.);
#1065 = EDGE_CURVE('',#416,#1066,#1068,.T.);
#1066 = VERTEX_POINT('',#1067);
#1067 = CARTESIAN_POINT('',(0.635,-0.762,2.157));
#1068 = LINE('',#1069,#1070);
#1069 = CARTESIAN_POINT('',(0.635,-0.762,1.0785));
#1070 = VECTOR('',#1071,1.);
#1071 = DIRECTION('',(0.,0.,1.));
#1072 = ORIENTED_EDGE('',*,*,#415,.T.);
#1073 = ORIENTED_EDGE('',*,*,#1074,.F.);
#1074 = EDGE_CURVE('',#1075,#408,#1077,.T.);
#1075 = VERTEX_POINT('',#1076);
#1076 = CARTESIAN_POINT('',(0.635,-1.778,2.157));
#1077 = LINE('',#1078,#1079);
#1078 = CARTESIAN_POINT('',(0.635,-1.778,2.157));
#1079 = VECTOR('',#1080,1.);
#1080 = DIRECTION('',(0.,0.,-1.));
#1081 = ORIENTED_EDGE('',*,*,#1082,.F.);
#1082 = EDGE_CURVE('',#1066,#1075,#1083,.T.);
#1083 = LINE('',#1084,#1085);
#1084 = CARTESIAN_POINT('',(0.635,1.905,2.157));
#1085 = VECTOR('',#1086,1.);
#1086 = DIRECTION('',(4.440892098501E-16,-1.,0.));
#1087 = PLANE('',#1088);
#1088 = AXIS2_PLACEMENT_3D('',#1089,#1090,#1091);
#1089 = CARTESIAN_POINT('',(0.635,1.905,2.157));
#1090 = DIRECTION('',(-1.,-4.440892098501E-16,0.));
#1091 = DIRECTION('',(4.440892098501E-16,-1.,0.));
#1092 = ADVANCED_FACE('',(#1093),#1118,.T.);
#1093 = FACE_BOUND('',#1094,.T.);
#1094 = EDGE_LOOP('',(#1095,#1103,#1104,#1112));
#1095 = ORIENTED_EDGE('',*,*,#1096,.T.);
#1096 = EDGE_CURVE('',#1097,#336,#1099,.T.);
#1097 = VERTEX_POINT('',#1098);
#1098 = CARTESIAN_POINT('',(0.635,-13.462,2.157));
#1099 = LINE('',#1100,#1101);
#1100 = CARTESIAN_POINT('',(0.635,-13.462,2.157));
#1101 = VECTOR('',#1102,1.);
#1102 = DIRECTION('',(0.,0.,-1.));
#1103 = ORIENTED_EDGE('',*,*,#335,.T.);
#1104 = ORIENTED_EDGE('',*,*,#1105,.T.);
#1105 = EDGE_CURVE('',#328,#1106,#1108,.T.);
#1106 = VERTEX_POINT('',#1107);
#1107 = CARTESIAN_POINT('',(0.635,-14.478,2.157));
#1108 = LINE('',#1109,#1110);
#1109 = CARTESIAN_POINT('',(0.635,-14.478,2.157));
#1110 = VECTOR('',#1111,1.);
#1111 = DIRECTION('',(-7.727215166377E-30,1.740014167195E-14,1.));
#1112 = ORIENTED_EDGE('',*,*,#1113,.F.);
#1113 = EDGE_CURVE('',#1097,#1106,#1114,.T.);
#1114 = LINE('',#1115,#1116);
#1115 = CARTESIAN_POINT('',(0.635,1.905,2.157));
#1116 = VECTOR('',#1117,1.);
#1117 = DIRECTION('',(4.440892098501E-16,-1.,0.));
#1118 = PLANE('',#1119);
#1119 = AXIS2_PLACEMENT_3D('',#1120,#1121,#1122);
#1120 = CARTESIAN_POINT('',(0.635,1.905,2.157));
#1121 = DIRECTION('',(-1.,-4.440892098501E-16,0.));
#1122 = DIRECTION('',(4.440892098501E-16,-1.,0.));
#1123 = ADVANCED_FACE('',(#1124),#1149,.F.);
#1124 = FACE_BOUND('',#1125,.F.);
#1125 = EDGE_LOOP('',(#1126,#1134,#1142,#1148));
#1126 = ORIENTED_EDGE('',*,*,#1127,.F.);
#1127 = EDGE_CURVE('',#1128,#408,#1130,.T.);
#1128 = VERTEX_POINT('',#1129);
#1129 = CARTESIAN_POINT('',(0.254,-1.778,1.903));
#1130 = LINE('',#1131,#1132);
#1131 = CARTESIAN_POINT('',(-3.552713678801E-15,-1.778,1.903));
#1132 = VECTOR('',#1133,1.);
#1133 = DIRECTION('',(1.,4.440892098501E-16,0.));
#1134 = ORIENTED_EDGE('',*,*,#1135,.T.);
#1135 = EDGE_CURVE('',#1128,#1136,#1138,.T.);
#1136 = VERTEX_POINT('',#1137);
#1137 = CARTESIAN_POINT('',(0.254,-3.302,1.903));
#1138 = LINE('',#1139,#1140);
#1139 = CARTESIAN_POINT('',(0.254,-1.778,1.903));
#1140 = VECTOR('',#1141,1.);
#1141 = DIRECTION('',(4.440892098501E-16,-1.,0.));
#1142 = ORIENTED_EDGE('',*,*,#1143,.F.);
#1143 = EDGE_CURVE('',#400,#1136,#1144,.T.);
#1144 = LINE('',#1145,#1146);
#1145 = CARTESIAN_POINT('',(3.937,-3.302,1.903));
#1146 = VECTOR('',#1147,1.);
#1147 = DIRECTION('',(-1.,-4.440892098501E-16,0.));
#1148 = ORIENTED_EDGE('',*,*,#407,.F.);
#1149 = PLANE('',#1150);
#1150 = AXIS2_PLACEMENT_3D('',#1151,#1152,#1153);
#1151 = CARTESIAN_POINT('',(0.254,-1.778,1.903));
#1152 = DIRECTION('',(0.,0.,1.));
#1153 = DIRECTION('',(-4.440892098501E-16,1.,0.));
#1154 = ADVANCED_FACE('',(#1155),#1180,.F.);
#1155 = FACE_BOUND('',#1156,.F.);
#1156 = EDGE_LOOP('',(#1157,#1165,#1173,#1179));
#1157 = ORIENTED_EDGE('',*,*,#1158,.F.);
#1158 = EDGE_CURVE('',#1159,#344,#1161,.T.);
#1159 = VERTEX_POINT('',#1160);
#1160 = CARTESIAN_POINT('',(0.254,-11.938,1.903));
#1161 = LINE('',#1162,#1163);
#1162 = CARTESIAN_POINT('',(8.881784197001E-16,-11.938,1.903));
#1163 = VECTOR('',#1164,1.);
#1164 = DIRECTION('',(1.,4.440892098501E-16,0.));
#1165 = ORIENTED_EDGE('',*,*,#1166,.T.);
#1166 = EDGE_CURVE('',#1159,#1167,#1169,.T.);
#1167 = VERTEX_POINT('',#1168);
#1168 = CARTESIAN_POINT('',(0.254,-13.462,1.903));
#1169 = LINE('',#1170,#1171);
#1170 = CARTESIAN_POINT('',(0.254,-11.938,1.903));
#1171 = VECTOR('',#1172,1.);
#1172 = DIRECTION('',(4.440892098501E-16,-1.,0.));
#1173 = ORIENTED_EDGE('',*,*,#1174,.F.);
#1174 = EDGE_CURVE('',#336,#1167,#1175,.T.);
#1175 = LINE('',#1176,#1177);
#1176 = CARTESIAN_POINT('',(3.937,-13.462,1.903));
#1177 = VECTOR('',#1178,1.);
#1178 = DIRECTION('',(-1.,-4.440892098501E-16,0.));
#1179 = ORIENTED_EDGE('',*,*,#343,.F.);
#1180 = PLANE('',#1181);
#1181 = AXIS2_PLACEMENT_3D('',#1182,#1183,#1184);
#1182 = CARTESIAN_POINT('',(0.254,-11.938,1.903));
#1183 = DIRECTION('',(0.,0.,1.));
#1184 = DIRECTION('',(-4.440892098501E-16,1.,0.));
#1185 = ADVANCED_FACE('',(#1186),#1211,.T.);
#1186 = FACE_BOUND('',#1187,.T.);
#1187 = EDGE_LOOP('',(#1188,#1196,#1197,#1205));
#1188 = ORIENTED_EDGE('',*,*,#1189,.T.);
#1189 = EDGE_CURVE('',#1190,#400,#1192,.T.);
#1190 = VERTEX_POINT('',#1191);
#1191 = CARTESIAN_POINT('',(0.635,-3.302,2.157));
#1192 = LINE('',#1193,#1194);
#1193 = CARTESIAN_POINT('',(0.635,-3.302,2.157));
#1194 = VECTOR('',#1195,1.);
#1195 = DIRECTION('',(0.,0.,-1.));
#1196 = ORIENTED_EDGE('',*,*,#399,.T.);
#1197 = ORIENTED_EDGE('',*,*,#1198,.F.);
#1198 = EDGE_CURVE('',#1199,#392,#1201,.T.);
#1199 = VERTEX_POINT('',#1200);
#1200 = CARTESIAN_POINT('',(0.635,-4.318,2.157));
#1201 = LINE('',#1202,#1203);
#1202 = CARTESIAN_POINT('',(0.635,-4.318,2.157));
#1203 = VECTOR('',#1204,1.);
#1204 = DIRECTION('',(0.,0.,-1.));
#1205 = ORIENTED_EDGE('',*,*,#1206,.F.);
#1206 = EDGE_CURVE('',#1190,#1199,#1207,.T.);
#1207 = LINE('',#1208,#1209);
#1208 = CARTESIAN_POINT('',(0.635,1.905,2.157));
#1209 = VECTOR('',#1210,1.);
#1210 = DIRECTION('',(4.440892098501E-16,-1.,0.));
#1211 = PLANE('',#1212);
#1212 = AXIS2_PLACEMENT_3D('',#1213,#1214,#1215);
#1213 = CARTESIAN_POINT('',(0.635,1.905,2.157));
#1214 = DIRECTION('',(-1.,-4.440892098501E-16,0.));
#1215 = DIRECTION('',(4.440892098501E-16,-1.,0.));
#1216 = ADVANCED_FACE('',(#1217),#1242,.T.);
#1217 = FACE_BOUND('',#1218,.T.);
#1218 = EDGE_LOOP('',(#1219,#1227,#1228,#1236));
#1219 = ORIENTED_EDGE('',*,*,#1220,.T.);
#1220 = EDGE_CURVE('',#1221,#352,#1223,.T.);
#1221 = VERTEX_POINT('',#1222);
#1222 = CARTESIAN_POINT('',(0.635,-10.922,2.157));
#1223 = LINE('',#1224,#1225);
#1224 = CARTESIAN_POINT('',(0.635,-10.922,2.157));
#1225 = VECTOR('',#1226,1.);
#1226 = DIRECTION('',(0.,0.,-1.));
#1227 = ORIENTED_EDGE('',*,*,#351,.T.);
#1228 = ORIENTED_EDGE('',*,*,#1229,.F.);
#1229 = EDGE_CURVE('',#1230,#344,#1232,.T.);
#1230 = VERTEX_POINT('',#1231);
#1231 = CARTESIAN_POINT('',(0.635,-11.938,2.157));
#1232 = LINE('',#1233,#1234);
#1233 = CARTESIAN_POINT('',(0.635,-11.938,2.157));
#1234 = VECTOR('',#1235,1.);
#1235 = DIRECTION('',(0.,0.,-1.));
#1236 = ORIENTED_EDGE('',*,*,#1237,.F.);
#1237 = EDGE_CURVE('',#1221,#1230,#1238,.T.);
#1238 = LINE('',#1239,#1240);
#1239 = CARTESIAN_POINT('',(0.635,1.905,2.157));
#1240 = VECTOR('',#1241,1.);
#1241 = DIRECTION('',(4.440892098501E-16,-1.,0.));
#1242 = PLANE('',#1243);
#1243 = AXIS2_PLACEMENT_3D('',#1244,#1245,#1246);
#1244 = CARTESIAN_POINT('',(0.635,1.905,2.157));
#1245 = DIRECTION('',(-1.,-4.440892098501E-16,0.));
#1246 = DIRECTION('',(4.440892098501E-16,-1.,0.));
#1247 = ADVANCED_FACE('',(#1248),#1273,.F.);
#1248 = FACE_BOUND('',#1249,.F.);
#1249 = EDGE_LOOP('',(#1250,#1258,#1266,#1272));
#1250 = ORIENTED_EDGE('',*,*,#1251,.F.);
#1251 = EDGE_CURVE('',#1252,#392,#1254,.T.);
#1252 = VERTEX_POINT('',#1253);
#1253 = CARTESIAN_POINT('',(0.254,-4.318,1.903));
#1254 = LINE('',#1255,#1256);
#1255 = CARTESIAN_POINT('',(-2.22044604925E-15,-4.318,1.903));
#1256 = VECTOR('',#1257,1.);
#1257 = DIRECTION('',(1.,4.440892098501E-16,0.));
#1258 = ORIENTED_EDGE('',*,*,#1259,.T.);
#1259 = EDGE_CURVE('',#1252,#1260,#1262,.T.);
#1260 = VERTEX_POINT('',#1261);
#1261 = CARTESIAN_POINT('',(0.254,-5.842,1.903));
#1262 = LINE('',#1263,#1264);
#1263 = CARTESIAN_POINT('',(0.254,-4.318,1.903));
#1264 = VECTOR('',#1265,1.);
#1265 = DIRECTION('',(4.440892098501E-16,-1.,0.));
#1266 = ORIENTED_EDGE('',*,*,#1267,.F.);
#1267 = EDGE_CURVE('',#384,#1260,#1268,.T.);
#1268 = LINE('',#1269,#1270);
#1269 = CARTESIAN_POINT('',(3.937,-5.842,1.903));
#1270 = VECTOR('',#1271,1.);
#1271 = DIRECTION('',(-1.,-4.440892098501E-16,0.));
#1272 = ORIENTED_EDGE('',*,*,#391,.F.);
#1273 = PLANE('',#1274);
#1274 = AXIS2_PLACEMENT_3D('',#1275,#1276,#1277);
#1275 = CARTESIAN_POINT('',(0.254,-4.318,1.903));
#1276 = DIRECTION('',(0.,0.,1.));
#1277 = DIRECTION('',(-4.440892098501E-16,1.,0.));
#1278 = ADVANCED_FACE('',(#1279),#1304,.F.);
#1279 = FACE_BOUND('',#1280,.F.);
#1280 = EDGE_LOOP('',(#1281,#1289,#1297,#1303));
#1281 = ORIENTED_EDGE('',*,*,#1282,.F.);
#1282 = EDGE_CURVE('',#1283,#360,#1285,.T.);
#1283 = VERTEX_POINT('',#1284);
#1284 = CARTESIAN_POINT('',(0.254,-9.398,1.903));
#1285 = LINE('',#1286,#1287);
#1286 = CARTESIAN_POINT('',(0.,-9.398,1.903));
#1287 = VECTOR('',#1288,1.);
#1288 = DIRECTION('',(1.,4.440892098501E-16,0.));
#1289 = ORIENTED_EDGE('',*,*,#1290,.T.);
#1290 = EDGE_CURVE('',#1283,#1291,#1293,.T.);
#1291 = VERTEX_POINT('',#1292);
#1292 = CARTESIAN_POINT('',(0.254,-10.922,1.903));
#1293 = LINE('',#1294,#1295);
#1294 = CARTESIAN_POINT('',(0.254,-9.398,1.903));
#1295 = VECTOR('',#1296,1.);
#1296 = DIRECTION('',(4.440892098501E-16,-1.,0.));
#1297 = ORIENTED_EDGE('',*,*,#1298,.F.);
#1298 = EDGE_CURVE('',#352,#1291,#1299,.T.);
#1299 = LINE('',#1300,#1301);
#1300 = CARTESIAN_POINT('',(3.937,-10.922,1.903));
#1301 = VECTOR('',#1302,1.);
#1302 = DIRECTION('',(-1.,-4.440892098501E-16,0.));
#1303 = ORIENTED_EDGE('',*,*,#359,.F.);
#1304 = PLANE('',#1305);
#1305 = AXIS2_PLACEMENT_3D('',#1306,#1307,#1308);
#1306 = CARTESIAN_POINT('',(0.254,-9.398,1.903));
#1307 = DIRECTION('',(0.,0.,1.));
#1308 = DIRECTION('',(-4.440892098501E-16,1.,0.));
#1309 = ADVANCED_FACE('',(#1310),#1335,.T.);
#1310 = FACE_BOUND('',#1311,.T.);
#1311 = EDGE_LOOP('',(#1312,#1320,#1321,#1329));
#1312 = ORIENTED_EDGE('',*,*,#1313,.T.);
#1313 = EDGE_CURVE('',#1314,#384,#1316,.T.);
#1314 = VERTEX_POINT('',#1315);
#1315 = CARTESIAN_POINT('',(0.635,-5.842,2.157));
#1316 = LINE('',#1317,#1318);
#1317 = CARTESIAN_POINT('',(0.635,-5.842,2.157));
#1318 = VECTOR('',#1319,1.);
#1319 = DIRECTION('',(0.,0.,-1.));
#1320 = ORIENTED_EDGE('',*,*,#383,.T.);
#1321 = ORIENTED_EDGE('',*,*,#1322,.F.);
#1322 = EDGE_CURVE('',#1323,#376,#1325,.T.);
#1323 = VERTEX_POINT('',#1324);
#1324 = CARTESIAN_POINT('',(0.635,-6.858,2.157));
#1325 = LINE('',#1326,#1327);
#1326 = CARTESIAN_POINT('',(0.635,-6.858,2.157));
#1327 = VECTOR('',#1328,1.);
#1328 = DIRECTION('',(0.,0.,-1.));
#1329 = ORIENTED_EDGE('',*,*,#1330,.F.);
#1330 = EDGE_CURVE('',#1314,#1323,#1331,.T.);
#1331 = LINE('',#1332,#1333);
#1332 = CARTESIAN_POINT('',(0.635,1.905,2.157));
#1333 = VECTOR('',#1334,1.);
#1334 = DIRECTION('',(4.440892098501E-16,-1.,0.));
#1335 = PLANE('',#1336);
#1336 = AXIS2_PLACEMENT_3D('',#1337,#1338,#1339);
#1337 = CARTESIAN_POINT('',(0.635,1.905,2.157));
#1338 = DIRECTION('',(-1.,-4.440892098501E-16,0.));
#1339 = DIRECTION('',(4.440892098501E-16,-1.,0.));
#1340 = ADVANCED_FACE('',(#1341),#1366,.T.);
#1341 = FACE_BOUND('',#1342,.T.);
#1342 = EDGE_LOOP('',(#1343,#1351,#1352,#1360));
#1343 = ORIENTED_EDGE('',*,*,#1344,.T.);
#1344 = EDGE_CURVE('',#1345,#368,#1347,.T.);
#1345 = VERTEX_POINT('',#1346);
#1346 = CARTESIAN_POINT('',(0.635,-8.382,2.157));
#1347 = LINE('',#1348,#1349);
#1348 = CARTESIAN_POINT('',(0.635,-8.382,2.157));
#1349 = VECTOR('',#1350,1.);
#1350 = DIRECTION('',(0.,0.,-1.));
#1351 = ORIENTED_EDGE('',*,*,#367,.T.);
#1352 = ORIENTED_EDGE('',*,*,#1353,.F.);
#1353 = EDGE_CURVE('',#1354,#360,#1356,.T.);
#1354 = VERTEX_POINT('',#1355);
#1355 = CARTESIAN_POINT('',(0.635,-9.398,2.157));
#1356 = LINE('',#1357,#1358);
#1357 = CARTESIAN_POINT('',(0.635,-9.398,2.157));
#1358 = VECTOR('',#1359,1.);
#1359 = DIRECTION('',(0.,0.,-1.));
#1360 = ORIENTED_EDGE('',*,*,#1361,.F.);
#1361 = EDGE_CURVE('',#1345,#1354,#1362,.T.);
#1362 = LINE('',#1363,#1364);
#1363 = CARTESIAN_POINT('',(0.635,1.905,2.157));
#1364 = VECTOR('',#1365,1.);
#1365 = DIRECTION('',(4.440892098501E-16,-1.,0.));
#1366 = PLANE('',#1367);
#1367 = AXIS2_PLACEMENT_3D('',#1368,#1369,#1370);
#1368 = CARTESIAN_POINT('',(0.635,1.905,2.157));
#1369 = DIRECTION('',(-1.,-4.440892098501E-16,0.));
#1370 = DIRECTION('',(4.440892098501E-16,-1.,0.));
#1371 = ADVANCED_FACE('',(#1372),#1397,.F.);
#1372 = FACE_BOUND('',#1373,.F.);
#1373 = EDGE_LOOP('',(#1374,#1382,#1390,#1396));
#1374 = ORIENTED_EDGE('',*,*,#1375,.F.);
#1375 = EDGE_CURVE('',#1376,#376,#1378,.T.);
#1376 = VERTEX_POINT('',#1377);
#1377 = CARTESIAN_POINT('',(0.254,-6.858,1.903));
#1378 = LINE('',#1379,#1380);
#1379 = CARTESIAN_POINT('',(-1.33226762955E-15,-6.858,1.903));
#1380 = VECTOR('',#1381,1.);
#1381 = DIRECTION('',(1.,4.440892098501E-16,0.));
#1382 = ORIENTED_EDGE('',*,*,#1383,.T.);
#1383 = EDGE_CURVE('',#1376,#1384,#1386,.T.);
#1384 = VERTEX_POINT('',#1385);
#1385 = CARTESIAN_POINT('',(0.254,-8.382,1.903));
#1386 = LINE('',#1387,#1388);
#1387 = CARTESIAN_POINT('',(0.254,-6.858,1.903));
#1388 = VECTOR('',#1389,1.);
#1389 = DIRECTION('',(4.440892098501E-16,-1.,0.));
#1390 = ORIENTED_EDGE('',*,*,#1391,.F.);
#1391 = EDGE_CURVE('',#368,#1384,#1392,.T.);
#1392 = LINE('',#1393,#1394);
#1393 = CARTESIAN_POINT('',(3.937,-8.382,1.903));
#1394 = VECTOR('',#1395,1.);
#1395 = DIRECTION('',(-1.,-4.440892098501E-16,0.));
#1396 = ORIENTED_EDGE('',*,*,#375,.F.);
#1397 = PLANE('',#1398);
#1398 = AXIS2_PLACEMENT_3D('',#1399,#1400,#1401);
#1399 = CARTESIAN_POINT('',(0.254,-6.858,1.903));
#1400 = DIRECTION('',(0.,0.,1.));
#1401 = DIRECTION('',(-4.440892098501E-16,1.,0.));
#1402 = ADVANCED_FACE('',(#1403),#1414,.T.);
#1403 = FACE_BOUND('',#1404,.T.);
#1404 = EDGE_LOOP('',(#1405,#1406,#1407,#1413));
#1405 = ORIENTED_EDGE('',*,*,#448,.T.);
#1406 = ORIENTED_EDGE('',*,*,#463,.T.);
#1407 = ORIENTED_EDGE('',*,*,#1408,.F.);
#1408 = EDGE_CURVE('',#983,#464,#1409,.T.);
#1409 = LINE('',#1410,#1411);
#1410 = CARTESIAN_POINT('',(0.635,-17.145,2.157));
#1411 = VECTOR('',#1412,1.);
#1412 = DIRECTION('',(1.,4.440892098501E-16,0.));
#1413 = ORIENTED_EDGE('',*,*,#982,.F.);
#1414 = PLANE('',#1415);
#1415 = AXIS2_PLACEMENT_3D('',#1416,#1417,#1418);
#1416 = CARTESIAN_POINT('',(0.635,-17.145,2.157));
#1417 = DIRECTION('',(4.440892098501E-16,-1.,0.));
#1418 = DIRECTION('',(1.,4.440892098501E-16,0.));
#1419 = ADVANCED_FACE('',(#1420),#1444,.T.);
#1420 = FACE_BOUND('',#1421,.T.);
#1421 = EDGE_LOOP('',(#1422,#1429,#1430,#1438));
#1422 = ORIENTED_EDGE('',*,*,#1423,.F.);
#1423 = EDGE_CURVE('',#464,#1424,#1426,.T.);
#1424 = VERTEX_POINT('',#1425);
#1425 = CARTESIAN_POINT('',(6.91,-17.07,2.157));
#1426 = B_SPLINE_CURVE_WITH_KNOTS('',1,(#1427,#1428),.UNSPECIFIED.,.F.,
  .F.,(2,2),(0.,1.),.PIECEWISE_BEZIER_KNOTS.);
#1427 = CARTESIAN_POINT('',(6.985,-17.145,2.157));
#1428 = CARTESIAN_POINT('',(6.91,-17.07,2.157));
#1429 = ORIENTED_EDGE('',*,*,#479,.T.);
#1430 = ORIENTED_EDGE('',*,*,#1431,.T.);
#1431 = EDGE_CURVE('',#472,#1432,#1434,.T.);
#1432 = VERTEX_POINT('',#1433);
#1433 = CARTESIAN_POINT('',(6.91,-15.4685,2.157));
#1434 = LINE('',#1435,#1436);
#1435 = CARTESIAN_POINT('',(7.747,-15.4685,2.157));
#1436 = VECTOR('',#1437,1.);
#1437 = DIRECTION('',(-1.,-3.216245299353E-16,0.));
#1438 = ORIENTED_EDGE('',*,*,#1439,.F.);
#1439 = EDGE_CURVE('',#1424,#1432,#1440,.T.);
#1440 = LINE('',#1441,#1442);
#1441 = CARTESIAN_POINT('',(6.91,-17.07,2.157));
#1442 = VECTOR('',#1443,1.);
#1443 = DIRECTION('',(-4.440892098501E-16,1.,0.));
#1444 = B_SPLINE_SURFACE_WITH_KNOTS('',1,1,(
    (#1445,#1446)
    ,(#1447,#1448
    )),.UNSPECIFIED.,.F.,.F.,.F.,(2,2),(2,2),(0.,19.05),(0.,1.),
  .PIECEWISE_BEZIER_KNOTS.);
#1445 = CARTESIAN_POINT('',(6.985,-17.145,2.157));
#1446 = CARTESIAN_POINT('',(6.91,-17.07,2.157));
#1447 = CARTESIAN_POINT('',(6.985,1.905,2.157));
#1448 = CARTESIAN_POINT('',(6.91,1.83,2.157));
#1449 = ADVANCED_FACE('',(#1450),#1502,.F.);
#1450 = FACE_BOUND('',#1451,.F.);
#1451 = EDGE_LOOP('',(#1452,#1453,#1454,#1462,#1471,#1479,#1487,#1495));
#1452 = ORIENTED_EDGE('',*,*,#532,.T.);
#1453 = ORIENTED_EDGE('',*,*,#471,.T.);
#1454 = ORIENTED_EDGE('',*,*,#1455,.F.);
#1455 = EDGE_CURVE('',#1456,#472,#1458,.T.);
#1456 = VERTEX_POINT('',#1457);
#1457 = CARTESIAN_POINT('',(7.366,-15.4685,2.157));
#1458 = LINE('',#1459,#1460);
#1459 = CARTESIAN_POINT('',(7.747,-15.4685,2.157));
#1460 = VECTOR('',#1461,1.);
#1461 = DIRECTION('',(-1.,-3.216245299353E-16,0.));
#1462 = ORIENTED_EDGE('',*,*,#1463,.T.);
#1463 = EDGE_CURVE('',#1456,#1464,#1466,.T.);
#1464 = VERTEX_POINT('',#1465);
#1465 = CARTESIAN_POINT('',(7.747,-15.4685,1.776));
#1466 = CIRCLE('',#1467,0.381);
#1467 = AXIS2_PLACEMENT_3D('',#1468,#1469,#1470);
#1468 = CARTESIAN_POINT('',(7.366,-15.4685,1.776));
#1469 = DIRECTION('',(-3.216245299353E-16,1.,0.));
#1470 = DIRECTION('',(0.,0.,1.));
#1471 = ORIENTED_EDGE('',*,*,#1472,.T.);
#1472 = EDGE_CURVE('',#1464,#1473,#1475,.T.);
#1473 = VERTEX_POINT('',#1474);
#1474 = CARTESIAN_POINT('',(7.747,-15.4685,-2.843));
#1475 = LINE('',#1476,#1477);
#1476 = CARTESIAN_POINT('',(7.747,-15.4685,2.157));
#1477 = VECTOR('',#1478,1.);
#1478 = DIRECTION('',(0.,0.,-1.));
#1479 = ORIENTED_EDGE('',*,*,#1480,.T.);
#1480 = EDGE_CURVE('',#1473,#1481,#1483,.T.);
#1481 = VERTEX_POINT('',#1482);
#1482 = CARTESIAN_POINT('',(7.493,-15.4685,-2.843));
#1483 = LINE('',#1484,#1485);
#1484 = CARTESIAN_POINT('',(7.747,-15.4685,-2.843));
#1485 = VECTOR('',#1486,1.);
#1486 = DIRECTION('',(-1.,-3.216245299353E-16,0.));
#1487 = ORIENTED_EDGE('',*,*,#1488,.F.);
#1488 = EDGE_CURVE('',#1489,#1481,#1491,.T.);
#1489 = VERTEX_POINT('',#1490);
#1490 = CARTESIAN_POINT('',(7.493,-15.4685,1.776));
#1491 = LINE('',#1492,#1493);
#1492 = CARTESIAN_POINT('',(7.493,-15.4685,2.157));
#1493 = VECTOR('',#1494,1.);
#1494 = DIRECTION('',(0.,0.,-1.));
#1495 = ORIENTED_EDGE('',*,*,#1496,.T.);
#1496 = EDGE_CURVE('',#1489,#533,#1497,.T.);
#1497 = CIRCLE('',#1498,0.127);
#1498 = AXIS2_PLACEMENT_3D('',#1499,#1500,#1501);
#1499 = CARTESIAN_POINT('',(7.366,-15.4685,1.776));
#1500 = DIRECTION('',(3.216245299353E-16,-1.,0.));
#1501 = DIRECTION('',(0.,0.,-1.));
#1502 = PLANE('',#1503);
#1503 = AXIS2_PLACEMENT_3D('',#1504,#1505,#1506);
#1504 = CARTESIAN_POINT('',(-0.127,-15.4685,1.776));
#1505 = DIRECTION('',(-4.440892098501E-16,1.,0.));
#1506 = DIRECTION('',(0.,0.,1.));
#1507 = ADVANCED_FACE('',(#1508),#1560,.F.);
#1508 = FACE_BOUND('',#1509,.F.);
#1509 = EDGE_LOOP('',(#1510,#1511,#1512,#1521,#1529,#1537,#1545,#1554));
#1510 = ORIENTED_EDGE('',*,*,#493,.T.);
#1511 = ORIENTED_EDGE('',*,*,#554,.T.);
#1512 = ORIENTED_EDGE('',*,*,#1513,.F.);
#1513 = EDGE_CURVE('',#1514,#555,#1516,.T.);
#1514 = VERTEX_POINT('',#1515);
#1515 = CARTESIAN_POINT('',(7.493,0.2285,1.776));
#1516 = CIRCLE('',#1517,0.127);
#1517 = AXIS2_PLACEMENT_3D('',#1518,#1519,#1520);
#1518 = CARTESIAN_POINT('',(7.366,0.2285,1.776));
#1519 = DIRECTION('',(3.216245299353E-16,-1.,0.));
#1520 = DIRECTION('',(0.,0.,1.));
#1521 = ORIENTED_EDGE('',*,*,#1522,.T.);
#1522 = EDGE_CURVE('',#1514,#1523,#1525,.T.);
#1523 = VERTEX_POINT('',#1524);
#1524 = CARTESIAN_POINT('',(7.493,0.2285,-2.843));
#1525 = LINE('',#1526,#1527);
#1526 = CARTESIAN_POINT('',(7.493,0.2285,2.157));
#1527 = VECTOR('',#1528,1.);
#1528 = DIRECTION('',(0.,0.,-1.));
#1529 = ORIENTED_EDGE('',*,*,#1530,.F.);
#1530 = EDGE_CURVE('',#1531,#1523,#1533,.T.);
#1531 = VERTEX_POINT('',#1532);
#1532 = CARTESIAN_POINT('',(7.747,0.2285,-2.843));
#1533 = LINE('',#1534,#1535);
#1534 = CARTESIAN_POINT('',(7.747,0.2285,-2.843));
#1535 = VECTOR('',#1536,1.);
#1536 = DIRECTION('',(-1.,-3.216245299353E-16,0.));
#1537 = ORIENTED_EDGE('',*,*,#1538,.F.);
#1538 = EDGE_CURVE('',#1539,#1531,#1541,.T.);
#1539 = VERTEX_POINT('',#1540);
#1540 = CARTESIAN_POINT('',(7.747,0.2285,1.776));
#1541 = LINE('',#1542,#1543);
#1542 = CARTESIAN_POINT('',(7.747,0.2285,2.157));
#1543 = VECTOR('',#1544,1.);
#1544 = DIRECTION('',(0.,0.,-1.));
#1545 = ORIENTED_EDGE('',*,*,#1546,.T.);
#1546 = EDGE_CURVE('',#1539,#1547,#1549,.T.);
#1547 = VERTEX_POINT('',#1548);
#1548 = CARTESIAN_POINT('',(7.366,0.2285,2.157));
#1549 = CIRCLE('',#1550,0.381);
#1550 = AXIS2_PLACEMENT_3D('',#1551,#1552,#1553);
#1551 = CARTESIAN_POINT('',(7.366,0.2285,1.776));
#1552 = DIRECTION('',(3.216245299353E-16,-1.,0.));
#1553 = DIRECTION('',(0.,0.,1.));
#1554 = ORIENTED_EDGE('',*,*,#1555,.F.);
#1555 = EDGE_CURVE('',#494,#1547,#1556,.T.);
#1556 = LINE('',#1557,#1558);
#1557 = CARTESIAN_POINT('',(3.81,0.2285,2.157));
#1558 = VECTOR('',#1559,1.);
#1559 = DIRECTION('',(1.,3.216245299353E-16,0.));
#1560 = PLANE('',#1561);
#1561 = AXIS2_PLACEMENT_3D('',#1562,#1563,#1564);
#1562 = CARTESIAN_POINT('',(0.254,0.2285,2.157));
#1563 = DIRECTION('',(4.440892098501E-16,-1.,0.));
#1564 = DIRECTION('',(0.,-0.,-1.));
#1565 = ADVANCED_FACE('',(#1566),#1590,.T.);
#1566 = FACE_BOUND('',#1567,.T.);
#1567 = EDGE_LOOP('',(#1568,#1576,#1577,#1584));
#1568 = ORIENTED_EDGE('',*,*,#1569,.T.);
#1569 = EDGE_CURVE('',#1570,#494,#1572,.T.);
#1570 = VERTEX_POINT('',#1571);
#1571 = CARTESIAN_POINT('',(6.91,0.2285,2.157));
#1572 = LINE('',#1573,#1574);
#1573 = CARTESIAN_POINT('',(3.81,0.2285,2.157));
#1574 = VECTOR('',#1575,1.);
#1575 = DIRECTION('',(1.,3.216245299353E-16,0.));
#1576 = ORIENTED_EDGE('',*,*,#509,.T.);
#1577 = ORIENTED_EDGE('',*,*,#1578,.T.);
#1578 = EDGE_CURVE('',#503,#1579,#1581,.T.);
#1579 = VERTEX_POINT('',#1580);
#1580 = CARTESIAN_POINT('',(6.91,1.83,2.157));
#1581 = B_SPLINE_CURVE_WITH_KNOTS('',1,(#1582,#1583),.UNSPECIFIED.,.F.,
  .F.,(2,2),(0.,1.),.PIECEWISE_BEZIER_KNOTS.);
#1582 = CARTESIAN_POINT('',(6.985,1.905,2.157));
#1583 = CARTESIAN_POINT('',(6.91,1.83,2.157));
#1584 = ORIENTED_EDGE('',*,*,#1585,.F.);
#1585 = EDGE_CURVE('',#1570,#1579,#1586,.T.);
#1586 = LINE('',#1587,#1588);
#1587 = CARTESIAN_POINT('',(6.91,-17.07,2.157));
#1588 = VECTOR('',#1589,1.);
#1589 = DIRECTION('',(-4.440892098501E-16,1.,0.));
#1590 = B_SPLINE_SURFACE_WITH_KNOTS('',1,1,(
    (#1591,#1592)
    ,(#1593,#1594
    )),.UNSPECIFIED.,.F.,.F.,.F.,(2,2),(2,2),(0.,19.05),(0.,1.),
  .PIECEWISE_BEZIER_KNOTS.);
#1591 = CARTESIAN_POINT('',(6.985,-17.145,2.157));
#1592 = CARTESIAN_POINT('',(6.91,-17.07,2.157));
#1593 = CARTESIAN_POINT('',(6.985,1.905,2.157));
#1594 = CARTESIAN_POINT('',(6.91,1.83,2.157));
#1595 = ADVANCED_FACE('',(#1596),#1648,.F.);
#1596 = FACE_BOUND('',#1597,.F.);
#1597 = EDGE_LOOP('',(#1598,#1599,#1600,#1609,#1617,#1625,#1633,#1642));
#1598 = ORIENTED_EDGE('',*,*,#585,.T.);
#1599 = ORIENTED_EDGE('',*,*,#523,.T.);
#1600 = ORIENTED_EDGE('',*,*,#1601,.F.);
#1601 = EDGE_CURVE('',#1602,#524,#1604,.T.);
#1602 = VERTEX_POINT('',#1603);
#1603 = CARTESIAN_POINT('',(7.493,-14.478,1.776));
#1604 = CIRCLE('',#1605,0.127);
#1605 = AXIS2_PLACEMENT_3D('',#1606,#1607,#1608);
#1606 = CARTESIAN_POINT('',(7.366,-14.478,1.776));
#1607 = DIRECTION('',(3.216245299353E-16,-1.,0.));
#1608 = DIRECTION('',(0.,0.,-1.));
#1609 = ORIENTED_EDGE('',*,*,#1610,.F.);
#1610 = EDGE_CURVE('',#1611,#1602,#1613,.T.);
#1611 = VERTEX_POINT('',#1612);
#1612 = CARTESIAN_POINT('',(7.493,-14.478,0.));
#1613 = LINE('',#1614,#1615);
#1614 = CARTESIAN_POINT('',(7.493,-14.478,0.));
#1615 = VECTOR('',#1616,1.);
#1616 = DIRECTION('',(0.,0.,1.));
#1617 = ORIENTED_EDGE('',*,*,#1618,.F.);
#1618 = EDGE_CURVE('',#1619,#1611,#1621,.T.);
#1619 = VERTEX_POINT('',#1620);
#1620 = CARTESIAN_POINT('',(7.747,-14.478,0.));
#1621 = LINE('',#1622,#1623);
#1622 = CARTESIAN_POINT('',(7.747,-14.478,0.));
#1623 = VECTOR('',#1624,1.);
#1624 = DIRECTION('',(-1.,-3.216245299353E-16,0.));
#1625 = ORIENTED_EDGE('',*,*,#1626,.T.);
#1626 = EDGE_CURVE('',#1619,#1627,#1629,.T.);
#1627 = VERTEX_POINT('',#1628);
#1628 = CARTESIAN_POINT('',(7.747,-14.478,1.776));
#1629 = LINE('',#1630,#1631);
#1630 = CARTESIAN_POINT('',(7.747,-14.478,0.));
#1631 = VECTOR('',#1632,1.);
#1632 = DIRECTION('',(0.,0.,1.));
#1633 = ORIENTED_EDGE('',*,*,#1634,.F.);
#1634 = EDGE_CURVE('',#1635,#1627,#1637,.T.);
#1635 = VERTEX_POINT('',#1636);
#1636 = CARTESIAN_POINT('',(7.366,-14.478,2.157));
#1637 = CIRCLE('',#1638,0.381);
#1638 = AXIS2_PLACEMENT_3D('',#1639,#1640,#1641);
#1639 = CARTESIAN_POINT('',(7.366,-14.478,1.776));
#1640 = DIRECTION('',(-3.216245299353E-16,1.,0.));
#1641 = DIRECTION('',(0.,0.,1.));
#1642 = ORIENTED_EDGE('',*,*,#1643,.F.);
#1643 = EDGE_CURVE('',#586,#1635,#1644,.T.);
#1644 = LINE('',#1645,#1646);
#1645 = CARTESIAN_POINT('',(3.81,-14.478,2.157));
#1646 = VECTOR('',#1647,1.);
#1647 = DIRECTION('',(1.,3.216245299353E-16,0.));
#1648 = PLANE('',#1649);
#1649 = AXIS2_PLACEMENT_3D('',#1650,#1651,#1652);
#1650 = CARTESIAN_POINT('',(0.254,-14.478,2.157));
#1651 = DIRECTION('',(4.440892098501E-16,-1.,1.740014167195E-14));
#1652 = DIRECTION('',(7.727215166377E-30,-1.740014167195E-14,-1.));
#1653 = ADVANCED_FACE('',(#1654),#1665,.F.);
#1654 = FACE_BOUND('',#1655,.F.);
#1655 = EDGE_LOOP('',(#1656,#1662,#1663,#1664));
#1656 = ORIENTED_EDGE('',*,*,#1657,.T.);
#1657 = EDGE_CURVE('',#1489,#1602,#1658,.T.);
#1658 = LINE('',#1659,#1660);
#1659 = CARTESIAN_POINT('',(7.493,-15.4685,1.776));
#1660 = VECTOR('',#1661,1.);
#1661 = DIRECTION('',(-3.216245299353E-16,1.,0.));
#1662 = ORIENTED_EDGE('',*,*,#1601,.T.);
#1663 = ORIENTED_EDGE('',*,*,#540,.F.);
#1664 = ORIENTED_EDGE('',*,*,#1496,.F.);
#1665 = CYLINDRICAL_SURFACE('',#1666,0.127);
#1666 = AXIS2_PLACEMENT_3D('',#1667,#1668,#1669);
#1667 = CARTESIAN_POINT('',(7.366,-15.4685,1.776));
#1668 = DIRECTION('',(-3.216245299353E-16,1.,0.));
#1669 = DIRECTION('',(1.,3.216245299353E-16,0.));
#1670 = ADVANCED_FACE('',(#1671),#1690,.F.);
#1671 = FACE_BOUND('',#1672,.F.);
#1672 = EDGE_LOOP('',(#1673,#1674,#1675,#1684));
#1673 = ORIENTED_EDGE('',*,*,#1513,.T.);
#1674 = ORIENTED_EDGE('',*,*,#571,.T.);
#1675 = ORIENTED_EDGE('',*,*,#1676,.F.);
#1676 = EDGE_CURVE('',#1677,#564,#1679,.T.);
#1677 = VERTEX_POINT('',#1678);
#1678 = CARTESIAN_POINT('',(7.493,-0.762,1.776));
#1679 = CIRCLE('',#1680,0.127);
#1680 = AXIS2_PLACEMENT_3D('',#1681,#1682,#1683);
#1681 = CARTESIAN_POINT('',(7.366,-0.762,1.776));
#1682 = DIRECTION('',(3.216245299353E-16,-1.,0.));
#1683 = DIRECTION('',(0.,0.,1.));
#1684 = ORIENTED_EDGE('',*,*,#1685,.F.);
#1685 = EDGE_CURVE('',#1514,#1677,#1686,.T.);
#1686 = LINE('',#1687,#1688);
#1687 = CARTESIAN_POINT('',(7.493,0.2285,1.776));
#1688 = VECTOR('',#1689,1.);
#1689 = DIRECTION('',(3.216245299353E-16,-1.,0.));
#1690 = CYLINDRICAL_SURFACE('',#1691,0.127);
#1691 = AXIS2_PLACEMENT_3D('',#1692,#1693,#1694);
#1692 = CARTESIAN_POINT('',(7.366,0.2285,1.776));
#1693 = DIRECTION('',(3.216245299353E-16,-1.,0.));
#1694 = DIRECTION('',(1.,3.216245299353E-16,0.));
#1695 = ADVANCED_FACE('',(#1696),#1740,.T.);
#1696 = FACE_BOUND('',#1697,.T.);
#1697 = EDGE_LOOP('',(#1698,#1699,#1700,#1701,#1709,#1717,#1725,#1734));
#1698 = ORIENTED_EDGE('',*,*,#625,.T.);
#1699 = ORIENTED_EDGE('',*,*,#563,.F.);
#1700 = ORIENTED_EDGE('',*,*,#1676,.F.);
#1701 = ORIENTED_EDGE('',*,*,#1702,.F.);
#1702 = EDGE_CURVE('',#1703,#1677,#1705,.T.);
#1703 = VERTEX_POINT('',#1704);
#1704 = CARTESIAN_POINT('',(7.493,-0.762,0.));
#1705 = LINE('',#1706,#1707);
#1706 = CARTESIAN_POINT('',(7.493,-0.762,0.));
#1707 = VECTOR('',#1708,1.);
#1708 = DIRECTION('',(0.,0.,1.));
#1709 = ORIENTED_EDGE('',*,*,#1710,.F.);
#1710 = EDGE_CURVE('',#1711,#1703,#1713,.T.);
#1711 = VERTEX_POINT('',#1712);
#1712 = CARTESIAN_POINT('',(7.747,-0.762,0.));
#1713 = LINE('',#1714,#1715);
#1714 = CARTESIAN_POINT('',(7.747,-0.762,0.));
#1715 = VECTOR('',#1716,1.);
#1716 = DIRECTION('',(-1.,-3.216245299353E-16,0.));
#1717 = ORIENTED_EDGE('',*,*,#1718,.T.);
#1718 = EDGE_CURVE('',#1711,#1719,#1721,.T.);
#1719 = VERTEX_POINT('',#1720);
#1720 = CARTESIAN_POINT('',(7.747,-0.762,1.776));
#1721 = LINE('',#1722,#1723);
#1722 = CARTESIAN_POINT('',(7.747,-0.762,0.));
#1723 = VECTOR('',#1724,1.);
#1724 = DIRECTION('',(0.,0.,1.));
#1725 = ORIENTED_EDGE('',*,*,#1726,.T.);
#1726 = EDGE_CURVE('',#1719,#1727,#1729,.T.);
#1727 = VERTEX_POINT('',#1728);
#1728 = CARTESIAN_POINT('',(7.366,-0.762,2.157));
#1729 = CIRCLE('',#1730,0.381);
#1730 = AXIS2_PLACEMENT_3D('',#1731,#1732,#1733);
#1731 = CARTESIAN_POINT('',(7.366,-0.762,1.776));
#1732 = DIRECTION('',(3.216245299353E-16,-1.,0.));
#1733 = DIRECTION('',(0.,0.,1.));
#1734 = ORIENTED_EDGE('',*,*,#1735,.T.);
#1735 = EDGE_CURVE('',#1727,#626,#1736,.T.);
#1736 = LINE('',#1737,#1738);
#1737 = CARTESIAN_POINT('',(7.747,-0.762,2.157));
#1738 = VECTOR('',#1739,1.);
#1739 = DIRECTION('',(-1.,-3.216245299353E-16,0.));
#1740 = PLANE('',#1741);
#1741 = AXIS2_PLACEMENT_3D('',#1742,#1743,#1744);
#1742 = CARTESIAN_POINT('',(-0.127,-0.762,0.));
#1743 = DIRECTION('',(4.440892098501E-16,-1.,0.));
#1744 = DIRECTION('',(0.,-0.,-1.));
#1745 = ADVANCED_FACE('',(#1746),#1771,.T.);
#1746 = FACE_BOUND('',#1747,.T.);
#1747 = EDGE_LOOP('',(#1748,#1756,#1757,#1765));
#1748 = ORIENTED_EDGE('',*,*,#1749,.T.);
#1749 = EDGE_CURVE('',#1750,#586,#1752,.T.);
#1750 = VERTEX_POINT('',#1751);
#1751 = CARTESIAN_POINT('',(6.91,-14.478,2.157));
#1752 = LINE('',#1753,#1754);
#1753 = CARTESIAN_POINT('',(3.81,-14.478,2.157));
#1754 = VECTOR('',#1755,1.);
#1755 = DIRECTION('',(1.,3.216245299353E-16,0.));
#1756 = ORIENTED_EDGE('',*,*,#602,.T.);
#1757 = ORIENTED_EDGE('',*,*,#1758,.T.);
#1758 = EDGE_CURVE('',#595,#1759,#1761,.T.);
#1759 = VERTEX_POINT('',#1760);
#1760 = CARTESIAN_POINT('',(6.91,-13.462,2.157));
#1761 = LINE('',#1762,#1763);
#1762 = CARTESIAN_POINT('',(7.62,-13.462,2.157));
#1763 = VECTOR('',#1764,1.);
#1764 = DIRECTION('',(-1.,-3.216245299353E-16,0.));
#1765 = ORIENTED_EDGE('',*,*,#1766,.F.);
#1766 = EDGE_CURVE('',#1750,#1759,#1767,.T.);
#1767 = LINE('',#1768,#1769);
#1768 = CARTESIAN_POINT('',(6.91,-17.07,2.157));
#1769 = VECTOR('',#1770,1.);
#1770 = DIRECTION('',(-4.440892098501E-16,1.,0.));
#1771 = B_SPLINE_SURFACE_WITH_KNOTS('',1,1,(
    (#1772,#1773)
    ,(#1774,#1775
    )),.UNSPECIFIED.,.F.,.F.,.F.,(2,2),(2,2),(0.,19.05),(0.,1.),
  .PIECEWISE_BEZIER_KNOTS.);
#1772 = CARTESIAN_POINT('',(6.985,-17.145,2.157));
#1773 = CARTESIAN_POINT('',(6.91,-17.07,2.157));
#1774 = CARTESIAN_POINT('',(6.985,1.905,2.157));
#1775 = CARTESIAN_POINT('',(6.91,1.83,2.157));
#1776 = ADVANCED_FACE('',(#1777),#1829,.F.);
#1777 = FACE_BOUND('',#1778,.F.);
#1778 = EDGE_LOOP('',(#1779,#1780,#1781,#1789,#1798,#1806,#1814,#1822));
#1779 = ORIENTED_EDGE('',*,*,#656,.T.);
#1780 = ORIENTED_EDGE('',*,*,#594,.T.);
#1781 = ORIENTED_EDGE('',*,*,#1782,.F.);
#1782 = EDGE_CURVE('',#1783,#595,#1785,.T.);
#1783 = VERTEX_POINT('',#1784);
#1784 = CARTESIAN_POINT('',(7.366,-13.462,2.157));
#1785 = LINE('',#1786,#1787);
#1786 = CARTESIAN_POINT('',(7.62,-13.462,2.157));
#1787 = VECTOR('',#1788,1.);
#1788 = DIRECTION('',(-1.,-3.216245299353E-16,0.));
#1789 = ORIENTED_EDGE('',*,*,#1790,.T.);
#1790 = EDGE_CURVE('',#1783,#1791,#1793,.T.);
#1791 = VERTEX_POINT('',#1792);
#1792 = CARTESIAN_POINT('',(7.747,-13.462,1.776));
#1793 = CIRCLE('',#1794,0.381);
#1794 = AXIS2_PLACEMENT_3D('',#1795,#1796,#1797);
#1795 = CARTESIAN_POINT('',(7.366,-13.462,1.776));
#1796 = DIRECTION('',(-3.216245299353E-16,1.,0.));
#1797 = DIRECTION('',(0.,0.,1.));
#1798 = ORIENTED_EDGE('',*,*,#1799,.T.);
#1799 = EDGE_CURVE('',#1791,#1800,#1802,.T.);
#1800 = VERTEX_POINT('',#1801);
#1801 = CARTESIAN_POINT('',(7.747,-13.462,0.));
#1802 = LINE('',#1803,#1804);
#1803 = CARTESIAN_POINT('',(7.747,-13.462,2.157));
#1804 = VECTOR('',#1805,1.);
#1805 = DIRECTION('',(-1.324339206003E-31,4.11765609504E-16,-1.));
#1806 = ORIENTED_EDGE('',*,*,#1807,.T.);
#1807 = EDGE_CURVE('',#1800,#1808,#1810,.T.);
#1808 = VERTEX_POINT('',#1809);
#1809 = CARTESIAN_POINT('',(7.493,-13.462,0.));
#1810 = LINE('',#1811,#1812);
#1811 = CARTESIAN_POINT('',(7.747,-13.462,0.));
#1812 = VECTOR('',#1813,1.);
#1813 = DIRECTION('',(-1.,-3.216245299353E-16,0.));
#1814 = ORIENTED_EDGE('',*,*,#1815,.F.);
#1815 = EDGE_CURVE('',#1816,#1808,#1818,.T.);
#1816 = VERTEX_POINT('',#1817);
#1817 = CARTESIAN_POINT('',(7.493,-13.462,1.776));
#1818 = LINE('',#1819,#1820);
#1819 = CARTESIAN_POINT('',(7.493,-13.462,2.157));
#1820 = VECTOR('',#1821,1.);
#1821 = DIRECTION('',(-1.324339206003E-31,4.11765609504E-16,-1.));
#1822 = ORIENTED_EDGE('',*,*,#1823,.T.);
#1823 = EDGE_CURVE('',#1816,#657,#1824,.T.);
#1824 = CIRCLE('',#1825,0.127);
#1825 = AXIS2_PLACEMENT_3D('',#1826,#1827,#1828);
#1826 = CARTESIAN_POINT('',(7.366,-13.462,1.776));
#1827 = DIRECTION('',(3.216245299353E-16,-1.,0.));
#1828 = DIRECTION('',(0.,0.,-1.));
#1829 = PLANE('',#1830);
#1830 = AXIS2_PLACEMENT_3D('',#1831,#1832,#1833);
#1831 = CARTESIAN_POINT('',(0.254,-13.462,2.157));
#1832 = DIRECTION('',(-4.440892098501E-16,1.,0.));
#1833 = DIRECTION('',(0.,0.,1.));
#1834 = ADVANCED_FACE('',(#1835),#1887,.T.);
#1835 = FACE_BOUND('',#1836,.T.);
#1836 = EDGE_LOOP('',(#1837,#1838,#1839,#1847,#1856,#1864,#1872,#1880));
#1837 = ORIENTED_EDGE('',*,*,#678,.F.);
#1838 = ORIENTED_EDGE('',*,*,#616,.T.);
#1839 = ORIENTED_EDGE('',*,*,#1840,.T.);
#1840 = EDGE_CURVE('',#617,#1841,#1843,.T.);
#1841 = VERTEX_POINT('',#1842);
#1842 = CARTESIAN_POINT('',(7.366,-1.778,2.157));
#1843 = LINE('',#1844,#1845);
#1844 = CARTESIAN_POINT('',(3.683,-1.778,2.157));
#1845 = VECTOR('',#1846,1.);
#1846 = DIRECTION('',(1.,3.216245299353E-16,0.));
#1847 = ORIENTED_EDGE('',*,*,#1848,.T.);
#1848 = EDGE_CURVE('',#1841,#1849,#1851,.T.);
#1849 = VERTEX_POINT('',#1850);
#1850 = CARTESIAN_POINT('',(7.747,-1.778,1.776));
#1851 = CIRCLE('',#1852,0.381);
#1852 = AXIS2_PLACEMENT_3D('',#1853,#1854,#1855);
#1853 = CARTESIAN_POINT('',(7.366,-1.778,1.776));
#1854 = DIRECTION('',(-3.216245299353E-16,1.,0.));
#1855 = DIRECTION('',(0.,0.,1.));
#1856 = ORIENTED_EDGE('',*,*,#1857,.F.);
#1857 = EDGE_CURVE('',#1858,#1849,#1860,.T.);
#1858 = VERTEX_POINT('',#1859);
#1859 = CARTESIAN_POINT('',(7.747,-1.778,0.));
#1860 = LINE('',#1861,#1862);
#1861 = CARTESIAN_POINT('',(7.747,-1.778,0.));
#1862 = VECTOR('',#1863,1.);
#1863 = DIRECTION('',(-1.324339206003E-31,4.11765609504E-16,1.));
#1864 = ORIENTED_EDGE('',*,*,#1865,.T.);
#1865 = EDGE_CURVE('',#1858,#1866,#1868,.T.);
#1866 = VERTEX_POINT('',#1867);
#1867 = CARTESIAN_POINT('',(7.493,-1.778,0.));
#1868 = LINE('',#1869,#1870);
#1869 = CARTESIAN_POINT('',(7.747,-1.778,0.));
#1870 = VECTOR('',#1871,1.);
#1871 = DIRECTION('',(-1.,-3.216245299353E-16,0.));
#1872 = ORIENTED_EDGE('',*,*,#1873,.T.);
#1873 = EDGE_CURVE('',#1866,#1874,#1876,.T.);
#1874 = VERTEX_POINT('',#1875);
#1875 = CARTESIAN_POINT('',(7.493,-1.778,1.776));
#1876 = LINE('',#1877,#1878);
#1877 = CARTESIAN_POINT('',(7.493,-1.778,0.));
#1878 = VECTOR('',#1879,1.);
#1879 = DIRECTION('',(-1.324339206003E-31,4.11765609504E-16,1.));
#1880 = ORIENTED_EDGE('',*,*,#1881,.T.);
#1881 = EDGE_CURVE('',#1874,#679,#1882,.T.);
#1882 = CIRCLE('',#1883,0.127);
#1883 = AXIS2_PLACEMENT_3D('',#1884,#1885,#1886);
#1884 = CARTESIAN_POINT('',(7.366,-1.778,1.776));
#1885 = DIRECTION('',(3.216245299353E-16,-1.,0.));
#1886 = DIRECTION('',(0.,0.,-1.));
#1887 = PLANE('',#1888);
#1888 = AXIS2_PLACEMENT_3D('',#1889,#1890,#1891);
#1889 = CARTESIAN_POINT('',(0.254,-1.778,2.157));
#1890 = DIRECTION('',(-4.440892098501E-16,1.,0.));
#1891 = DIRECTION('',(0.,0.,1.));
#1892 = ADVANCED_FACE('',(#1893),#1918,.T.);
#1893 = FACE_BOUND('',#1894,.T.);
#1894 = EDGE_LOOP('',(#1895,#1903,#1904,#1912));
#1895 = ORIENTED_EDGE('',*,*,#1896,.T.);
#1896 = EDGE_CURVE('',#1897,#617,#1899,.T.);
#1897 = VERTEX_POINT('',#1898);
#1898 = CARTESIAN_POINT('',(6.91,-1.778,2.157));
#1899 = LINE('',#1900,#1901);
#1900 = CARTESIAN_POINT('',(3.683,-1.778,2.157));
#1901 = VECTOR('',#1902,1.);
#1902 = DIRECTION('',(1.,3.216245299353E-16,0.));
#1903 = ORIENTED_EDGE('',*,*,#633,.T.);
#1904 = ORIENTED_EDGE('',*,*,#1905,.T.);
#1905 = EDGE_CURVE('',#626,#1906,#1908,.T.);
#1906 = VERTEX_POINT('',#1907);
#1907 = CARTESIAN_POINT('',(6.91,-0.762,2.157));
#1908 = LINE('',#1909,#1910);
#1909 = CARTESIAN_POINT('',(7.747,-0.762,2.157));
#1910 = VECTOR('',#1911,1.);
#1911 = DIRECTION('',(-1.,-3.216245299353E-16,0.));
#1912 = ORIENTED_EDGE('',*,*,#1913,.F.);
#1913 = EDGE_CURVE('',#1897,#1906,#1914,.T.);
#1914 = LINE('',#1915,#1916);
#1915 = CARTESIAN_POINT('',(6.91,-17.07,2.157));
#1916 = VECTOR('',#1917,1.);
#1917 = DIRECTION('',(-4.440892098501E-16,1.,0.));
#1918 = B_SPLINE_SURFACE_WITH_KNOTS('',1,1,(
    (#1919,#1920)
    ,(#1921,#1922
    )),.UNSPECIFIED.,.F.,.F.,.F.,(2,2),(2,2),(0.,19.05),(0.,1.),
  .PIECEWISE_BEZIER_KNOTS.);
#1919 = CARTESIAN_POINT('',(6.985,-17.145,2.157));
#1920 = CARTESIAN_POINT('',(6.91,-17.07,2.157));
#1921 = CARTESIAN_POINT('',(6.985,1.905,2.157));
#1922 = CARTESIAN_POINT('',(6.91,1.83,2.157));
#1923 = ADVANCED_FACE('',(#1924),#1976,.T.);
#1924 = FACE_BOUND('',#1925,.T.);
#1925 = EDGE_LOOP('',(#1926,#1927,#1928,#1936,#1945,#1953,#1961,#1969));
#1926 = ORIENTED_EDGE('',*,*,#647,.F.);
#1927 = ORIENTED_EDGE('',*,*,#709,.T.);
#1928 = ORIENTED_EDGE('',*,*,#1929,.T.);
#1929 = EDGE_CURVE('',#710,#1930,#1932,.T.);
#1930 = VERTEX_POINT('',#1931);
#1931 = CARTESIAN_POINT('',(7.366,-11.938,2.157));
#1932 = LINE('',#1933,#1934);
#1933 = CARTESIAN_POINT('',(3.683,-11.938,2.157));
#1934 = VECTOR('',#1935,1.);
#1935 = DIRECTION('',(1.,3.216245299353E-16,0.));
#1936 = ORIENTED_EDGE('',*,*,#1937,.T.);
#1937 = EDGE_CURVE('',#1930,#1938,#1940,.T.);
#1938 = VERTEX_POINT('',#1939);
#1939 = CARTESIAN_POINT('',(7.747,-11.938,1.776));
#1940 = CIRCLE('',#1941,0.381);
#1941 = AXIS2_PLACEMENT_3D('',#1942,#1943,#1944);
#1942 = CARTESIAN_POINT('',(7.366,-11.938,1.776));
#1943 = DIRECTION('',(-3.216245299353E-16,1.,0.));
#1944 = DIRECTION('',(0.,0.,1.));
#1945 = ORIENTED_EDGE('',*,*,#1946,.F.);
#1946 = EDGE_CURVE('',#1947,#1938,#1949,.T.);
#1947 = VERTEX_POINT('',#1948);
#1948 = CARTESIAN_POINT('',(7.747,-11.938,0.));
#1949 = LINE('',#1950,#1951);
#1950 = CARTESIAN_POINT('',(7.747,-11.938,0.));
#1951 = VECTOR('',#1952,1.);
#1952 = DIRECTION('',(-1.324339206003E-31,4.11765609504E-16,1.));
#1953 = ORIENTED_EDGE('',*,*,#1954,.T.);
#1954 = EDGE_CURVE('',#1947,#1955,#1957,.T.);
#1955 = VERTEX_POINT('',#1956);
#1956 = CARTESIAN_POINT('',(7.493,-11.938,0.));
#1957 = LINE('',#1958,#1959);
#1958 = CARTESIAN_POINT('',(7.747,-11.938,0.));
#1959 = VECTOR('',#1960,1.);
#1960 = DIRECTION('',(-1.,-3.216245299353E-16,0.));
#1961 = ORIENTED_EDGE('',*,*,#1962,.T.);
#1962 = EDGE_CURVE('',#1955,#1963,#1965,.T.);
#1963 = VERTEX_POINT('',#1964);
#1964 = CARTESIAN_POINT('',(7.493,-11.938,1.776));
#1965 = LINE('',#1966,#1967);
#1966 = CARTESIAN_POINT('',(7.493,-11.938,0.));
#1967 = VECTOR('',#1968,1.);
#1968 = DIRECTION('',(-1.324339206003E-31,4.11765609504E-16,1.));
#1969 = ORIENTED_EDGE('',*,*,#1970,.T.);
#1970 = EDGE_CURVE('',#1963,#648,#1971,.T.);
#1971 = CIRCLE('',#1972,0.127);
#1972 = AXIS2_PLACEMENT_3D('',#1973,#1974,#1975);
#1973 = CARTESIAN_POINT('',(7.366,-11.938,1.776));
#1974 = DIRECTION('',(3.216245299353E-16,-1.,0.));
#1975 = DIRECTION('',(0.,0.,-1.));
#1976 = PLANE('',#1977);
#1977 = AXIS2_PLACEMENT_3D('',#1978,#1979,#1980);
#1978 = CARTESIAN_POINT('',(0.254,-11.938,2.157));
#1979 = DIRECTION('',(-4.440892098501E-16,1.,0.));
#1980 = DIRECTION('',(0.,0.,1.));
#1981 = ADVANCED_FACE('',(#1982),#1993,.F.);
#1982 = FACE_BOUND('',#1983,.F.);
#1983 = EDGE_LOOP('',(#1984,#1990,#1991,#1992));
#1984 = ORIENTED_EDGE('',*,*,#1985,.T.);
#1985 = EDGE_CURVE('',#1816,#1963,#1986,.T.);
#1986 = LINE('',#1987,#1988);
#1987 = CARTESIAN_POINT('',(7.493,-13.462,1.776));
#1988 = VECTOR('',#1989,1.);
#1989 = DIRECTION('',(-3.216245299353E-16,1.,0.));
#1990 = ORIENTED_EDGE('',*,*,#1970,.T.);
#1991 = ORIENTED_EDGE('',*,*,#664,.F.);
#1992 = ORIENTED_EDGE('',*,*,#1823,.F.);
#1993 = CYLINDRICAL_SURFACE('',#1994,0.127);
#1994 = AXIS2_PLACEMENT_3D('',#1995,#1996,#1997);
#1995 = CARTESIAN_POINT('',(7.366,-13.462,1.776));
#1996 = DIRECTION('',(-3.216245299353E-16,1.,0.));
#1997 = DIRECTION('',(1.,3.216245299353E-16,0.));
#1998 = ADVANCED_FACE('',(#1999),#2018,.F.);
#1999 = FACE_BOUND('',#2000,.F.);
#2000 = EDGE_LOOP('',(#2001,#2009,#2010,#2011));
#2001 = ORIENTED_EDGE('',*,*,#2002,.T.);
#2002 = EDGE_CURVE('',#2003,#1874,#2005,.T.);
#2003 = VERTEX_POINT('',#2004);
#2004 = CARTESIAN_POINT('',(7.493,-3.302,1.776));
#2005 = LINE('',#2006,#2007);
#2006 = CARTESIAN_POINT('',(7.493,-3.302,1.776));
#2007 = VECTOR('',#2008,1.);
#2008 = DIRECTION('',(-3.216245299353E-16,1.,0.));
#2009 = ORIENTED_EDGE('',*,*,#1881,.T.);
#2010 = ORIENTED_EDGE('',*,*,#695,.F.);
#2011 = ORIENTED_EDGE('',*,*,#2012,.F.);
#2012 = EDGE_CURVE('',#2003,#688,#2013,.T.);
#2013 = CIRCLE('',#2014,0.127);
#2014 = AXIS2_PLACEMENT_3D('',#2015,#2016,#2017);
#2015 = CARTESIAN_POINT('',(7.366,-3.302,1.776));
#2016 = DIRECTION('',(3.216245299353E-16,-1.,0.));
#2017 = DIRECTION('',(0.,0.,-1.));
#2018 = CYLINDRICAL_SURFACE('',#2019,0.127);
#2019 = AXIS2_PLACEMENT_3D('',#2020,#2021,#2022);
#2020 = CARTESIAN_POINT('',(7.366,-3.302,1.776));
#2021 = DIRECTION('',(-3.216245299353E-16,1.,0.));
#2022 = DIRECTION('',(1.,3.216245299353E-16,0.));
#2023 = ADVANCED_FACE('',(#2024),#2068,.F.);
#2024 = FACE_BOUND('',#2025,.F.);
#2025 = EDGE_LOOP('',(#2026,#2027,#2028,#2036,#2045,#2053,#2061,#2067));
#2026 = ORIENTED_EDGE('',*,*,#687,.T.);
#2027 = ORIENTED_EDGE('',*,*,#749,.T.);
#2028 = ORIENTED_EDGE('',*,*,#2029,.F.);
#2029 = EDGE_CURVE('',#2030,#750,#2032,.T.);
#2030 = VERTEX_POINT('',#2031);
#2031 = CARTESIAN_POINT('',(7.366,-3.302,2.157));
#2032 = LINE('',#2033,#2034);
#2033 = CARTESIAN_POINT('',(7.62,-3.302,2.157));
#2034 = VECTOR('',#2035,1.);
#2035 = DIRECTION('',(-1.,-3.216245299353E-16,0.));
#2036 = ORIENTED_EDGE('',*,*,#2037,.T.);
#2037 = EDGE_CURVE('',#2030,#2038,#2040,.T.);
#2038 = VERTEX_POINT('',#2039);
#2039 = CARTESIAN_POINT('',(7.747,-3.302,1.776));
#2040 = CIRCLE('',#2041,0.381);
#2041 = AXIS2_PLACEMENT_3D('',#2042,#2043,#2044);
#2042 = CARTESIAN_POINT('',(7.366,-3.302,1.776));
#2043 = DIRECTION('',(-3.216245299353E-16,1.,0.));
#2044 = DIRECTION('',(0.,0.,1.));
#2045 = ORIENTED_EDGE('',*,*,#2046,.T.);
#2046 = EDGE_CURVE('',#2038,#2047,#2049,.T.);
#2047 = VERTEX_POINT('',#2048);
#2048 = CARTESIAN_POINT('',(7.747,-3.302,0.));
#2049 = LINE('',#2050,#2051);
#2050 = CARTESIAN_POINT('',(7.747,-3.302,2.157));
#2051 = VECTOR('',#2052,1.);
#2052 = DIRECTION('',(-1.324339206003E-31,4.11765609504E-16,-1.));
#2053 = ORIENTED_EDGE('',*,*,#2054,.T.);
#2054 = EDGE_CURVE('',#2047,#2055,#2057,.T.);
#2055 = VERTEX_POINT('',#2056);
#2056 = CARTESIAN_POINT('',(7.493,-3.302,0.));
#2057 = LINE('',#2058,#2059);
#2058 = CARTESIAN_POINT('',(7.747,-3.302,0.));
#2059 = VECTOR('',#2060,1.);
#2060 = DIRECTION('',(-1.,-3.216245299353E-16,0.));
#2061 = ORIENTED_EDGE('',*,*,#2062,.F.);
#2062 = EDGE_CURVE('',#2003,#2055,#2063,.T.);
#2063 = LINE('',#2064,#2065);
#2064 = CARTESIAN_POINT('',(7.493,-3.302,2.157));
#2065 = VECTOR('',#2066,1.);
#2066 = DIRECTION('',(-1.324339206003E-31,4.11765609504E-16,-1.));
#2067 = ORIENTED_EDGE('',*,*,#2012,.T.);
#2068 = PLANE('',#2069);
#2069 = AXIS2_PLACEMENT_3D('',#2070,#2071,#2072);
#2070 = CARTESIAN_POINT('',(0.254,-3.302,2.157));
#2071 = DIRECTION('',(-4.440892098501E-16,1.,0.));
#2072 = DIRECTION('',(0.,0.,1.));
#2073 = ADVANCED_FACE('',(#2074),#2099,.T.);
#2074 = FACE_BOUND('',#2075,.T.);
#2075 = EDGE_LOOP('',(#2076,#2084,#2085,#2093));
#2076 = ORIENTED_EDGE('',*,*,#2077,.T.);
#2077 = EDGE_CURVE('',#2078,#710,#2080,.T.);
#2078 = VERTEX_POINT('',#2079);
#2079 = CARTESIAN_POINT('',(6.91,-11.938,2.157));
#2080 = LINE('',#2081,#2082);
#2081 = CARTESIAN_POINT('',(3.683,-11.938,2.157));
#2082 = VECTOR('',#2083,1.);
#2083 = DIRECTION('',(1.,3.216245299353E-16,0.));
#2084 = ORIENTED_EDGE('',*,*,#726,.T.);
#2085 = ORIENTED_EDGE('',*,*,#2086,.T.);
#2086 = EDGE_CURVE('',#719,#2087,#2089,.T.);
#2087 = VERTEX_POINT('',#2088);
#2088 = CARTESIAN_POINT('',(6.91,-10.922,2.157));
#2089 = LINE('',#2090,#2091);
#2090 = CARTESIAN_POINT('',(7.62,-10.922,2.157));
#2091 = VECTOR('',#2092,1.);
#2092 = DIRECTION('',(-1.,-3.216245299353E-16,0.));
#2093 = ORIENTED_EDGE('',*,*,#2094,.F.);
#2094 = EDGE_CURVE('',#2078,#2087,#2095,.T.);
#2095 = LINE('',#2096,#2097);
#2096 = CARTESIAN_POINT('',(6.91,-17.07,2.157));
#2097 = VECTOR('',#2098,1.);
#2098 = DIRECTION('',(-4.440892098501E-16,1.,0.));
#2099 = B_SPLINE_SURFACE_WITH_KNOTS('',1,1,(
    (#2100,#2101)
    ,(#2102,#2103
    )),.UNSPECIFIED.,.F.,.F.,.F.,(2,2),(2,2),(0.,19.05),(0.,1.),
  .PIECEWISE_BEZIER_KNOTS.);
#2100 = CARTESIAN_POINT('',(6.985,-17.145,2.157));
#2101 = CARTESIAN_POINT('',(6.91,-17.07,2.157));
#2102 = CARTESIAN_POINT('',(6.985,1.905,2.157));
#2103 = CARTESIAN_POINT('',(6.91,1.83,2.157));
#2104 = ADVANCED_FACE('',(#2105),#2157,.F.);
#2105 = FACE_BOUND('',#2106,.F.);
#2106 = EDGE_LOOP('',(#2107,#2108,#2109,#2117,#2126,#2134,#2142,#2150));
#2107 = ORIENTED_EDGE('',*,*,#780,.T.);
#2108 = ORIENTED_EDGE('',*,*,#718,.T.);
#2109 = ORIENTED_EDGE('',*,*,#2110,.F.);
#2110 = EDGE_CURVE('',#2111,#719,#2113,.T.);
#2111 = VERTEX_POINT('',#2112);
#2112 = CARTESIAN_POINT('',(7.366,-10.922,2.157));
#2113 = LINE('',#2114,#2115);
#2114 = CARTESIAN_POINT('',(7.62,-10.922,2.157));
#2115 = VECTOR('',#2116,1.);
#2116 = DIRECTION('',(-1.,-3.216245299353E-16,0.));
#2117 = ORIENTED_EDGE('',*,*,#2118,.T.);
#2118 = EDGE_CURVE('',#2111,#2119,#2121,.T.);
#2119 = VERTEX_POINT('',#2120);
#2120 = CARTESIAN_POINT('',(7.747,-10.922,1.776));
#2121 = CIRCLE('',#2122,0.381);
#2122 = AXIS2_PLACEMENT_3D('',#2123,#2124,#2125);
#2123 = CARTESIAN_POINT('',(7.366,-10.922,1.776));
#2124 = DIRECTION('',(-3.216245299353E-16,1.,0.));
#2125 = DIRECTION('',(0.,0.,1.));
#2126 = ORIENTED_EDGE('',*,*,#2127,.T.);
#2127 = EDGE_CURVE('',#2119,#2128,#2130,.T.);
#2128 = VERTEX_POINT('',#2129);
#2129 = CARTESIAN_POINT('',(7.747,-10.922,0.));
#2130 = LINE('',#2131,#2132);
#2131 = CARTESIAN_POINT('',(7.747,-10.922,2.157));
#2132 = VECTOR('',#2133,1.);
#2133 = DIRECTION('',(-1.324339206003E-31,4.11765609504E-16,-1.));
#2134 = ORIENTED_EDGE('',*,*,#2135,.T.);
#2135 = EDGE_CURVE('',#2128,#2136,#2138,.T.);
#2136 = VERTEX_POINT('',#2137);
#2137 = CARTESIAN_POINT('',(7.493,-10.922,0.));
#2138 = LINE('',#2139,#2140);
#2139 = CARTESIAN_POINT('',(7.747,-10.922,0.));
#2140 = VECTOR('',#2141,1.);
#2141 = DIRECTION('',(-1.,-3.216245299353E-16,0.));
#2142 = ORIENTED_EDGE('',*,*,#2143,.F.);
#2143 = EDGE_CURVE('',#2144,#2136,#2146,.T.);
#2144 = VERTEX_POINT('',#2145);
#2145 = CARTESIAN_POINT('',(7.493,-10.922,1.776));
#2146 = LINE('',#2147,#2148);
#2147 = CARTESIAN_POINT('',(7.493,-10.922,2.157));
#2148 = VECTOR('',#2149,1.);
#2149 = DIRECTION('',(-1.324339206003E-31,4.11765609504E-16,-1.));
#2150 = ORIENTED_EDGE('',*,*,#2151,.T.);
#2151 = EDGE_CURVE('',#2144,#781,#2152,.T.);
#2152 = CIRCLE('',#2153,0.127);
#2153 = AXIS2_PLACEMENT_3D('',#2154,#2155,#2156);
#2154 = CARTESIAN_POINT('',(7.366,-10.922,1.776));
#2155 = DIRECTION('',(3.216245299353E-16,-1.,0.));
#2156 = DIRECTION('',(0.,0.,-1.));
#2157 = PLANE('',#2158);
#2158 = AXIS2_PLACEMENT_3D('',#2159,#2160,#2161);
#2159 = CARTESIAN_POINT('',(0.254,-10.922,2.157));
#2160 = DIRECTION('',(-4.440892098501E-16,1.,0.));
#2161 = DIRECTION('',(0.,0.,1.));
#2162 = ADVANCED_FACE('',(#2163),#2215,.T.);
#2163 = FACE_BOUND('',#2164,.T.);
#2164 = EDGE_LOOP('',(#2165,#2166,#2167,#2175,#2184,#2192,#2200,#2208));
#2165 = ORIENTED_EDGE('',*,*,#802,.F.);
#2166 = ORIENTED_EDGE('',*,*,#740,.T.);
#2167 = ORIENTED_EDGE('',*,*,#2168,.T.);
#2168 = EDGE_CURVE('',#741,#2169,#2171,.T.);
#2169 = VERTEX_POINT('',#2170);
#2170 = CARTESIAN_POINT('',(7.366,-4.318,2.157));
#2171 = LINE('',#2172,#2173);
#2172 = CARTESIAN_POINT('',(3.683,-4.318,2.157));
#2173 = VECTOR('',#2174,1.);
#2174 = DIRECTION('',(1.,3.216245299353E-16,0.));
#2175 = ORIENTED_EDGE('',*,*,#2176,.T.);
#2176 = EDGE_CURVE('',#2169,#2177,#2179,.T.);
#2177 = VERTEX_POINT('',#2178);
#2178 = CARTESIAN_POINT('',(7.747,-4.318,1.776));
#2179 = CIRCLE('',#2180,0.381);
#2180 = AXIS2_PLACEMENT_3D('',#2181,#2182,#2183);
#2181 = CARTESIAN_POINT('',(7.366,-4.318,1.776));
#2182 = DIRECTION('',(-3.216245299353E-16,1.,0.));
#2183 = DIRECTION('',(0.,0.,1.));
#2184 = ORIENTED_EDGE('',*,*,#2185,.F.);
#2185 = EDGE_CURVE('',#2186,#2177,#2188,.T.);
#2186 = VERTEX_POINT('',#2187);
#2187 = CARTESIAN_POINT('',(7.747,-4.318,0.));
#2188 = LINE('',#2189,#2190);
#2189 = CARTESIAN_POINT('',(7.747,-4.318,0.));
#2190 = VECTOR('',#2191,1.);
#2191 = DIRECTION('',(-1.324339206003E-31,4.11765609504E-16,1.));
#2192 = ORIENTED_EDGE('',*,*,#2193,.T.);
#2193 = EDGE_CURVE('',#2186,#2194,#2196,.T.);
#2194 = VERTEX_POINT('',#2195);
#2195 = CARTESIAN_POINT('',(7.493,-4.318,0.));
#2196 = LINE('',#2197,#2198);
#2197 = CARTESIAN_POINT('',(7.747,-4.318,0.));
#2198 = VECTOR('',#2199,1.);
#2199 = DIRECTION('',(-1.,-3.216245299353E-16,0.));
#2200 = ORIENTED_EDGE('',*,*,#2201,.T.);
#2201 = EDGE_CURVE('',#2194,#2202,#2204,.T.);
#2202 = VERTEX_POINT('',#2203);
#2203 = CARTESIAN_POINT('',(7.493,-4.318,1.776));
#2204 = LINE('',#2205,#2206);
#2205 = CARTESIAN_POINT('',(7.493,-4.318,0.));
#2206 = VECTOR('',#2207,1.);
#2207 = DIRECTION('',(-1.324339206003E-31,4.11765609504E-16,1.));
#2208 = ORIENTED_EDGE('',*,*,#2209,.T.);
#2209 = EDGE_CURVE('',#2202,#803,#2210,.T.);
#2210 = CIRCLE('',#2211,0.127);
#2211 = AXIS2_PLACEMENT_3D('',#2212,#2213,#2214);
#2212 = CARTESIAN_POINT('',(7.366,-4.318,1.776));
#2213 = DIRECTION('',(3.216245299353E-16,-1.,0.));
#2214 = DIRECTION('',(0.,0.,-1.));
#2215 = PLANE('',#2216);
#2216 = AXIS2_PLACEMENT_3D('',#2217,#2218,#2219);
#2217 = CARTESIAN_POINT('',(0.254,-4.318,2.157));
#2218 = DIRECTION('',(-4.440892098501E-16,1.,0.));
#2219 = DIRECTION('',(0.,0.,1.));
#2220 = ADVANCED_FACE('',(#2221),#2246,.T.);
#2221 = FACE_BOUND('',#2222,.T.);
#2222 = EDGE_LOOP('',(#2223,#2231,#2232,#2240));
#2223 = ORIENTED_EDGE('',*,*,#2224,.T.);
#2224 = EDGE_CURVE('',#2225,#741,#2227,.T.);
#2225 = VERTEX_POINT('',#2226);
#2226 = CARTESIAN_POINT('',(6.91,-4.318,2.157));
#2227 = LINE('',#2228,#2229);
#2228 = CARTESIAN_POINT('',(3.683,-4.318,2.157));
#2229 = VECTOR('',#2230,1.);
#2230 = DIRECTION('',(1.,3.216245299353E-16,0.));
#2231 = ORIENTED_EDGE('',*,*,#757,.T.);
#2232 = ORIENTED_EDGE('',*,*,#2233,.T.);
#2233 = EDGE_CURVE('',#750,#2234,#2236,.T.);
#2234 = VERTEX_POINT('',#2235);
#2235 = CARTESIAN_POINT('',(6.91,-3.302,2.157));
#2236 = LINE('',#2237,#2238);
#2237 = CARTESIAN_POINT('',(7.62,-3.302,2.157));
#2238 = VECTOR('',#2239,1.);
#2239 = DIRECTION('',(-1.,-3.216245299353E-16,0.));
#2240 = ORIENTED_EDGE('',*,*,#2241,.F.);
#2241 = EDGE_CURVE('',#2225,#2234,#2242,.T.);
#2242 = LINE('',#2243,#2244);
#2243 = CARTESIAN_POINT('',(6.91,-17.07,2.157));
#2244 = VECTOR('',#2245,1.);
#2245 = DIRECTION('',(-4.440892098501E-16,1.,0.));
#2246 = B_SPLINE_SURFACE_WITH_KNOTS('',1,1,(
    (#2247,#2248)
    ,(#2249,#2250
    )),.UNSPECIFIED.,.F.,.F.,.F.,(2,2),(2,2),(0.,19.05),(0.,1.),
  .PIECEWISE_BEZIER_KNOTS.);
#2247 = CARTESIAN_POINT('',(6.985,-17.145,2.157));
#2248 = CARTESIAN_POINT('',(6.91,-17.07,2.157));
#2249 = CARTESIAN_POINT('',(6.985,1.905,2.157));
#2250 = CARTESIAN_POINT('',(6.91,1.83,2.157));
#2251 = ADVANCED_FACE('',(#2252),#2304,.T.);
#2252 = FACE_BOUND('',#2253,.T.);
#2253 = EDGE_LOOP('',(#2254,#2255,#2256,#2264,#2273,#2281,#2289,#2297));
#2254 = ORIENTED_EDGE('',*,*,#771,.F.);
#2255 = ORIENTED_EDGE('',*,*,#833,.T.);
#2256 = ORIENTED_EDGE('',*,*,#2257,.T.);
#2257 = EDGE_CURVE('',#834,#2258,#2260,.T.);
#2258 = VERTEX_POINT('',#2259);
#2259 = CARTESIAN_POINT('',(7.366,-9.398,2.157));
#2260 = LINE('',#2261,#2262);
#2261 = CARTESIAN_POINT('',(3.683,-9.398,2.157));
#2262 = VECTOR('',#2263,1.);
#2263 = DIRECTION('',(1.,3.216245299353E-16,0.));
#2264 = ORIENTED_EDGE('',*,*,#2265,.T.);
#2265 = EDGE_CURVE('',#2258,#2266,#2268,.T.);
#2266 = VERTEX_POINT('',#2267);
#2267 = CARTESIAN_POINT('',(7.747,-9.398,1.776));
#2268 = CIRCLE('',#2269,0.381);
#2269 = AXIS2_PLACEMENT_3D('',#2270,#2271,#2272);
#2270 = CARTESIAN_POINT('',(7.366,-9.398,1.776));
#2271 = DIRECTION('',(-3.216245299353E-16,1.,0.));
#2272 = DIRECTION('',(0.,0.,1.));
#2273 = ORIENTED_EDGE('',*,*,#2274,.F.);
#2274 = EDGE_CURVE('',#2275,#2266,#2277,.T.);
#2275 = VERTEX_POINT('',#2276);
#2276 = CARTESIAN_POINT('',(7.747,-9.398,0.));
#2277 = LINE('',#2278,#2279);
#2278 = CARTESIAN_POINT('',(7.747,-9.398,0.));
#2279 = VECTOR('',#2280,1.);
#2280 = DIRECTION('',(-1.324339206003E-31,4.11765609504E-16,1.));
#2281 = ORIENTED_EDGE('',*,*,#2282,.T.);
#2282 = EDGE_CURVE('',#2275,#2283,#2285,.T.);
#2283 = VERTEX_POINT('',#2284);
#2284 = CARTESIAN_POINT('',(7.493,-9.398,0.));
#2285 = LINE('',#2286,#2287);
#2286 = CARTESIAN_POINT('',(7.747,-9.398,0.));
#2287 = VECTOR('',#2288,1.);
#2288 = DIRECTION('',(-1.,-3.216245299353E-16,0.));
#2289 = ORIENTED_EDGE('',*,*,#2290,.T.);
#2290 = EDGE_CURVE('',#2283,#2291,#2293,.T.);
#2291 = VERTEX_POINT('',#2292);
#2292 = CARTESIAN_POINT('',(7.493,-9.398,1.776));
#2293 = LINE('',#2294,#2295);
#2294 = CARTESIAN_POINT('',(7.493,-9.398,0.));
#2295 = VECTOR('',#2296,1.);
#2296 = DIRECTION('',(-1.324339206003E-31,4.11765609504E-16,1.));
#2297 = ORIENTED_EDGE('',*,*,#2298,.T.);
#2298 = EDGE_CURVE('',#2291,#772,#2299,.T.);
#2299 = CIRCLE('',#2300,0.127);
#2300 = AXIS2_PLACEMENT_3D('',#2301,#2302,#2303);
#2301 = CARTESIAN_POINT('',(7.366,-9.398,1.776));
#2302 = DIRECTION('',(3.216245299353E-16,-1.,0.));
#2303 = DIRECTION('',(0.,0.,-1.));
#2304 = PLANE('',#2305);
#2305 = AXIS2_PLACEMENT_3D('',#2306,#2307,#2308);
#2306 = CARTESIAN_POINT('',(0.254,-9.398,2.157));
#2307 = DIRECTION('',(-4.440892098501E-16,1.,0.));
#2308 = DIRECTION('',(0.,0.,1.));
#2309 = ADVANCED_FACE('',(#2310),#2321,.F.);
#2310 = FACE_BOUND('',#2311,.F.);
#2311 = EDGE_LOOP('',(#2312,#2318,#2319,#2320));
#2312 = ORIENTED_EDGE('',*,*,#2313,.T.);
#2313 = EDGE_CURVE('',#2144,#2291,#2314,.T.);
#2314 = LINE('',#2315,#2316);
#2315 = CARTESIAN_POINT('',(7.493,-10.922,1.776));
#2316 = VECTOR('',#2317,1.);
#2317 = DIRECTION('',(-3.216245299353E-16,1.,0.));
#2318 = ORIENTED_EDGE('',*,*,#2298,.T.);
#2319 = ORIENTED_EDGE('',*,*,#788,.F.);
#2320 = ORIENTED_EDGE('',*,*,#2151,.F.);
#2321 = CYLINDRICAL_SURFACE('',#2322,0.127);
#2322 = AXIS2_PLACEMENT_3D('',#2323,#2324,#2325);
#2323 = CARTESIAN_POINT('',(7.366,-10.922,1.776));
#2324 = DIRECTION('',(-3.216245299353E-16,1.,0.));
#2325 = DIRECTION('',(1.,3.216245299353E-16,0.));
#2326 = ADVANCED_FACE('',(#2327),#2346,.F.);
#2327 = FACE_BOUND('',#2328,.F.);
#2328 = EDGE_LOOP('',(#2329,#2337,#2338,#2339));
#2329 = ORIENTED_EDGE('',*,*,#2330,.T.);
#2330 = EDGE_CURVE('',#2331,#2202,#2333,.T.);
#2331 = VERTEX_POINT('',#2332);
#2332 = CARTESIAN_POINT('',(7.493,-5.842,1.776));
#2333 = LINE('',#2334,#2335);
#2334 = CARTESIAN_POINT('',(7.493,-5.842,1.776));
#2335 = VECTOR('',#2336,1.);
#2336 = DIRECTION('',(-3.216245299353E-16,1.,0.));
#2337 = ORIENTED_EDGE('',*,*,#2209,.T.);
#2338 = ORIENTED_EDGE('',*,*,#819,.F.);
#2339 = ORIENTED_EDGE('',*,*,#2340,.F.);
#2340 = EDGE_CURVE('',#2331,#812,#2341,.T.);
#2341 = CIRCLE('',#2342,0.127);
#2342 = AXIS2_PLACEMENT_3D('',#2343,#2344,#2345);
#2343 = CARTESIAN_POINT('',(7.366,-5.842,1.776));
#2344 = DIRECTION('',(3.216245299353E-16,-1.,0.));
#2345 = DIRECTION('',(0.,0.,-1.));
#2346 = CYLINDRICAL_SURFACE('',#2347,0.127);
#2347 = AXIS2_PLACEMENT_3D('',#2348,#2349,#2350);
#2348 = CARTESIAN_POINT('',(7.366,-5.842,1.776));
#2349 = DIRECTION('',(-3.216245299353E-16,1.,0.));
#2350 = DIRECTION('',(1.,3.216245299353E-16,0.));
#2351 = ADVANCED_FACE('',(#2352),#2396,.F.);
#2352 = FACE_BOUND('',#2353,.F.);
#2353 = EDGE_LOOP('',(#2354,#2355,#2356,#2364,#2373,#2381,#2389,#2395));
#2354 = ORIENTED_EDGE('',*,*,#811,.T.);
#2355 = ORIENTED_EDGE('',*,*,#873,.T.);
#2356 = ORIENTED_EDGE('',*,*,#2357,.F.);
#2357 = EDGE_CURVE('',#2358,#874,#2360,.T.);
#2358 = VERTEX_POINT('',#2359);
#2359 = CARTESIAN_POINT('',(7.366,-5.842,2.157));
#2360 = LINE('',#2361,#2362);
#2361 = CARTESIAN_POINT('',(7.62,-5.842,2.157));
#2362 = VECTOR('',#2363,1.);
#2363 = DIRECTION('',(-1.,-3.216245299353E-16,0.));
#2364 = ORIENTED_EDGE('',*,*,#2365,.T.);
#2365 = EDGE_CURVE('',#2358,#2366,#2368,.T.);
#2366 = VERTEX_POINT('',#2367);
#2367 = CARTESIAN_POINT('',(7.747,-5.842,1.776));
#2368 = CIRCLE('',#2369,0.381);
#2369 = AXIS2_PLACEMENT_3D('',#2370,#2371,#2372);
#2370 = CARTESIAN_POINT('',(7.366,-5.842,1.776));
#2371 = DIRECTION('',(-3.216245299353E-16,1.,0.));
#2372 = DIRECTION('',(0.,0.,1.));
#2373 = ORIENTED_EDGE('',*,*,#2374,.T.);
#2374 = EDGE_CURVE('',#2366,#2375,#2377,.T.);
#2375 = VERTEX_POINT('',#2376);
#2376 = CARTESIAN_POINT('',(7.747,-5.842,0.));
#2377 = LINE('',#2378,#2379);
#2378 = CARTESIAN_POINT('',(7.747,-5.842,2.157));
#2379 = VECTOR('',#2380,1.);
#2380 = DIRECTION('',(-1.324339206003E-31,4.11765609504E-16,-1.));
#2381 = ORIENTED_EDGE('',*,*,#2382,.T.);
#2382 = EDGE_CURVE('',#2375,#2383,#2385,.T.);
#2383 = VERTEX_POINT('',#2384);
#2384 = CARTESIAN_POINT('',(7.493,-5.842,0.));
#2385 = LINE('',#2386,#2387);
#2386 = CARTESIAN_POINT('',(7.747,-5.842,0.));
#2387 = VECTOR('',#2388,1.);
#2388 = DIRECTION('',(-1.,-3.216245299353E-16,0.));
#2389 = ORIENTED_EDGE('',*,*,#2390,.F.);
#2390 = EDGE_CURVE('',#2331,#2383,#2391,.T.);
#2391 = LINE('',#2392,#2393);
#2392 = CARTESIAN_POINT('',(7.493,-5.842,2.157));
#2393 = VECTOR('',#2394,1.);
#2394 = DIRECTION('',(-1.324339206003E-31,4.11765609504E-16,-1.));
#2395 = ORIENTED_EDGE('',*,*,#2340,.T.);
#2396 = PLANE('',#2397);
#2397 = AXIS2_PLACEMENT_3D('',#2398,#2399,#2400);
#2398 = CARTESIAN_POINT('',(0.254,-5.842,2.157));
#2399 = DIRECTION('',(-4.440892098501E-16,1.,0.));
#2400 = DIRECTION('',(0.,0.,1.));
#2401 = ADVANCED_FACE('',(#2402),#2427,.T.);
#2402 = FACE_BOUND('',#2403,.T.);
#2403 = EDGE_LOOP('',(#2404,#2412,#2413,#2421));
#2404 = ORIENTED_EDGE('',*,*,#2405,.T.);
#2405 = EDGE_CURVE('',#2406,#834,#2408,.T.);
#2406 = VERTEX_POINT('',#2407);
#2407 = CARTESIAN_POINT('',(6.91,-9.398,2.157));
#2408 = LINE('',#2409,#2410);
#2409 = CARTESIAN_POINT('',(3.683,-9.398,2.157));
#2410 = VECTOR('',#2411,1.);
#2411 = DIRECTION('',(1.,3.216245299353E-16,0.));
#2412 = ORIENTED_EDGE('',*,*,#850,.T.);
#2413 = ORIENTED_EDGE('',*,*,#2414,.T.);
#2414 = EDGE_CURVE('',#843,#2415,#2417,.T.);
#2415 = VERTEX_POINT('',#2416);
#2416 = CARTESIAN_POINT('',(6.91,-8.382,2.157));
#2417 = LINE('',#2418,#2419);
#2418 = CARTESIAN_POINT('',(7.62,-8.382,2.157));
#2419 = VECTOR('',#2420,1.);
#2420 = DIRECTION('',(-1.,-3.216245299353E-16,0.));
#2421 = ORIENTED_EDGE('',*,*,#2422,.F.);
#2422 = EDGE_CURVE('',#2406,#2415,#2423,.T.);
#2423 = LINE('',#2424,#2425);
#2424 = CARTESIAN_POINT('',(6.91,-17.07,2.157));
#2425 = VECTOR('',#2426,1.);
#2426 = DIRECTION('',(-4.440892098501E-16,1.,0.));
#2427 = B_SPLINE_SURFACE_WITH_KNOTS('',1,1,(
    (#2428,#2429)
    ,(#2430,#2431
    )),.UNSPECIFIED.,.F.,.F.,.F.,(2,2),(2,2),(0.,19.05),(0.,1.),
  .PIECEWISE_BEZIER_KNOTS.);
#2428 = CARTESIAN_POINT('',(6.985,-17.145,2.157));
#2429 = CARTESIAN_POINT('',(6.91,-17.07,2.157));
#2430 = CARTESIAN_POINT('',(6.985,1.905,2.157));
#2431 = CARTESIAN_POINT('',(6.91,1.83,2.157));
#2432 = ADVANCED_FACE('',(#2433),#2485,.F.);
#2433 = FACE_BOUND('',#2434,.F.);
#2434 = EDGE_LOOP('',(#2435,#2436,#2437,#2445,#2454,#2462,#2470,#2478));
#2435 = ORIENTED_EDGE('',*,*,#904,.T.);
#2436 = ORIENTED_EDGE('',*,*,#842,.T.);
#2437 = ORIENTED_EDGE('',*,*,#2438,.F.);
#2438 = EDGE_CURVE('',#2439,#843,#2441,.T.);
#2439 = VERTEX_POINT('',#2440);
#2440 = CARTESIAN_POINT('',(7.366,-8.382,2.157));
#2441 = LINE('',#2442,#2443);
#2442 = CARTESIAN_POINT('',(7.62,-8.382,2.157));
#2443 = VECTOR('',#2444,1.);
#2444 = DIRECTION('',(-1.,-3.216245299353E-16,0.));
#2445 = ORIENTED_EDGE('',*,*,#2446,.T.);
#2446 = EDGE_CURVE('',#2439,#2447,#2449,.T.);
#2447 = VERTEX_POINT('',#2448);
#2448 = CARTESIAN_POINT('',(7.747,-8.382,1.776));
#2449 = CIRCLE('',#2450,0.381);
#2450 = AXIS2_PLACEMENT_3D('',#2451,#2452,#2453);
#2451 = CARTESIAN_POINT('',(7.366,-8.382,1.776));
#2452 = DIRECTION('',(-3.216245299353E-16,1.,0.));
#2453 = DIRECTION('',(0.,0.,1.));
#2454 = ORIENTED_EDGE('',*,*,#2455,.T.);
#2455 = EDGE_CURVE('',#2447,#2456,#2458,.T.);
#2456 = VERTEX_POINT('',#2457);
#2457 = CARTESIAN_POINT('',(7.747,-8.382,0.));
#2458 = LINE('',#2459,#2460);
#2459 = CARTESIAN_POINT('',(7.747,-8.382,2.157));
#2460 = VECTOR('',#2461,1.);
#2461 = DIRECTION('',(-1.324339206003E-31,4.11765609504E-16,-1.));
#2462 = ORIENTED_EDGE('',*,*,#2463,.T.);
#2463 = EDGE_CURVE('',#2456,#2464,#2466,.T.);
#2464 = VERTEX_POINT('',#2465);
#2465 = CARTESIAN_POINT('',(7.493,-8.382,0.));
#2466 = LINE('',#2467,#2468);
#2467 = CARTESIAN_POINT('',(7.747,-8.382,0.));
#2468 = VECTOR('',#2469,1.);
#2469 = DIRECTION('',(-1.,-3.216245299353E-16,0.));
#2470 = ORIENTED_EDGE('',*,*,#2471,.F.);
#2471 = EDGE_CURVE('',#2472,#2464,#2474,.T.);
#2472 = VERTEX_POINT('',#2473);
#2473 = CARTESIAN_POINT('',(7.493,-8.382,1.776));
#2474 = LINE('',#2475,#2476);
#2475 = CARTESIAN_POINT('',(7.493,-8.382,2.157));
#2476 = VECTOR('',#2477,1.);
#2477 = DIRECTION('',(-1.324339206003E-31,4.11765609504E-16,-1.));
#2478 = ORIENTED_EDGE('',*,*,#2479,.T.);
#2479 = EDGE_CURVE('',#2472,#905,#2480,.T.);
#2480 = CIRCLE('',#2481,0.127);
#2481 = AXIS2_PLACEMENT_3D('',#2482,#2483,#2484);
#2482 = CARTESIAN_POINT('',(7.366,-8.382,1.776));
#2483 = DIRECTION('',(3.216245299353E-16,-1.,0.));
#2484 = DIRECTION('',(0.,0.,-1.));
#2485 = PLANE('',#2486);
#2486 = AXIS2_PLACEMENT_3D('',#2487,#2488,#2489);
#2487 = CARTESIAN_POINT('',(0.254,-8.382,2.157));
#2488 = DIRECTION('',(-4.440892098501E-16,1.,0.));
#2489 = DIRECTION('',(0.,0.,1.));
#2490 = ADVANCED_FACE('',(#2491),#2543,.T.);
#2491 = FACE_BOUND('',#2492,.T.);
#2492 = EDGE_LOOP('',(#2493,#2494,#2495,#2503,#2512,#2520,#2528,#2536));
#2493 = ORIENTED_EDGE('',*,*,#895,.F.);
#2494 = ORIENTED_EDGE('',*,*,#864,.T.);
#2495 = ORIENTED_EDGE('',*,*,#2496,.T.);
#2496 = EDGE_CURVE('',#865,#2497,#2499,.T.);
#2497 = VERTEX_POINT('',#2498);
#2498 = CARTESIAN_POINT('',(7.366,-6.858,2.157));
#2499 = LINE('',#2500,#2501);
#2500 = CARTESIAN_POINT('',(3.683,-6.858,2.157));
#2501 = VECTOR('',#2502,1.);
#2502 = DIRECTION('',(1.,3.216245299353E-16,0.));
#2503 = ORIENTED_EDGE('',*,*,#2504,.T.);
#2504 = EDGE_CURVE('',#2497,#2505,#2507,.T.);
#2505 = VERTEX_POINT('',#2506);
#2506 = CARTESIAN_POINT('',(7.747,-6.858,1.776));
#2507 = CIRCLE('',#2508,0.381);
#2508 = AXIS2_PLACEMENT_3D('',#2509,#2510,#2511);
#2509 = CARTESIAN_POINT('',(7.366,-6.858,1.776));
#2510 = DIRECTION('',(-3.216245299353E-16,1.,0.));
#2511 = DIRECTION('',(0.,0.,1.));
#2512 = ORIENTED_EDGE('',*,*,#2513,.F.);
#2513 = EDGE_CURVE('',#2514,#2505,#2516,.T.);
#2514 = VERTEX_POINT('',#2515);
#2515 = CARTESIAN_POINT('',(7.747,-6.858,0.));
#2516 = LINE('',#2517,#2518);
#2517 = CARTESIAN_POINT('',(7.747,-6.858,0.));
#2518 = VECTOR('',#2519,1.);
#2519 = DIRECTION('',(-1.324339206003E-31,4.11765609504E-16,1.));
#2520 = ORIENTED_EDGE('',*,*,#2521,.T.);
#2521 = EDGE_CURVE('',#2514,#2522,#2524,.T.);
#2522 = VERTEX_POINT('',#2523);
#2523 = CARTESIAN_POINT('',(7.493,-6.858,0.));
#2524 = LINE('',#2525,#2526);
#2525 = CARTESIAN_POINT('',(7.747,-6.858,0.));
#2526 = VECTOR('',#2527,1.);
#2527 = DIRECTION('',(-1.,-3.216245299353E-16,0.));
#2528 = ORIENTED_EDGE('',*,*,#2529,.T.);
#2529 = EDGE_CURVE('',#2522,#2530,#2532,.T.);
#2530 = VERTEX_POINT('',#2531);
#2531 = CARTESIAN_POINT('',(7.493,-6.858,1.776));
#2532 = LINE('',#2533,#2534);
#2533 = CARTESIAN_POINT('',(7.493,-6.858,0.));
#2534 = VECTOR('',#2535,1.);
#2535 = DIRECTION('',(-1.324339206003E-31,4.11765609504E-16,1.));
#2536 = ORIENTED_EDGE('',*,*,#2537,.T.);
#2537 = EDGE_CURVE('',#2530,#896,#2538,.T.);
#2538 = CIRCLE('',#2539,0.127);
#2539 = AXIS2_PLACEMENT_3D('',#2540,#2541,#2542);
#2540 = CARTESIAN_POINT('',(7.366,-6.858,1.776));
#2541 = DIRECTION('',(3.216245299353E-16,-1.,0.));
#2542 = DIRECTION('',(0.,0.,-1.));
#2543 = PLANE('',#2544);
#2544 = AXIS2_PLACEMENT_3D('',#2545,#2546,#2547);
#2545 = CARTESIAN_POINT('',(0.254,-6.858,2.157));
#2546 = DIRECTION('',(-4.440892098501E-16,1.,0.));
#2547 = DIRECTION('',(0.,0.,1.));
#2548 = ADVANCED_FACE('',(#2549),#2574,.T.);
#2549 = FACE_BOUND('',#2550,.T.);
#2550 = EDGE_LOOP('',(#2551,#2559,#2560,#2568));
#2551 = ORIENTED_EDGE('',*,*,#2552,.T.);
#2552 = EDGE_CURVE('',#2553,#865,#2555,.T.);
#2553 = VERTEX_POINT('',#2554);
#2554 = CARTESIAN_POINT('',(6.91,-6.858,2.157));
#2555 = LINE('',#2556,#2557);
#2556 = CARTESIAN_POINT('',(3.683,-6.858,2.157));
#2557 = VECTOR('',#2558,1.);
#2558 = DIRECTION('',(1.,3.216245299353E-16,0.));
#2559 = ORIENTED_EDGE('',*,*,#881,.T.);
#2560 = ORIENTED_EDGE('',*,*,#2561,.T.);
#2561 = EDGE_CURVE('',#874,#2562,#2564,.T.);
#2562 = VERTEX_POINT('',#2563);
#2563 = CARTESIAN_POINT('',(6.91,-5.842,2.157));
#2564 = LINE('',#2565,#2566);
#2565 = CARTESIAN_POINT('',(7.62,-5.842,2.157));
#2566 = VECTOR('',#2567,1.);
#2567 = DIRECTION('',(-1.,-3.216245299353E-16,0.));
#2568 = ORIENTED_EDGE('',*,*,#2569,.F.);
#2569 = EDGE_CURVE('',#2553,#2562,#2570,.T.);
#2570 = LINE('',#2571,#2572);
#2571 = CARTESIAN_POINT('',(6.91,-17.07,2.157));
#2572 = VECTOR('',#2573,1.);
#2573 = DIRECTION('',(-4.440892098501E-16,1.,0.));
#2574 = B_SPLINE_SURFACE_WITH_KNOTS('',1,1,(
    (#2575,#2576)
    ,(#2577,#2578
    )),.UNSPECIFIED.,.F.,.F.,.F.,(2,2),(2,2),(0.,19.05),(0.,1.),
  .PIECEWISE_BEZIER_KNOTS.);
#2575 = CARTESIAN_POINT('',(6.985,-17.145,2.157));
#2576 = CARTESIAN_POINT('',(6.91,-17.07,2.157));
#2577 = CARTESIAN_POINT('',(6.985,1.905,2.157));
#2578 = CARTESIAN_POINT('',(6.91,1.83,2.157));
#2579 = ADVANCED_FACE('',(#2580),#2591,.F.);
#2580 = FACE_BOUND('',#2581,.F.);
#2581 = EDGE_LOOP('',(#2582,#2588,#2589,#2590));
#2582 = ORIENTED_EDGE('',*,*,#2583,.T.);
#2583 = EDGE_CURVE('',#2472,#2530,#2584,.T.);
#2584 = LINE('',#2585,#2586);
#2585 = CARTESIAN_POINT('',(7.493,-8.382,1.776));
#2586 = VECTOR('',#2587,1.);
#2587 = DIRECTION('',(-3.216245299353E-16,1.,0.));
#2588 = ORIENTED_EDGE('',*,*,#2537,.T.);
#2589 = ORIENTED_EDGE('',*,*,#912,.F.);
#2590 = ORIENTED_EDGE('',*,*,#2479,.F.);
#2591 = CYLINDRICAL_SURFACE('',#2592,0.127);
#2592 = AXIS2_PLACEMENT_3D('',#2593,#2594,#2595);
#2593 = CARTESIAN_POINT('',(7.366,-8.382,1.776));
#2594 = DIRECTION('',(-3.216245299353E-16,1.,0.));
#2595 = DIRECTION('',(1.,3.216245299353E-16,0.));
#2596 = ADVANCED_FACE('',(#2597),#2614,.T.);
#2597 = FACE_BOUND('',#2598,.T.);
#2598 = EDGE_LOOP('',(#2599,#2600,#2607,#2613));
#2599 = ORIENTED_EDGE('',*,*,#934,.T.);
#2600 = ORIENTED_EDGE('',*,*,#2601,.T.);
#2601 = EDGE_CURVE('',#928,#2602,#2604,.T.);
#2602 = VERTEX_POINT('',#2603);
#2603 = CARTESIAN_POINT('',(0.71,1.83,2.157));
#2604 = B_SPLINE_CURVE_WITH_KNOTS('',1,(#2605,#2606),.UNSPECIFIED.,.F.,
  .F.,(2,2),(0.,1.),.PIECEWISE_BEZIER_KNOTS.);
#2605 = CARTESIAN_POINT('',(0.635,1.905,2.157));
#2606 = CARTESIAN_POINT('',(0.71,1.83,2.157));
#2607 = ORIENTED_EDGE('',*,*,#2608,.F.);
#2608 = EDGE_CURVE('',#1579,#2602,#2609,.T.);
#2609 = LINE('',#2610,#2611);
#2610 = CARTESIAN_POINT('',(6.91,1.83,2.157));
#2611 = VECTOR('',#2612,1.);
#2612 = DIRECTION('',(-1.,-4.440892098501E-16,0.));
#2613 = ORIENTED_EDGE('',*,*,#1578,.F.);
#2614 = B_SPLINE_SURFACE_WITH_KNOTS('',1,1,(
    (#2615,#2616)
    ,(#2617,#2618
    )),.UNSPECIFIED.,.F.,.F.,.F.,(2,2),(2,2),(0.,6.35),(0.,1.),
  .PIECEWISE_BEZIER_KNOTS.);
#2615 = CARTESIAN_POINT('',(6.985,1.905,2.157));
#2616 = CARTESIAN_POINT('',(6.91,1.83,2.157));
#2617 = CARTESIAN_POINT('',(0.635,1.905,2.157));
#2618 = CARTESIAN_POINT('',(0.71,1.83,2.157));
#2619 = ADVANCED_FACE('',(#2620),#2638,.T.);
#2620 = FACE_BOUND('',#2621,.T.);
#2621 = EDGE_LOOP('',(#2622,#2623,#2624,#2632));
#2622 = ORIENTED_EDGE('',*,*,#2601,.F.);
#2623 = ORIENTED_EDGE('',*,*,#959,.T.);
#2624 = ORIENTED_EDGE('',*,*,#2625,.T.);
#2625 = EDGE_CURVE('',#952,#2626,#2628,.T.);
#2626 = VERTEX_POINT('',#2627);
#2627 = CARTESIAN_POINT('',(0.71,0.2285,2.157));
#2628 = LINE('',#2629,#2630);
#2629 = CARTESIAN_POINT('',(-0.127,0.2285,2.157));
#2630 = VECTOR('',#2631,1.);
#2631 = DIRECTION('',(1.,4.440892098501E-16,0.));
#2632 = ORIENTED_EDGE('',*,*,#2633,.F.);
#2633 = EDGE_CURVE('',#2602,#2626,#2634,.T.);
#2634 = LINE('',#2635,#2636);
#2635 = CARTESIAN_POINT('',(0.71,1.83,2.157));
#2636 = VECTOR('',#2637,1.);
#2637 = DIRECTION('',(4.440892098501E-16,-1.,0.));
#2638 = B_SPLINE_SURFACE_WITH_KNOTS('',1,1,(
    (#2639,#2640)
    ,(#2641,#2642
    )),.UNSPECIFIED.,.F.,.F.,.F.,(2,2),(2,2),(0.,19.05),(0.,1.),
  .PIECEWISE_BEZIER_KNOTS.);
#2639 = CARTESIAN_POINT('',(0.635,1.905,2.157));
#2640 = CARTESIAN_POINT('',(0.71,1.83,2.157));
#2641 = CARTESIAN_POINT('',(0.635,-17.145,2.157));
#2642 = CARTESIAN_POINT('',(0.71,-17.07,2.157));
#2643 = ADVANCED_FACE('',(#2644),#2696,.F.);
#2644 = FACE_BOUND('',#2645,.F.);
#2645 = EDGE_LOOP('',(#2646,#2654,#2663,#2671,#2679,#2687,#2694,#2695));
#2646 = ORIENTED_EDGE('',*,*,#2647,.F.);
#2647 = EDGE_CURVE('',#2648,#952,#2650,.T.);
#2648 = VERTEX_POINT('',#2649);
#2649 = CARTESIAN_POINT('',(0.254,0.2285,2.157));
#2650 = LINE('',#2651,#2652);
#2651 = CARTESIAN_POINT('',(-0.127,0.2285,2.157));
#2652 = VECTOR('',#2653,1.);
#2653 = DIRECTION('',(1.,4.440892098501E-16,0.));
#2654 = ORIENTED_EDGE('',*,*,#2655,.T.);
#2655 = EDGE_CURVE('',#2648,#2656,#2658,.T.);
#2656 = VERTEX_POINT('',#2657);
#2657 = CARTESIAN_POINT('',(-0.127,0.2285,1.776));
#2658 = CIRCLE('',#2659,0.381);
#2659 = AXIS2_PLACEMENT_3D('',#2660,#2661,#2662);
#2660 = CARTESIAN_POINT('',(0.254,0.2285,1.776));
#2661 = DIRECTION('',(4.440892098501E-16,-1.,0.));
#2662 = DIRECTION('',(0.,0.,1.));
#2663 = ORIENTED_EDGE('',*,*,#2664,.T.);
#2664 = EDGE_CURVE('',#2656,#2665,#2667,.T.);
#2665 = VERTEX_POINT('',#2666);
#2666 = CARTESIAN_POINT('',(-0.127,0.2285,-2.843));
#2667 = LINE('',#2668,#2669);
#2668 = CARTESIAN_POINT('',(-0.127,0.2285,2.157));
#2669 = VECTOR('',#2670,1.);
#2670 = DIRECTION('',(-0.,0.,-1.));
#2671 = ORIENTED_EDGE('',*,*,#2672,.T.);
#2672 = EDGE_CURVE('',#2665,#2673,#2675,.T.);
#2673 = VERTEX_POINT('',#2674);
#2674 = CARTESIAN_POINT('',(0.127,0.2285,-2.843));
#2675 = LINE('',#2676,#2677);
#2676 = CARTESIAN_POINT('',(-0.127,0.2285,-2.843));
#2677 = VECTOR('',#2678,1.);
#2678 = DIRECTION('',(1.,4.440892098501E-16,0.));
#2679 = ORIENTED_EDGE('',*,*,#2680,.F.);
#2680 = EDGE_CURVE('',#2681,#2673,#2683,.T.);
#2681 = VERTEX_POINT('',#2682);
#2682 = CARTESIAN_POINT('',(0.127,0.2285,1.776));
#2683 = LINE('',#2684,#2685);
#2684 = CARTESIAN_POINT('',(0.127,0.2285,2.157));
#2685 = VECTOR('',#2686,1.);
#2686 = DIRECTION('',(-0.,0.,-1.));
#2687 = ORIENTED_EDGE('',*,*,#2688,.T.);
#2688 = EDGE_CURVE('',#2681,#1004,#2689,.T.);
#2689 = CIRCLE('',#2690,0.127);
#2690 = AXIS2_PLACEMENT_3D('',#2691,#2692,#2693);
#2691 = CARTESIAN_POINT('',(0.254,0.2285,1.776));
#2692 = DIRECTION('',(-4.440892098501E-16,1.,0.));
#2693 = DIRECTION('',(0.,0.,-1.));
#2694 = ORIENTED_EDGE('',*,*,#1003,.T.);
#2695 = ORIENTED_EDGE('',*,*,#951,.T.);
#2696 = PLANE('',#2697);
#2697 = AXIS2_PLACEMENT_3D('',#2698,#2699,#2700);
#2698 = CARTESIAN_POINT('',(0.254,0.2285,2.157));
#2699 = DIRECTION('',(4.440892098501E-16,-1.,0.));
#2700 = DIRECTION('',(0.,-0.,-1.));
#2701 = ADVANCED_FACE('',(#2702),#2754,.F.);
#2702 = FACE_BOUND('',#2703,.F.);
#2703 = EDGE_LOOP('',(#2704,#2714,#2723,#2729,#2730,#2731,#2740,#2748));
#2704 = ORIENTED_EDGE('',*,*,#2705,.F.);
#2705 = EDGE_CURVE('',#2706,#2708,#2710,.T.);
#2706 = VERTEX_POINT('',#2707);
#2707 = CARTESIAN_POINT('',(-0.127,-15.4685,1.776));
#2708 = VERTEX_POINT('',#2709);
#2709 = CARTESIAN_POINT('',(-0.127,-15.4685,-2.843));
#2710 = LINE('',#2711,#2712);
#2711 = CARTESIAN_POINT('',(-0.127,-15.4685,2.157));
#2712 = VECTOR('',#2713,1.);
#2713 = DIRECTION('',(-0.,0.,-1.));
#2714 = ORIENTED_EDGE('',*,*,#2715,.T.);
#2715 = EDGE_CURVE('',#2706,#2716,#2718,.T.);
#2716 = VERTEX_POINT('',#2717);
#2717 = CARTESIAN_POINT('',(0.254,-15.4685,2.157));
#2718 = CIRCLE('',#2719,0.381);
#2719 = AXIS2_PLACEMENT_3D('',#2720,#2721,#2722);
#2720 = CARTESIAN_POINT('',(0.254,-15.4685,1.776));
#2721 = DIRECTION('',(-4.440892098501E-16,1.,0.));
#2722 = DIRECTION('',(0.,0.,1.));
#2723 = ORIENTED_EDGE('',*,*,#2724,.F.);
#2724 = EDGE_CURVE('',#974,#2716,#2725,.T.);
#2725 = LINE('',#2726,#2727);
#2726 = CARTESIAN_POINT('',(3.81,-15.4685,2.157));
#2727 = VECTOR('',#2728,1.);
#2728 = DIRECTION('',(-1.,-4.440892098501E-16,0.));
#2729 = ORIENTED_EDGE('',*,*,#973,.T.);
#2730 = ORIENTED_EDGE('',*,*,#1050,.T.);
#2731 = ORIENTED_EDGE('',*,*,#2732,.F.);
#2732 = EDGE_CURVE('',#2733,#1043,#2735,.T.);
#2733 = VERTEX_POINT('',#2734);
#2734 = CARTESIAN_POINT('',(0.127,-15.4685,1.776));
#2735 = CIRCLE('',#2736,0.127);
#2736 = AXIS2_PLACEMENT_3D('',#2737,#2738,#2739);
#2737 = CARTESIAN_POINT('',(0.254,-15.4685,1.776));
#2738 = DIRECTION('',(-4.440892098501E-16,1.,0.));
#2739 = DIRECTION('',(0.,0.,1.));
#2740 = ORIENTED_EDGE('',*,*,#2741,.T.);
#2741 = EDGE_CURVE('',#2733,#2742,#2744,.T.);
#2742 = VERTEX_POINT('',#2743);
#2743 = CARTESIAN_POINT('',(0.127,-15.4685,-2.843));
#2744 = LINE('',#2745,#2746);
#2745 = CARTESIAN_POINT('',(0.127,-15.4685,2.157));
#2746 = VECTOR('',#2747,1.);
#2747 = DIRECTION('',(-0.,0.,-1.));
#2748 = ORIENTED_EDGE('',*,*,#2749,.F.);
#2749 = EDGE_CURVE('',#2708,#2742,#2750,.T.);
#2750 = LINE('',#2751,#2752);
#2751 = CARTESIAN_POINT('',(-0.127,-15.4685,-2.843));
#2752 = VECTOR('',#2753,1.);
#2753 = DIRECTION('',(1.,4.440892098501E-16,0.));
#2754 = PLANE('',#2755);
#2755 = AXIS2_PLACEMENT_3D('',#2756,#2757,#2758);
#2756 = CARTESIAN_POINT('',(-0.127,-15.4685,1.776));
#2757 = DIRECTION('',(-4.440892098501E-16,1.,0.));
#2758 = DIRECTION('',(0.,0.,1.));
#2759 = ADVANCED_FACE('',(#2760),#2784,.T.);
#2760 = FACE_BOUND('',#2761,.T.);
#2761 = EDGE_LOOP('',(#2762,#2770,#2771,#2778));
#2762 = ORIENTED_EDGE('',*,*,#2763,.T.);
#2763 = EDGE_CURVE('',#2764,#974,#2766,.T.);
#2764 = VERTEX_POINT('',#2765);
#2765 = CARTESIAN_POINT('',(0.71,-15.4685,2.157));
#2766 = LINE('',#2767,#2768);
#2767 = CARTESIAN_POINT('',(3.81,-15.4685,2.157));
#2768 = VECTOR('',#2769,1.);
#2769 = DIRECTION('',(-1.,-4.440892098501E-16,0.));
#2770 = ORIENTED_EDGE('',*,*,#989,.T.);
#2771 = ORIENTED_EDGE('',*,*,#2772,.T.);
#2772 = EDGE_CURVE('',#983,#2773,#2775,.T.);
#2773 = VERTEX_POINT('',#2774);
#2774 = CARTESIAN_POINT('',(0.71,-17.07,2.157));
#2775 = B_SPLINE_CURVE_WITH_KNOTS('',1,(#2776,#2777),.UNSPECIFIED.,.F.,
  .F.,(2,2),(0.,1.),.PIECEWISE_BEZIER_KNOTS.);
#2776 = CARTESIAN_POINT('',(0.635,-17.145,2.157));
#2777 = CARTESIAN_POINT('',(0.71,-17.07,2.157));
#2778 = ORIENTED_EDGE('',*,*,#2779,.F.);
#2779 = EDGE_CURVE('',#2764,#2773,#2780,.T.);
#2780 = LINE('',#2781,#2782);
#2781 = CARTESIAN_POINT('',(0.71,1.83,2.157));
#2782 = VECTOR('',#2783,1.);
#2783 = DIRECTION('',(4.440892098501E-16,-1.,0.));
#2784 = B_SPLINE_SURFACE_WITH_KNOTS('',1,1,(
    (#2785,#2786)
    ,(#2787,#2788
    )),.UNSPECIFIED.,.F.,.F.,.F.,(2,2),(2,2),(0.,19.05),(0.,1.),
  .PIECEWISE_BEZIER_KNOTS.);
#2785 = CARTESIAN_POINT('',(0.635,1.905,2.157));
#2786 = CARTESIAN_POINT('',(0.71,1.83,2.157));
#2787 = CARTESIAN_POINT('',(0.635,-17.145,2.157));
#2788 = CARTESIAN_POINT('',(0.71,-17.07,2.157));
#2789 = ADVANCED_FACE('',(#2790),#2842,.T.);
#2790 = FACE_BOUND('',#2791,.T.);
#2791 = EDGE_LOOP('',(#2792,#2803,#2811,#2819,#2827,#2834,#2835,#2836));
#2792 = ORIENTED_EDGE('',*,*,#2793,.T.);
#2793 = EDGE_CURVE('',#2794,#2796,#2798,.T.);
#2794 = VERTEX_POINT('',#2795);
#2795 = CARTESIAN_POINT('',(0.254,-0.762,2.157));
#2796 = VERTEX_POINT('',#2797);
#2797 = CARTESIAN_POINT('',(-0.127,-0.762,1.776));
#2798 = CIRCLE('',#2799,0.381);
#2799 = AXIS2_PLACEMENT_3D('',#2800,#2801,#2802);
#2800 = CARTESIAN_POINT('',(0.254,-0.762,1.776));
#2801 = DIRECTION('',(4.440892098501E-16,-1.,0.));
#2802 = DIRECTION('',(0.,0.,1.));
#2803 = ORIENTED_EDGE('',*,*,#2804,.F.);
#2804 = EDGE_CURVE('',#2805,#2796,#2807,.T.);
#2805 = VERTEX_POINT('',#2806);
#2806 = CARTESIAN_POINT('',(-0.127,-0.762,0.));
#2807 = LINE('',#2808,#2809);
#2808 = CARTESIAN_POINT('',(-0.127,-0.762,0.));
#2809 = VECTOR('',#2810,1.);
#2810 = DIRECTION('',(0.,0.,1.));
#2811 = ORIENTED_EDGE('',*,*,#2812,.T.);
#2812 = EDGE_CURVE('',#2805,#2813,#2815,.T.);
#2813 = VERTEX_POINT('',#2814);
#2814 = CARTESIAN_POINT('',(0.127,-0.762,0.));
#2815 = LINE('',#2816,#2817);
#2816 = CARTESIAN_POINT('',(-0.127,-0.762,0.));
#2817 = VECTOR('',#2818,1.);
#2818 = DIRECTION('',(1.,4.440892098501E-16,0.));
#2819 = ORIENTED_EDGE('',*,*,#2820,.T.);
#2820 = EDGE_CURVE('',#2813,#2821,#2823,.T.);
#2821 = VERTEX_POINT('',#2822);
#2822 = CARTESIAN_POINT('',(0.127,-0.762,1.776));
#2823 = LINE('',#2824,#2825);
#2824 = CARTESIAN_POINT('',(0.127,-0.762,0.));
#2825 = VECTOR('',#2826,1.);
#2826 = DIRECTION('',(0.,0.,1.));
#2827 = ORIENTED_EDGE('',*,*,#2828,.T.);
#2828 = EDGE_CURVE('',#2821,#1012,#2829,.T.);
#2829 = CIRCLE('',#2830,0.127);
#2830 = AXIS2_PLACEMENT_3D('',#2831,#2832,#2833);
#2831 = CARTESIAN_POINT('',(0.254,-0.762,1.776));
#2832 = DIRECTION('',(-4.440892098501E-16,1.,0.));
#2833 = DIRECTION('',(0.,0.,-1.));
#2834 = ORIENTED_EDGE('',*,*,#1019,.F.);
#2835 = ORIENTED_EDGE('',*,*,#1065,.T.);
#2836 = ORIENTED_EDGE('',*,*,#2837,.T.);
#2837 = EDGE_CURVE('',#1066,#2794,#2838,.T.);
#2838 = LINE('',#2839,#2840);
#2839 = CARTESIAN_POINT('',(3.81,-0.762,2.157));
#2840 = VECTOR('',#2841,1.);
#2841 = DIRECTION('',(-1.,-4.440892098501E-16,0.));
#2842 = PLANE('',#2843);
#2843 = AXIS2_PLACEMENT_3D('',#2844,#2845,#2846);
#2844 = CARTESIAN_POINT('',(-0.127,-0.762,0.));
#2845 = DIRECTION('',(4.440892098501E-16,-1.,0.));
#2846 = DIRECTION('',(0.,-0.,-1.));
#2847 = ADVANCED_FACE('',(#2848),#2859,.F.);
#2848 = FACE_BOUND('',#2849,.F.);
#2849 = EDGE_LOOP('',(#2850,#2856,#2857,#2858));
#2850 = ORIENTED_EDGE('',*,*,#2851,.T.);
#2851 = EDGE_CURVE('',#2681,#2821,#2852,.T.);
#2852 = LINE('',#2853,#2854);
#2853 = CARTESIAN_POINT('',(0.127,0.2285,1.776));
#2854 = VECTOR('',#2855,1.);
#2855 = DIRECTION('',(4.440892098501E-16,-1.,0.));
#2856 = ORIENTED_EDGE('',*,*,#2828,.T.);
#2857 = ORIENTED_EDGE('',*,*,#1011,.F.);
#2858 = ORIENTED_EDGE('',*,*,#2688,.F.);
#2859 = CYLINDRICAL_SURFACE('',#2860,0.127);
#2860 = AXIS2_PLACEMENT_3D('',#2861,#2862,#2863);
#2861 = CARTESIAN_POINT('',(0.254,0.2285,1.776));
#2862 = DIRECTION('',(4.440892098501E-16,-1.,0.));
#2863 = DIRECTION('',(-1.,-4.440892098501E-16,0.));
#2864 = ADVANCED_FACE('',(#2865),#2917,.F.);
#2865 = FACE_BOUND('',#2866,.F.);
#2866 = EDGE_LOOP('',(#2867,#2875,#2884,#2892,#2900,#2908,#2915,#2916));
#2867 = ORIENTED_EDGE('',*,*,#2868,.F.);
#2868 = EDGE_CURVE('',#2869,#1106,#2871,.T.);
#2869 = VERTEX_POINT('',#2870);
#2870 = CARTESIAN_POINT('',(0.254,-14.478,2.157));
#2871 = LINE('',#2872,#2873);
#2872 = CARTESIAN_POINT('',(-0.127,-14.478,2.157));
#2873 = VECTOR('',#2874,1.);
#2874 = DIRECTION('',(1.,4.440892098501E-16,0.));
#2875 = ORIENTED_EDGE('',*,*,#2876,.F.);
#2876 = EDGE_CURVE('',#2877,#2869,#2879,.T.);
#2877 = VERTEX_POINT('',#2878);
#2878 = CARTESIAN_POINT('',(-0.127,-14.478,1.776));
#2879 = CIRCLE('',#2880,0.381);
#2880 = AXIS2_PLACEMENT_3D('',#2881,#2882,#2883);
#2881 = CARTESIAN_POINT('',(0.254,-14.478,1.776));
#2882 = DIRECTION('',(-4.440892098501E-16,1.,0.));
#2883 = DIRECTION('',(0.,0.,1.));
#2884 = ORIENTED_EDGE('',*,*,#2885,.F.);
#2885 = EDGE_CURVE('',#2886,#2877,#2888,.T.);
#2886 = VERTEX_POINT('',#2887);
#2887 = CARTESIAN_POINT('',(-0.127,-14.478,0.));
#2888 = LINE('',#2889,#2890);
#2889 = CARTESIAN_POINT('',(-0.127,-14.478,0.));
#2890 = VECTOR('',#2891,1.);
#2891 = DIRECTION('',(0.,0.,1.));
#2892 = ORIENTED_EDGE('',*,*,#2893,.T.);
#2893 = EDGE_CURVE('',#2886,#2894,#2896,.T.);
#2894 = VERTEX_POINT('',#2895);
#2895 = CARTESIAN_POINT('',(0.127,-14.478,0.));
#2896 = LINE('',#2897,#2898);
#2897 = CARTESIAN_POINT('',(-0.127,-14.478,0.));
#2898 = VECTOR('',#2899,1.);
#2899 = DIRECTION('',(1.,4.440892098501E-16,0.));
#2900 = ORIENTED_EDGE('',*,*,#2901,.T.);
#2901 = EDGE_CURVE('',#2894,#2902,#2904,.T.);
#2902 = VERTEX_POINT('',#2903);
#2903 = CARTESIAN_POINT('',(0.127,-14.478,1.776));
#2904 = LINE('',#2905,#2906);
#2905 = CARTESIAN_POINT('',(0.127,-14.478,0.));
#2906 = VECTOR('',#2907,1.);
#2907 = DIRECTION('',(0.,0.,1.));
#2908 = ORIENTED_EDGE('',*,*,#2909,.T.);
#2909 = EDGE_CURVE('',#2902,#1035,#2910,.T.);
#2910 = CIRCLE('',#2911,0.127);
#2911 = AXIS2_PLACEMENT_3D('',#2912,#2913,#2914);
#2912 = CARTESIAN_POINT('',(0.254,-14.478,1.776));
#2913 = DIRECTION('',(-4.440892098501E-16,1.,0.));
#2914 = DIRECTION('',(0.,0.,1.));
#2915 = ORIENTED_EDGE('',*,*,#1034,.T.);
#2916 = ORIENTED_EDGE('',*,*,#1105,.T.);
#2917 = PLANE('',#2918);
#2918 = AXIS2_PLACEMENT_3D('',#2919,#2920,#2921);
#2919 = CARTESIAN_POINT('',(0.254,-14.478,2.157));
#2920 = DIRECTION('',(4.440892098501E-16,-1.,1.740014167195E-14));
#2921 = DIRECTION('',(7.727215166377E-30,-1.740014167195E-14,-1.));
#2922 = ADVANCED_FACE('',(#2923),#2934,.F.);
#2923 = FACE_BOUND('',#2924,.F.);
#2924 = EDGE_LOOP('',(#2925,#2926,#2927,#2928));
#2925 = ORIENTED_EDGE('',*,*,#2732,.T.);
#2926 = ORIENTED_EDGE('',*,*,#1042,.T.);
#2927 = ORIENTED_EDGE('',*,*,#2909,.F.);
#2928 = ORIENTED_EDGE('',*,*,#2929,.F.);
#2929 = EDGE_CURVE('',#2733,#2902,#2930,.T.);
#2930 = LINE('',#2931,#2932);
#2931 = CARTESIAN_POINT('',(0.127,-15.4685,1.776));
#2932 = VECTOR('',#2933,1.);
#2933 = DIRECTION('',(-4.440892098501E-16,1.,0.));
#2934 = CYLINDRICAL_SURFACE('',#2935,0.127);
#2935 = AXIS2_PLACEMENT_3D('',#2936,#2937,#2938);
#2936 = CARTESIAN_POINT('',(0.254,-15.4685,1.776));
#2937 = DIRECTION('',(-4.440892098501E-16,1.,0.));
#2938 = DIRECTION('',(-1.,-4.440892098501E-16,0.));
#2939 = ADVANCED_FACE('',(#2940),#2965,.T.);
#2940 = FACE_BOUND('',#2941,.T.);
#2941 = EDGE_LOOP('',(#2942,#2950,#2951,#2959));
#2942 = ORIENTED_EDGE('',*,*,#2943,.T.);
#2943 = EDGE_CURVE('',#2944,#1066,#2946,.T.);
#2944 = VERTEX_POINT('',#2945);
#2945 = CARTESIAN_POINT('',(0.71,-0.762,2.157));
#2946 = LINE('',#2947,#2948);
#2947 = CARTESIAN_POINT('',(3.81,-0.762,2.157));
#2948 = VECTOR('',#2949,1.);
#2949 = DIRECTION('',(-1.,-4.440892098501E-16,0.));
#2950 = ORIENTED_EDGE('',*,*,#1082,.T.);
#2951 = ORIENTED_EDGE('',*,*,#2952,.T.);
#2952 = EDGE_CURVE('',#1075,#2953,#2955,.T.);
#2953 = VERTEX_POINT('',#2954);
#2954 = CARTESIAN_POINT('',(0.71,-1.778,2.157));
#2955 = LINE('',#2956,#2957);
#2956 = CARTESIAN_POINT('',(-3.552713678801E-15,-1.778,2.157));
#2957 = VECTOR('',#2958,1.);
#2958 = DIRECTION('',(1.,4.440892098501E-16,0.));
#2959 = ORIENTED_EDGE('',*,*,#2960,.F.);
#2960 = EDGE_CURVE('',#2944,#2953,#2961,.T.);
#2961 = LINE('',#2962,#2963);
#2962 = CARTESIAN_POINT('',(0.71,1.83,2.157));
#2963 = VECTOR('',#2964,1.);
#2964 = DIRECTION('',(4.440892098501E-16,-1.,0.));
#2965 = B_SPLINE_SURFACE_WITH_KNOTS('',1,1,(
    (#2966,#2967)
    ,(#2968,#2969
    )),.UNSPECIFIED.,.F.,.F.,.F.,(2,2),(2,2),(0.,19.05),(0.,1.),
  .PIECEWISE_BEZIER_KNOTS.);
#2966 = CARTESIAN_POINT('',(0.635,1.905,2.157));
#2967 = CARTESIAN_POINT('',(0.71,1.83,2.157));
#2968 = CARTESIAN_POINT('',(0.635,-17.145,2.157));
#2969 = CARTESIAN_POINT('',(0.71,-17.07,2.157));
#2970 = ADVANCED_FACE('',(#2971),#3023,.T.);
#2971 = FACE_BOUND('',#2972,.T.);
#2972 = EDGE_LOOP('',(#2973,#2984,#2990,#2991,#2992,#3001,#3009,#3017));
#2973 = ORIENTED_EDGE('',*,*,#2974,.F.);
#2974 = EDGE_CURVE('',#2975,#2977,#2979,.T.);
#2975 = VERTEX_POINT('',#2976);
#2976 = CARTESIAN_POINT('',(0.254,-1.778,2.157));
#2977 = VERTEX_POINT('',#2978);
#2978 = CARTESIAN_POINT('',(-0.127,-1.778,1.776));
#2979 = CIRCLE('',#2980,0.381);
#2980 = AXIS2_PLACEMENT_3D('',#2981,#2982,#2983);
#2981 = CARTESIAN_POINT('',(0.254,-1.778,1.776));
#2982 = DIRECTION('',(4.440892098501E-16,-1.,0.));
#2983 = DIRECTION('',(0.,0.,1.));
#2984 = ORIENTED_EDGE('',*,*,#2985,.T.);
#2985 = EDGE_CURVE('',#2975,#1075,#2986,.T.);
#2986 = LINE('',#2987,#2988);
#2987 = CARTESIAN_POINT('',(-3.552713678801E-15,-1.778,2.157));
#2988 = VECTOR('',#2989,1.);
#2989 = DIRECTION('',(1.,4.440892098501E-16,0.));
#2990 = ORIENTED_EDGE('',*,*,#1074,.T.);
#2991 = ORIENTED_EDGE('',*,*,#1127,.F.);
#2992 = ORIENTED_EDGE('',*,*,#2993,.F.);
#2993 = EDGE_CURVE('',#2994,#1128,#2996,.T.);
#2994 = VERTEX_POINT('',#2995);
#2995 = CARTESIAN_POINT('',(0.127,-1.778,1.776));
#2996 = CIRCLE('',#2997,0.127);
#2997 = AXIS2_PLACEMENT_3D('',#2998,#2999,#3000);
#2998 = CARTESIAN_POINT('',(0.254,-1.778,1.776));
#2999 = DIRECTION('',(-4.440892098501E-16,1.,0.));
#3000 = DIRECTION('',(0.,0.,-1.));
#3001 = ORIENTED_EDGE('',*,*,#3002,.T.);
#3002 = EDGE_CURVE('',#2994,#3003,#3005,.T.);
#3003 = VERTEX_POINT('',#3004);
#3004 = CARTESIAN_POINT('',(0.127,-1.778,0.));
#3005 = LINE('',#3006,#3007);
#3006 = CARTESIAN_POINT('',(0.127,-1.778,2.157));
#3007 = VECTOR('',#3008,1.);
#3008 = DIRECTION('',(1.828606641681E-31,-4.11765609504E-16,-1.));
#3009 = ORIENTED_EDGE('',*,*,#3010,.F.);
#3010 = EDGE_CURVE('',#3011,#3003,#3013,.T.);
#3011 = VERTEX_POINT('',#3012);
#3012 = CARTESIAN_POINT('',(-0.127,-1.778,0.));
#3013 = LINE('',#3014,#3015);
#3014 = CARTESIAN_POINT('',(-0.127,-1.778,0.));
#3015 = VECTOR('',#3016,1.);
#3016 = DIRECTION('',(1.,4.440892098501E-16,0.));
#3017 = ORIENTED_EDGE('',*,*,#3018,.F.);
#3018 = EDGE_CURVE('',#2977,#3011,#3019,.T.);
#3019 = LINE('',#3020,#3021);
#3020 = CARTESIAN_POINT('',(-0.127,-1.778,2.157));
#3021 = VECTOR('',#3022,1.);
#3022 = DIRECTION('',(1.828606641681E-31,-4.11765609504E-16,-1.));
#3023 = PLANE('',#3024);
#3024 = AXIS2_PLACEMENT_3D('',#3025,#3026,#3027);
#3025 = CARTESIAN_POINT('',(0.254,-1.778,2.157));
#3026 = DIRECTION('',(-4.440892098501E-16,1.,0.));
#3027 = DIRECTION('',(0.,0.,1.));
#3028 = ADVANCED_FACE('',(#3029),#3081,.F.);
#3029 = FACE_BOUND('',#3030,.F.);
#3030 = EDGE_LOOP('',(#3031,#3042,#3048,#3049,#3050,#3059,#3067,#3075));
#3031 = ORIENTED_EDGE('',*,*,#3032,.F.);
#3032 = EDGE_CURVE('',#3033,#3035,#3037,.T.);
#3033 = VERTEX_POINT('',#3034);
#3034 = CARTESIAN_POINT('',(0.254,-13.462,2.157));
#3035 = VERTEX_POINT('',#3036);
#3036 = CARTESIAN_POINT('',(-0.127,-13.462,1.776));
#3037 = CIRCLE('',#3038,0.381);
#3038 = AXIS2_PLACEMENT_3D('',#3039,#3040,#3041);
#3039 = CARTESIAN_POINT('',(0.254,-13.462,1.776));
#3040 = DIRECTION('',(4.440892098501E-16,-1.,0.));
#3041 = DIRECTION('',(0.,0.,1.));
#3042 = ORIENTED_EDGE('',*,*,#3043,.F.);
#3043 = EDGE_CURVE('',#1097,#3033,#3044,.T.);
#3044 = LINE('',#3045,#3046);
#3045 = CARTESIAN_POINT('',(3.937,-13.462,2.157));
#3046 = VECTOR('',#3047,1.);
#3047 = DIRECTION('',(-1.,-4.440892098501E-16,0.));
#3048 = ORIENTED_EDGE('',*,*,#1096,.T.);
#3049 = ORIENTED_EDGE('',*,*,#1174,.T.);
#3050 = ORIENTED_EDGE('',*,*,#3051,.F.);
#3051 = EDGE_CURVE('',#3052,#1167,#3054,.T.);
#3052 = VERTEX_POINT('',#3053);
#3053 = CARTESIAN_POINT('',(0.127,-13.462,1.776));
#3054 = CIRCLE('',#3055,0.127);
#3055 = AXIS2_PLACEMENT_3D('',#3056,#3057,#3058);
#3056 = CARTESIAN_POINT('',(0.254,-13.462,1.776));
#3057 = DIRECTION('',(-4.440892098501E-16,1.,0.));
#3058 = DIRECTION('',(0.,0.,-1.));
#3059 = ORIENTED_EDGE('',*,*,#3060,.F.);
#3060 = EDGE_CURVE('',#3061,#3052,#3063,.T.);
#3061 = VERTEX_POINT('',#3062);
#3062 = CARTESIAN_POINT('',(0.127,-13.462,0.));
#3063 = LINE('',#3064,#3065);
#3064 = CARTESIAN_POINT('',(0.127,-13.462,0.));
#3065 = VECTOR('',#3066,1.);
#3066 = DIRECTION('',(1.828606641681E-31,-4.11765609504E-16,1.));
#3067 = ORIENTED_EDGE('',*,*,#3068,.F.);
#3068 = EDGE_CURVE('',#3069,#3061,#3071,.T.);
#3069 = VERTEX_POINT('',#3070);
#3070 = CARTESIAN_POINT('',(-0.127,-13.462,0.));
#3071 = LINE('',#3072,#3073);
#3072 = CARTESIAN_POINT('',(-0.127,-13.462,0.));
#3073 = VECTOR('',#3074,1.);
#3074 = DIRECTION('',(1.,4.440892098501E-16,0.));
#3075 = ORIENTED_EDGE('',*,*,#3076,.T.);
#3076 = EDGE_CURVE('',#3069,#3035,#3077,.T.);
#3077 = LINE('',#3078,#3079);
#3078 = CARTESIAN_POINT('',(-0.127,-13.462,0.));
#3079 = VECTOR('',#3080,1.);
#3080 = DIRECTION('',(1.828606641681E-31,-4.11765609504E-16,1.));
#3081 = PLANE('',#3082);
#3082 = AXIS2_PLACEMENT_3D('',#3083,#3084,#3085);
#3083 = CARTESIAN_POINT('',(0.254,-13.462,2.157));
#3084 = DIRECTION('',(-4.440892098501E-16,1.,0.));
#3085 = DIRECTION('',(0.,0.,1.));
#3086 = ADVANCED_FACE('',(#3087),#3112,.T.);
#3087 = FACE_BOUND('',#3088,.T.);
#3088 = EDGE_LOOP('',(#3089,#3097,#3098,#3106));
#3089 = ORIENTED_EDGE('',*,*,#3090,.T.);
#3090 = EDGE_CURVE('',#3091,#1097,#3093,.T.);
#3091 = VERTEX_POINT('',#3092);
#3092 = CARTESIAN_POINT('',(0.71,-13.462,2.157));
#3093 = LINE('',#3094,#3095);
#3094 = CARTESIAN_POINT('',(3.937,-13.462,2.157));
#3095 = VECTOR('',#3096,1.);
#3096 = DIRECTION('',(-1.,-4.440892098501E-16,0.));
#3097 = ORIENTED_EDGE('',*,*,#1113,.T.);
#3098 = ORIENTED_EDGE('',*,*,#3099,.T.);
#3099 = EDGE_CURVE('',#1106,#3100,#3102,.T.);
#3100 = VERTEX_POINT('',#3101);
#3101 = CARTESIAN_POINT('',(0.71,-14.478,2.157));
#3102 = LINE('',#3103,#3104);
#3103 = CARTESIAN_POINT('',(-0.127,-14.478,2.157));
#3104 = VECTOR('',#3105,1.);
#3105 = DIRECTION('',(1.,4.440892098501E-16,0.));
#3106 = ORIENTED_EDGE('',*,*,#3107,.F.);
#3107 = EDGE_CURVE('',#3091,#3100,#3108,.T.);
#3108 = LINE('',#3109,#3110);
#3109 = CARTESIAN_POINT('',(0.71,1.83,2.157));
#3110 = VECTOR('',#3111,1.);
#3111 = DIRECTION('',(4.440892098501E-16,-1.,0.));
#3112 = B_SPLINE_SURFACE_WITH_KNOTS('',1,1,(
    (#3113,#3114)
    ,(#3115,#3116
    )),.UNSPECIFIED.,.F.,.F.,.F.,(2,2),(2,2),(0.,19.05),(0.,1.),
  .PIECEWISE_BEZIER_KNOTS.);
#3113 = CARTESIAN_POINT('',(0.635,1.905,2.157));
#3114 = CARTESIAN_POINT('',(0.71,1.83,2.157));
#3115 = CARTESIAN_POINT('',(0.635,-17.145,2.157));
#3116 = CARTESIAN_POINT('',(0.71,-17.07,2.157));
#3117 = ADVANCED_FACE('',(#3118),#3170,.F.);
#3118 = FACE_BOUND('',#3119,.F.);
#3119 = EDGE_LOOP('',(#3120,#3131,#3137,#3138,#3139,#3148,#3156,#3164));
#3120 = ORIENTED_EDGE('',*,*,#3121,.F.);
#3121 = EDGE_CURVE('',#3122,#3124,#3126,.T.);
#3122 = VERTEX_POINT('',#3123);
#3123 = CARTESIAN_POINT('',(0.254,-3.302,2.157));
#3124 = VERTEX_POINT('',#3125);
#3125 = CARTESIAN_POINT('',(-0.127,-3.302,1.776));
#3126 = CIRCLE('',#3127,0.381);
#3127 = AXIS2_PLACEMENT_3D('',#3128,#3129,#3130);
#3128 = CARTESIAN_POINT('',(0.254,-3.302,1.776));
#3129 = DIRECTION('',(4.440892098501E-16,-1.,0.));
#3130 = DIRECTION('',(0.,0.,1.));
#3131 = ORIENTED_EDGE('',*,*,#3132,.F.);
#3132 = EDGE_CURVE('',#1190,#3122,#3133,.T.);
#3133 = LINE('',#3134,#3135);
#3134 = CARTESIAN_POINT('',(3.937,-3.302,2.157));
#3135 = VECTOR('',#3136,1.);
#3136 = DIRECTION('',(-1.,-4.440892098501E-16,0.));
#3137 = ORIENTED_EDGE('',*,*,#1189,.T.);
#3138 = ORIENTED_EDGE('',*,*,#1143,.T.);
#3139 = ORIENTED_EDGE('',*,*,#3140,.F.);
#3140 = EDGE_CURVE('',#3141,#1136,#3143,.T.);
#3141 = VERTEX_POINT('',#3142);
#3142 = CARTESIAN_POINT('',(0.127,-3.302,1.776));
#3143 = CIRCLE('',#3144,0.127);
#3144 = AXIS2_PLACEMENT_3D('',#3145,#3146,#3147);
#3145 = CARTESIAN_POINT('',(0.254,-3.302,1.776));
#3146 = DIRECTION('',(-4.440892098501E-16,1.,0.));
#3147 = DIRECTION('',(0.,0.,-1.));
#3148 = ORIENTED_EDGE('',*,*,#3149,.F.);
#3149 = EDGE_CURVE('',#3150,#3141,#3152,.T.);
#3150 = VERTEX_POINT('',#3151);
#3151 = CARTESIAN_POINT('',(0.127,-3.302,0.));
#3152 = LINE('',#3153,#3154);
#3153 = CARTESIAN_POINT('',(0.127,-3.302,0.));
#3154 = VECTOR('',#3155,1.);
#3155 = DIRECTION('',(1.828606641681E-31,-4.11765609504E-16,1.));
#3156 = ORIENTED_EDGE('',*,*,#3157,.F.);
#3157 = EDGE_CURVE('',#3158,#3150,#3160,.T.);
#3158 = VERTEX_POINT('',#3159);
#3159 = CARTESIAN_POINT('',(-0.127,-3.302,0.));
#3160 = LINE('',#3161,#3162);
#3161 = CARTESIAN_POINT('',(-0.127,-3.302,0.));
#3162 = VECTOR('',#3163,1.);
#3163 = DIRECTION('',(1.,4.440892098501E-16,0.));
#3164 = ORIENTED_EDGE('',*,*,#3165,.T.);
#3165 = EDGE_CURVE('',#3158,#3124,#3166,.T.);
#3166 = LINE('',#3167,#3168);
#3167 = CARTESIAN_POINT('',(-0.127,-3.302,0.));
#3168 = VECTOR('',#3169,1.);
#3169 = DIRECTION('',(1.828606641681E-31,-4.11765609504E-16,1.));
#3170 = PLANE('',#3171);
#3171 = AXIS2_PLACEMENT_3D('',#3172,#3173,#3174);
#3172 = CARTESIAN_POINT('',(0.254,-3.302,2.157));
#3173 = DIRECTION('',(-4.440892098501E-16,1.,0.));
#3174 = DIRECTION('',(0.,0.,1.));
#3175 = ADVANCED_FACE('',(#3176),#3187,.F.);
#3176 = FACE_BOUND('',#3177,.F.);
#3177 = EDGE_LOOP('',(#3178,#3184,#3185,#3186));
#3178 = ORIENTED_EDGE('',*,*,#3179,.T.);
#3179 = EDGE_CURVE('',#2994,#3141,#3180,.T.);
#3180 = LINE('',#3181,#3182);
#3181 = CARTESIAN_POINT('',(0.127,-1.778,1.776));
#3182 = VECTOR('',#3183,1.);
#3183 = DIRECTION('',(4.440892098501E-16,-1.,0.));
#3184 = ORIENTED_EDGE('',*,*,#3140,.T.);
#3185 = ORIENTED_EDGE('',*,*,#1135,.F.);
#3186 = ORIENTED_EDGE('',*,*,#2993,.F.);
#3187 = CYLINDRICAL_SURFACE('',#3188,0.127);
#3188 = AXIS2_PLACEMENT_3D('',#3189,#3190,#3191);
#3189 = CARTESIAN_POINT('',(0.254,-1.778,1.776));
#3190 = DIRECTION('',(4.440892098501E-16,-1.,0.));
#3191 = DIRECTION('',(-1.,-4.440892098501E-16,0.));
#3192 = ADVANCED_FACE('',(#3193),#3245,.T.);
#3193 = FACE_BOUND('',#3194,.T.);
#3194 = EDGE_LOOP('',(#3195,#3206,#3212,#3213,#3214,#3223,#3231,#3239));
#3195 = ORIENTED_EDGE('',*,*,#3196,.F.);
#3196 = EDGE_CURVE('',#3197,#3199,#3201,.T.);
#3197 = VERTEX_POINT('',#3198);
#3198 = CARTESIAN_POINT('',(0.254,-11.938,2.157));
#3199 = VERTEX_POINT('',#3200);
#3200 = CARTESIAN_POINT('',(-0.127,-11.938,1.776));
#3201 = CIRCLE('',#3202,0.381);
#3202 = AXIS2_PLACEMENT_3D('',#3203,#3204,#3205);
#3203 = CARTESIAN_POINT('',(0.254,-11.938,1.776));
#3204 = DIRECTION('',(4.440892098501E-16,-1.,0.));
#3205 = DIRECTION('',(0.,0.,1.));
#3206 = ORIENTED_EDGE('',*,*,#3207,.T.);
#3207 = EDGE_CURVE('',#3197,#1230,#3208,.T.);
#3208 = LINE('',#3209,#3210);
#3209 = CARTESIAN_POINT('',(8.881784197001E-16,-11.938,2.157));
#3210 = VECTOR('',#3211,1.);
#3211 = DIRECTION('',(1.,4.440892098501E-16,0.));
#3212 = ORIENTED_EDGE('',*,*,#1229,.T.);
#3213 = ORIENTED_EDGE('',*,*,#1158,.F.);
#3214 = ORIENTED_EDGE('',*,*,#3215,.F.);
#3215 = EDGE_CURVE('',#3216,#1159,#3218,.T.);
#3216 = VERTEX_POINT('',#3217);
#3217 = CARTESIAN_POINT('',(0.127,-11.938,1.776));
#3218 = CIRCLE('',#3219,0.127);
#3219 = AXIS2_PLACEMENT_3D('',#3220,#3221,#3222);
#3220 = CARTESIAN_POINT('',(0.254,-11.938,1.776));
#3221 = DIRECTION('',(-4.440892098501E-16,1.,0.));
#3222 = DIRECTION('',(0.,0.,-1.));
#3223 = ORIENTED_EDGE('',*,*,#3224,.T.);
#3224 = EDGE_CURVE('',#3216,#3225,#3227,.T.);
#3225 = VERTEX_POINT('',#3226);
#3226 = CARTESIAN_POINT('',(0.127,-11.938,0.));
#3227 = LINE('',#3228,#3229);
#3228 = CARTESIAN_POINT('',(0.127,-11.938,2.157));
#3229 = VECTOR('',#3230,1.);
#3230 = DIRECTION('',(1.828606641681E-31,-4.11765609504E-16,-1.));
#3231 = ORIENTED_EDGE('',*,*,#3232,.F.);
#3232 = EDGE_CURVE('',#3233,#3225,#3235,.T.);
#3233 = VERTEX_POINT('',#3234);
#3234 = CARTESIAN_POINT('',(-0.127,-11.938,0.));
#3235 = LINE('',#3236,#3237);
#3236 = CARTESIAN_POINT('',(-0.127,-11.938,0.));
#3237 = VECTOR('',#3238,1.);
#3238 = DIRECTION('',(1.,4.440892098501E-16,0.));
#3239 = ORIENTED_EDGE('',*,*,#3240,.F.);
#3240 = EDGE_CURVE('',#3199,#3233,#3241,.T.);
#3241 = LINE('',#3242,#3243);
#3242 = CARTESIAN_POINT('',(-0.127,-11.938,2.157));
#3243 = VECTOR('',#3244,1.);
#3244 = DIRECTION('',(1.828606641681E-31,-4.11765609504E-16,-1.));
#3245 = PLANE('',#3246);
#3246 = AXIS2_PLACEMENT_3D('',#3247,#3248,#3249);
#3247 = CARTESIAN_POINT('',(0.254,-11.938,2.157));
#3248 = DIRECTION('',(-4.440892098501E-16,1.,0.));
#3249 = DIRECTION('',(0.,0.,1.));
#3250 = ADVANCED_FACE('',(#3251),#3262,.F.);
#3251 = FACE_BOUND('',#3252,.F.);
#3252 = EDGE_LOOP('',(#3253,#3259,#3260,#3261));
#3253 = ORIENTED_EDGE('',*,*,#3254,.T.);
#3254 = EDGE_CURVE('',#3216,#3052,#3255,.T.);
#3255 = LINE('',#3256,#3257);
#3256 = CARTESIAN_POINT('',(0.127,-11.938,1.776));
#3257 = VECTOR('',#3258,1.);
#3258 = DIRECTION('',(4.440892098501E-16,-1.,0.));
#3259 = ORIENTED_EDGE('',*,*,#3051,.T.);
#3260 = ORIENTED_EDGE('',*,*,#1166,.F.);
#3261 = ORIENTED_EDGE('',*,*,#3215,.F.);
#3262 = CYLINDRICAL_SURFACE('',#3263,0.127);
#3263 = AXIS2_PLACEMENT_3D('',#3264,#3265,#3266);
#3264 = CARTESIAN_POINT('',(0.254,-11.938,1.776));
#3265 = DIRECTION('',(4.440892098501E-16,-1.,0.));
#3266 = DIRECTION('',(-1.,-4.440892098501E-16,0.));
#3267 = ADVANCED_FACE('',(#3268),#3293,.T.);
#3268 = FACE_BOUND('',#3269,.T.);
#3269 = EDGE_LOOP('',(#3270,#3278,#3279,#3287));
#3270 = ORIENTED_EDGE('',*,*,#3271,.T.);
#3271 = EDGE_CURVE('',#3272,#1190,#3274,.T.);
#3272 = VERTEX_POINT('',#3273);
#3273 = CARTESIAN_POINT('',(0.71,-3.302,2.157));
#3274 = LINE('',#3275,#3276);
#3275 = CARTESIAN_POINT('',(3.937,-3.302,2.157));
#3276 = VECTOR('',#3277,1.);
#3277 = DIRECTION('',(-1.,-4.440892098501E-16,0.));
#3278 = ORIENTED_EDGE('',*,*,#1206,.T.);
#3279 = ORIENTED_EDGE('',*,*,#3280,.T.);
#3280 = EDGE_CURVE('',#1199,#3281,#3283,.T.);
#3281 = VERTEX_POINT('',#3282);
#3282 = CARTESIAN_POINT('',(0.71,-4.318,2.157));
#3283 = LINE('',#3284,#3285);
#3284 = CARTESIAN_POINT('',(-2.22044604925E-15,-4.318,2.157));
#3285 = VECTOR('',#3286,1.);
#3286 = DIRECTION('',(1.,4.440892098501E-16,0.));
#3287 = ORIENTED_EDGE('',*,*,#3288,.F.);
#3288 = EDGE_CURVE('',#3272,#3281,#3289,.T.);
#3289 = LINE('',#3290,#3291);
#3290 = CARTESIAN_POINT('',(0.71,1.83,2.157));
#3291 = VECTOR('',#3292,1.);
#3292 = DIRECTION('',(4.440892098501E-16,-1.,0.));
#3293 = B_SPLINE_SURFACE_WITH_KNOTS('',1,1,(
    (#3294,#3295)
    ,(#3296,#3297
    )),.UNSPECIFIED.,.F.,.F.,.F.,(2,2),(2,2),(0.,19.05),(0.,1.),
  .PIECEWISE_BEZIER_KNOTS.);
#3294 = CARTESIAN_POINT('',(0.635,1.905,2.157));
#3295 = CARTESIAN_POINT('',(0.71,1.83,2.157));
#3296 = CARTESIAN_POINT('',(0.635,-17.145,2.157));
#3297 = CARTESIAN_POINT('',(0.71,-17.07,2.157));
#3298 = ADVANCED_FACE('',(#3299),#3351,.T.);
#3299 = FACE_BOUND('',#3300,.T.);
#3300 = EDGE_LOOP('',(#3301,#3312,#3318,#3319,#3320,#3329,#3337,#3345));
#3301 = ORIENTED_EDGE('',*,*,#3302,.F.);
#3302 = EDGE_CURVE('',#3303,#3305,#3307,.T.);
#3303 = VERTEX_POINT('',#3304);
#3304 = CARTESIAN_POINT('',(0.254,-4.318,2.157));
#3305 = VERTEX_POINT('',#3306);
#3306 = CARTESIAN_POINT('',(-0.127,-4.318,1.776));
#3307 = CIRCLE('',#3308,0.381);
#3308 = AXIS2_PLACEMENT_3D('',#3309,#3310,#3311);
#3309 = CARTESIAN_POINT('',(0.254,-4.318,1.776));
#3310 = DIRECTION('',(4.440892098501E-16,-1.,0.));
#3311 = DIRECTION('',(0.,0.,1.));
#3312 = ORIENTED_EDGE('',*,*,#3313,.T.);
#3313 = EDGE_CURVE('',#3303,#1199,#3314,.T.);
#3314 = LINE('',#3315,#3316);
#3315 = CARTESIAN_POINT('',(-2.22044604925E-15,-4.318,2.157));
#3316 = VECTOR('',#3317,1.);
#3317 = DIRECTION('',(1.,4.440892098501E-16,0.));
#3318 = ORIENTED_EDGE('',*,*,#1198,.T.);
#3319 = ORIENTED_EDGE('',*,*,#1251,.F.);
#3320 = ORIENTED_EDGE('',*,*,#3321,.F.);
#3321 = EDGE_CURVE('',#3322,#1252,#3324,.T.);
#3322 = VERTEX_POINT('',#3323);
#3323 = CARTESIAN_POINT('',(0.127,-4.318,1.776));
#3324 = CIRCLE('',#3325,0.127);
#3325 = AXIS2_PLACEMENT_3D('',#3326,#3327,#3328);
#3326 = CARTESIAN_POINT('',(0.254,-4.318,1.776));
#3327 = DIRECTION('',(-4.440892098501E-16,1.,0.));
#3328 = DIRECTION('',(0.,0.,-1.));
#3329 = ORIENTED_EDGE('',*,*,#3330,.T.);
#3330 = EDGE_CURVE('',#3322,#3331,#3333,.T.);
#3331 = VERTEX_POINT('',#3332);
#3332 = CARTESIAN_POINT('',(0.127,-4.318,0.));
#3333 = LINE('',#3334,#3335);
#3334 = CARTESIAN_POINT('',(0.127,-4.318,2.157));
#3335 = VECTOR('',#3336,1.);
#3336 = DIRECTION('',(1.828606641681E-31,-4.11765609504E-16,-1.));
#3337 = ORIENTED_EDGE('',*,*,#3338,.F.);
#3338 = EDGE_CURVE('',#3339,#3331,#3341,.T.);
#3339 = VERTEX_POINT('',#3340);
#3340 = CARTESIAN_POINT('',(-0.127,-4.318,0.));
#3341 = LINE('',#3342,#3343);
#3342 = CARTESIAN_POINT('',(-0.127,-4.318,0.));
#3343 = VECTOR('',#3344,1.);
#3344 = DIRECTION('',(1.,4.440892098501E-16,0.));
#3345 = ORIENTED_EDGE('',*,*,#3346,.F.);
#3346 = EDGE_CURVE('',#3305,#3339,#3347,.T.);
#3347 = LINE('',#3348,#3349);
#3348 = CARTESIAN_POINT('',(-0.127,-4.318,2.157));
#3349 = VECTOR('',#3350,1.);
#3350 = DIRECTION('',(1.828606641681E-31,-4.11765609504E-16,-1.));
#3351 = PLANE('',#3352);
#3352 = AXIS2_PLACEMENT_3D('',#3353,#3354,#3355);
#3353 = CARTESIAN_POINT('',(0.254,-4.318,2.157));
#3354 = DIRECTION('',(-4.440892098501E-16,1.,0.));
#3355 = DIRECTION('',(0.,0.,1.));
#3356 = ADVANCED_FACE('',(#3357),#3409,.F.);
#3357 = FACE_BOUND('',#3358,.F.);
#3358 = EDGE_LOOP('',(#3359,#3370,#3376,#3377,#3378,#3387,#3395,#3403));
#3359 = ORIENTED_EDGE('',*,*,#3360,.F.);
#3360 = EDGE_CURVE('',#3361,#3363,#3365,.T.);
#3361 = VERTEX_POINT('',#3362);
#3362 = CARTESIAN_POINT('',(0.254,-10.922,2.157));
#3363 = VERTEX_POINT('',#3364);
#3364 = CARTESIAN_POINT('',(-0.127,-10.922,1.776));
#3365 = CIRCLE('',#3366,0.381);
#3366 = AXIS2_PLACEMENT_3D('',#3367,#3368,#3369);
#3367 = CARTESIAN_POINT('',(0.254,-10.922,1.776));
#3368 = DIRECTION('',(4.440892098501E-16,-1.,0.));
#3369 = DIRECTION('',(0.,0.,1.));
#3370 = ORIENTED_EDGE('',*,*,#3371,.F.);
#3371 = EDGE_CURVE('',#1221,#3361,#3372,.T.);
#3372 = LINE('',#3373,#3374);
#3373 = CARTESIAN_POINT('',(3.937,-10.922,2.157));
#3374 = VECTOR('',#3375,1.);
#3375 = DIRECTION('',(-1.,-4.440892098501E-16,0.));
#3376 = ORIENTED_EDGE('',*,*,#1220,.T.);
#3377 = ORIENTED_EDGE('',*,*,#1298,.T.);
#3378 = ORIENTED_EDGE('',*,*,#3379,.F.);
#3379 = EDGE_CURVE('',#3380,#1291,#3382,.T.);
#3380 = VERTEX_POINT('',#3381);
#3381 = CARTESIAN_POINT('',(0.127,-10.922,1.776));
#3382 = CIRCLE('',#3383,0.127);
#3383 = AXIS2_PLACEMENT_3D('',#3384,#3385,#3386);
#3384 = CARTESIAN_POINT('',(0.254,-10.922,1.776));
#3385 = DIRECTION('',(-4.440892098501E-16,1.,0.));
#3386 = DIRECTION('',(0.,0.,-1.));
#3387 = ORIENTED_EDGE('',*,*,#3388,.F.);
#3388 = EDGE_CURVE('',#3389,#3380,#3391,.T.);
#3389 = VERTEX_POINT('',#3390);
#3390 = CARTESIAN_POINT('',(0.127,-10.922,0.));
#3391 = LINE('',#3392,#3393);
#3392 = CARTESIAN_POINT('',(0.127,-10.922,0.));
#3393 = VECTOR('',#3394,1.);
#3394 = DIRECTION('',(1.828606641681E-31,-4.11765609504E-16,1.));
#3395 = ORIENTED_EDGE('',*,*,#3396,.F.);
#3396 = EDGE_CURVE('',#3397,#3389,#3399,.T.);
#3397 = VERTEX_POINT('',#3398);
#3398 = CARTESIAN_POINT('',(-0.127,-10.922,0.));
#3399 = LINE('',#3400,#3401);
#3400 = CARTESIAN_POINT('',(-0.127,-10.922,0.));
#3401 = VECTOR('',#3402,1.);
#3402 = DIRECTION('',(1.,4.440892098501E-16,0.));
#3403 = ORIENTED_EDGE('',*,*,#3404,.T.);
#3404 = EDGE_CURVE('',#3397,#3363,#3405,.T.);
#3405 = LINE('',#3406,#3407);
#3406 = CARTESIAN_POINT('',(-0.127,-10.922,0.));
#3407 = VECTOR('',#3408,1.);
#3408 = DIRECTION('',(1.828606641681E-31,-4.11765609504E-16,1.));
#3409 = PLANE('',#3410);
#3410 = AXIS2_PLACEMENT_3D('',#3411,#3412,#3413);
#3411 = CARTESIAN_POINT('',(0.254,-10.922,2.157));
#3412 = DIRECTION('',(-4.440892098501E-16,1.,0.));
#3413 = DIRECTION('',(0.,0.,1.));
#3414 = ADVANCED_FACE('',(#3415),#3440,.T.);
#3415 = FACE_BOUND('',#3416,.T.);
#3416 = EDGE_LOOP('',(#3417,#3425,#3426,#3434));
#3417 = ORIENTED_EDGE('',*,*,#3418,.T.);
#3418 = EDGE_CURVE('',#3419,#1221,#3421,.T.);
#3419 = VERTEX_POINT('',#3420);
#3420 = CARTESIAN_POINT('',(0.71,-10.922,2.157));
#3421 = LINE('',#3422,#3423);
#3422 = CARTESIAN_POINT('',(3.937,-10.922,2.157));
#3423 = VECTOR('',#3424,1.);
#3424 = DIRECTION('',(-1.,-4.440892098501E-16,0.));
#3425 = ORIENTED_EDGE('',*,*,#1237,.T.);
#3426 = ORIENTED_EDGE('',*,*,#3427,.T.);
#3427 = EDGE_CURVE('',#1230,#3428,#3430,.T.);
#3428 = VERTEX_POINT('',#3429);
#3429 = CARTESIAN_POINT('',(0.71,-11.938,2.157));
#3430 = LINE('',#3431,#3432);
#3431 = CARTESIAN_POINT('',(8.881784197001E-16,-11.938,2.157));
#3432 = VECTOR('',#3433,1.);
#3433 = DIRECTION('',(1.,4.440892098501E-16,0.));
#3434 = ORIENTED_EDGE('',*,*,#3435,.F.);
#3435 = EDGE_CURVE('',#3419,#3428,#3436,.T.);
#3436 = LINE('',#3437,#3438);
#3437 = CARTESIAN_POINT('',(0.71,1.83,2.157));
#3438 = VECTOR('',#3439,1.);
#3439 = DIRECTION('',(4.440892098501E-16,-1.,0.));
#3440 = B_SPLINE_SURFACE_WITH_KNOTS('',1,1,(
    (#3441,#3442)
    ,(#3443,#3444
    )),.UNSPECIFIED.,.F.,.F.,.F.,(2,2),(2,2),(0.,19.05),(0.,1.),
  .PIECEWISE_BEZIER_KNOTS.);
#3441 = CARTESIAN_POINT('',(0.635,1.905,2.157));
#3442 = CARTESIAN_POINT('',(0.71,1.83,2.157));
#3443 = CARTESIAN_POINT('',(0.635,-17.145,2.157));
#3444 = CARTESIAN_POINT('',(0.71,-17.07,2.157));
#3445 = ADVANCED_FACE('',(#3446),#3498,.F.);
#3446 = FACE_BOUND('',#3447,.F.);
#3447 = EDGE_LOOP('',(#3448,#3459,#3465,#3466,#3467,#3476,#3484,#3492));
#3448 = ORIENTED_EDGE('',*,*,#3449,.F.);
#3449 = EDGE_CURVE('',#3450,#3452,#3454,.T.);
#3450 = VERTEX_POINT('',#3451);
#3451 = CARTESIAN_POINT('',(0.254,-5.842,2.157));
#3452 = VERTEX_POINT('',#3453);
#3453 = CARTESIAN_POINT('',(-0.127,-5.842,1.776));
#3454 = CIRCLE('',#3455,0.381);
#3455 = AXIS2_PLACEMENT_3D('',#3456,#3457,#3458);
#3456 = CARTESIAN_POINT('',(0.254,-5.842,1.776));
#3457 = DIRECTION('',(4.440892098501E-16,-1.,0.));
#3458 = DIRECTION('',(0.,0.,1.));
#3459 = ORIENTED_EDGE('',*,*,#3460,.F.);
#3460 = EDGE_CURVE('',#1314,#3450,#3461,.T.);
#3461 = LINE('',#3462,#3463);
#3462 = CARTESIAN_POINT('',(3.937,-5.842,2.157));
#3463 = VECTOR('',#3464,1.);
#3464 = DIRECTION('',(-1.,-4.440892098501E-16,0.));
#3465 = ORIENTED_EDGE('',*,*,#1313,.T.);
#3466 = ORIENTED_EDGE('',*,*,#1267,.T.);
#3467 = ORIENTED_EDGE('',*,*,#3468,.F.);
#3468 = EDGE_CURVE('',#3469,#1260,#3471,.T.);
#3469 = VERTEX_POINT('',#3470);
#3470 = CARTESIAN_POINT('',(0.127,-5.842,1.776));
#3471 = CIRCLE('',#3472,0.127);
#3472 = AXIS2_PLACEMENT_3D('',#3473,#3474,#3475);
#3473 = CARTESIAN_POINT('',(0.254,-5.842,1.776));
#3474 = DIRECTION('',(-4.440892098501E-16,1.,0.));
#3475 = DIRECTION('',(0.,0.,-1.));
#3476 = ORIENTED_EDGE('',*,*,#3477,.F.);
#3477 = EDGE_CURVE('',#3478,#3469,#3480,.T.);
#3478 = VERTEX_POINT('',#3479);
#3479 = CARTESIAN_POINT('',(0.127,-5.842,0.));
#3480 = LINE('',#3481,#3482);
#3481 = CARTESIAN_POINT('',(0.127,-5.842,0.));
#3482 = VECTOR('',#3483,1.);
#3483 = DIRECTION('',(1.828606641681E-31,-4.11765609504E-16,1.));
#3484 = ORIENTED_EDGE('',*,*,#3485,.F.);
#3485 = EDGE_CURVE('',#3486,#3478,#3488,.T.);
#3486 = VERTEX_POINT('',#3487);
#3487 = CARTESIAN_POINT('',(-0.127,-5.842,0.));
#3488 = LINE('',#3489,#3490);
#3489 = CARTESIAN_POINT('',(-0.127,-5.842,0.));
#3490 = VECTOR('',#3491,1.);
#3491 = DIRECTION('',(1.,4.440892098501E-16,0.));
#3492 = ORIENTED_EDGE('',*,*,#3493,.T.);
#3493 = EDGE_CURVE('',#3486,#3452,#3494,.T.);
#3494 = LINE('',#3495,#3496);
#3495 = CARTESIAN_POINT('',(-0.127,-5.842,0.));
#3496 = VECTOR('',#3497,1.);
#3497 = DIRECTION('',(1.828606641681E-31,-4.11765609504E-16,1.));
#3498 = PLANE('',#3499);
#3499 = AXIS2_PLACEMENT_3D('',#3500,#3501,#3502);
#3500 = CARTESIAN_POINT('',(0.254,-5.842,2.157));
#3501 = DIRECTION('',(-4.440892098501E-16,1.,0.));
#3502 = DIRECTION('',(0.,0.,1.));
#3503 = ADVANCED_FACE('',(#3504),#3515,.F.);
#3504 = FACE_BOUND('',#3505,.F.);
#3505 = EDGE_LOOP('',(#3506,#3512,#3513,#3514));
#3506 = ORIENTED_EDGE('',*,*,#3507,.T.);
#3507 = EDGE_CURVE('',#3322,#3469,#3508,.T.);
#3508 = LINE('',#3509,#3510);
#3509 = CARTESIAN_POINT('',(0.127,-4.318,1.776));
#3510 = VECTOR('',#3511,1.);
#3511 = DIRECTION('',(4.440892098501E-16,-1.,0.));
#3512 = ORIENTED_EDGE('',*,*,#3468,.T.);
#3513 = ORIENTED_EDGE('',*,*,#1259,.F.);
#3514 = ORIENTED_EDGE('',*,*,#3321,.F.);
#3515 = CYLINDRICAL_SURFACE('',#3516,0.127);
#3516 = AXIS2_PLACEMENT_3D('',#3517,#3518,#3519);
#3517 = CARTESIAN_POINT('',(0.254,-4.318,1.776));
#3518 = DIRECTION('',(4.440892098501E-16,-1.,0.));
#3519 = DIRECTION('',(-1.,-4.440892098501E-16,0.));
#3520 = ADVANCED_FACE('',(#3521),#3573,.T.);
#3521 = FACE_BOUND('',#3522,.T.);
#3522 = EDGE_LOOP('',(#3523,#3534,#3540,#3541,#3542,#3551,#3559,#3567));
#3523 = ORIENTED_EDGE('',*,*,#3524,.F.);
#3524 = EDGE_CURVE('',#3525,#3527,#3529,.T.);
#3525 = VERTEX_POINT('',#3526);
#3526 = CARTESIAN_POINT('',(0.254,-9.398,2.157));
#3527 = VERTEX_POINT('',#3528);
#3528 = CARTESIAN_POINT('',(-0.127,-9.398,1.776));
#3529 = CIRCLE('',#3530,0.381);
#3530 = AXIS2_PLACEMENT_3D('',#3531,#3532,#3533);
#3531 = CARTESIAN_POINT('',(0.254,-9.398,1.776));
#3532 = DIRECTION('',(4.440892098501E-16,-1.,0.));
#3533 = DIRECTION('',(0.,0.,1.));
#3534 = ORIENTED_EDGE('',*,*,#3535,.T.);
#3535 = EDGE_CURVE('',#3525,#1354,#3536,.T.);
#3536 = LINE('',#3537,#3538);
#3537 = CARTESIAN_POINT('',(0.,-9.398,2.157));
#3538 = VECTOR('',#3539,1.);
#3539 = DIRECTION('',(1.,4.440892098501E-16,0.));
#3540 = ORIENTED_EDGE('',*,*,#1353,.T.);
#3541 = ORIENTED_EDGE('',*,*,#1282,.F.);
#3542 = ORIENTED_EDGE('',*,*,#3543,.F.);
#3543 = EDGE_CURVE('',#3544,#1283,#3546,.T.);
#3544 = VERTEX_POINT('',#3545);
#3545 = CARTESIAN_POINT('',(0.127,-9.398,1.776));
#3546 = CIRCLE('',#3547,0.127);
#3547 = AXIS2_PLACEMENT_3D('',#3548,#3549,#3550);
#3548 = CARTESIAN_POINT('',(0.254,-9.398,1.776));
#3549 = DIRECTION('',(-4.440892098501E-16,1.,0.));
#3550 = DIRECTION('',(0.,0.,-1.));
#3551 = ORIENTED_EDGE('',*,*,#3552,.T.);
#3552 = EDGE_CURVE('',#3544,#3553,#3555,.T.);
#3553 = VERTEX_POINT('',#3554);
#3554 = CARTESIAN_POINT('',(0.127,-9.398,0.));
#3555 = LINE('',#3556,#3557);
#3556 = CARTESIAN_POINT('',(0.127,-9.398,2.157));
#3557 = VECTOR('',#3558,1.);
#3558 = DIRECTION('',(1.828606641681E-31,-4.11765609504E-16,-1.));
#3559 = ORIENTED_EDGE('',*,*,#3560,.F.);
#3560 = EDGE_CURVE('',#3561,#3553,#3563,.T.);
#3561 = VERTEX_POINT('',#3562);
#3562 = CARTESIAN_POINT('',(-0.127,-9.398,0.));
#3563 = LINE('',#3564,#3565);
#3564 = CARTESIAN_POINT('',(-0.127,-9.398,0.));
#3565 = VECTOR('',#3566,1.);
#3566 = DIRECTION('',(1.,4.440892098501E-16,0.));
#3567 = ORIENTED_EDGE('',*,*,#3568,.F.);
#3568 = EDGE_CURVE('',#3527,#3561,#3569,.T.);
#3569 = LINE('',#3570,#3571);
#3570 = CARTESIAN_POINT('',(-0.127,-9.398,2.157));
#3571 = VECTOR('',#3572,1.);
#3572 = DIRECTION('',(1.828606641681E-31,-4.11765609504E-16,-1.));
#3573 = PLANE('',#3574);
#3574 = AXIS2_PLACEMENT_3D('',#3575,#3576,#3577);
#3575 = CARTESIAN_POINT('',(0.254,-9.398,2.157));
#3576 = DIRECTION('',(-4.440892098501E-16,1.,0.));
#3577 = DIRECTION('',(0.,0.,1.));
#3578 = ADVANCED_FACE('',(#3579),#3590,.F.);
#3579 = FACE_BOUND('',#3580,.F.);
#3580 = EDGE_LOOP('',(#3581,#3587,#3588,#3589));
#3581 = ORIENTED_EDGE('',*,*,#3582,.T.);
#3582 = EDGE_CURVE('',#3544,#3380,#3583,.T.);
#3583 = LINE('',#3584,#3585);
#3584 = CARTESIAN_POINT('',(0.127,-9.398,1.776));
#3585 = VECTOR('',#3586,1.);
#3586 = DIRECTION('',(4.440892098501E-16,-1.,0.));
#3587 = ORIENTED_EDGE('',*,*,#3379,.T.);
#3588 = ORIENTED_EDGE('',*,*,#1290,.F.);
#3589 = ORIENTED_EDGE('',*,*,#3543,.F.);
#3590 = CYLINDRICAL_SURFACE('',#3591,0.127);
#3591 = AXIS2_PLACEMENT_3D('',#3592,#3593,#3594);
#3592 = CARTESIAN_POINT('',(0.254,-9.398,1.776));
#3593 = DIRECTION('',(4.440892098501E-16,-1.,0.));
#3594 = DIRECTION('',(-1.,-4.440892098501E-16,0.));
#3595 = ADVANCED_FACE('',(#3596),#3621,.T.);
#3596 = FACE_BOUND('',#3597,.T.);
#3597 = EDGE_LOOP('',(#3598,#3606,#3607,#3615));
#3598 = ORIENTED_EDGE('',*,*,#3599,.T.);
#3599 = EDGE_CURVE('',#3600,#1314,#3602,.T.);
#3600 = VERTEX_POINT('',#3601);
#3601 = CARTESIAN_POINT('',(0.71,-5.842,2.157));
#3602 = LINE('',#3603,#3604);
#3603 = CARTESIAN_POINT('',(3.937,-5.842,2.157));
#3604 = VECTOR('',#3605,1.);
#3605 = DIRECTION('',(-1.,-4.440892098501E-16,0.));
#3606 = ORIENTED_EDGE('',*,*,#1330,.T.);
#3607 = ORIENTED_EDGE('',*,*,#3608,.T.);
#3608 = EDGE_CURVE('',#1323,#3609,#3611,.T.);
#3609 = VERTEX_POINT('',#3610);
#3610 = CARTESIAN_POINT('',(0.71,-6.858,2.157));
#3611 = LINE('',#3612,#3613);
#3612 = CARTESIAN_POINT('',(-1.33226762955E-15,-6.858,2.157));
#3613 = VECTOR('',#3614,1.);
#3614 = DIRECTION('',(1.,4.440892098501E-16,0.));
#3615 = ORIENTED_EDGE('',*,*,#3616,.F.);
#3616 = EDGE_CURVE('',#3600,#3609,#3617,.T.);
#3617 = LINE('',#3618,#3619);
#3618 = CARTESIAN_POINT('',(0.71,1.83,2.157));
#3619 = VECTOR('',#3620,1.);
#3620 = DIRECTION('',(4.440892098501E-16,-1.,0.));
#3621 = B_SPLINE_SURFACE_WITH_KNOTS('',1,1,(
    (#3622,#3623)
    ,(#3624,#3625
    )),.UNSPECIFIED.,.F.,.F.,.F.,(2,2),(2,2),(0.,19.05),(0.,1.),
  .PIECEWISE_BEZIER_KNOTS.);
#3622 = CARTESIAN_POINT('',(0.635,1.905,2.157));
#3623 = CARTESIAN_POINT('',(0.71,1.83,2.157));
#3624 = CARTESIAN_POINT('',(0.635,-17.145,2.157));
#3625 = CARTESIAN_POINT('',(0.71,-17.07,2.157));
#3626 = ADVANCED_FACE('',(#3627),#3679,.T.);
#3627 = FACE_BOUND('',#3628,.T.);
#3628 = EDGE_LOOP('',(#3629,#3640,#3646,#3647,#3648,#3657,#3665,#3673));
#3629 = ORIENTED_EDGE('',*,*,#3630,.F.);
#3630 = EDGE_CURVE('',#3631,#3633,#3635,.T.);
#3631 = VERTEX_POINT('',#3632);
#3632 = CARTESIAN_POINT('',(0.254,-6.858,2.157));
#3633 = VERTEX_POINT('',#3634);
#3634 = CARTESIAN_POINT('',(-0.127,-6.858,1.776));
#3635 = CIRCLE('',#3636,0.381);
#3636 = AXIS2_PLACEMENT_3D('',#3637,#3638,#3639);
#3637 = CARTESIAN_POINT('',(0.254,-6.858,1.776));
#3638 = DIRECTION('',(4.440892098501E-16,-1.,0.));
#3639 = DIRECTION('',(0.,0.,1.));
#3640 = ORIENTED_EDGE('',*,*,#3641,.T.);
#3641 = EDGE_CURVE('',#3631,#1323,#3642,.T.);
#3642 = LINE('',#3643,#3644);
#3643 = CARTESIAN_POINT('',(-1.33226762955E-15,-6.858,2.157));
#3644 = VECTOR('',#3645,1.);
#3645 = DIRECTION('',(1.,4.440892098501E-16,0.));
#3646 = ORIENTED_EDGE('',*,*,#1322,.T.);
#3647 = ORIENTED_EDGE('',*,*,#1375,.F.);
#3648 = ORIENTED_EDGE('',*,*,#3649,.F.);
#3649 = EDGE_CURVE('',#3650,#1376,#3652,.T.);
#3650 = VERTEX_POINT('',#3651);
#3651 = CARTESIAN_POINT('',(0.127,-6.858,1.776));
#3652 = CIRCLE('',#3653,0.127);
#3653 = AXIS2_PLACEMENT_3D('',#3654,#3655,#3656);
#3654 = CARTESIAN_POINT('',(0.254,-6.858,1.776));
#3655 = DIRECTION('',(-4.440892098501E-16,1.,0.));
#3656 = DIRECTION('',(0.,0.,-1.));
#3657 = ORIENTED_EDGE('',*,*,#3658,.T.);
#3658 = EDGE_CURVE('',#3650,#3659,#3661,.T.);
#3659 = VERTEX_POINT('',#3660);
#3660 = CARTESIAN_POINT('',(0.127,-6.858,0.));
#3661 = LINE('',#3662,#3663);
#3662 = CARTESIAN_POINT('',(0.127,-6.858,2.157));
#3663 = VECTOR('',#3664,1.);
#3664 = DIRECTION('',(1.828606641681E-31,-4.11765609504E-16,-1.));
#3665 = ORIENTED_EDGE('',*,*,#3666,.F.);
#3666 = EDGE_CURVE('',#3667,#3659,#3669,.T.);
#3667 = VERTEX_POINT('',#3668);
#3668 = CARTESIAN_POINT('',(-0.127,-6.858,0.));
#3669 = LINE('',#3670,#3671);
#3670 = CARTESIAN_POINT('',(-0.127,-6.858,0.));
#3671 = VECTOR('',#3672,1.);
#3672 = DIRECTION('',(1.,4.440892098501E-16,0.));
#3673 = ORIENTED_EDGE('',*,*,#3674,.F.);
#3674 = EDGE_CURVE('',#3633,#3667,#3675,.T.);
#3675 = LINE('',#3676,#3677);
#3676 = CARTESIAN_POINT('',(-0.127,-6.858,2.157));
#3677 = VECTOR('',#3678,1.);
#3678 = DIRECTION('',(1.828606641681E-31,-4.11765609504E-16,-1.));
#3679 = PLANE('',#3680);
#3680 = AXIS2_PLACEMENT_3D('',#3681,#3682,#3683);
#3681 = CARTESIAN_POINT('',(0.254,-6.858,2.157));
#3682 = DIRECTION('',(-4.440892098501E-16,1.,0.));
#3683 = DIRECTION('',(0.,0.,1.));
#3684 = ADVANCED_FACE('',(#3685),#3737,.F.);
#3685 = FACE_BOUND('',#3686,.F.);
#3686 = EDGE_LOOP('',(#3687,#3698,#3704,#3705,#3706,#3715,#3723,#3731));
#3687 = ORIENTED_EDGE('',*,*,#3688,.F.);
#3688 = EDGE_CURVE('',#3689,#3691,#3693,.T.);
#3689 = VERTEX_POINT('',#3690);
#3690 = CARTESIAN_POINT('',(0.254,-8.382,2.157));
#3691 = VERTEX_POINT('',#3692);
#3692 = CARTESIAN_POINT('',(-0.127,-8.382,1.776));
#3693 = CIRCLE('',#3694,0.381);
#3694 = AXIS2_PLACEMENT_3D('',#3695,#3696,#3697);
#3695 = CARTESIAN_POINT('',(0.254,-8.382,1.776));
#3696 = DIRECTION('',(4.440892098501E-16,-1.,0.));
#3697 = DIRECTION('',(0.,0.,1.));
#3698 = ORIENTED_EDGE('',*,*,#3699,.F.);
#3699 = EDGE_CURVE('',#1345,#3689,#3700,.T.);
#3700 = LINE('',#3701,#3702);
#3701 = CARTESIAN_POINT('',(3.937,-8.382,2.157));
#3702 = VECTOR('',#3703,1.);
#3703 = DIRECTION('',(-1.,-4.440892098501E-16,0.));
#3704 = ORIENTED_EDGE('',*,*,#1344,.T.);
#3705 = ORIENTED_EDGE('',*,*,#1391,.T.);
#3706 = ORIENTED_EDGE('',*,*,#3707,.F.);
#3707 = EDGE_CURVE('',#3708,#1384,#3710,.T.);
#3708 = VERTEX_POINT('',#3709);
#3709 = CARTESIAN_POINT('',(0.127,-8.382,1.776));
#3710 = CIRCLE('',#3711,0.127);
#3711 = AXIS2_PLACEMENT_3D('',#3712,#3713,#3714);
#3712 = CARTESIAN_POINT('',(0.254,-8.382,1.776));
#3713 = DIRECTION('',(-4.440892098501E-16,1.,0.));
#3714 = DIRECTION('',(0.,0.,-1.));
#3715 = ORIENTED_EDGE('',*,*,#3716,.F.);
#3716 = EDGE_CURVE('',#3717,#3708,#3719,.T.);
#3717 = VERTEX_POINT('',#3718);
#3718 = CARTESIAN_POINT('',(0.127,-8.382,0.));
#3719 = LINE('',#3720,#3721);
#3720 = CARTESIAN_POINT('',(0.127,-8.382,0.));
#3721 = VECTOR('',#3722,1.);
#3722 = DIRECTION('',(1.828606641681E-31,-4.11765609504E-16,1.));
#3723 = ORIENTED_EDGE('',*,*,#3724,.F.);
#3724 = EDGE_CURVE('',#3725,#3717,#3727,.T.);
#3725 = VERTEX_POINT('',#3726);
#3726 = CARTESIAN_POINT('',(-0.127,-8.382,0.));
#3727 = LINE('',#3728,#3729);
#3728 = CARTESIAN_POINT('',(-0.127,-8.382,0.));
#3729 = VECTOR('',#3730,1.);
#3730 = DIRECTION('',(1.,4.440892098501E-16,0.));
#3731 = ORIENTED_EDGE('',*,*,#3732,.T.);
#3732 = EDGE_CURVE('',#3725,#3691,#3733,.T.);
#3733 = LINE('',#3734,#3735);
#3734 = CARTESIAN_POINT('',(-0.127,-8.382,0.));
#3735 = VECTOR('',#3736,1.);
#3736 = DIRECTION('',(1.828606641681E-31,-4.11765609504E-16,1.));
#3737 = PLANE('',#3738);
#3738 = AXIS2_PLACEMENT_3D('',#3739,#3740,#3741);
#3739 = CARTESIAN_POINT('',(0.254,-8.382,2.157));
#3740 = DIRECTION('',(-4.440892098501E-16,1.,0.));
#3741 = DIRECTION('',(0.,0.,1.));
#3742 = ADVANCED_FACE('',(#3743),#3768,.T.);
#3743 = FACE_BOUND('',#3744,.T.);
#3744 = EDGE_LOOP('',(#3745,#3753,#3754,#3762));
#3745 = ORIENTED_EDGE('',*,*,#3746,.T.);
#3746 = EDGE_CURVE('',#3747,#1345,#3749,.T.);
#3747 = VERTEX_POINT('',#3748);
#3748 = CARTESIAN_POINT('',(0.71,-8.382,2.157));
#3749 = LINE('',#3750,#3751);
#3750 = CARTESIAN_POINT('',(3.937,-8.382,2.157));
#3751 = VECTOR('',#3752,1.);
#3752 = DIRECTION('',(-1.,-4.440892098501E-16,0.));
#3753 = ORIENTED_EDGE('',*,*,#1361,.T.);
#3754 = ORIENTED_EDGE('',*,*,#3755,.T.);
#3755 = EDGE_CURVE('',#1354,#3756,#3758,.T.);
#3756 = VERTEX_POINT('',#3757);
#3757 = CARTESIAN_POINT('',(0.71,-9.398,2.157));
#3758 = LINE('',#3759,#3760);
#3759 = CARTESIAN_POINT('',(0.,-9.398,2.157));
#3760 = VECTOR('',#3761,1.);
#3761 = DIRECTION('',(1.,4.440892098501E-16,0.));
#3762 = ORIENTED_EDGE('',*,*,#3763,.F.);
#3763 = EDGE_CURVE('',#3747,#3756,#3764,.T.);
#3764 = LINE('',#3765,#3766);
#3765 = CARTESIAN_POINT('',(0.71,1.83,2.157));
#3766 = VECTOR('',#3767,1.);
#3767 = DIRECTION('',(4.440892098501E-16,-1.,0.));
#3768 = B_SPLINE_SURFACE_WITH_KNOTS('',1,1,(
    (#3769,#3770)
    ,(#3771,#3772
    )),.UNSPECIFIED.,.F.,.F.,.F.,(2,2),(2,2),(0.,19.05),(0.,1.),
  .PIECEWISE_BEZIER_KNOTS.);
#3769 = CARTESIAN_POINT('',(0.635,1.905,2.157));
#3770 = CARTESIAN_POINT('',(0.71,1.83,2.157));
#3771 = CARTESIAN_POINT('',(0.635,-17.145,2.157));
#3772 = CARTESIAN_POINT('',(0.71,-17.07,2.157));
#3773 = ADVANCED_FACE('',(#3774),#3785,.F.);
#3774 = FACE_BOUND('',#3775,.F.);
#3775 = EDGE_LOOP('',(#3776,#3782,#3783,#3784));
#3776 = ORIENTED_EDGE('',*,*,#3777,.T.);
#3777 = EDGE_CURVE('',#3650,#3708,#3778,.T.);
#3778 = LINE('',#3779,#3780);
#3779 = CARTESIAN_POINT('',(0.127,-6.858,1.776));
#3780 = VECTOR('',#3781,1.);
#3781 = DIRECTION('',(4.440892098501E-16,-1.,0.));
#3782 = ORIENTED_EDGE('',*,*,#3707,.T.);
#3783 = ORIENTED_EDGE('',*,*,#1383,.F.);
#3784 = ORIENTED_EDGE('',*,*,#3649,.F.);
#3785 = CYLINDRICAL_SURFACE('',#3786,0.127);
#3786 = AXIS2_PLACEMENT_3D('',#3787,#3788,#3789);
#3787 = CARTESIAN_POINT('',(0.254,-6.858,1.776));
#3788 = DIRECTION('',(4.440892098501E-16,-1.,0.));
#3789 = DIRECTION('',(-1.,-4.440892098501E-16,0.));
#3790 = ADVANCED_FACE('',(#3791),#3802,.T.);
#3791 = FACE_BOUND('',#3792,.T.);
#3792 = EDGE_LOOP('',(#3793,#3794,#3795,#3801));
#3793 = ORIENTED_EDGE('',*,*,#1408,.T.);
#3794 = ORIENTED_EDGE('',*,*,#1423,.T.);
#3795 = ORIENTED_EDGE('',*,*,#3796,.F.);
#3796 = EDGE_CURVE('',#2773,#1424,#3797,.T.);
#3797 = LINE('',#3798,#3799);
#3798 = CARTESIAN_POINT('',(0.71,-17.07,2.157));
#3799 = VECTOR('',#3800,1.);
#3800 = DIRECTION('',(1.,4.440892098501E-16,0.));
#3801 = ORIENTED_EDGE('',*,*,#2772,.F.);
#3802 = B_SPLINE_SURFACE_WITH_KNOTS('',1,1,(
    (#3803,#3804)
    ,(#3805,#3806
    )),.UNSPECIFIED.,.F.,.F.,.F.,(2,2),(2,2),(0.,6.35),(0.,1.),
  .PIECEWISE_BEZIER_KNOTS.);
#3803 = CARTESIAN_POINT('',(0.635,-17.145,2.157));
#3804 = CARTESIAN_POINT('',(0.71,-17.07,2.157));
#3805 = CARTESIAN_POINT('',(6.985,-17.145,2.157));
#3806 = CARTESIAN_POINT('',(6.91,-17.07,2.157));
#3807 = ADVANCED_FACE('',(#3808),#3880,.T.);
#3808 = FACE_BOUND('',#3809,.T.);
#3809 = EDGE_LOOP('',(#3810,#3811,#3817,#3818,#3824,#3825,#3831,#3832,
    #3838,#3839,#3845,#3846,#3852,#3853,#3859,#3860,#3867,#3875));
#3810 = ORIENTED_EDGE('',*,*,#1439,.T.);
#3811 = ORIENTED_EDGE('',*,*,#3812,.T.);
#3812 = EDGE_CURVE('',#1432,#1750,#3813,.T.);
#3813 = LINE('',#3814,#3815);
#3814 = CARTESIAN_POINT('',(6.91,-17.07,2.157));
#3815 = VECTOR('',#3816,1.);
#3816 = DIRECTION('',(-4.440892098501E-16,1.,0.));
#3817 = ORIENTED_EDGE('',*,*,#1766,.T.);
#3818 = ORIENTED_EDGE('',*,*,#3819,.T.);
#3819 = EDGE_CURVE('',#1759,#2078,#3820,.T.);
#3820 = LINE('',#3821,#3822);
#3821 = CARTESIAN_POINT('',(6.91,-17.07,2.157));
#3822 = VECTOR('',#3823,1.);
#3823 = DIRECTION('',(-4.440892098501E-16,1.,0.));
#3824 = ORIENTED_EDGE('',*,*,#2094,.T.);
#3825 = ORIENTED_EDGE('',*,*,#3826,.T.);
#3826 = EDGE_CURVE('',#2087,#2406,#3827,.T.);
#3827 = LINE('',#3828,#3829);
#3828 = CARTESIAN_POINT('',(6.91,-17.07,2.157));
#3829 = VECTOR('',#3830,1.);
#3830 = DIRECTION('',(-4.440892098501E-16,1.,0.));
#3831 = ORIENTED_EDGE('',*,*,#2422,.T.);
#3832 = ORIENTED_EDGE('',*,*,#3833,.T.);
#3833 = EDGE_CURVE('',#2415,#2553,#3834,.T.);
#3834 = LINE('',#3835,#3836);
#3835 = CARTESIAN_POINT('',(6.91,-17.07,2.157));
#3836 = VECTOR('',#3837,1.);
#3837 = DIRECTION('',(-4.440892098501E-16,1.,0.));
#3838 = ORIENTED_EDGE('',*,*,#2569,.T.);
#3839 = ORIENTED_EDGE('',*,*,#3840,.T.);
#3840 = EDGE_CURVE('',#2562,#2225,#3841,.T.);
#3841 = LINE('',#3842,#3843);
#3842 = CARTESIAN_POINT('',(6.91,-17.07,2.157));
#3843 = VECTOR('',#3844,1.);
#3844 = DIRECTION('',(-4.440892098501E-16,1.,0.));
#3845 = ORIENTED_EDGE('',*,*,#2241,.T.);
#3846 = ORIENTED_EDGE('',*,*,#3847,.T.);
#3847 = EDGE_CURVE('',#2234,#1897,#3848,.T.);
#3848 = LINE('',#3849,#3850);
#3849 = CARTESIAN_POINT('',(6.91,-17.07,2.157));
#3850 = VECTOR('',#3851,1.);
#3851 = DIRECTION('',(-4.440892098501E-16,1.,0.));
#3852 = ORIENTED_EDGE('',*,*,#1913,.T.);
#3853 = ORIENTED_EDGE('',*,*,#3854,.T.);
#3854 = EDGE_CURVE('',#1906,#1570,#3855,.T.);
#3855 = LINE('',#3856,#3857);
#3856 = CARTESIAN_POINT('',(6.91,-17.07,2.157));
#3857 = VECTOR('',#3858,1.);
#3858 = DIRECTION('',(-4.440892098501E-16,1.,0.));
#3859 = ORIENTED_EDGE('',*,*,#1585,.T.);
#3860 = ORIENTED_EDGE('',*,*,#3861,.T.);
#3861 = EDGE_CURVE('',#1579,#3862,#3864,.T.);
#3862 = VERTEX_POINT('',#3863);
#3863 = CARTESIAN_POINT('',(6.586276356577,1.506276356577,3.68));
#3864 = B_SPLINE_CURVE_WITH_KNOTS('',1,(#3865,#3866),.UNSPECIFIED.,.F.,
  .F.,(2,2),(0.,1.),.PIECEWISE_BEZIER_KNOTS.);
#3865 = CARTESIAN_POINT('',(6.91,1.83,2.157));
#3866 = CARTESIAN_POINT('',(6.586276356577,1.506276356577,3.68));
#3867 = ORIENTED_EDGE('',*,*,#3868,.F.);
#3868 = EDGE_CURVE('',#3869,#3862,#3871,.T.);
#3869 = VERTEX_POINT('',#3870);
#3870 = CARTESIAN_POINT('',(6.586276356577,-16.74627635657,3.68));
#3871 = LINE('',#3872,#3873);
#3872 = CARTESIAN_POINT('',(6.586276356577,-16.74627635657,3.68));
#3873 = VECTOR('',#3874,1.);
#3874 = DIRECTION('',(-4.440892098501E-16,1.,0.));
#3875 = ORIENTED_EDGE('',*,*,#3876,.F.);
#3876 = EDGE_CURVE('',#1424,#3869,#3877,.T.);
#3877 = B_SPLINE_CURVE_WITH_KNOTS('',1,(#3878,#3879),.UNSPECIFIED.,.F.,
  .F.,(2,2),(0.,1.),.PIECEWISE_BEZIER_KNOTS.);
#3878 = CARTESIAN_POINT('',(6.91,-17.07,2.157));
#3879 = CARTESIAN_POINT('',(6.586276356577,-16.74627635657,3.68));
#3880 = B_SPLINE_SURFACE_WITH_KNOTS('',1,1,(
    (#3881,#3882)
    ,(#3883,#3884
    )),.UNSPECIFIED.,.F.,.F.,.F.,(2,2),(2,2),(0.,18.9),(0.,1.),
  .PIECEWISE_BEZIER_KNOTS.);
#3881 = CARTESIAN_POINT('',(6.91,-17.07,2.157));
#3882 = CARTESIAN_POINT('',(6.586276356577,-16.74627635657,3.68));
#3883 = CARTESIAN_POINT('',(6.91,1.83,2.157));
#3884 = CARTESIAN_POINT('',(6.586276356577,1.506276356577,3.68));
#3885 = ADVANCED_FACE('',(#3886),#3899,.T.);
#3886 = FACE_BOUND('',#3887,.T.);
#3887 = EDGE_LOOP('',(#3888,#3889,#3890,#3891,#3897,#3898));
#3888 = ORIENTED_EDGE('',*,*,#3812,.F.);
#3889 = ORIENTED_EDGE('',*,*,#1431,.F.);
#3890 = ORIENTED_EDGE('',*,*,#1455,.F.);
#3891 = ORIENTED_EDGE('',*,*,#3892,.F.);
#3892 = EDGE_CURVE('',#1635,#1456,#3893,.T.);
#3893 = LINE('',#3894,#3895);
#3894 = CARTESIAN_POINT('',(7.366,-14.478,2.157));
#3895 = VECTOR('',#3896,1.);
#3896 = DIRECTION('',(3.216245299353E-16,-1.,0.));
#3897 = ORIENTED_EDGE('',*,*,#1643,.F.);
#3898 = ORIENTED_EDGE('',*,*,#1749,.F.);
#3899 = PLANE('',#3900);
#3900 = AXIS2_PLACEMENT_3D('',#3901,#3902,#3903);
#3901 = CARTESIAN_POINT('',(3.81,-15.4685,2.157));
#3902 = DIRECTION('',(0.,0.,1.));
#3903 = DIRECTION('',(-4.440892098501E-16,1.,0.));
#3904 = ADVANCED_FACE('',(#3905),#3948,.T.);
#3905 = FACE_BOUND('',#3906,.T.);
#3906 = EDGE_LOOP('',(#3907,#3908,#3909,#3910,#3918,#3926,#3934,#3942));
#3907 = ORIENTED_EDGE('',*,*,#1488,.F.);
#3908 = ORIENTED_EDGE('',*,*,#1657,.T.);
#3909 = ORIENTED_EDGE('',*,*,#1610,.F.);
#3910 = ORIENTED_EDGE('',*,*,#3911,.F.);
#3911 = EDGE_CURVE('',#3912,#1611,#3914,.T.);
#3912 = VERTEX_POINT('',#3913);
#3913 = CARTESIAN_POINT('',(7.493,-15.0115,0.));
#3914 = LINE('',#3915,#3916);
#3915 = CARTESIAN_POINT('',(7.493,-15.0115,0.));
#3916 = VECTOR('',#3917,1.);
#3917 = DIRECTION('',(-3.216245299353E-16,1.,0.));
#3918 = ORIENTED_EDGE('',*,*,#3919,.F.);
#3919 = EDGE_CURVE('',#3920,#3912,#3922,.T.);
#3920 = VERTEX_POINT('',#3921);
#3921 = CARTESIAN_POINT('',(7.493,-15.0115,-2.843));
#3922 = LINE('',#3923,#3924);
#3923 = CARTESIAN_POINT('',(7.493,-15.0115,-2.843));
#3924 = VECTOR('',#3925,1.);
#3925 = DIRECTION('',(0.,0.,1.));
#3926 = ORIENTED_EDGE('',*,*,#3927,.F.);
#3927 = EDGE_CURVE('',#3928,#3920,#3930,.T.);
#3928 = VERTEX_POINT('',#3929);
#3929 = CARTESIAN_POINT('',(7.493,-15.12575,-3.3));
#3930 = LINE('',#3931,#3932);
#3931 = CARTESIAN_POINT('',(7.493,-15.12575,-3.3));
#3932 = VECTOR('',#3933,1.);
#3933 = DIRECTION('',(-7.800540639491E-17,0.242535625036,0.970142500145)
  );
#3934 = ORIENTED_EDGE('',*,*,#3935,.F.);
#3935 = EDGE_CURVE('',#3936,#3928,#3938,.T.);
#3936 = VERTEX_POINT('',#3937);
#3937 = CARTESIAN_POINT('',(7.493,-15.35425,-3.3));
#3938 = LINE('',#3939,#3940);
#3939 = CARTESIAN_POINT('',(7.493,-15.35425,-3.3));
#3940 = VECTOR('',#3941,1.);
#3941 = DIRECTION('',(-3.216245299353E-16,1.,0.));
#3942 = ORIENTED_EDGE('',*,*,#3943,.F.);
#3943 = EDGE_CURVE('',#1481,#3936,#3944,.T.);
#3944 = LINE('',#3945,#3946);
#3945 = CARTESIAN_POINT('',(7.493,-15.4685,-2.843));
#3946 = VECTOR('',#3947,1.);
#3947 = DIRECTION('',(-7.800540639491E-17,0.242535625036,-0.970142500145
    ));
#3948 = PLANE('',#3949);
#3949 = AXIS2_PLACEMENT_3D('',#3950,#3951,#3952);
#3950 = CARTESIAN_POINT('',(7.493,-15.4685,2.157));
#3951 = DIRECTION('',(-1.,-3.216245299353E-16,0.));
#3952 = DIRECTION('',(-0.,0.,-1.));
#3953 = ADVANCED_FACE('',(#3954),#3972,.T.);
#3954 = FACE_BOUND('',#3955,.T.);
#3955 = EDGE_LOOP('',(#3956,#3957,#3958,#3966));
#3956 = ORIENTED_EDGE('',*,*,#1480,.T.);
#3957 = ORIENTED_EDGE('',*,*,#3943,.T.);
#3958 = ORIENTED_EDGE('',*,*,#3959,.F.);
#3959 = EDGE_CURVE('',#3960,#3936,#3962,.T.);
#3960 = VERTEX_POINT('',#3961);
#3961 = CARTESIAN_POINT('',(7.747,-15.35425,-3.3));
#3962 = LINE('',#3963,#3964);
#3963 = CARTESIAN_POINT('',(7.747,-15.35425,-3.3));
#3964 = VECTOR('',#3965,1.);
#3965 = DIRECTION('',(-1.,-3.216245299353E-16,0.));
#3966 = ORIENTED_EDGE('',*,*,#3967,.F.);
#3967 = EDGE_CURVE('',#1473,#3960,#3968,.T.);
#3968 = LINE('',#3969,#3970);
#3969 = CARTESIAN_POINT('',(7.747,-15.4685,-2.843));
#3970 = VECTOR('',#3971,1.);
#3971 = DIRECTION('',(-7.800540639491E-17,0.242535625036,-0.970142500145
    ));
#3972 = PLANE('',#3973);
#3973 = AXIS2_PLACEMENT_3D('',#3974,#3975,#3976);
#3974 = CARTESIAN_POINT('',(7.747,-15.4685,-2.843));
#3975 = DIRECTION('',(3.120216255796E-16,-0.970142500145,-0.242535625036
    ));
#3976 = DIRECTION('',(-7.800540639491E-17,0.242535625036,-0.970142500145
    ));
#3977 = ADVANCED_FACE('',(#3978),#4019,.F.);
#3978 = FACE_BOUND('',#3979,.F.);
#3979 = EDGE_LOOP('',(#3980,#3981,#3987,#3988,#3996,#4004,#4012,#4018));
#3980 = ORIENTED_EDGE('',*,*,#1472,.F.);
#3981 = ORIENTED_EDGE('',*,*,#3982,.F.);
#3982 = EDGE_CURVE('',#1627,#1464,#3983,.T.);
#3983 = LINE('',#3984,#3985);
#3984 = CARTESIAN_POINT('',(7.747,-14.478,1.776));
#3985 = VECTOR('',#3986,1.);
#3986 = DIRECTION('',(3.216245299353E-16,-1.,0.));
#3987 = ORIENTED_EDGE('',*,*,#1626,.F.);
#3988 = ORIENTED_EDGE('',*,*,#3989,.F.);
#3989 = EDGE_CURVE('',#3990,#1619,#3992,.T.);
#3990 = VERTEX_POINT('',#3991);
#3991 = CARTESIAN_POINT('',(7.747,-15.0115,0.));
#3992 = LINE('',#3993,#3994);
#3993 = CARTESIAN_POINT('',(7.747,-15.0115,0.));
#3994 = VECTOR('',#3995,1.);
#3995 = DIRECTION('',(-3.216245299353E-16,1.,0.));
#3996 = ORIENTED_EDGE('',*,*,#3997,.F.);
#3997 = EDGE_CURVE('',#3998,#3990,#4000,.T.);
#3998 = VERTEX_POINT('',#3999);
#3999 = CARTESIAN_POINT('',(7.747,-15.0115,-2.843));
#4000 = LINE('',#4001,#4002);
#4001 = CARTESIAN_POINT('',(7.747,-15.0115,-2.843));
#4002 = VECTOR('',#4003,1.);
#4003 = DIRECTION('',(0.,0.,1.));
#4004 = ORIENTED_EDGE('',*,*,#4005,.F.);
#4005 = EDGE_CURVE('',#4006,#3998,#4008,.T.);
#4006 = VERTEX_POINT('',#4007);
#4007 = CARTESIAN_POINT('',(7.747,-15.12575,-3.3));
#4008 = LINE('',#4009,#4010);
#4009 = CARTESIAN_POINT('',(7.747,-15.12575,-3.3));
#4010 = VECTOR('',#4011,1.);
#4011 = DIRECTION('',(-7.800540639491E-17,0.242535625036,0.970142500145)
  );
#4012 = ORIENTED_EDGE('',*,*,#4013,.F.);
#4013 = EDGE_CURVE('',#3960,#4006,#4014,.T.);
#4014 = LINE('',#4015,#4016);
#4015 = CARTESIAN_POINT('',(7.747,-15.35425,-3.3));
#4016 = VECTOR('',#4017,1.);
#4017 = DIRECTION('',(-3.216245299353E-16,1.,0.));
#4018 = ORIENTED_EDGE('',*,*,#3967,.F.);
#4019 = PLANE('',#4020);
#4020 = AXIS2_PLACEMENT_3D('',#4021,#4022,#4023);
#4021 = CARTESIAN_POINT('',(7.747,-15.4685,2.157));
#4022 = DIRECTION('',(-1.,-3.216245299353E-16,0.));
#4023 = DIRECTION('',(-0.,0.,-1.));
#4024 = ADVANCED_FACE('',(#4025),#4031,.T.);
#4025 = FACE_BOUND('',#4026,.T.);
#4026 = EDGE_LOOP('',(#4027,#4028,#4029,#4030));
#4027 = ORIENTED_EDGE('',*,*,#3892,.T.);
#4028 = ORIENTED_EDGE('',*,*,#1463,.T.);
#4029 = ORIENTED_EDGE('',*,*,#3982,.F.);
#4030 = ORIENTED_EDGE('',*,*,#1634,.F.);
#4031 = CYLINDRICAL_SURFACE('',#4032,0.381);
#4032 = AXIS2_PLACEMENT_3D('',#4033,#4034,#4035);
#4033 = CARTESIAN_POINT('',(7.366,-14.478,1.776));
#4034 = DIRECTION('',(3.216245299353E-16,-1.,0.));
#4035 = DIRECTION('',(0.,0.,1.));
#4036 = ADVANCED_FACE('',(#4037),#4050,.T.);
#4037 = FACE_BOUND('',#4038,.T.);
#4038 = EDGE_LOOP('',(#4039,#4040,#4041,#4042,#4048,#4049));
#4039 = ORIENTED_EDGE('',*,*,#3854,.F.);
#4040 = ORIENTED_EDGE('',*,*,#1905,.F.);
#4041 = ORIENTED_EDGE('',*,*,#1735,.F.);
#4042 = ORIENTED_EDGE('',*,*,#4043,.F.);
#4043 = EDGE_CURVE('',#1547,#1727,#4044,.T.);
#4044 = LINE('',#4045,#4046);
#4045 = CARTESIAN_POINT('',(7.366,0.2285,2.157));
#4046 = VECTOR('',#4047,1.);
#4047 = DIRECTION('',(3.216245299353E-16,-1.,0.));
#4048 = ORIENTED_EDGE('',*,*,#1555,.F.);
#4049 = ORIENTED_EDGE('',*,*,#1569,.F.);
#4050 = PLANE('',#4051);
#4051 = AXIS2_PLACEMENT_3D('',#4052,#4053,#4054);
#4052 = CARTESIAN_POINT('',(3.81,-0.762,2.157));
#4053 = DIRECTION('',(0.,0.,1.));
#4054 = DIRECTION('',(-4.440892098501E-16,1.,0.));
#4055 = ADVANCED_FACE('',(#4056),#4067,.T.);
#4056 = FACE_BOUND('',#4057,.T.);
#4057 = EDGE_LOOP('',(#4058,#4059,#4060,#4061));
#4058 = ORIENTED_EDGE('',*,*,#1546,.T.);
#4059 = ORIENTED_EDGE('',*,*,#4043,.T.);
#4060 = ORIENTED_EDGE('',*,*,#1726,.F.);
#4061 = ORIENTED_EDGE('',*,*,#4062,.F.);
#4062 = EDGE_CURVE('',#1539,#1719,#4063,.T.);
#4063 = LINE('',#4064,#4065);
#4064 = CARTESIAN_POINT('',(7.747,0.2285,1.776));
#4065 = VECTOR('',#4066,1.);
#4066 = DIRECTION('',(3.216245299353E-16,-1.,0.));
#4067 = CYLINDRICAL_SURFACE('',#4068,0.381);
#4068 = AXIS2_PLACEMENT_3D('',#4069,#4070,#4071);
#4069 = CARTESIAN_POINT('',(7.366,0.2285,1.776));
#4070 = DIRECTION('',(3.216245299353E-16,-1.,0.));
#4071 = DIRECTION('',(1.,3.216245299353E-16,0.));
#4072 = ADVANCED_FACE('',(#4073),#4116,.T.);
#4073 = FACE_BOUND('',#4074,.T.);
#4074 = EDGE_LOOP('',(#4075,#4076,#4077,#4078,#4086,#4094,#4102,#4110));
#4075 = ORIENTED_EDGE('',*,*,#1538,.F.);
#4076 = ORIENTED_EDGE('',*,*,#4062,.T.);
#4077 = ORIENTED_EDGE('',*,*,#1718,.F.);
#4078 = ORIENTED_EDGE('',*,*,#4079,.F.);
#4079 = EDGE_CURVE('',#4080,#1711,#4082,.T.);
#4080 = VERTEX_POINT('',#4081);
#4081 = CARTESIAN_POINT('',(7.747,-0.2285,0.));
#4082 = LINE('',#4083,#4084);
#4083 = CARTESIAN_POINT('',(7.747,-0.2285,0.));
#4084 = VECTOR('',#4085,1.);
#4085 = DIRECTION('',(3.216245299353E-16,-1.,0.));
#4086 = ORIENTED_EDGE('',*,*,#4087,.F.);
#4087 = EDGE_CURVE('',#4088,#4080,#4090,.T.);
#4088 = VERTEX_POINT('',#4089);
#4089 = CARTESIAN_POINT('',(7.747,-0.2285,-2.843));
#4090 = LINE('',#4091,#4092);
#4091 = CARTESIAN_POINT('',(7.747,-0.2285,-2.843));
#4092 = VECTOR('',#4093,1.);
#4093 = DIRECTION('',(0.,0.,1.));
#4094 = ORIENTED_EDGE('',*,*,#4095,.F.);
#4095 = EDGE_CURVE('',#4096,#4088,#4098,.T.);
#4096 = VERTEX_POINT('',#4097);
#4097 = CARTESIAN_POINT('',(7.747,-0.11425,-3.3));
#4098 = LINE('',#4099,#4100);
#4099 = CARTESIAN_POINT('',(7.747,-0.11425,-3.3));
#4100 = VECTOR('',#4101,1.);
#4101 = DIRECTION('',(7.800540639491E-17,-0.242535625036,0.970142500145)
  );
#4102 = ORIENTED_EDGE('',*,*,#4103,.F.);
#4103 = EDGE_CURVE('',#4104,#4096,#4106,.T.);
#4104 = VERTEX_POINT('',#4105);
#4105 = CARTESIAN_POINT('',(7.747,0.11425,-3.3));
#4106 = LINE('',#4107,#4108);
#4107 = CARTESIAN_POINT('',(7.747,0.11425,-3.3));
#4108 = VECTOR('',#4109,1.);
#4109 = DIRECTION('',(3.216245299353E-16,-1.,0.));
#4110 = ORIENTED_EDGE('',*,*,#4111,.F.);
#4111 = EDGE_CURVE('',#1531,#4104,#4112,.T.);
#4112 = LINE('',#4113,#4114);
#4113 = CARTESIAN_POINT('',(7.747,0.2285,-2.843));
#4114 = VECTOR('',#4115,1.);
#4115 = DIRECTION('',(7.800540639491E-17,-0.242535625036,-0.970142500145
    ));
#4116 = PLANE('',#4117);
#4117 = AXIS2_PLACEMENT_3D('',#4118,#4119,#4120);
#4118 = CARTESIAN_POINT('',(7.747,0.2285,2.157));
#4119 = DIRECTION('',(1.,3.216245299353E-16,0.));
#4120 = DIRECTION('',(0.,-0.,1.));
#4121 = ADVANCED_FACE('',(#4122),#4140,.F.);
#4122 = FACE_BOUND('',#4123,.F.);
#4123 = EDGE_LOOP('',(#4124,#4125,#4133,#4139));
#4124 = ORIENTED_EDGE('',*,*,#1530,.T.);
#4125 = ORIENTED_EDGE('',*,*,#4126,.T.);
#4126 = EDGE_CURVE('',#1523,#4127,#4129,.T.);
#4127 = VERTEX_POINT('',#4128);
#4128 = CARTESIAN_POINT('',(7.493,0.11425,-3.3));
#4129 = LINE('',#4130,#4131);
#4130 = CARTESIAN_POINT('',(7.493,0.2285,-2.843));
#4131 = VECTOR('',#4132,1.);
#4132 = DIRECTION('',(7.800540639491E-17,-0.242535625036,-0.970142500145
    ));
#4133 = ORIENTED_EDGE('',*,*,#4134,.F.);
#4134 = EDGE_CURVE('',#4104,#4127,#4135,.T.);
#4135 = LINE('',#4136,#4137);
#4136 = CARTESIAN_POINT('',(7.747,0.11425,-3.3));
#4137 = VECTOR('',#4138,1.);
#4138 = DIRECTION('',(-1.,-3.216245299353E-16,0.));
#4139 = ORIENTED_EDGE('',*,*,#4111,.F.);
#4140 = PLANE('',#4141);
#4141 = AXIS2_PLACEMENT_3D('',#4142,#4143,#4144);
#4142 = CARTESIAN_POINT('',(7.747,0.2285,-2.843));
#4143 = DIRECTION('',(3.120216255796E-16,-0.970142500145,0.242535625036)
  );
#4144 = DIRECTION('',(7.800540639491E-17,-0.242535625036,-0.970142500145
    ));
#4145 = ADVANCED_FACE('',(#4146),#4182,.F.);
#4146 = FACE_BOUND('',#4147,.F.);
#4147 = EDGE_LOOP('',(#4148,#4149,#4150,#4151,#4159,#4167,#4175,#4181));
#4148 = ORIENTED_EDGE('',*,*,#1522,.F.);
#4149 = ORIENTED_EDGE('',*,*,#1685,.T.);
#4150 = ORIENTED_EDGE('',*,*,#1702,.F.);
#4151 = ORIENTED_EDGE('',*,*,#4152,.F.);
#4152 = EDGE_CURVE('',#4153,#1703,#4155,.T.);
#4153 = VERTEX_POINT('',#4154);
#4154 = CARTESIAN_POINT('',(7.493,-0.2285,0.));
#4155 = LINE('',#4156,#4157);
#4156 = CARTESIAN_POINT('',(7.493,-0.2285,0.));
#4157 = VECTOR('',#4158,1.);
#4158 = DIRECTION('',(3.216245299353E-16,-1.,0.));
#4159 = ORIENTED_EDGE('',*,*,#4160,.F.);
#4160 = EDGE_CURVE('',#4161,#4153,#4163,.T.);
#4161 = VERTEX_POINT('',#4162);
#4162 = CARTESIAN_POINT('',(7.493,-0.2285,-2.843));
#4163 = LINE('',#4164,#4165);
#4164 = CARTESIAN_POINT('',(7.493,-0.2285,-2.843));
#4165 = VECTOR('',#4166,1.);
#4166 = DIRECTION('',(0.,0.,1.));
#4167 = ORIENTED_EDGE('',*,*,#4168,.F.);
#4168 = EDGE_CURVE('',#4169,#4161,#4171,.T.);
#4169 = VERTEX_POINT('',#4170);
#4170 = CARTESIAN_POINT('',(7.493,-0.11425,-3.3));
#4171 = LINE('',#4172,#4173);
#4172 = CARTESIAN_POINT('',(7.493,-0.11425,-3.3));
#4173 = VECTOR('',#4174,1.);
#4174 = DIRECTION('',(7.800540639491E-17,-0.242535625036,0.970142500145)
  );
#4175 = ORIENTED_EDGE('',*,*,#4176,.F.);
#4176 = EDGE_CURVE('',#4127,#4169,#4177,.T.);
#4177 = LINE('',#4178,#4179);
#4178 = CARTESIAN_POINT('',(7.493,0.11425,-3.3));
#4179 = VECTOR('',#4180,1.);
#4180 = DIRECTION('',(3.216245299353E-16,-1.,0.));
#4181 = ORIENTED_EDGE('',*,*,#4126,.F.);
#4182 = PLANE('',#4183);
#4183 = AXIS2_PLACEMENT_3D('',#4184,#4185,#4186);
#4184 = CARTESIAN_POINT('',(7.493,0.2285,2.157));
#4185 = DIRECTION('',(1.,3.216245299353E-16,0.));
#4186 = DIRECTION('',(0.,-0.,1.));
#4187 = ADVANCED_FACE('',(#4188),#4199,.T.);
#4188 = FACE_BOUND('',#4189,.T.);
#4189 = EDGE_LOOP('',(#4190,#4196,#4197,#4198));
#4190 = ORIENTED_EDGE('',*,*,#4191,.T.);
#4191 = EDGE_CURVE('',#3990,#3912,#4192,.T.);
#4192 = LINE('',#4193,#4194);
#4193 = CARTESIAN_POINT('',(7.747,-15.0115,0.));
#4194 = VECTOR('',#4195,1.);
#4195 = DIRECTION('',(-1.,-3.216245299353E-16,0.));
#4196 = ORIENTED_EDGE('',*,*,#3911,.T.);
#4197 = ORIENTED_EDGE('',*,*,#1618,.F.);
#4198 = ORIENTED_EDGE('',*,*,#3989,.F.);
#4199 = PLANE('',#4200);
#4200 = AXIS2_PLACEMENT_3D('',#4201,#4202,#4203);
#4201 = CARTESIAN_POINT('',(7.747,-15.0115,0.));
#4202 = DIRECTION('',(-0.,0.,-1.));
#4203 = DIRECTION('',(-3.216245299353E-16,1.,0.));
#4204 = ADVANCED_FACE('',(#4205),#4216,.F.);
#4205 = FACE_BOUND('',#4206,.F.);
#4206 = EDGE_LOOP('',(#4207,#4213,#4214,#4215));
#4207 = ORIENTED_EDGE('',*,*,#4208,.T.);
#4208 = EDGE_CURVE('',#4080,#4153,#4209,.T.);
#4209 = LINE('',#4210,#4211);
#4210 = CARTESIAN_POINT('',(7.747,-0.2285,0.));
#4211 = VECTOR('',#4212,1.);
#4212 = DIRECTION('',(-1.,-3.216245299353E-16,0.));
#4213 = ORIENTED_EDGE('',*,*,#4152,.T.);
#4214 = ORIENTED_EDGE('',*,*,#1710,.F.);
#4215 = ORIENTED_EDGE('',*,*,#4079,.F.);
#4216 = PLANE('',#4217);
#4217 = AXIS2_PLACEMENT_3D('',#4218,#4219,#4220);
#4218 = CARTESIAN_POINT('',(7.747,-0.2285,0.));
#4219 = DIRECTION('',(0.,0.,1.));
#4220 = DIRECTION('',(3.216245299353E-16,-1.,0.));
#4221 = ADVANCED_FACE('',(#4222),#4235,.T.);
#4222 = FACE_BOUND('',#4223,.T.);
#4223 = EDGE_LOOP('',(#4224,#4225,#4226,#4227,#4233,#4234));
#4224 = ORIENTED_EDGE('',*,*,#3819,.F.);
#4225 = ORIENTED_EDGE('',*,*,#1758,.F.);
#4226 = ORIENTED_EDGE('',*,*,#1782,.F.);
#4227 = ORIENTED_EDGE('',*,*,#4228,.F.);
#4228 = EDGE_CURVE('',#1930,#1783,#4229,.T.);
#4229 = LINE('',#4230,#4231);
#4230 = CARTESIAN_POINT('',(7.366,-11.938,2.157));
#4231 = VECTOR('',#4232,1.);
#4232 = DIRECTION('',(3.216245299353E-16,-1.,0.));
#4233 = ORIENTED_EDGE('',*,*,#1929,.F.);
#4234 = ORIENTED_EDGE('',*,*,#2077,.F.);
#4235 = PLANE('',#4236);
#4236 = AXIS2_PLACEMENT_3D('',#4237,#4238,#4239);
#4237 = CARTESIAN_POINT('',(3.683,-13.462,2.157));
#4238 = DIRECTION('',(0.,0.,1.));
#4239 = DIRECTION('',(-4.440892098501E-16,1.,0.));
#4240 = ADVANCED_FACE('',(#4241),#4300,.T.);
#4241 = FACE_BOUND('',#4242,.T.);
#4242 = EDGE_LOOP('',(#4243,#4244,#4245,#4246,#4254,#4262,#4270,#4278,
    #4286,#4294));
#4243 = ORIENTED_EDGE('',*,*,#1815,.F.);
#4244 = ORIENTED_EDGE('',*,*,#1985,.T.);
#4245 = ORIENTED_EDGE('',*,*,#1962,.F.);
#4246 = ORIENTED_EDGE('',*,*,#4247,.F.);
#4247 = EDGE_CURVE('',#4248,#1955,#4250,.T.);
#4248 = VERTEX_POINT('',#4249);
#4249 = CARTESIAN_POINT('',(7.493,-12.4715,0.));
#4250 = LINE('',#4251,#4252);
#4251 = CARTESIAN_POINT('',(7.493,-12.4715,0.));
#4252 = VECTOR('',#4253,1.);
#4253 = DIRECTION('',(-3.216245299353E-16,1.,0.));
#4254 = ORIENTED_EDGE('',*,*,#4255,.F.);
#4255 = EDGE_CURVE('',#4256,#4248,#4258,.T.);
#4256 = VERTEX_POINT('',#4257);
#4257 = CARTESIAN_POINT('',(7.493,-12.4715,-2.843));
#4258 = LINE('',#4259,#4260);
#4259 = CARTESIAN_POINT('',(7.493,-12.4715,-2.843));
#4260 = VECTOR('',#4261,1.);
#4261 = DIRECTION('',(-1.004783562205E-31,3.124088708055E-16,1.));
#4262 = ORIENTED_EDGE('',*,*,#4263,.F.);
#4263 = EDGE_CURVE('',#4264,#4256,#4266,.T.);
#4264 = VERTEX_POINT('',#4265);
#4265 = CARTESIAN_POINT('',(7.493,-12.58575,-3.3));
#4266 = LINE('',#4267,#4268);
#4267 = CARTESIAN_POINT('',(7.493,-12.58575,-3.3));
#4268 = VECTOR('',#4269,1.);
#4269 = DIRECTION('',(-7.800540639491E-17,0.242535625036,0.970142500145)
  );
#4270 = ORIENTED_EDGE('',*,*,#4271,.F.);
#4271 = EDGE_CURVE('',#4272,#4264,#4274,.T.);
#4272 = VERTEX_POINT('',#4273);
#4273 = CARTESIAN_POINT('',(7.493,-12.81425,-3.3));
#4274 = LINE('',#4275,#4276);
#4275 = CARTESIAN_POINT('',(7.493,-12.81425,-3.3));
#4276 = VECTOR('',#4277,1.);
#4277 = DIRECTION('',(-3.216245299353E-16,1.,0.));
#4278 = ORIENTED_EDGE('',*,*,#4279,.F.);
#4279 = EDGE_CURVE('',#4280,#4272,#4282,.T.);
#4280 = VERTEX_POINT('',#4281);
#4281 = CARTESIAN_POINT('',(7.493,-12.9285,-2.843));
#4282 = LINE('',#4283,#4284);
#4283 = CARTESIAN_POINT('',(7.493,-12.9285,-2.843));
#4284 = VECTOR('',#4285,1.);
#4285 = DIRECTION('',(-7.800540639491E-17,0.242535625036,-0.970142500145
    ));
#4286 = ORIENTED_EDGE('',*,*,#4287,.F.);
#4287 = EDGE_CURVE('',#4288,#4280,#4290,.T.);
#4288 = VERTEX_POINT('',#4289);
#4289 = CARTESIAN_POINT('',(7.493,-12.9285,0.));
#4290 = LINE('',#4291,#4292);
#4291 = CARTESIAN_POINT('',(7.493,-12.9285,0.));
#4292 = VECTOR('',#4293,1.);
#4293 = DIRECTION('',(-1.004783562205E-31,3.124088708055E-16,-1.));
#4294 = ORIENTED_EDGE('',*,*,#4295,.F.);
#4295 = EDGE_CURVE('',#1808,#4288,#4296,.T.);
#4296 = LINE('',#4297,#4298);
#4297 = CARTESIAN_POINT('',(7.493,-13.462,0.));
#4298 = VECTOR('',#4299,1.);
#4299 = DIRECTION('',(-3.216245299353E-16,1.,0.));
#4300 = PLANE('',#4301);
#4301 = AXIS2_PLACEMENT_3D('',#4302,#4303,#4304);
#4302 = CARTESIAN_POINT('',(7.493,-13.462,2.157));
#4303 = DIRECTION('',(-1.,-3.216245299353E-16,0.));
#4304 = DIRECTION('',(0.,-0.,-1.));
#4305 = ADVANCED_FACE('',(#4306),#4324,.T.);
#4306 = FACE_BOUND('',#4307,.T.);
#4307 = EDGE_LOOP('',(#4308,#4309,#4310,#4318));
#4308 = ORIENTED_EDGE('',*,*,#1807,.T.);
#4309 = ORIENTED_EDGE('',*,*,#4295,.T.);
#4310 = ORIENTED_EDGE('',*,*,#4311,.F.);
#4311 = EDGE_CURVE('',#4312,#4288,#4314,.T.);
#4312 = VERTEX_POINT('',#4313);
#4313 = CARTESIAN_POINT('',(7.747,-12.9285,0.));
#4314 = LINE('',#4315,#4316);
#4315 = CARTESIAN_POINT('',(7.747,-12.9285,0.));
#4316 = VECTOR('',#4317,1.);
#4317 = DIRECTION('',(-1.,-3.216245299353E-16,0.));
#4318 = ORIENTED_EDGE('',*,*,#4319,.F.);
#4319 = EDGE_CURVE('',#1800,#4312,#4320,.T.);
#4320 = LINE('',#4321,#4322);
#4321 = CARTESIAN_POINT('',(7.747,-13.462,0.));
#4322 = VECTOR('',#4323,1.);
#4323 = DIRECTION('',(-3.216245299353E-16,1.,0.));
#4324 = PLANE('',#4325);
#4325 = AXIS2_PLACEMENT_3D('',#4326,#4327,#4328);
#4326 = CARTESIAN_POINT('',(7.747,-13.462,0.));
#4327 = DIRECTION('',(-0.,0.,-1.));
#4328 = DIRECTION('',(-3.216245299353E-16,1.,0.));
#4329 = ADVANCED_FACE('',(#4330),#4387,.F.);
#4330 = FACE_BOUND('',#4331,.F.);
#4331 = EDGE_LOOP('',(#4332,#4333,#4339,#4340,#4348,#4356,#4364,#4372,
    #4380,#4386));
#4332 = ORIENTED_EDGE('',*,*,#1799,.F.);
#4333 = ORIENTED_EDGE('',*,*,#4334,.F.);
#4334 = EDGE_CURVE('',#1938,#1791,#4335,.T.);
#4335 = LINE('',#4336,#4337);
#4336 = CARTESIAN_POINT('',(7.747,-11.938,1.776));
#4337 = VECTOR('',#4338,1.);
#4338 = DIRECTION('',(3.216245299353E-16,-1.,0.));
#4339 = ORIENTED_EDGE('',*,*,#1946,.F.);
#4340 = ORIENTED_EDGE('',*,*,#4341,.F.);
#4341 = EDGE_CURVE('',#4342,#1947,#4344,.T.);
#4342 = VERTEX_POINT('',#4343);
#4343 = CARTESIAN_POINT('',(7.747,-12.4715,0.));
#4344 = LINE('',#4345,#4346);
#4345 = CARTESIAN_POINT('',(7.747,-12.4715,0.));
#4346 = VECTOR('',#4347,1.);
#4347 = DIRECTION('',(-3.216245299353E-16,1.,0.));
#4348 = ORIENTED_EDGE('',*,*,#4349,.F.);
#4349 = EDGE_CURVE('',#4350,#4342,#4352,.T.);
#4350 = VERTEX_POINT('',#4351);
#4351 = CARTESIAN_POINT('',(7.747,-12.4715,-2.843));
#4352 = LINE('',#4353,#4354);
#4353 = CARTESIAN_POINT('',(7.747,-12.4715,-2.843));
#4354 = VECTOR('',#4355,1.);
#4355 = DIRECTION('',(-1.004783562205E-31,3.124088708055E-16,1.));
#4356 = ORIENTED_EDGE('',*,*,#4357,.F.);
#4357 = EDGE_CURVE('',#4358,#4350,#4360,.T.);
#4358 = VERTEX_POINT('',#4359);
#4359 = CARTESIAN_POINT('',(7.747,-12.58575,-3.3));
#4360 = LINE('',#4361,#4362);
#4361 = CARTESIAN_POINT('',(7.747,-12.58575,-3.3));
#4362 = VECTOR('',#4363,1.);
#4363 = DIRECTION('',(-7.800540639491E-17,0.242535625036,0.970142500145)
  );
#4364 = ORIENTED_EDGE('',*,*,#4365,.F.);
#4365 = EDGE_CURVE('',#4366,#4358,#4368,.T.);
#4366 = VERTEX_POINT('',#4367);
#4367 = CARTESIAN_POINT('',(7.747,-12.81425,-3.3));
#4368 = LINE('',#4369,#4370);
#4369 = CARTESIAN_POINT('',(7.747,-12.81425,-3.3));
#4370 = VECTOR('',#4371,1.);
#4371 = DIRECTION('',(-3.216245299353E-16,1.,0.));
#4372 = ORIENTED_EDGE('',*,*,#4373,.F.);
#4373 = EDGE_CURVE('',#4374,#4366,#4376,.T.);
#4374 = VERTEX_POINT('',#4375);
#4375 = CARTESIAN_POINT('',(7.747,-12.9285,-2.843));
#4376 = LINE('',#4377,#4378);
#4377 = CARTESIAN_POINT('',(7.747,-12.9285,-2.843));
#4378 = VECTOR('',#4379,1.);
#4379 = DIRECTION('',(-7.800540639491E-17,0.242535625036,-0.970142500145
    ));
#4380 = ORIENTED_EDGE('',*,*,#4381,.F.);
#4381 = EDGE_CURVE('',#4312,#4374,#4382,.T.);
#4382 = LINE('',#4383,#4384);
#4383 = CARTESIAN_POINT('',(7.747,-12.9285,0.));
#4384 = VECTOR('',#4385,1.);
#4385 = DIRECTION('',(-1.004783562205E-31,3.124088708055E-16,-1.));
#4386 = ORIENTED_EDGE('',*,*,#4319,.F.);
#4387 = PLANE('',#4388);
#4388 = AXIS2_PLACEMENT_3D('',#4389,#4390,#4391);
#4389 = CARTESIAN_POINT('',(7.747,-13.462,2.157));
#4390 = DIRECTION('',(-1.,-3.216245299353E-16,0.));
#4391 = DIRECTION('',(0.,-0.,-1.));
#4392 = ADVANCED_FACE('',(#4393),#4399,.T.);
#4393 = FACE_BOUND('',#4394,.T.);
#4394 = EDGE_LOOP('',(#4395,#4396,#4397,#4398));
#4395 = ORIENTED_EDGE('',*,*,#4228,.T.);
#4396 = ORIENTED_EDGE('',*,*,#1790,.T.);
#4397 = ORIENTED_EDGE('',*,*,#4334,.F.);
#4398 = ORIENTED_EDGE('',*,*,#1937,.F.);
#4399 = CYLINDRICAL_SURFACE('',#4400,0.381);
#4400 = AXIS2_PLACEMENT_3D('',#4401,#4402,#4403);
#4401 = CARTESIAN_POINT('',(7.366,-11.938,1.776));
#4402 = DIRECTION('',(3.216245299353E-16,-1.,0.));
#4403 = DIRECTION('',(0.,0.,1.));
#4404 = ADVANCED_FACE('',(#4405),#4464,.T.);
#4405 = FACE_BOUND('',#4406,.T.);
#4406 = EDGE_LOOP('',(#4407,#4408,#4409,#4410,#4418,#4426,#4434,#4442,
    #4450,#4458));
#4407 = ORIENTED_EDGE('',*,*,#2062,.F.);
#4408 = ORIENTED_EDGE('',*,*,#2002,.T.);
#4409 = ORIENTED_EDGE('',*,*,#1873,.F.);
#4410 = ORIENTED_EDGE('',*,*,#4411,.F.);
#4411 = EDGE_CURVE('',#4412,#1866,#4414,.T.);
#4412 = VERTEX_POINT('',#4413);
#4413 = CARTESIAN_POINT('',(7.493,-2.3115,0.));
#4414 = LINE('',#4415,#4416);
#4415 = CARTESIAN_POINT('',(7.493,-2.3115,0.));
#4416 = VECTOR('',#4417,1.);
#4417 = DIRECTION('',(-3.216245299353E-16,1.,0.));
#4418 = ORIENTED_EDGE('',*,*,#4419,.F.);
#4419 = EDGE_CURVE('',#4420,#4412,#4422,.T.);
#4420 = VERTEX_POINT('',#4421);
#4421 = CARTESIAN_POINT('',(7.493,-2.3115,-2.843));
#4422 = LINE('',#4423,#4424);
#4423 = CARTESIAN_POINT('',(7.493,-2.3115,-2.843));
#4424 = VECTOR('',#4425,1.);
#4425 = DIRECTION('',(-1.004783562205E-31,3.124088708055E-16,1.));
#4426 = ORIENTED_EDGE('',*,*,#4427,.F.);
#4427 = EDGE_CURVE('',#4428,#4420,#4430,.T.);
#4428 = VERTEX_POINT('',#4429);
#4429 = CARTESIAN_POINT('',(7.493,-2.42575,-3.3));
#4430 = LINE('',#4431,#4432);
#4431 = CARTESIAN_POINT('',(7.493,-2.42575,-3.3));
#4432 = VECTOR('',#4433,1.);
#4433 = DIRECTION('',(-7.800540639491E-17,0.242535625036,0.970142500145)
  );
#4434 = ORIENTED_EDGE('',*,*,#4435,.F.);
#4435 = EDGE_CURVE('',#4436,#4428,#4438,.T.);
#4436 = VERTEX_POINT('',#4437);
#4437 = CARTESIAN_POINT('',(7.493,-2.65425,-3.3));
#4438 = LINE('',#4439,#4440);
#4439 = CARTESIAN_POINT('',(7.493,-2.65425,-3.3));
#4440 = VECTOR('',#4441,1.);
#4441 = DIRECTION('',(-3.216245299353E-16,1.,0.));
#4442 = ORIENTED_EDGE('',*,*,#4443,.F.);
#4443 = EDGE_CURVE('',#4444,#4436,#4446,.T.);
#4444 = VERTEX_POINT('',#4445);
#4445 = CARTESIAN_POINT('',(7.493,-2.7685,-2.843));
#4446 = LINE('',#4447,#4448);
#4447 = CARTESIAN_POINT('',(7.493,-2.7685,-2.843));
#4448 = VECTOR('',#4449,1.);
#4449 = DIRECTION('',(-7.800540639491E-17,0.242535625036,-0.970142500145
    ));
#4450 = ORIENTED_EDGE('',*,*,#4451,.F.);
#4451 = EDGE_CURVE('',#4452,#4444,#4454,.T.);
#4452 = VERTEX_POINT('',#4453);
#4453 = CARTESIAN_POINT('',(7.493,-2.7685,0.));
#4454 = LINE('',#4455,#4456);
#4455 = CARTESIAN_POINT('',(7.493,-2.7685,0.));
#4456 = VECTOR('',#4457,1.);
#4457 = DIRECTION('',(-1.004783562205E-31,3.124088708055E-16,-1.));
#4458 = ORIENTED_EDGE('',*,*,#4459,.F.);
#4459 = EDGE_CURVE('',#2055,#4452,#4460,.T.);
#4460 = LINE('',#4461,#4462);
#4461 = CARTESIAN_POINT('',(7.493,-3.302,0.));
#4462 = VECTOR('',#4463,1.);
#4463 = DIRECTION('',(-3.216245299353E-16,1.,0.));
#4464 = PLANE('',#4465);
#4465 = AXIS2_PLACEMENT_3D('',#4466,#4467,#4468);
#4466 = CARTESIAN_POINT('',(7.493,-3.302,2.157));
#4467 = DIRECTION('',(-1.,-3.216245299353E-16,0.));
#4468 = DIRECTION('',(0.,-0.,-1.));
#4469 = ADVANCED_FACE('',(#4470),#4488,.T.);
#4470 = FACE_BOUND('',#4471,.T.);
#4471 = EDGE_LOOP('',(#4472,#4480,#4481,#4482));
#4472 = ORIENTED_EDGE('',*,*,#4473,.T.);
#4473 = EDGE_CURVE('',#4474,#4412,#4476,.T.);
#4474 = VERTEX_POINT('',#4475);
#4475 = CARTESIAN_POINT('',(7.747,-2.3115,0.));
#4476 = LINE('',#4477,#4478);
#4477 = CARTESIAN_POINT('',(7.747,-2.3115,0.));
#4478 = VECTOR('',#4479,1.);
#4479 = DIRECTION('',(-1.,-3.216245299353E-16,0.));
#4480 = ORIENTED_EDGE('',*,*,#4411,.T.);
#4481 = ORIENTED_EDGE('',*,*,#1865,.F.);
#4482 = ORIENTED_EDGE('',*,*,#4483,.F.);
#4483 = EDGE_CURVE('',#4474,#1858,#4484,.T.);
#4484 = LINE('',#4485,#4486);
#4485 = CARTESIAN_POINT('',(7.747,-2.3115,0.));
#4486 = VECTOR('',#4487,1.);
#4487 = DIRECTION('',(-3.216245299353E-16,1.,0.));
#4488 = PLANE('',#4489);
#4489 = AXIS2_PLACEMENT_3D('',#4490,#4491,#4492);
#4490 = CARTESIAN_POINT('',(7.747,-2.3115,0.));
#4491 = DIRECTION('',(-0.,0.,-1.));
#4492 = DIRECTION('',(-3.216245299353E-16,1.,0.));
#4493 = ADVANCED_FACE('',(#4494),#4551,.F.);
#4494 = FACE_BOUND('',#4495,.F.);
#4495 = EDGE_LOOP('',(#4496,#4497,#4503,#4504,#4505,#4513,#4521,#4529,
    #4537,#4545));
#4496 = ORIENTED_EDGE('',*,*,#2046,.F.);
#4497 = ORIENTED_EDGE('',*,*,#4498,.F.);
#4498 = EDGE_CURVE('',#1849,#2038,#4499,.T.);
#4499 = LINE('',#4500,#4501);
#4500 = CARTESIAN_POINT('',(7.747,-1.778,1.776));
#4501 = VECTOR('',#4502,1.);
#4502 = DIRECTION('',(3.216245299353E-16,-1.,0.));
#4503 = ORIENTED_EDGE('',*,*,#1857,.F.);
#4504 = ORIENTED_EDGE('',*,*,#4483,.F.);
#4505 = ORIENTED_EDGE('',*,*,#4506,.F.);
#4506 = EDGE_CURVE('',#4507,#4474,#4509,.T.);
#4507 = VERTEX_POINT('',#4508);
#4508 = CARTESIAN_POINT('',(7.747,-2.3115,-2.843));
#4509 = LINE('',#4510,#4511);
#4510 = CARTESIAN_POINT('',(7.747,-2.3115,-2.843));
#4511 = VECTOR('',#4512,1.);
#4512 = DIRECTION('',(-1.004783562205E-31,3.124088708055E-16,1.));
#4513 = ORIENTED_EDGE('',*,*,#4514,.F.);
#4514 = EDGE_CURVE('',#4515,#4507,#4517,.T.);
#4515 = VERTEX_POINT('',#4516);
#4516 = CARTESIAN_POINT('',(7.747,-2.42575,-3.3));
#4517 = LINE('',#4518,#4519);
#4518 = CARTESIAN_POINT('',(7.747,-2.42575,-3.3));
#4519 = VECTOR('',#4520,1.);
#4520 = DIRECTION('',(-7.800540639491E-17,0.242535625036,0.970142500145)
  );
#4521 = ORIENTED_EDGE('',*,*,#4522,.F.);
#4522 = EDGE_CURVE('',#4523,#4515,#4525,.T.);
#4523 = VERTEX_POINT('',#4524);
#4524 = CARTESIAN_POINT('',(7.747,-2.65425,-3.3));
#4525 = LINE('',#4526,#4527);
#4526 = CARTESIAN_POINT('',(7.747,-2.65425,-3.3));
#4527 = VECTOR('',#4528,1.);
#4528 = DIRECTION('',(-3.216245299353E-16,1.,0.));
#4529 = ORIENTED_EDGE('',*,*,#4530,.F.);
#4530 = EDGE_CURVE('',#4531,#4523,#4533,.T.);
#4531 = VERTEX_POINT('',#4532);
#4532 = CARTESIAN_POINT('',(7.747,-2.7685,-2.843));
#4533 = LINE('',#4534,#4535);
#4534 = CARTESIAN_POINT('',(7.747,-2.7685,-2.843));
#4535 = VECTOR('',#4536,1.);
#4536 = DIRECTION('',(-7.800540639491E-17,0.242535625036,-0.970142500145
    ));
#4537 = ORIENTED_EDGE('',*,*,#4538,.F.);
#4538 = EDGE_CURVE('',#4539,#4531,#4541,.T.);
#4539 = VERTEX_POINT('',#4540);
#4540 = CARTESIAN_POINT('',(7.747,-2.7685,0.));
#4541 = LINE('',#4542,#4543);
#4542 = CARTESIAN_POINT('',(7.747,-2.7685,0.));
#4543 = VECTOR('',#4544,1.);
#4544 = DIRECTION('',(-1.004783562205E-31,3.124088708055E-16,-1.));
#4545 = ORIENTED_EDGE('',*,*,#4546,.F.);
#4546 = EDGE_CURVE('',#2047,#4539,#4547,.T.);
#4547 = LINE('',#4548,#4549);
#4548 = CARTESIAN_POINT('',(7.747,-3.302,0.));
#4549 = VECTOR('',#4550,1.);
#4550 = DIRECTION('',(-3.216245299353E-16,1.,0.));
#4551 = PLANE('',#4552);
#4552 = AXIS2_PLACEMENT_3D('',#4553,#4554,#4555);
#4553 = CARTESIAN_POINT('',(7.747,-3.302,2.157));
#4554 = DIRECTION('',(-1.,-3.216245299353E-16,0.));
#4555 = DIRECTION('',(0.,-0.,-1.));
#4556 = ADVANCED_FACE('',(#4557),#4568,.T.);
#4557 = FACE_BOUND('',#4558,.T.);
#4558 = EDGE_LOOP('',(#4559,#4565,#4566,#4567));
#4559 = ORIENTED_EDGE('',*,*,#4560,.T.);
#4560 = EDGE_CURVE('',#1841,#2030,#4561,.T.);
#4561 = LINE('',#4562,#4563);
#4562 = CARTESIAN_POINT('',(7.366,-1.778,2.157));
#4563 = VECTOR('',#4564,1.);
#4564 = DIRECTION('',(3.216245299353E-16,-1.,0.));
#4565 = ORIENTED_EDGE('',*,*,#2037,.T.);
#4566 = ORIENTED_EDGE('',*,*,#4498,.F.);
#4567 = ORIENTED_EDGE('',*,*,#1848,.F.);
#4568 = CYLINDRICAL_SURFACE('',#4569,0.381);
#4569 = AXIS2_PLACEMENT_3D('',#4570,#4571,#4572);
#4570 = CARTESIAN_POINT('',(7.366,-1.778,1.776));
#4571 = DIRECTION('',(3.216245299353E-16,-1.,0.));
#4572 = DIRECTION('',(0.,0.,1.));
#4573 = ADVANCED_FACE('',(#4574),#4582,.T.);
#4574 = FACE_BOUND('',#4575,.T.);
#4575 = EDGE_LOOP('',(#4576,#4577,#4578,#4579,#4580,#4581));
#4576 = ORIENTED_EDGE('',*,*,#3847,.F.);
#4577 = ORIENTED_EDGE('',*,*,#2233,.F.);
#4578 = ORIENTED_EDGE('',*,*,#2029,.F.);
#4579 = ORIENTED_EDGE('',*,*,#4560,.F.);
#4580 = ORIENTED_EDGE('',*,*,#1840,.F.);
#4581 = ORIENTED_EDGE('',*,*,#1896,.F.);
#4582 = PLANE('',#4583);
#4583 = AXIS2_PLACEMENT_3D('',#4584,#4585,#4586);
#4584 = CARTESIAN_POINT('',(3.683,-3.302,2.157));
#4585 = DIRECTION('',(0.,0.,1.));
#4586 = DIRECTION('',(-4.440892098501E-16,1.,0.));
#4587 = ADVANCED_FACE('',(#4588),#4599,.T.);
#4588 = FACE_BOUND('',#4589,.T.);
#4589 = EDGE_LOOP('',(#4590,#4596,#4597,#4598));
#4590 = ORIENTED_EDGE('',*,*,#4591,.T.);
#4591 = EDGE_CURVE('',#4342,#4248,#4592,.T.);
#4592 = LINE('',#4593,#4594);
#4593 = CARTESIAN_POINT('',(7.747,-12.4715,0.));
#4594 = VECTOR('',#4595,1.);
#4595 = DIRECTION('',(-1.,-3.216245299353E-16,0.));
#4596 = ORIENTED_EDGE('',*,*,#4247,.T.);
#4597 = ORIENTED_EDGE('',*,*,#1954,.F.);
#4598 = ORIENTED_EDGE('',*,*,#4341,.F.);
#4599 = PLANE('',#4600);
#4600 = AXIS2_PLACEMENT_3D('',#4601,#4602,#4603);
#4601 = CARTESIAN_POINT('',(7.747,-12.4715,0.));
#4602 = DIRECTION('',(-0.,0.,-1.));
#4603 = DIRECTION('',(-3.216245299353E-16,1.,0.));
#4604 = ADVANCED_FACE('',(#4605),#4616,.T.);
#4605 = FACE_BOUND('',#4606,.T.);
#4606 = EDGE_LOOP('',(#4607,#4608,#4609,#4615));
#4607 = ORIENTED_EDGE('',*,*,#2054,.T.);
#4608 = ORIENTED_EDGE('',*,*,#4459,.T.);
#4609 = ORIENTED_EDGE('',*,*,#4610,.F.);
#4610 = EDGE_CURVE('',#4539,#4452,#4611,.T.);
#4611 = LINE('',#4612,#4613);
#4612 = CARTESIAN_POINT('',(7.747,-2.7685,0.));
#4613 = VECTOR('',#4614,1.);
#4614 = DIRECTION('',(-1.,-3.216245299353E-16,0.));
#4615 = ORIENTED_EDGE('',*,*,#4546,.F.);
#4616 = PLANE('',#4617);
#4617 = AXIS2_PLACEMENT_3D('',#4618,#4619,#4620);
#4618 = CARTESIAN_POINT('',(7.747,-3.302,0.));
#4619 = DIRECTION('',(-0.,0.,-1.));
#4620 = DIRECTION('',(-3.216245299353E-16,1.,0.));
#4621 = ADVANCED_FACE('',(#4622),#4635,.T.);
#4622 = FACE_BOUND('',#4623,.T.);
#4623 = EDGE_LOOP('',(#4624,#4625,#4626,#4627,#4633,#4634));
#4624 = ORIENTED_EDGE('',*,*,#3826,.F.);
#4625 = ORIENTED_EDGE('',*,*,#2086,.F.);
#4626 = ORIENTED_EDGE('',*,*,#2110,.F.);
#4627 = ORIENTED_EDGE('',*,*,#4628,.F.);
#4628 = EDGE_CURVE('',#2258,#2111,#4629,.T.);
#4629 = LINE('',#4630,#4631);
#4630 = CARTESIAN_POINT('',(7.366,-9.398,2.157));
#4631 = VECTOR('',#4632,1.);
#4632 = DIRECTION('',(3.216245299353E-16,-1.,0.));
#4633 = ORIENTED_EDGE('',*,*,#2257,.F.);
#4634 = ORIENTED_EDGE('',*,*,#2405,.F.);
#4635 = PLANE('',#4636);
#4636 = AXIS2_PLACEMENT_3D('',#4637,#4638,#4639);
#4637 = CARTESIAN_POINT('',(3.683,-10.922,2.157));
#4638 = DIRECTION('',(0.,0.,1.));
#4639 = DIRECTION('',(-4.440892098501E-16,1.,0.));
#4640 = ADVANCED_FACE('',(#4641),#4700,.T.);
#4641 = FACE_BOUND('',#4642,.T.);
#4642 = EDGE_LOOP('',(#4643,#4644,#4645,#4646,#4654,#4662,#4670,#4678,
    #4686,#4694));
#4643 = ORIENTED_EDGE('',*,*,#2143,.F.);
#4644 = ORIENTED_EDGE('',*,*,#2313,.T.);
#4645 = ORIENTED_EDGE('',*,*,#2290,.F.);
#4646 = ORIENTED_EDGE('',*,*,#4647,.F.);
#4647 = EDGE_CURVE('',#4648,#2283,#4650,.T.);
#4648 = VERTEX_POINT('',#4649);
#4649 = CARTESIAN_POINT('',(7.493,-9.9315,0.));
#4650 = LINE('',#4651,#4652);
#4651 = CARTESIAN_POINT('',(7.493,-9.9315,0.));
#4652 = VECTOR('',#4653,1.);
#4653 = DIRECTION('',(-3.216245299353E-16,1.,0.));
#4654 = ORIENTED_EDGE('',*,*,#4655,.F.);
#4655 = EDGE_CURVE('',#4656,#4648,#4658,.T.);
#4656 = VERTEX_POINT('',#4657);
#4657 = CARTESIAN_POINT('',(7.493,-9.9315,-2.843));
#4658 = LINE('',#4659,#4660);
#4659 = CARTESIAN_POINT('',(7.493,-9.9315,-2.843));
#4660 = VECTOR('',#4661,1.);
#4661 = DIRECTION('',(-1.004783562205E-31,3.124088708055E-16,1.));
#4662 = ORIENTED_EDGE('',*,*,#4663,.F.);
#4663 = EDGE_CURVE('',#4664,#4656,#4666,.T.);
#4664 = VERTEX_POINT('',#4665);
#4665 = CARTESIAN_POINT('',(7.493,-10.04575,-3.3));
#4666 = LINE('',#4667,#4668);
#4667 = CARTESIAN_POINT('',(7.493,-10.04575,-3.3));
#4668 = VECTOR('',#4669,1.);
#4669 = DIRECTION('',(-7.800540639491E-17,0.242535625036,0.970142500145)
  );
#4670 = ORIENTED_EDGE('',*,*,#4671,.F.);
#4671 = EDGE_CURVE('',#4672,#4664,#4674,.T.);
#4672 = VERTEX_POINT('',#4673);
#4673 = CARTESIAN_POINT('',(7.493,-10.27425,-3.3));
#4674 = LINE('',#4675,#4676);
#4675 = CARTESIAN_POINT('',(7.493,-10.27425,-3.3));
#4676 = VECTOR('',#4677,1.);
#4677 = DIRECTION('',(-3.216245299353E-16,1.,0.));
#4678 = ORIENTED_EDGE('',*,*,#4679,.F.);
#4679 = EDGE_CURVE('',#4680,#4672,#4682,.T.);
#4680 = VERTEX_POINT('',#4681);
#4681 = CARTESIAN_POINT('',(7.493,-10.3885,-2.843));
#4682 = LINE('',#4683,#4684);
#4683 = CARTESIAN_POINT('',(7.493,-10.3885,-2.843));
#4684 = VECTOR('',#4685,1.);
#4685 = DIRECTION('',(-7.800540639491E-17,0.242535625036,-0.970142500145
    ));
#4686 = ORIENTED_EDGE('',*,*,#4687,.F.);
#4687 = EDGE_CURVE('',#4688,#4680,#4690,.T.);
#4688 = VERTEX_POINT('',#4689);
#4689 = CARTESIAN_POINT('',(7.493,-10.3885,0.));
#4690 = LINE('',#4691,#4692);
#4691 = CARTESIAN_POINT('',(7.493,-10.3885,0.));
#4692 = VECTOR('',#4693,1.);
#4693 = DIRECTION('',(-1.004783562205E-31,3.124088708055E-16,-1.));
#4694 = ORIENTED_EDGE('',*,*,#4695,.F.);
#4695 = EDGE_CURVE('',#2136,#4688,#4696,.T.);
#4696 = LINE('',#4697,#4698);
#4697 = CARTESIAN_POINT('',(7.493,-10.922,0.));
#4698 = VECTOR('',#4699,1.);
#4699 = DIRECTION('',(-3.216245299353E-16,1.,0.));
#4700 = PLANE('',#4701);
#4701 = AXIS2_PLACEMENT_3D('',#4702,#4703,#4704);
#4702 = CARTESIAN_POINT('',(7.493,-10.922,2.157));
#4703 = DIRECTION('',(-1.,-3.216245299353E-16,0.));
#4704 = DIRECTION('',(0.,-0.,-1.));
#4705 = ADVANCED_FACE('',(#4706),#4724,.T.);
#4706 = FACE_BOUND('',#4707,.T.);
#4707 = EDGE_LOOP('',(#4708,#4709,#4710,#4718));
#4708 = ORIENTED_EDGE('',*,*,#2135,.T.);
#4709 = ORIENTED_EDGE('',*,*,#4695,.T.);
#4710 = ORIENTED_EDGE('',*,*,#4711,.F.);
#4711 = EDGE_CURVE('',#4712,#4688,#4714,.T.);
#4712 = VERTEX_POINT('',#4713);
#4713 = CARTESIAN_POINT('',(7.747,-10.3885,0.));
#4714 = LINE('',#4715,#4716);
#4715 = CARTESIAN_POINT('',(7.747,-10.3885,0.));
#4716 = VECTOR('',#4717,1.);
#4717 = DIRECTION('',(-1.,-3.216245299353E-16,0.));
#4718 = ORIENTED_EDGE('',*,*,#4719,.F.);
#4719 = EDGE_CURVE('',#2128,#4712,#4720,.T.);
#4720 = LINE('',#4721,#4722);
#4721 = CARTESIAN_POINT('',(7.747,-10.922,0.));
#4722 = VECTOR('',#4723,1.);
#4723 = DIRECTION('',(-3.216245299353E-16,1.,0.));
#4724 = PLANE('',#4725);
#4725 = AXIS2_PLACEMENT_3D('',#4726,#4727,#4728);
#4726 = CARTESIAN_POINT('',(7.747,-10.922,0.));
#4727 = DIRECTION('',(-0.,0.,-1.));
#4728 = DIRECTION('',(-3.216245299353E-16,1.,0.));
#4729 = ADVANCED_FACE('',(#4730),#4787,.F.);
#4730 = FACE_BOUND('',#4731,.F.);
#4731 = EDGE_LOOP('',(#4732,#4733,#4739,#4740,#4748,#4756,#4764,#4772,
    #4780,#4786));
#4732 = ORIENTED_EDGE('',*,*,#2127,.F.);
#4733 = ORIENTED_EDGE('',*,*,#4734,.F.);
#4734 = EDGE_CURVE('',#2266,#2119,#4735,.T.);
#4735 = LINE('',#4736,#4737);
#4736 = CARTESIAN_POINT('',(7.747,-9.398,1.776));
#4737 = VECTOR('',#4738,1.);
#4738 = DIRECTION('',(3.216245299353E-16,-1.,0.));
#4739 = ORIENTED_EDGE('',*,*,#2274,.F.);
#4740 = ORIENTED_EDGE('',*,*,#4741,.F.);
#4741 = EDGE_CURVE('',#4742,#2275,#4744,.T.);
#4742 = VERTEX_POINT('',#4743);
#4743 = CARTESIAN_POINT('',(7.747,-9.9315,0.));
#4744 = LINE('',#4745,#4746);
#4745 = CARTESIAN_POINT('',(7.747,-9.9315,0.));
#4746 = VECTOR('',#4747,1.);
#4747 = DIRECTION('',(-3.216245299353E-16,1.,0.));
#4748 = ORIENTED_EDGE('',*,*,#4749,.F.);
#4749 = EDGE_CURVE('',#4750,#4742,#4752,.T.);
#4750 = VERTEX_POINT('',#4751);
#4751 = CARTESIAN_POINT('',(7.747,-9.9315,-2.843));
#4752 = LINE('',#4753,#4754);
#4753 = CARTESIAN_POINT('',(7.747,-9.9315,-2.843));
#4754 = VECTOR('',#4755,1.);
#4755 = DIRECTION('',(-1.004783562205E-31,3.124088708055E-16,1.));
#4756 = ORIENTED_EDGE('',*,*,#4757,.F.);
#4757 = EDGE_CURVE('',#4758,#4750,#4760,.T.);
#4758 = VERTEX_POINT('',#4759);
#4759 = CARTESIAN_POINT('',(7.747,-10.04575,-3.3));
#4760 = LINE('',#4761,#4762);
#4761 = CARTESIAN_POINT('',(7.747,-10.04575,-3.3));
#4762 = VECTOR('',#4763,1.);
#4763 = DIRECTION('',(-7.800540639491E-17,0.242535625036,0.970142500145)
  );
#4764 = ORIENTED_EDGE('',*,*,#4765,.F.);
#4765 = EDGE_CURVE('',#4766,#4758,#4768,.T.);
#4766 = VERTEX_POINT('',#4767);
#4767 = CARTESIAN_POINT('',(7.747,-10.27425,-3.3));
#4768 = LINE('',#4769,#4770);
#4769 = CARTESIAN_POINT('',(7.747,-10.27425,-3.3));
#4770 = VECTOR('',#4771,1.);
#4771 = DIRECTION('',(-3.216245299353E-16,1.,0.));
#4772 = ORIENTED_EDGE('',*,*,#4773,.F.);
#4773 = EDGE_CURVE('',#4774,#4766,#4776,.T.);
#4774 = VERTEX_POINT('',#4775);
#4775 = CARTESIAN_POINT('',(7.747,-10.3885,-2.843));
#4776 = LINE('',#4777,#4778);
#4777 = CARTESIAN_POINT('',(7.747,-10.3885,-2.843));
#4778 = VECTOR('',#4779,1.);
#4779 = DIRECTION('',(-7.800540639491E-17,0.242535625036,-0.970142500145
    ));
#4780 = ORIENTED_EDGE('',*,*,#4781,.F.);
#4781 = EDGE_CURVE('',#4712,#4774,#4782,.T.);
#4782 = LINE('',#4783,#4784);
#4783 = CARTESIAN_POINT('',(7.747,-10.3885,0.));
#4784 = VECTOR('',#4785,1.);
#4785 = DIRECTION('',(-1.004783562205E-31,3.124088708055E-16,-1.));
#4786 = ORIENTED_EDGE('',*,*,#4719,.F.);
#4787 = PLANE('',#4788);
#4788 = AXIS2_PLACEMENT_3D('',#4789,#4790,#4791);
#4789 = CARTESIAN_POINT('',(7.747,-10.922,2.157));
#4790 = DIRECTION('',(-1.,-3.216245299353E-16,0.));
#4791 = DIRECTION('',(0.,-0.,-1.));
#4792 = ADVANCED_FACE('',(#4793),#4799,.T.);
#4793 = FACE_BOUND('',#4794,.T.);
#4794 = EDGE_LOOP('',(#4795,#4796,#4797,#4798));
#4795 = ORIENTED_EDGE('',*,*,#4628,.T.);
#4796 = ORIENTED_EDGE('',*,*,#2118,.T.);
#4797 = ORIENTED_EDGE('',*,*,#4734,.F.);
#4798 = ORIENTED_EDGE('',*,*,#2265,.F.);
#4799 = CYLINDRICAL_SURFACE('',#4800,0.381);
#4800 = AXIS2_PLACEMENT_3D('',#4801,#4802,#4803);
#4801 = CARTESIAN_POINT('',(7.366,-9.398,1.776));
#4802 = DIRECTION('',(3.216245299353E-16,-1.,0.));
#4803 = DIRECTION('',(0.,0.,1.));
#4804 = ADVANCED_FACE('',(#4805),#4864,.T.);
#4805 = FACE_BOUND('',#4806,.T.);
#4806 = EDGE_LOOP('',(#4807,#4808,#4809,#4810,#4818,#4826,#4834,#4842,
    #4850,#4858));
#4807 = ORIENTED_EDGE('',*,*,#2390,.F.);
#4808 = ORIENTED_EDGE('',*,*,#2330,.T.);
#4809 = ORIENTED_EDGE('',*,*,#2201,.F.);
#4810 = ORIENTED_EDGE('',*,*,#4811,.F.);
#4811 = EDGE_CURVE('',#4812,#2194,#4814,.T.);
#4812 = VERTEX_POINT('',#4813);
#4813 = CARTESIAN_POINT('',(7.493,-4.8515,0.));
#4814 = LINE('',#4815,#4816);
#4815 = CARTESIAN_POINT('',(7.493,-4.8515,0.));
#4816 = VECTOR('',#4817,1.);
#4817 = DIRECTION('',(-3.216245299353E-16,1.,0.));
#4818 = ORIENTED_EDGE('',*,*,#4819,.F.);
#4819 = EDGE_CURVE('',#4820,#4812,#4822,.T.);
#4820 = VERTEX_POINT('',#4821);
#4821 = CARTESIAN_POINT('',(7.493,-4.8515,-2.843));
#4822 = LINE('',#4823,#4824);
#4823 = CARTESIAN_POINT('',(7.493,-4.8515,-2.843));
#4824 = VECTOR('',#4825,1.);
#4825 = DIRECTION('',(-1.004783562205E-31,3.124088708055E-16,1.));
#4826 = ORIENTED_EDGE('',*,*,#4827,.F.);
#4827 = EDGE_CURVE('',#4828,#4820,#4830,.T.);
#4828 = VERTEX_POINT('',#4829);
#4829 = CARTESIAN_POINT('',(7.493,-4.96575,-3.3));
#4830 = LINE('',#4831,#4832);
#4831 = CARTESIAN_POINT('',(7.493,-4.96575,-3.3));
#4832 = VECTOR('',#4833,1.);
#4833 = DIRECTION('',(-7.800540639491E-17,0.242535625036,0.970142500145)
  );
#4834 = ORIENTED_EDGE('',*,*,#4835,.F.);
#4835 = EDGE_CURVE('',#4836,#4828,#4838,.T.);
#4836 = VERTEX_POINT('',#4837);
#4837 = CARTESIAN_POINT('',(7.493,-5.19425,-3.3));
#4838 = LINE('',#4839,#4840);
#4839 = CARTESIAN_POINT('',(7.493,-5.19425,-3.3));
#4840 = VECTOR('',#4841,1.);
#4841 = DIRECTION('',(-3.216245299353E-16,1.,0.));
#4842 = ORIENTED_EDGE('',*,*,#4843,.F.);
#4843 = EDGE_CURVE('',#4844,#4836,#4846,.T.);
#4844 = VERTEX_POINT('',#4845);
#4845 = CARTESIAN_POINT('',(7.493,-5.3085,-2.843));
#4846 = LINE('',#4847,#4848);
#4847 = CARTESIAN_POINT('',(7.493,-5.3085,-2.843));
#4848 = VECTOR('',#4849,1.);
#4849 = DIRECTION('',(-7.800540639491E-17,0.242535625036,-0.970142500145
    ));
#4850 = ORIENTED_EDGE('',*,*,#4851,.F.);
#4851 = EDGE_CURVE('',#4852,#4844,#4854,.T.);
#4852 = VERTEX_POINT('',#4853);
#4853 = CARTESIAN_POINT('',(7.493,-5.3085,0.));
#4854 = LINE('',#4855,#4856);
#4855 = CARTESIAN_POINT('',(7.493,-5.3085,0.));
#4856 = VECTOR('',#4857,1.);
#4857 = DIRECTION('',(-1.004783562205E-31,3.124088708055E-16,-1.));
#4858 = ORIENTED_EDGE('',*,*,#4859,.F.);
#4859 = EDGE_CURVE('',#2383,#4852,#4860,.T.);
#4860 = LINE('',#4861,#4862);
#4861 = CARTESIAN_POINT('',(7.493,-5.842,0.));
#4862 = VECTOR('',#4863,1.);
#4863 = DIRECTION('',(-3.216245299353E-16,1.,0.));
#4864 = PLANE('',#4865);
#4865 = AXIS2_PLACEMENT_3D('',#4866,#4867,#4868);
#4866 = CARTESIAN_POINT('',(7.493,-5.842,2.157));
#4867 = DIRECTION('',(-1.,-3.216245299353E-16,0.));
#4868 = DIRECTION('',(0.,-0.,-1.));
#4869 = ADVANCED_FACE('',(#4870),#4888,.T.);
#4870 = FACE_BOUND('',#4871,.T.);
#4871 = EDGE_LOOP('',(#4872,#4880,#4881,#4882));
#4872 = ORIENTED_EDGE('',*,*,#4873,.T.);
#4873 = EDGE_CURVE('',#4874,#4812,#4876,.T.);
#4874 = VERTEX_POINT('',#4875);
#4875 = CARTESIAN_POINT('',(7.747,-4.8515,0.));
#4876 = LINE('',#4877,#4878);
#4877 = CARTESIAN_POINT('',(7.747,-4.8515,0.));
#4878 = VECTOR('',#4879,1.);
#4879 = DIRECTION('',(-1.,-3.216245299353E-16,0.));
#4880 = ORIENTED_EDGE('',*,*,#4811,.T.);
#4881 = ORIENTED_EDGE('',*,*,#2193,.F.);
#4882 = ORIENTED_EDGE('',*,*,#4883,.F.);
#4883 = EDGE_CURVE('',#4874,#2186,#4884,.T.);
#4884 = LINE('',#4885,#4886);
#4885 = CARTESIAN_POINT('',(7.747,-4.8515,0.));
#4886 = VECTOR('',#4887,1.);
#4887 = DIRECTION('',(-3.216245299353E-16,1.,0.));
#4888 = PLANE('',#4889);
#4889 = AXIS2_PLACEMENT_3D('',#4890,#4891,#4892);
#4890 = CARTESIAN_POINT('',(7.747,-4.8515,0.));
#4891 = DIRECTION('',(-0.,0.,-1.));
#4892 = DIRECTION('',(-3.216245299353E-16,1.,0.));
#4893 = ADVANCED_FACE('',(#4894),#4951,.F.);
#4894 = FACE_BOUND('',#4895,.F.);
#4895 = EDGE_LOOP('',(#4896,#4897,#4903,#4904,#4905,#4913,#4921,#4929,
    #4937,#4945));
#4896 = ORIENTED_EDGE('',*,*,#2374,.F.);
#4897 = ORIENTED_EDGE('',*,*,#4898,.F.);
#4898 = EDGE_CURVE('',#2177,#2366,#4899,.T.);
#4899 = LINE('',#4900,#4901);
#4900 = CARTESIAN_POINT('',(7.747,-4.318,1.776));
#4901 = VECTOR('',#4902,1.);
#4902 = DIRECTION('',(3.216245299353E-16,-1.,0.));
#4903 = ORIENTED_EDGE('',*,*,#2185,.F.);
#4904 = ORIENTED_EDGE('',*,*,#4883,.F.);
#4905 = ORIENTED_EDGE('',*,*,#4906,.F.);
#4906 = EDGE_CURVE('',#4907,#4874,#4909,.T.);
#4907 = VERTEX_POINT('',#4908);
#4908 = CARTESIAN_POINT('',(7.747,-4.8515,-2.843));
#4909 = LINE('',#4910,#4911);
#4910 = CARTESIAN_POINT('',(7.747,-4.8515,-2.843));
#4911 = VECTOR('',#4912,1.);
#4912 = DIRECTION('',(-1.004783562205E-31,3.124088708055E-16,1.));
#4913 = ORIENTED_EDGE('',*,*,#4914,.F.);
#4914 = EDGE_CURVE('',#4915,#4907,#4917,.T.);
#4915 = VERTEX_POINT('',#4916);
#4916 = CARTESIAN_POINT('',(7.747,-4.96575,-3.3));
#4917 = LINE('',#4918,#4919);
#4918 = CARTESIAN_POINT('',(7.747,-4.96575,-3.3));
#4919 = VECTOR('',#4920,1.);
#4920 = DIRECTION('',(-7.800540639491E-17,0.242535625036,0.970142500145)
  );
#4921 = ORIENTED_EDGE('',*,*,#4922,.F.);
#4922 = EDGE_CURVE('',#4923,#4915,#4925,.T.);
#4923 = VERTEX_POINT('',#4924);
#4924 = CARTESIAN_POINT('',(7.747,-5.19425,-3.3));
#4925 = LINE('',#4926,#4927);
#4926 = CARTESIAN_POINT('',(7.747,-5.19425,-3.3));
#4927 = VECTOR('',#4928,1.);
#4928 = DIRECTION('',(-3.216245299353E-16,1.,0.));
#4929 = ORIENTED_EDGE('',*,*,#4930,.F.);
#4930 = EDGE_CURVE('',#4931,#4923,#4933,.T.);
#4931 = VERTEX_POINT('',#4932);
#4932 = CARTESIAN_POINT('',(7.747,-5.3085,-2.843));
#4933 = LINE('',#4934,#4935);
#4934 = CARTESIAN_POINT('',(7.747,-5.3085,-2.843));
#4935 = VECTOR('',#4936,1.);
#4936 = DIRECTION('',(-7.800540639491E-17,0.242535625036,-0.970142500145
    ));
#4937 = ORIENTED_EDGE('',*,*,#4938,.F.);
#4938 = EDGE_CURVE('',#4939,#4931,#4941,.T.);
#4939 = VERTEX_POINT('',#4940);
#4940 = CARTESIAN_POINT('',(7.747,-5.3085,0.));
#4941 = LINE('',#4942,#4943);
#4942 = CARTESIAN_POINT('',(7.747,-5.3085,0.));
#4943 = VECTOR('',#4944,1.);
#4944 = DIRECTION('',(-1.004783562205E-31,3.124088708055E-16,-1.));
#4945 = ORIENTED_EDGE('',*,*,#4946,.F.);
#4946 = EDGE_CURVE('',#2375,#4939,#4947,.T.);
#4947 = LINE('',#4948,#4949);
#4948 = CARTESIAN_POINT('',(7.747,-5.842,0.));
#4949 = VECTOR('',#4950,1.);
#4950 = DIRECTION('',(-3.216245299353E-16,1.,0.));
#4951 = PLANE('',#4952);
#4952 = AXIS2_PLACEMENT_3D('',#4953,#4954,#4955);
#4953 = CARTESIAN_POINT('',(7.747,-5.842,2.157));
#4954 = DIRECTION('',(-1.,-3.216245299353E-16,0.));
#4955 = DIRECTION('',(0.,-0.,-1.));
#4956 = ADVANCED_FACE('',(#4957),#4968,.T.);
#4957 = FACE_BOUND('',#4958,.T.);
#4958 = EDGE_LOOP('',(#4959,#4965,#4966,#4967));
#4959 = ORIENTED_EDGE('',*,*,#4960,.T.);
#4960 = EDGE_CURVE('',#2169,#2358,#4961,.T.);
#4961 = LINE('',#4962,#4963);
#4962 = CARTESIAN_POINT('',(7.366,-4.318,2.157));
#4963 = VECTOR('',#4964,1.);
#4964 = DIRECTION('',(3.216245299353E-16,-1.,0.));
#4965 = ORIENTED_EDGE('',*,*,#2365,.T.);
#4966 = ORIENTED_EDGE('',*,*,#4898,.F.);
#4967 = ORIENTED_EDGE('',*,*,#2176,.F.);
#4968 = CYLINDRICAL_SURFACE('',#4969,0.381);
#4969 = AXIS2_PLACEMENT_3D('',#4970,#4971,#4972);
#4970 = CARTESIAN_POINT('',(7.366,-4.318,1.776));
#4971 = DIRECTION('',(3.216245299353E-16,-1.,0.));
#4972 = DIRECTION('',(0.,0.,1.));
#4973 = ADVANCED_FACE('',(#4974),#4982,.T.);
#4974 = FACE_BOUND('',#4975,.T.);
#4975 = EDGE_LOOP('',(#4976,#4977,#4978,#4979,#4980,#4981));
#4976 = ORIENTED_EDGE('',*,*,#3840,.F.);
#4977 = ORIENTED_EDGE('',*,*,#2561,.F.);
#4978 = ORIENTED_EDGE('',*,*,#2357,.F.);
#4979 = ORIENTED_EDGE('',*,*,#4960,.F.);
#4980 = ORIENTED_EDGE('',*,*,#2168,.F.);
#4981 = ORIENTED_EDGE('',*,*,#2224,.F.);
#4982 = PLANE('',#4983);
#4983 = AXIS2_PLACEMENT_3D('',#4984,#4985,#4986);
#4984 = CARTESIAN_POINT('',(3.683,-5.842,2.157));
#4985 = DIRECTION('',(0.,0.,1.));
#4986 = DIRECTION('',(-4.440892098501E-16,1.,0.));
#4987 = ADVANCED_FACE('',(#4988),#4999,.T.);
#4988 = FACE_BOUND('',#4989,.T.);
#4989 = EDGE_LOOP('',(#4990,#4996,#4997,#4998));
#4990 = ORIENTED_EDGE('',*,*,#4991,.T.);
#4991 = EDGE_CURVE('',#4742,#4648,#4992,.T.);
#4992 = LINE('',#4993,#4994);
#4993 = CARTESIAN_POINT('',(7.747,-9.9315,0.));
#4994 = VECTOR('',#4995,1.);
#4995 = DIRECTION('',(-1.,-3.216245299353E-16,0.));
#4996 = ORIENTED_EDGE('',*,*,#4647,.T.);
#4997 = ORIENTED_EDGE('',*,*,#2282,.F.);
#4998 = ORIENTED_EDGE('',*,*,#4741,.F.);
#4999 = PLANE('',#5000);
#5000 = AXIS2_PLACEMENT_3D('',#5001,#5002,#5003);
#5001 = CARTESIAN_POINT('',(7.747,-9.9315,0.));
#5002 = DIRECTION('',(-0.,0.,-1.));
#5003 = DIRECTION('',(-3.216245299353E-16,1.,0.));
#5004 = ADVANCED_FACE('',(#5005),#5016,.T.);
#5005 = FACE_BOUND('',#5006,.T.);
#5006 = EDGE_LOOP('',(#5007,#5008,#5009,#5015));
#5007 = ORIENTED_EDGE('',*,*,#2382,.T.);
#5008 = ORIENTED_EDGE('',*,*,#4859,.T.);
#5009 = ORIENTED_EDGE('',*,*,#5010,.F.);
#5010 = EDGE_CURVE('',#4939,#4852,#5011,.T.);
#5011 = LINE('',#5012,#5013);
#5012 = CARTESIAN_POINT('',(7.747,-5.3085,0.));
#5013 = VECTOR('',#5014,1.);
#5014 = DIRECTION('',(-1.,-3.216245299353E-16,0.));
#5015 = ORIENTED_EDGE('',*,*,#4946,.F.);
#5016 = PLANE('',#5017);
#5017 = AXIS2_PLACEMENT_3D('',#5018,#5019,#5020);
#5018 = CARTESIAN_POINT('',(7.747,-5.842,0.));
#5019 = DIRECTION('',(-0.,0.,-1.));
#5020 = DIRECTION('',(-3.216245299353E-16,1.,0.));
#5021 = ADVANCED_FACE('',(#5022),#5035,.T.);
#5022 = FACE_BOUND('',#5023,.T.);
#5023 = EDGE_LOOP('',(#5024,#5025,#5026,#5027,#5033,#5034));
#5024 = ORIENTED_EDGE('',*,*,#3833,.F.);
#5025 = ORIENTED_EDGE('',*,*,#2414,.F.);
#5026 = ORIENTED_EDGE('',*,*,#2438,.F.);
#5027 = ORIENTED_EDGE('',*,*,#5028,.F.);
#5028 = EDGE_CURVE('',#2497,#2439,#5029,.T.);
#5029 = LINE('',#5030,#5031);
#5030 = CARTESIAN_POINT('',(7.366,-6.858,2.157));
#5031 = VECTOR('',#5032,1.);
#5032 = DIRECTION('',(3.216245299353E-16,-1.,0.));
#5033 = ORIENTED_EDGE('',*,*,#2496,.F.);
#5034 = ORIENTED_EDGE('',*,*,#2552,.F.);
#5035 = PLANE('',#5036);
#5036 = AXIS2_PLACEMENT_3D('',#5037,#5038,#5039);
#5037 = CARTESIAN_POINT('',(3.683,-8.382,2.157));
#5038 = DIRECTION('',(0.,0.,1.));
#5039 = DIRECTION('',(-4.440892098501E-16,1.,0.));
#5040 = ADVANCED_FACE('',(#5041),#5100,.T.);
#5041 = FACE_BOUND('',#5042,.T.);
#5042 = EDGE_LOOP('',(#5043,#5044,#5045,#5046,#5054,#5062,#5070,#5078,
    #5086,#5094));
#5043 = ORIENTED_EDGE('',*,*,#2471,.F.);
#5044 = ORIENTED_EDGE('',*,*,#2583,.T.);
#5045 = ORIENTED_EDGE('',*,*,#2529,.F.);
#5046 = ORIENTED_EDGE('',*,*,#5047,.F.);
#5047 = EDGE_CURVE('',#5048,#2522,#5050,.T.);
#5048 = VERTEX_POINT('',#5049);
#5049 = CARTESIAN_POINT('',(7.493,-7.3915,0.));
#5050 = LINE('',#5051,#5052);
#5051 = CARTESIAN_POINT('',(7.493,-7.3915,0.));
#5052 = VECTOR('',#5053,1.);
#5053 = DIRECTION('',(-3.216245299353E-16,1.,0.));
#5054 = ORIENTED_EDGE('',*,*,#5055,.F.);
#5055 = EDGE_CURVE('',#5056,#5048,#5058,.T.);
#5056 = VERTEX_POINT('',#5057);
#5057 = CARTESIAN_POINT('',(7.493,-7.3915,-2.843));
#5058 = LINE('',#5059,#5060);
#5059 = CARTESIAN_POINT('',(7.493,-7.3915,-2.843));
#5060 = VECTOR('',#5061,1.);
#5061 = DIRECTION('',(-1.004783562205E-31,3.124088708055E-16,1.));
#5062 = ORIENTED_EDGE('',*,*,#5063,.F.);
#5063 = EDGE_CURVE('',#5064,#5056,#5066,.T.);
#5064 = VERTEX_POINT('',#5065);
#5065 = CARTESIAN_POINT('',(7.493,-7.50575,-3.3));
#5066 = LINE('',#5067,#5068);
#5067 = CARTESIAN_POINT('',(7.493,-7.50575,-3.3));
#5068 = VECTOR('',#5069,1.);
#5069 = DIRECTION('',(-7.800540639491E-17,0.242535625036,0.970142500145)
  );
#5070 = ORIENTED_EDGE('',*,*,#5071,.F.);
#5071 = EDGE_CURVE('',#5072,#5064,#5074,.T.);
#5072 = VERTEX_POINT('',#5073);
#5073 = CARTESIAN_POINT('',(7.493,-7.73425,-3.3));
#5074 = LINE('',#5075,#5076);
#5075 = CARTESIAN_POINT('',(7.493,-7.73425,-3.3));
#5076 = VECTOR('',#5077,1.);
#5077 = DIRECTION('',(-3.216245299353E-16,1.,0.));
#5078 = ORIENTED_EDGE('',*,*,#5079,.F.);
#5079 = EDGE_CURVE('',#5080,#5072,#5082,.T.);
#5080 = VERTEX_POINT('',#5081);
#5081 = CARTESIAN_POINT('',(7.493,-7.8485,-2.843));
#5082 = LINE('',#5083,#5084);
#5083 = CARTESIAN_POINT('',(7.493,-7.8485,-2.843));
#5084 = VECTOR('',#5085,1.);
#5085 = DIRECTION('',(-7.800540639491E-17,0.242535625036,-0.970142500145
    ));
#5086 = ORIENTED_EDGE('',*,*,#5087,.F.);
#5087 = EDGE_CURVE('',#5088,#5080,#5090,.T.);
#5088 = VERTEX_POINT('',#5089);
#5089 = CARTESIAN_POINT('',(7.493,-7.8485,0.));
#5090 = LINE('',#5091,#5092);
#5091 = CARTESIAN_POINT('',(7.493,-7.8485,0.));
#5092 = VECTOR('',#5093,1.);
#5093 = DIRECTION('',(-1.004783562205E-31,3.124088708055E-16,-1.));
#5094 = ORIENTED_EDGE('',*,*,#5095,.F.);
#5095 = EDGE_CURVE('',#2464,#5088,#5096,.T.);
#5096 = LINE('',#5097,#5098);
#5097 = CARTESIAN_POINT('',(7.493,-8.382,0.));
#5098 = VECTOR('',#5099,1.);
#5099 = DIRECTION('',(-3.216245299353E-16,1.,0.));
#5100 = PLANE('',#5101);
#5101 = AXIS2_PLACEMENT_3D('',#5102,#5103,#5104);
#5102 = CARTESIAN_POINT('',(7.493,-8.382,2.157));
#5103 = DIRECTION('',(-1.,-3.216245299353E-16,0.));
#5104 = DIRECTION('',(0.,-0.,-1.));
#5105 = ADVANCED_FACE('',(#5106),#5124,.T.);
#5106 = FACE_BOUND('',#5107,.T.);
#5107 = EDGE_LOOP('',(#5108,#5109,#5110,#5118));
#5108 = ORIENTED_EDGE('',*,*,#2463,.T.);
#5109 = ORIENTED_EDGE('',*,*,#5095,.T.);
#5110 = ORIENTED_EDGE('',*,*,#5111,.F.);
#5111 = EDGE_CURVE('',#5112,#5088,#5114,.T.);
#5112 = VERTEX_POINT('',#5113);
#5113 = CARTESIAN_POINT('',(7.747,-7.8485,0.));
#5114 = LINE('',#5115,#5116);
#5115 = CARTESIAN_POINT('',(7.747,-7.8485,0.));
#5116 = VECTOR('',#5117,1.);
#5117 = DIRECTION('',(-1.,-3.216245299353E-16,0.));
#5118 = ORIENTED_EDGE('',*,*,#5119,.F.);
#5119 = EDGE_CURVE('',#2456,#5112,#5120,.T.);
#5120 = LINE('',#5121,#5122);
#5121 = CARTESIAN_POINT('',(7.747,-8.382,0.));
#5122 = VECTOR('',#5123,1.);
#5123 = DIRECTION('',(-3.216245299353E-16,1.,0.));
#5124 = PLANE('',#5125);
#5125 = AXIS2_PLACEMENT_3D('',#5126,#5127,#5128);
#5126 = CARTESIAN_POINT('',(7.747,-8.382,0.));
#5127 = DIRECTION('',(-0.,0.,-1.));
#5128 = DIRECTION('',(-3.216245299353E-16,1.,0.));
#5129 = ADVANCED_FACE('',(#5130),#5187,.F.);
#5130 = FACE_BOUND('',#5131,.F.);
#5131 = EDGE_LOOP('',(#5132,#5133,#5139,#5140,#5148,#5156,#5164,#5172,
    #5180,#5186));
#5132 = ORIENTED_EDGE('',*,*,#2455,.F.);
#5133 = ORIENTED_EDGE('',*,*,#5134,.F.);
#5134 = EDGE_CURVE('',#2505,#2447,#5135,.T.);
#5135 = LINE('',#5136,#5137);
#5136 = CARTESIAN_POINT('',(7.747,-6.858,1.776));
#5137 = VECTOR('',#5138,1.);
#5138 = DIRECTION('',(3.216245299353E-16,-1.,0.));
#5139 = ORIENTED_EDGE('',*,*,#2513,.F.);
#5140 = ORIENTED_EDGE('',*,*,#5141,.F.);
#5141 = EDGE_CURVE('',#5142,#2514,#5144,.T.);
#5142 = VERTEX_POINT('',#5143);
#5143 = CARTESIAN_POINT('',(7.747,-7.3915,0.));
#5144 = LINE('',#5145,#5146);
#5145 = CARTESIAN_POINT('',(7.747,-7.3915,0.));
#5146 = VECTOR('',#5147,1.);
#5147 = DIRECTION('',(-3.216245299353E-16,1.,0.));
#5148 = ORIENTED_EDGE('',*,*,#5149,.F.);
#5149 = EDGE_CURVE('',#5150,#5142,#5152,.T.);
#5150 = VERTEX_POINT('',#5151);
#5151 = CARTESIAN_POINT('',(7.747,-7.3915,-2.843));
#5152 = LINE('',#5153,#5154);
#5153 = CARTESIAN_POINT('',(7.747,-7.3915,-2.843));
#5154 = VECTOR('',#5155,1.);
#5155 = DIRECTION('',(-1.004783562205E-31,3.124088708055E-16,1.));
#5156 = ORIENTED_EDGE('',*,*,#5157,.F.);
#5157 = EDGE_CURVE('',#5158,#5150,#5160,.T.);
#5158 = VERTEX_POINT('',#5159);
#5159 = CARTESIAN_POINT('',(7.747,-7.50575,-3.3));
#5160 = LINE('',#5161,#5162);
#5161 = CARTESIAN_POINT('',(7.747,-7.50575,-3.3));
#5162 = VECTOR('',#5163,1.);
#5163 = DIRECTION('',(-7.800540639491E-17,0.242535625036,0.970142500145)
  );
#5164 = ORIENTED_EDGE('',*,*,#5165,.F.);
#5165 = EDGE_CURVE('',#5166,#5158,#5168,.T.);
#5166 = VERTEX_POINT('',#5167);
#5167 = CARTESIAN_POINT('',(7.747,-7.73425,-3.3));
#5168 = LINE('',#5169,#5170);
#5169 = CARTESIAN_POINT('',(7.747,-7.73425,-3.3));
#5170 = VECTOR('',#5171,1.);
#5171 = DIRECTION('',(-3.216245299353E-16,1.,0.));
#5172 = ORIENTED_EDGE('',*,*,#5173,.F.);
#5173 = EDGE_CURVE('',#5174,#5166,#5176,.T.);
#5174 = VERTEX_POINT('',#5175);
#5175 = CARTESIAN_POINT('',(7.747,-7.8485,-2.843));
#5176 = LINE('',#5177,#5178);
#5177 = CARTESIAN_POINT('',(7.747,-7.8485,-2.843));
#5178 = VECTOR('',#5179,1.);
#5179 = DIRECTION('',(-7.800540639491E-17,0.242535625036,-0.970142500145
    ));
#5180 = ORIENTED_EDGE('',*,*,#5181,.F.);
#5181 = EDGE_CURVE('',#5112,#5174,#5182,.T.);
#5182 = LINE('',#5183,#5184);
#5183 = CARTESIAN_POINT('',(7.747,-7.8485,0.));
#5184 = VECTOR('',#5185,1.);
#5185 = DIRECTION('',(-1.004783562205E-31,3.124088708055E-16,-1.));
#5186 = ORIENTED_EDGE('',*,*,#5119,.F.);
#5187 = PLANE('',#5188);
#5188 = AXIS2_PLACEMENT_3D('',#5189,#5190,#5191);
#5189 = CARTESIAN_POINT('',(7.747,-8.382,2.157));
#5190 = DIRECTION('',(-1.,-3.216245299353E-16,0.));
#5191 = DIRECTION('',(0.,-0.,-1.));
#5192 = ADVANCED_FACE('',(#5193),#5199,.T.);
#5193 = FACE_BOUND('',#5194,.T.);
#5194 = EDGE_LOOP('',(#5195,#5196,#5197,#5198));
#5195 = ORIENTED_EDGE('',*,*,#5028,.T.);
#5196 = ORIENTED_EDGE('',*,*,#2446,.T.);
#5197 = ORIENTED_EDGE('',*,*,#5134,.F.);
#5198 = ORIENTED_EDGE('',*,*,#2504,.F.);
#5199 = CYLINDRICAL_SURFACE('',#5200,0.381);
#5200 = AXIS2_PLACEMENT_3D('',#5201,#5202,#5203);
#5201 = CARTESIAN_POINT('',(7.366,-6.858,1.776));
#5202 = DIRECTION('',(3.216245299353E-16,-1.,0.));
#5203 = DIRECTION('',(0.,0.,1.));
#5204 = ADVANCED_FACE('',(#5205),#5216,.T.);
#5205 = FACE_BOUND('',#5206,.T.);
#5206 = EDGE_LOOP('',(#5207,#5213,#5214,#5215));
#5207 = ORIENTED_EDGE('',*,*,#5208,.T.);
#5208 = EDGE_CURVE('',#5142,#5048,#5209,.T.);
#5209 = LINE('',#5210,#5211);
#5210 = CARTESIAN_POINT('',(7.747,-7.3915,0.));
#5211 = VECTOR('',#5212,1.);
#5212 = DIRECTION('',(-1.,-3.216245299353E-16,0.));
#5213 = ORIENTED_EDGE('',*,*,#5047,.T.);
#5214 = ORIENTED_EDGE('',*,*,#2521,.F.);
#5215 = ORIENTED_EDGE('',*,*,#5141,.F.);
#5216 = PLANE('',#5217);
#5217 = AXIS2_PLACEMENT_3D('',#5218,#5219,#5220);
#5218 = CARTESIAN_POINT('',(7.747,-7.3915,0.));
#5219 = DIRECTION('',(-0.,0.,-1.));
#5220 = DIRECTION('',(-3.216245299353E-16,1.,0.));
#5221 = ADVANCED_FACE('',(#5222),#5565,.T.);
#5222 = FACE_BOUND('',#5223,.T.);
#5223 = EDGE_LOOP('',(#5224,#5225,#5226,#5233,#5241,#5347,#5453,#5559));
#5224 = ORIENTED_EDGE('',*,*,#3861,.F.);
#5225 = ORIENTED_EDGE('',*,*,#2608,.T.);
#5226 = ORIENTED_EDGE('',*,*,#5227,.T.);
#5227 = EDGE_CURVE('',#2602,#5228,#5230,.T.);
#5228 = VERTEX_POINT('',#5229);
#5229 = CARTESIAN_POINT('',(1.033723643423,1.506276356577,3.68));
#5230 = B_SPLINE_CURVE_WITH_KNOTS('',1,(#5231,#5232),.UNSPECIFIED.,.F.,
  .F.,(2,2),(0.,1.),.PIECEWISE_BEZIER_KNOTS.);
#5231 = CARTESIAN_POINT('',(0.71,1.83,2.157));
#5232 = CARTESIAN_POINT('',(1.033723643423,1.506276356577,3.68));
#5233 = ORIENTED_EDGE('',*,*,#5234,.F.);
#5234 = EDGE_CURVE('',#5235,#5228,#5237,.T.);
#5235 = VERTEX_POINT('',#5236);
#5236 = CARTESIAN_POINT('',(3.06375942217,1.506276356577,3.68));
#5237 = LINE('',#5238,#5239);
#5238 = CARTESIAN_POINT('',(6.586276356577,1.506276356577,3.68));
#5239 = VECTOR('',#5240,1.);
#5240 = DIRECTION('',(-1.,-4.440892098501E-16,0.));
#5241 = ORIENTED_EDGE('',*,*,#5242,.F.);
#5242 = EDGE_CURVE('',#5243,#5235,#5245,.T.);
#5243 = VERTEX_POINT('',#5244);
#5244 = CARTESIAN_POINT('',(3.060652504409,1.612554637412,3.18));
#5245 = B_SPLINE_CURVE_WITH_KNOTS('',4,(#5246,#5247,#5248,#5249,#5250,
    #5251,#5252,#5253,#5254,#5255,#5256,#5257,#5258,#5259,#5260,#5261,
    #5262,#5263,#5264,#5265,#5266,#5267,#5268,#5269,#5270,#5271,#5272,
    #5273,#5274,#5275,#5276,#5277,#5278,#5279,#5280,#5281,#5282,#5283,
    #5284,#5285,#5286,#5287,#5288,#5289,#5290,#5291,#5292,#5293,#5294,
    #5295,#5296,#5297,#5298,#5299,#5300,#5301,#5302,#5303,#5304,#5305,
    #5306,#5307,#5308,#5309,#5310,#5311,#5312,#5313,#5314,#5315,#5316,
    #5317,#5318,#5319,#5320,#5321,#5322,#5323,#5324,#5325,#5326,#5327,
    #5328,#5329,#5330,#5331,#5332,#5333,#5334,#5335,#5336,#5337,#5338,
    #5339,#5340,#5341,#5342,#5343,#5344,#5345,#5346),.UNSPECIFIED.,.F.,
  .F.,(5,3,3,3,3,3,3,3,3,3,3,3,3,3,3,3,3,3,3,3,3,3,3,3,3,3,3,3,3,3,3,3,3
    ,5),(0.,3.832661857544E-02,7.588616027405E-02,0.112697851853,
    0.148780767068,0.184153940431,0.218836486671,0.252847727222,
    0.286207325059,0.318935429062,0.351052828922,0.382581121221,
    0.413542886787,0.443961878574,0.47386321812,0.503273596996,
    0.532221477517,0.560737284348,0.588853575632,0.616605179129,
    0.644029276191,0.671165414825,0.698055433749,0.723856466375,
    0.750392376563,0.776817491054,0.80317991565,0.829528157021,
    0.855910545381,0.882374672274,0.908966882881,0.935731854039,
    0.962712277262,1.),.UNSPECIFIED.);
#5246 = CARTESIAN_POINT('',(3.102443253723,1.83,2.157));
#5247 = CARTESIAN_POINT('',(3.10159836505,1.827596502417,2.168307567096)
  );
#5248 = CARTESIAN_POINT('',(3.100760043871,1.825176893235,2.179690933308
    ));
#5249 = CARTESIAN_POINT('',(3.099928470497,1.822740885558,2.191151448372
    ));
#5250 = CARTESIAN_POINT('',(3.098295716868,1.817884563992,2.213998645033
    ));
#5251 = CARTESIAN_POINT('',(3.097494261506,1.815464911842,2.225382213394
    ));
#5252 = CARTESIAN_POINT('',(3.096699660478,1.813028942322,2.236842548942
    ));
#5253 = CARTESIAN_POINT('',(3.095140251405,1.808172618361,2.259689756871
    ));
#5254 = CARTESIAN_POINT('',(3.094375165256,1.805752918822,2.271073548177
    ));
#5255 = CARTESIAN_POINT('',(3.093617046982,1.80331699024,2.282533691129)
  );
#5256 = CARTESIAN_POINT('',(3.092130026932,1.798460661398,2.305380922018
    ));
#5257 = CARTESIAN_POINT('',(3.091400843964,1.796040908555,2.316764964101
    ));
#5258 = CARTESIAN_POINT('',(3.090678749632,1.79360502492,2.328224895597)
  );
#5259 = CARTESIAN_POINT('',(3.089263222812,1.788748688464,2.351072162308
    ));
#5260 = CARTESIAN_POINT('',(3.088569506013,1.786328874704,2.362456490983
    ));
#5261 = CARTESIAN_POINT('',(3.087883006017,1.783893041415,2.373916185615
    ));
#5262 = CARTESIAN_POINT('',(3.08653813337,1.779036694321,2.396763502377)
  );
#5263 = CARTESIAN_POINT('',(3.085879473324,1.776616810106,2.408148162516
    ));
#5264 = CARTESIAN_POINT('',(3.085228165819,1.774181034144,2.419607587444
    ));
#5265 = CARTESIAN_POINT('',(3.083953162281,1.769324673051,2.442454970066
    ));
#5266 = CARTESIAN_POINT('',(3.08332917589,1.766904706661,2.453840016811)
  );
#5267 = CARTESIAN_POINT('',(3.08271268547,1.764468996804,2.465299130741)
  );
#5268 = CARTESIAN_POINT('',(3.081506817467,1.75961261797,2.488146596824)
  );
#5269 = CARTESIAN_POINT('',(3.080917146787,1.757192555215,2.499532096932
    ));
#5270 = CARTESIAN_POINT('',(3.080335123266,1.754756922283,2.510990848958
    ));
#5271 = CARTESIAN_POINT('',(3.079197706436,1.749900521543,2.533838418102
    ));
#5272 = CARTESIAN_POINT('',(3.078642017638,1.747480345451,2.545224451414
    ));
#5273 = CARTESIAN_POINT('',(3.078094134929,1.745044802583,2.556682779723
    ));
#5274 = CARTESIAN_POINT('',(3.07702453204,1.74018837531,2.579530473698)
  );
#5275 = CARTESIAN_POINT('',(3.07650251448,1.737768065798,2.590917134701)
  );
#5276 = CARTESIAN_POINT('',(3.075988469554,1.735332628757,2.602374965137
    ));
#5277 = CARTESIAN_POINT('',(3.074986088616,1.730476169835,2.625222808007
    ));
#5278 = CARTESIAN_POINT('',(3.074497454016,1.728055703366,2.636610207432
    ));
#5279 = CARTESIAN_POINT('',(3.074016965933,1.725620390865,2.64806745195)
  );
#5280 = CARTESIAN_POINT('',(3.073081258485,1.720763894688,2.670915470094
    ));
#5281 = CARTESIAN_POINT('',(3.072625740214,1.718343243943,2.682303736473
    ));
#5282 = CARTESIAN_POINT('',(3.072178549227,1.715908077994,2.693760291517
    ));
#5283 = CARTESIAN_POINT('',(3.071309008778,1.711051538489,2.716608513501
    ));
#5284 = CARTESIAN_POINT('',(3.070886361242,1.708630672067,2.727997794563
    ));
#5285 = CARTESIAN_POINT('',(3.070472227939,1.706195678326,2.739453539431
    ));
#5286 = CARTESIAN_POINT('',(3.069668388574,1.701339089031,2.762301995656
    ));
#5287 = CARTESIAN_POINT('',(3.069278386703,1.698917971229,2.773692459367
    ));
#5288 = CARTESIAN_POINT('',(3.068897091202,1.696483179322,2.785147254684
    ));
#5289 = CARTESIAN_POINT('',(3.068158526316,1.691626533526,2.807995976726
    ));
#5290 = CARTESIAN_POINT('',(3.067800965147,1.689205124242,2.81938781175)
  );
#5291 = CARTESIAN_POINT('',(3.067452306324,1.686770568034,2.83084149819)
  );
#5292 = CARTESIAN_POINT('',(3.066778627491,1.681913859003,2.85369051773)
  );
#5293 = CARTESIAN_POINT('',(3.066453321841,1.679492113826,2.865083933008
    ));
#5294 = CARTESIAN_POINT('',(3.066137116583,1.677057831594,2.876536330492
    ));
#5295 = CARTESIAN_POINT('',(3.065527972543,1.672201052906,2.899385677745
    ));
#5296 = CARTESIAN_POINT('',(3.065234756765,1.669778923466,2.910780900835
    ));
#5297 = CARTESIAN_POINT('',(3.064950839246,1.667344957907,2.922231808487
    ));
#5298 = CARTESIAN_POINT('',(3.064405914993,1.662488103904,2.945081510067
    ));
#5299 = CARTESIAN_POINT('',(3.064144642791,1.660065538575,2.956478783859
    ));
#5300 = CARTESIAN_POINT('',(3.063892863774,1.657631936579,2.967927981082
    ));
#5301 = CARTESIAN_POINT('',(3.063411879734,1.652775002947,2.99077805729)
  );
#5302 = CARTESIAN_POINT('',(3.063182424021,1.650351947956,3.002177634756
    ));
#5303 = CARTESIAN_POINT('',(3.062962650185,1.647918760056,3.01362488381)
  );
#5304 = CARTESIAN_POINT('',(3.062545361468,1.643061744495,3.036475345463
    ));
#5305 = CARTESIAN_POINT('',(3.062347614228,1.640638145511,3.047877482217
    ));
#5306 = CARTESIAN_POINT('',(3.062159727543,1.638205424932,3.059322532699
    ));
#5307 = CARTESIAN_POINT('',(3.061805923247,1.633348327874,3.082173377761
    ));
#5308 = CARTESIAN_POINT('',(3.06163979537,1.630924132049,3.093578322432)
  );
#5309 = CARTESIAN_POINT('',(3.061483692536,1.628491933287,3.105020917961
    ));
#5310 = CARTESIAN_POINT('',(3.061193195095,1.623634758563,3.127872128414
    ));
#5311 = CARTESIAN_POINT('',(3.061058616139,1.621209916965,3.139280111208
    ));
#5312 = CARTESIAN_POINT('',(3.060934208127,1.618778293878,3.150719998397
    ));
#5313 = CARTESIAN_POINT('',(3.060710635538,1.614001445917,3.173193301142
    ));
#5314 = CARTESIAN_POINT('',(3.060610652449,1.611656709793,3.184224417312
    ));
#5315 = CARTESIAN_POINT('',(3.060520286222,1.609306845248,3.195279660803
    ));
#5316 = CARTESIAN_POINT('',(3.060356690777,1.604531015986,3.217748170946
    ));
#5317 = CARTESIAN_POINT('',(3.060284022745,1.602104789354,3.229162669811
    ));
#5318 = CARTESIAN_POINT('',(3.060221741893,1.599674441603,3.240596557019
    ));
#5319 = CARTESIAN_POINT('',(3.060118326142,1.594817097121,3.26344856612)
  );
#5320 = CARTESIAN_POINT('',(3.060077103863,1.592390127828,3.274866558929
    ));
#5321 = CARTESIAN_POINT('',(3.060046335552,1.589960487816,3.286297116485
    ));
#5322 = CARTESIAN_POINT('',(3.060005839486,1.585103118425,3.309149242777
    ));
#5323 = CARTESIAN_POINT('',(3.059996061896,1.582675397106,3.320570773588
    ));
#5324 = CARTESIAN_POINT('',(3.059996772537,1.580246491538,3.331997875857
    ));
#5325 = CARTESIAN_POINT('',(3.060019176318,1.57538911742,3.354850024389)
  );
#5326 = CARTESIAN_POINT('',(3.060040858167,1.572960648212,3.366275073744
    ));
#5327 = CARTESIAN_POINT('',(3.060073028876,1.570532491387,3.37769865345)
  );
#5328 = CARTESIAN_POINT('',(3.060158343526,1.565675133035,3.400550727806
    ));
#5329 = CARTESIAN_POINT('',(3.060211514682,1.563245933163,3.411979214666
    ));
#5330 = CARTESIAN_POINT('',(3.060275141935,1.560818526053,3.423399267246
    ));
#5331 = CARTESIAN_POINT('',(3.060423409398,1.555961202735,3.446251176778
    ));
#5332 = CARTESIAN_POINT('',(3.060508114269,1.553531301133,3.457682965016
    ));
#5333 = CARTESIAN_POINT('',(3.06060321063,1.551104631472,3.469099548169)
  );
#5334 = CARTESIAN_POINT('',(3.060814503999,1.546247359896,3.491951214278
    ));
#5335 = CARTESIAN_POINT('',(3.060930801132,1.543816795086,3.503386122664
    ));
#5336 = CARTESIAN_POINT('',(3.061057395988,1.541390838462,3.514799351241
    ));
#5337 = CARTESIAN_POINT('',(3.061331819874,1.536533631832,3.537650711804
    ));
#5338 = CARTESIAN_POINT('',(3.06147978178,1.534102449372,3.549088526007)
  );
#5339 = CARTESIAN_POINT('',(3.061637921998,1.531677171116,3.560498563111
    ));
#5340 = CARTESIAN_POINT('',(3.061975613012,1.526820038677,3.583349574633
    ));
#5341 = CARTESIAN_POINT('',(3.062155326198,1.524388288514,3.594790059667
    ));
#5342 = CARTESIAN_POINT('',(3.062345076673,1.521963646102,3.606197105365
    ));
#5343 = CARTESIAN_POINT('',(3.062820569592,1.516206135645,3.633284062415
    ));
#5344 = CARTESIAN_POINT('',(3.063115291368,1.512880166482,3.64893151708)
  );
#5345 = CARTESIAN_POINT('',(3.063428406313,1.50956992391,3.664504983956)
  );
#5346 = CARTESIAN_POINT('',(3.06375942217,1.506276356577,3.68));
#5347 = ORIENTED_EDGE('',*,*,#5348,.T.);
#5348 = EDGE_CURVE('',#5243,#5349,#5351,.T.);
#5349 = VERTEX_POINT('',#5350);
#5350 = CARTESIAN_POINT('',(4.559347495591,1.612554637412,3.18));
#5351 = B_SPLINE_CURVE_WITH_KNOTS('',4,(#5352,#5353,#5354,#5355,#5356,
    #5357,#5358,#5359,#5360,#5361,#5362,#5363,#5364,#5365,#5366,#5367,
    #5368,#5369,#5370,#5371,#5372,#5373,#5374,#5375,#5376,#5377,#5378,
    #5379,#5380,#5381,#5382,#5383,#5384,#5385,#5386,#5387,#5388,#5389,
    #5390,#5391,#5392,#5393,#5394,#5395,#5396,#5397,#5398,#5399,#5400,
    #5401,#5402,#5403,#5404,#5405,#5406,#5407,#5408,#5409,#5410,#5411,
    #5412,#5413,#5414,#5415,#5416,#5417,#5418,#5419,#5420,#5421,#5422,
    #5423,#5424,#5425,#5426,#5427,#5428,#5429,#5430,#5431,#5432,#5433,
    #5434,#5435,#5436,#5437,#5438,#5439,#5440,#5441,#5442,#5443,#5444,
    #5445,#5446,#5447,#5448,#5449,#5450,#5451,#5452),.UNSPECIFIED.,.F.,
  .F.,(5,3,3,3,3,3,3,3,3,3,3,3,3,3,3,3,3,3,3,3,3,3,3,3,3,3,3,3,3,3,3,3,3
    ,5),(0.,3.000000000005E-02,6.000000000007E-02,9.000000000007E-02,
    0.12,0.15,0.18,0.21,0.24,0.27,0.3,0.33,0.36,0.389,0.419,0.449,0.479,
    0.509,0.539,0.569,0.599,0.629,0.658,0.688,0.718,0.748,0.778,0.808,
    0.838,0.868,0.898,0.928,0.958,1.),.UNSPECIFIED.);
#5352 = CARTESIAN_POINT('',(0.927445362588,1.612554637412,3.18));
#5353 = CARTESIAN_POINT('',(0.97068368215,1.612554637412,3.18));
#5354 = CARTESIAN_POINT('',(1.013922001711,1.612554637412,3.18));
#5355 = CARTESIAN_POINT('',(1.057160321272,1.612554637412,3.18));
#5356 = CARTESIAN_POINT('',(1.143636960394,1.612554637412,3.18));
#5357 = CARTESIAN_POINT('',(1.186875279956,1.612554637412,3.18));
#5358 = CARTESIAN_POINT('',(1.230113599517,1.612554637412,3.18));
#5359 = CARTESIAN_POINT('',(1.316590238639,1.612554637412,3.18));
#5360 = CARTESIAN_POINT('',(1.3598285582,1.612554637412,3.18));
#5361 = CARTESIAN_POINT('',(1.403066877761,1.612554637412,3.18));
#5362 = CARTESIAN_POINT('',(1.489543516884,1.612554637412,3.18));
#5363 = CARTESIAN_POINT('',(1.532781836445,1.612554637412,3.18));
#5364 = CARTESIAN_POINT('',(1.576020156006,1.612554637412,3.18));
#5365 = CARTESIAN_POINT('',(1.662496795128,1.612554637412,3.18));
#5366 = CARTESIAN_POINT('',(1.70573511469,1.612554637412,3.18));
#5367 = CARTESIAN_POINT('',(1.748973434251,1.612554637412,3.18));
#5368 = CARTESIAN_POINT('',(1.835450073373,1.612554637412,3.18));
#5369 = CARTESIAN_POINT('',(1.878688392934,1.612554637412,3.18));
#5370 = CARTESIAN_POINT('',(1.921926712495,1.612554637412,3.18));
#5371 = CARTESIAN_POINT('',(2.008403351618,1.612554637412,3.18));
#5372 = CARTESIAN_POINT('',(2.051641671179,1.612554637412,3.18));
#5373 = CARTESIAN_POINT('',(2.09487999074,1.612554637412,3.18));
#5374 = CARTESIAN_POINT('',(2.181356629862,1.612554637412,3.18));
#5375 = CARTESIAN_POINT('',(2.224594949424,1.612554637412,3.18));
#5376 = CARTESIAN_POINT('',(2.267833268985,1.612554637412,3.18));
#5377 = CARTESIAN_POINT('',(2.354309908107,1.612554637412,3.18));
#5378 = CARTESIAN_POINT('',(2.397548227668,1.612554637412,3.18));
#5379 = CARTESIAN_POINT('',(2.440786547229,1.612554637412,3.18));
#5380 = CARTESIAN_POINT('',(2.527263186352,1.612554637412,3.18));
#5381 = CARTESIAN_POINT('',(2.570501505913,1.612554637412,3.18));
#5382 = CARTESIAN_POINT('',(2.613739825474,1.612554637412,3.18));
#5383 = CARTESIAN_POINT('',(2.700216464596,1.612554637412,3.18));
#5384 = CARTESIAN_POINT('',(2.743454784158,1.612554637412,3.18));
#5385 = CARTESIAN_POINT('',(2.786693103719,1.612554637412,3.18));
#5386 = CARTESIAN_POINT('',(2.873169742841,1.612554637412,3.18));
#5387 = CARTESIAN_POINT('',(2.916408062402,1.612554637412,3.18));
#5388 = CARTESIAN_POINT('',(2.959646381964,1.612554637412,3.18));
#5389 = CARTESIAN_POINT('',(3.044681743767,1.612554637412,3.18));
#5390 = CARTESIAN_POINT('',(3.08647878601,1.612554637412,3.18));
#5391 = CARTESIAN_POINT('',(3.128275828252,1.612554637412,3.18));
#5392 = CARTESIAN_POINT('',(3.213311190056,1.612554637412,3.18));
#5393 = CARTESIAN_POINT('',(3.256549509617,1.612554637412,3.18));
#5394 = CARTESIAN_POINT('',(3.299787829178,1.612554637412,3.18));
#5395 = CARTESIAN_POINT('',(3.3862644683,1.612554637412,3.18));
#5396 = CARTESIAN_POINT('',(3.429502787862,1.612554637412,3.18));
#5397 = CARTESIAN_POINT('',(3.472741107423,1.612554637412,3.18));
#5398 = CARTESIAN_POINT('',(3.559217746545,1.612554637412,3.18));
#5399 = CARTESIAN_POINT('',(3.602456066106,1.612554637412,3.18));
#5400 = CARTESIAN_POINT('',(3.645694385667,1.612554637412,3.18));
#5401 = CARTESIAN_POINT('',(3.73217102479,1.612554637412,3.18));
#5402 = CARTESIAN_POINT('',(3.775409344351,1.612554637412,3.18));
#5403 = CARTESIAN_POINT('',(3.818647663912,1.612554637412,3.18));
#5404 = CARTESIAN_POINT('',(3.905124303035,1.612554637412,3.18));
#5405 = CARTESIAN_POINT('',(3.948362622596,1.612554637412,3.18));
#5406 = CARTESIAN_POINT('',(3.991600942157,1.612554637412,3.18));
#5407 = CARTESIAN_POINT('',(4.078077581279,1.612554637412,3.18));
#5408 = CARTESIAN_POINT('',(4.12131590084,1.612554637412,3.18));
#5409 = CARTESIAN_POINT('',(4.164554220402,1.612554637412,3.18));
#5410 = CARTESIAN_POINT('',(4.251030859524,1.612554637412,3.18));
#5411 = CARTESIAN_POINT('',(4.294269179085,1.612554637412,3.18));
#5412 = CARTESIAN_POINT('',(4.337507498646,1.612554637412,3.18));
#5413 = CARTESIAN_POINT('',(4.423984137769,1.612554637412,3.18));
#5414 = CARTESIAN_POINT('',(4.46722245733,1.612554637412,3.18));
#5415 = CARTESIAN_POINT('',(4.510460776891,1.612554637412,3.18));
#5416 = CARTESIAN_POINT('',(4.595496138695,1.612554637412,3.18));
#5417 = CARTESIAN_POINT('',(4.637293180937,1.612554637412,3.18));
#5418 = CARTESIAN_POINT('',(4.67909022318,1.612554637412,3.18));
#5419 = CARTESIAN_POINT('',(4.764125584983,1.612554637412,3.18));
#5420 = CARTESIAN_POINT('',(4.807363904544,1.612554637412,3.18));
#5421 = CARTESIAN_POINT('',(4.850602224106,1.612554637412,3.18));
#5422 = CARTESIAN_POINT('',(4.937078863228,1.612554637412,3.18));
#5423 = CARTESIAN_POINT('',(4.980317182789,1.612554637412,3.18));
#5424 = CARTESIAN_POINT('',(5.02355550235,1.612554637412,3.18));
#5425 = CARTESIAN_POINT('',(5.110032141473,1.612554637412,3.18));
#5426 = CARTESIAN_POINT('',(5.153270461034,1.612554637412,3.18));
#5427 = CARTESIAN_POINT('',(5.196508780595,1.612554637412,3.18));
#5428 = CARTESIAN_POINT('',(5.282985419717,1.612554637412,3.18));
#5429 = CARTESIAN_POINT('',(5.326223739278,1.612554637412,3.18));
#5430 = CARTESIAN_POINT('',(5.36946205884,1.612554637412,3.18));
#5431 = CARTESIAN_POINT('',(5.455938697962,1.612554637412,3.18));
#5432 = CARTESIAN_POINT('',(5.499177017523,1.612554637412,3.18));
#5433 = CARTESIAN_POINT('',(5.542415337084,1.612554637412,3.18));
#5434 = CARTESIAN_POINT('',(5.628891976207,1.612554637412,3.18));
#5435 = CARTESIAN_POINT('',(5.672130295768,1.612554637412,3.18));
#5436 = CARTESIAN_POINT('',(5.715368615329,1.612554637412,3.18));
#5437 = CARTESIAN_POINT('',(5.801845254451,1.612554637412,3.18));
#5438 = CARTESIAN_POINT('',(5.845083574013,1.612554637412,3.18));
#5439 = CARTESIAN_POINT('',(5.888321893574,1.612554637412,3.18));
#5440 = CARTESIAN_POINT('',(5.974798532696,1.612554637412,3.18));
#5441 = CARTESIAN_POINT('',(6.018036852257,1.612554637412,3.18));
#5442 = CARTESIAN_POINT('',(6.061275171818,1.612554637412,3.18));
#5443 = CARTESIAN_POINT('',(6.147751810941,1.612554637412,3.18));
#5444 = CARTESIAN_POINT('',(6.190990130502,1.612554637412,3.18));
#5445 = CARTESIAN_POINT('',(6.234228450063,1.612554637412,3.18));
#5446 = CARTESIAN_POINT('',(6.320705089185,1.612554637412,3.18));
#5447 = CARTESIAN_POINT('',(6.363943408747,1.612554637412,3.18));
#5448 = CARTESIAN_POINT('',(6.407181728308,1.612554637412,3.18));
#5449 = CARTESIAN_POINT('',(6.510953695255,1.612554637412,3.18));
#5450 = CARTESIAN_POINT('',(6.57148734264,1.612554637412,3.18));
#5451 = CARTESIAN_POINT('',(6.632020990026,1.612554637412,3.18));
#5452 = CARTESIAN_POINT('',(6.692554637412,1.612554637412,3.18));
#5453 = ORIENTED_EDGE('',*,*,#5454,.T.);
#5454 = EDGE_CURVE('',#5349,#5455,#5457,.T.);
#5455 = VERTEX_POINT('',#5456);
#5456 = CARTESIAN_POINT('',(4.55624057783,1.506276356577,3.68));
#5457 = B_SPLINE_CURVE_WITH_KNOTS('',4,(#5458,#5459,#5460,#5461,#5462,
    #5463,#5464,#5465,#5466,#5467,#5468,#5469,#5470,#5471,#5472,#5473,
    #5474,#5475,#5476,#5477,#5478,#5479,#5480,#5481,#5482,#5483,#5484,
    #5485,#5486,#5487,#5488,#5489,#5490,#5491,#5492,#5493,#5494,#5495,
    #5496,#5497,#5498,#5499,#5500,#5501,#5502,#5503,#5504,#5505,#5506,
    #5507,#5508,#5509,#5510,#5511,#5512,#5513,#5514,#5515,#5516,#5517,
    #5518,#5519,#5520,#5521,#5522,#5523,#5524,#5525,#5526,#5527,#5528,
    #5529,#5530,#5531,#5532,#5533,#5534,#5535,#5536,#5537,#5538,#5539,
    #5540,#5541,#5542,#5543,#5544,#5545,#5546,#5547,#5548,#5549,#5550,
    #5551,#5552,#5553,#5554,#5555,#5556,#5557,#5558),.UNSPECIFIED.,.F.,
  .F.,(5,3,3,3,3,3,3,3,3,3,3,3,3,3,3,3,3,3,3,3,3,3,3,3,3,3,3,3,3,3,3,3,3
    ,5),(0.,3.832661857539E-02,7.588616027396E-02,0.112697851853,
    0.148780767068,0.184153940431,0.218836486671,0.252847727222,
    0.286207325058,0.318935429061,0.351052828922,0.38258112122,
    0.413542886786,0.443961878573,0.473863218119,0.503273596996,
    0.532221477517,0.560737284348,0.588853575631,0.616605179129,
    0.64402927619,0.671165414825,0.698055433749,0.723856466375,
    0.750392376563,0.776817491054,0.80317991565,0.829528157021,
    0.855910545381,0.882374672274,0.908966882881,0.935731854039,
    0.962712277261,1.),.UNSPECIFIED.);
#5458 = CARTESIAN_POINT('',(4.517556746277,1.83,2.157));
#5459 = CARTESIAN_POINT('',(4.51840163495,1.827596502417,2.168307567096)
  );
#5460 = CARTESIAN_POINT('',(4.519239956129,1.825176893235,2.179690933308
    ));
#5461 = CARTESIAN_POINT('',(4.520071529503,1.822740885558,2.191151448372
    ));
#5462 = CARTESIAN_POINT('',(4.521704283132,1.817884563992,2.213998645033
    ));
#5463 = CARTESIAN_POINT('',(4.522505738494,1.815464911842,2.225382213394
    ));
#5464 = CARTESIAN_POINT('',(4.523300339522,1.813028942322,2.236842548942
    ));
#5465 = CARTESIAN_POINT('',(4.524859748595,1.808172618361,2.259689756871
    ));
#5466 = CARTESIAN_POINT('',(4.525624834744,1.805752918822,2.271073548177
    ));
#5467 = CARTESIAN_POINT('',(4.526382953018,1.80331699024,2.282533691129)
  );
#5468 = CARTESIAN_POINT('',(4.527869973068,1.798460661398,2.305380922018
    ));
#5469 = CARTESIAN_POINT('',(4.528599156036,1.796040908555,2.316764964101
    ));
#5470 = CARTESIAN_POINT('',(4.529321250368,1.79360502492,2.328224895597)
  );
#5471 = CARTESIAN_POINT('',(4.530736777188,1.788748688464,2.351072162308
    ));
#5472 = CARTESIAN_POINT('',(4.531430493987,1.786328874704,2.362456490983
    ));
#5473 = CARTESIAN_POINT('',(4.532116993983,1.783893041415,2.373916185615
    ));
#5474 = CARTESIAN_POINT('',(4.53346186663,1.779036694321,2.396763502377)
  );
#5475 = CARTESIAN_POINT('',(4.534120526676,1.776616810106,2.408148162516
    ));
#5476 = CARTESIAN_POINT('',(4.534771834181,1.774181034144,2.419607587444
    ));
#5477 = CARTESIAN_POINT('',(4.536046837719,1.769324673051,2.442454970066
    ));
#5478 = CARTESIAN_POINT('',(4.53667082411,1.766904706661,2.453840016811)
  );
#5479 = CARTESIAN_POINT('',(4.53728731453,1.764468996804,2.465299130741)
  );
#5480 = CARTESIAN_POINT('',(4.538493182533,1.75961261797,2.488146596824)
  );
#5481 = CARTESIAN_POINT('',(4.539082853213,1.757192555215,2.499532096932
    ));
#5482 = CARTESIAN_POINT('',(4.539664876734,1.754756922283,2.510990848958
    ));
#5483 = CARTESIAN_POINT('',(4.540802293564,1.749900521543,2.533838418102
    ));
#5484 = CARTESIAN_POINT('',(4.541357982362,1.747480345451,2.545224451414
    ));
#5485 = CARTESIAN_POINT('',(4.541905865071,1.745044802583,2.556682779723
    ));
#5486 = CARTESIAN_POINT('',(4.54297546796,1.74018837531,2.579530473698)
  );
#5487 = CARTESIAN_POINT('',(4.54349748552,1.737768065798,2.590917134701)
  );
#5488 = CARTESIAN_POINT('',(4.544011530446,1.735332628757,2.602374965137
    ));
#5489 = CARTESIAN_POINT('',(4.545013911384,1.730476169835,2.625222808007
    ));
#5490 = CARTESIAN_POINT('',(4.545502545984,1.728055703366,2.636610207432
    ));
#5491 = CARTESIAN_POINT('',(4.545983034067,1.725620390865,2.64806745195)
  );
#5492 = CARTESIAN_POINT('',(4.546918741515,1.720763894688,2.670915470094
    ));
#5493 = CARTESIAN_POINT('',(4.547374259786,1.718343243943,2.682303736473
    ));
#5494 = CARTESIAN_POINT('',(4.547821450773,1.715908077994,2.693760291517
    ));
#5495 = CARTESIAN_POINT('',(4.548690991222,1.711051538489,2.716608513501
    ));
#5496 = CARTESIAN_POINT('',(4.549113638758,1.708630672067,2.727997794563
    ));
#5497 = CARTESIAN_POINT('',(4.549527772061,1.706195678326,2.739453539431
    ));
#5498 = CARTESIAN_POINT('',(4.550331611426,1.701339089031,2.762301995656
    ));
#5499 = CARTESIAN_POINT('',(4.550721613297,1.698917971229,2.773692459367
    ));
#5500 = CARTESIAN_POINT('',(4.551102908798,1.696483179322,2.785147254684
    ));
#5501 = CARTESIAN_POINT('',(4.551841473684,1.691626533526,2.807995976726
    ));
#5502 = CARTESIAN_POINT('',(4.552199034853,1.689205124242,2.81938781175)
  );
#5503 = CARTESIAN_POINT('',(4.552547693676,1.686770568034,2.83084149819)
  );
#5504 = CARTESIAN_POINT('',(4.553221372509,1.681913859003,2.85369051773)
  );
#5505 = CARTESIAN_POINT('',(4.553546678159,1.679492113826,2.865083933008
    ));
#5506 = CARTESIAN_POINT('',(4.553862883417,1.677057831594,2.876536330492
    ));
#5507 = CARTESIAN_POINT('',(4.554472027457,1.672201052906,2.899385677745
    ));
#5508 = CARTESIAN_POINT('',(4.554765243235,1.669778923466,2.910780900835
    ));
#5509 = CARTESIAN_POINT('',(4.555049160754,1.667344957907,2.922231808487
    ));
#5510 = CARTESIAN_POINT('',(4.555594085007,1.662488103904,2.945081510067
    ));
#5511 = CARTESIAN_POINT('',(4.555855357209,1.660065538575,2.956478783859
    ));
#5512 = CARTESIAN_POINT('',(4.556107136226,1.657631936579,2.967927981082
    ));
#5513 = CARTESIAN_POINT('',(4.556588120266,1.652775002947,2.99077805729)
  );
#5514 = CARTESIAN_POINT('',(4.556817575979,1.650351947956,3.002177634756
    ));
#5515 = CARTESIAN_POINT('',(4.557037349815,1.647918760056,3.01362488381)
  );
#5516 = CARTESIAN_POINT('',(4.557454638532,1.643061744495,3.036475345463
    ));
#5517 = CARTESIAN_POINT('',(4.557652385772,1.640638145511,3.047877482217
    ));
#5518 = CARTESIAN_POINT('',(4.557840272457,1.638205424932,3.059322532699
    ));
#5519 = CARTESIAN_POINT('',(4.558194076753,1.633348327874,3.082173377761
    ));
#5520 = CARTESIAN_POINT('',(4.55836020463,1.630924132049,3.093578322432)
  );
#5521 = CARTESIAN_POINT('',(4.558516307464,1.628491933287,3.105020917961
    ));
#5522 = CARTESIAN_POINT('',(4.558806804905,1.623634758563,3.127872128414
    ));
#5523 = CARTESIAN_POINT('',(4.558941383861,1.621209916965,3.139280111208
    ));
#5524 = CARTESIAN_POINT('',(4.559065791873,1.618778293878,3.150719998397
    ));
#5525 = CARTESIAN_POINT('',(4.559289364462,1.614001445917,3.173193301142
    ));
#5526 = CARTESIAN_POINT('',(4.559389347551,1.611656709793,3.184224417312
    ));
#5527 = CARTESIAN_POINT('',(4.559479713778,1.609306845248,3.195279660803
    ));
#5528 = CARTESIAN_POINT('',(4.559643309223,1.604531015986,3.217748170946
    ));
#5529 = CARTESIAN_POINT('',(4.559715977255,1.602104789354,3.229162669811
    ));
#5530 = CARTESIAN_POINT('',(4.559778258107,1.599674441603,3.240596557019
    ));
#5531 = CARTESIAN_POINT('',(4.559881673858,1.594817097121,3.26344856612)
  );
#5532 = CARTESIAN_POINT('',(4.559922896137,1.592390127828,3.274866558929
    ));
#5533 = CARTESIAN_POINT('',(4.559953664448,1.589960487816,3.286297116485
    ));
#5534 = CARTESIAN_POINT('',(4.559994160514,1.585103118425,3.309149242777
    ));
#5535 = CARTESIAN_POINT('',(4.560003938104,1.582675397106,3.320570773588
    ));
#5536 = CARTESIAN_POINT('',(4.560003227463,1.580246491538,3.331997875857
    ));
#5537 = CARTESIAN_POINT('',(4.559980823682,1.57538911742,3.354850024389)
  );
#5538 = CARTESIAN_POINT('',(4.559959141833,1.572960648212,3.366275073744
    ));
#5539 = CARTESIAN_POINT('',(4.559926971124,1.570532491387,3.37769865345)
  );
#5540 = CARTESIAN_POINT('',(4.559841656474,1.565675133035,3.400550727806
    ));
#5541 = CARTESIAN_POINT('',(4.559788485318,1.563245933163,3.411979214666
    ));
#5542 = CARTESIAN_POINT('',(4.559724858065,1.560818526053,3.423399267246
    ));
#5543 = CARTESIAN_POINT('',(4.559576590602,1.555961202735,3.446251176778
    ));
#5544 = CARTESIAN_POINT('',(4.559491885731,1.553531301133,3.457682965016
    ));
#5545 = CARTESIAN_POINT('',(4.55939678937,1.551104631472,3.469099548169)
  );
#5546 = CARTESIAN_POINT('',(4.559185496001,1.546247359896,3.491951214278
    ));
#5547 = CARTESIAN_POINT('',(4.559069198868,1.543816795086,3.503386122664
    ));
#5548 = CARTESIAN_POINT('',(4.558942604012,1.541390838462,3.514799351241
    ));
#5549 = CARTESIAN_POINT('',(4.558668180126,1.536533631832,3.537650711804
    ));
#5550 = CARTESIAN_POINT('',(4.55852021822,1.534102449372,3.549088526007)
  );
#5551 = CARTESIAN_POINT('',(4.558362078002,1.531677171116,3.560498563111
    ));
#5552 = CARTESIAN_POINT('',(4.558024386988,1.526820038677,3.583349574633
    ));
#5553 = CARTESIAN_POINT('',(4.557844673802,1.524388288514,3.594790059667
    ));
#5554 = CARTESIAN_POINT('',(4.557654923327,1.521963646102,3.606197105365
    ));
#5555 = CARTESIAN_POINT('',(4.557179430408,1.516206135645,3.633284062415
    ));
#5556 = CARTESIAN_POINT('',(4.556884708632,1.512880166482,3.64893151708)
  );
#5557 = CARTESIAN_POINT('',(4.556571593687,1.50956992391,3.664504983956)
  );
#5558 = CARTESIAN_POINT('',(4.55624057783,1.506276356577,3.68));
#5559 = ORIENTED_EDGE('',*,*,#5560,.F.);
#5560 = EDGE_CURVE('',#3862,#5455,#5561,.T.);
#5561 = LINE('',#5562,#5563);
#5562 = CARTESIAN_POINT('',(6.586276356577,1.506276356577,3.68));
#5563 = VECTOR('',#5564,1.);
#5564 = DIRECTION('',(-1.,-4.440892098501E-16,0.));
#5565 = B_SPLINE_SURFACE_WITH_KNOTS('',1,1,(
    (#5566,#5567)
    ,(#5568,#5569
    )),.UNSPECIFIED.,.F.,.F.,.F.,(2,2),(2,2),(0.,6.2),(0.,1.),
  .PIECEWISE_BEZIER_KNOTS.);
#5566 = CARTESIAN_POINT('',(6.91,1.83,2.157));
#5567 = CARTESIAN_POINT('',(6.586276356577,1.506276356577,3.68));
#5568 = CARTESIAN_POINT('',(0.71,1.83,2.157));
#5569 = CARTESIAN_POINT('',(1.033723643423,1.506276356577,3.68));
#5570 = ADVANCED_FACE('',(#5571),#5637,.T.);
#5571 = FACE_BOUND('',#5572,.T.);
#5572 = EDGE_LOOP('',(#5573,#5574,#5580,#5581,#5587,#5588,#5594,#5595,
    #5601,#5602,#5608,#5609,#5615,#5616,#5622,#5623,#5630,#5636));
#5573 = ORIENTED_EDGE('',*,*,#2633,.T.);
#5574 = ORIENTED_EDGE('',*,*,#5575,.T.);
#5575 = EDGE_CURVE('',#2626,#2944,#5576,.T.);
#5576 = LINE('',#5577,#5578);
#5577 = CARTESIAN_POINT('',(0.71,1.83,2.157));
#5578 = VECTOR('',#5579,1.);
#5579 = DIRECTION('',(4.440892098501E-16,-1.,0.));
#5580 = ORIENTED_EDGE('',*,*,#2960,.T.);
#5581 = ORIENTED_EDGE('',*,*,#5582,.T.);
#5582 = EDGE_CURVE('',#2953,#3272,#5583,.T.);
#5583 = LINE('',#5584,#5585);
#5584 = CARTESIAN_POINT('',(0.71,1.83,2.157));
#5585 = VECTOR('',#5586,1.);
#5586 = DIRECTION('',(4.440892098501E-16,-1.,0.));
#5587 = ORIENTED_EDGE('',*,*,#3288,.T.);
#5588 = ORIENTED_EDGE('',*,*,#5589,.T.);
#5589 = EDGE_CURVE('',#3281,#3600,#5590,.T.);
#5590 = LINE('',#5591,#5592);
#5591 = CARTESIAN_POINT('',(0.71,1.83,2.157));
#5592 = VECTOR('',#5593,1.);
#5593 = DIRECTION('',(4.440892098501E-16,-1.,0.));
#5594 = ORIENTED_EDGE('',*,*,#3616,.T.);
#5595 = ORIENTED_EDGE('',*,*,#5596,.T.);
#5596 = EDGE_CURVE('',#3609,#3747,#5597,.T.);
#5597 = LINE('',#5598,#5599);
#5598 = CARTESIAN_POINT('',(0.71,1.83,2.157));
#5599 = VECTOR('',#5600,1.);
#5600 = DIRECTION('',(4.440892098501E-16,-1.,0.));
#5601 = ORIENTED_EDGE('',*,*,#3763,.T.);
#5602 = ORIENTED_EDGE('',*,*,#5603,.T.);
#5603 = EDGE_CURVE('',#3756,#3419,#5604,.T.);
#5604 = LINE('',#5605,#5606);
#5605 = CARTESIAN_POINT('',(0.71,1.83,2.157));
#5606 = VECTOR('',#5607,1.);
#5607 = DIRECTION('',(4.440892098501E-16,-1.,0.));
#5608 = ORIENTED_EDGE('',*,*,#3435,.T.);
#5609 = ORIENTED_EDGE('',*,*,#5610,.T.);
#5610 = EDGE_CURVE('',#3428,#3091,#5611,.T.);
#5611 = LINE('',#5612,#5613);
#5612 = CARTESIAN_POINT('',(0.71,1.83,2.157));
#5613 = VECTOR('',#5614,1.);
#5614 = DIRECTION('',(4.440892098501E-16,-1.,0.));
#5615 = ORIENTED_EDGE('',*,*,#3107,.T.);
#5616 = ORIENTED_EDGE('',*,*,#5617,.T.);
#5617 = EDGE_CURVE('',#3100,#2764,#5618,.T.);
#5618 = LINE('',#5619,#5620);
#5619 = CARTESIAN_POINT('',(0.71,1.83,2.157));
#5620 = VECTOR('',#5621,1.);
#5621 = DIRECTION('',(4.440892098501E-16,-1.,0.));
#5622 = ORIENTED_EDGE('',*,*,#2779,.T.);
#5623 = ORIENTED_EDGE('',*,*,#5624,.T.);
#5624 = EDGE_CURVE('',#2773,#5625,#5627,.T.);
#5625 = VERTEX_POINT('',#5626);
#5626 = CARTESIAN_POINT('',(1.033723643423,-16.74627635657,3.68));
#5627 = B_SPLINE_CURVE_WITH_KNOTS('',1,(#5628,#5629),.UNSPECIFIED.,.F.,
  .F.,(2,2),(0.,1.),.PIECEWISE_BEZIER_KNOTS.);
#5628 = CARTESIAN_POINT('',(0.71,-17.07,2.157));
#5629 = CARTESIAN_POINT('',(1.033723643423,-16.74627635657,3.68));
#5630 = ORIENTED_EDGE('',*,*,#5631,.F.);
#5631 = EDGE_CURVE('',#5228,#5625,#5632,.T.);
#5632 = LINE('',#5633,#5634);
#5633 = CARTESIAN_POINT('',(1.033723643423,1.506276356577,3.68));
#5634 = VECTOR('',#5635,1.);
#5635 = DIRECTION('',(4.440892098501E-16,-1.,0.));
#5636 = ORIENTED_EDGE('',*,*,#5227,.F.);
#5637 = B_SPLINE_SURFACE_WITH_KNOTS('',1,1,(
    (#5638,#5639)
    ,(#5640,#5641
    )),.UNSPECIFIED.,.F.,.F.,.F.,(2,2),(2,2),(0.,18.9),(0.,1.),
  .PIECEWISE_BEZIER_KNOTS.);
#5638 = CARTESIAN_POINT('',(0.71,1.83,2.157));
#5639 = CARTESIAN_POINT('',(1.033723643423,1.506276356577,3.68));
#5640 = CARTESIAN_POINT('',(0.71,-17.07,2.157));
#5641 = CARTESIAN_POINT('',(1.033723643423,-16.74627635657,3.68));
#5642 = ADVANCED_FACE('',(#5643),#5656,.T.);
#5643 = FACE_BOUND('',#5644,.T.);
#5644 = EDGE_LOOP('',(#5645,#5646,#5647,#5648,#5649,#5655));
#5645 = ORIENTED_EDGE('',*,*,#2943,.F.);
#5646 = ORIENTED_EDGE('',*,*,#5575,.F.);
#5647 = ORIENTED_EDGE('',*,*,#2625,.F.);
#5648 = ORIENTED_EDGE('',*,*,#2647,.F.);
#5649 = ORIENTED_EDGE('',*,*,#5650,.F.);
#5650 = EDGE_CURVE('',#2794,#2648,#5651,.T.);
#5651 = LINE('',#5652,#5653);
#5652 = CARTESIAN_POINT('',(0.254,-0.762,2.157));
#5653 = VECTOR('',#5654,1.);
#5654 = DIRECTION('',(-4.440892098501E-16,1.,0.));
#5655 = ORIENTED_EDGE('',*,*,#2837,.F.);
#5656 = PLANE('',#5657);
#5657 = AXIS2_PLACEMENT_3D('',#5658,#5659,#5660);
#5658 = CARTESIAN_POINT('',(3.81,-0.762,2.157));
#5659 = DIRECTION('',(0.,0.,1.));
#5660 = DIRECTION('',(-4.440892098501E-16,1.,0.));
#5661 = ADVANCED_FACE('',(#5662),#5705,.T.);
#5662 = FACE_BOUND('',#5663,.T.);
#5663 = EDGE_LOOP('',(#5664,#5665,#5666,#5667,#5675,#5683,#5691,#5699));
#5664 = ORIENTED_EDGE('',*,*,#2680,.F.);
#5665 = ORIENTED_EDGE('',*,*,#2851,.T.);
#5666 = ORIENTED_EDGE('',*,*,#2820,.F.);
#5667 = ORIENTED_EDGE('',*,*,#5668,.F.);
#5668 = EDGE_CURVE('',#5669,#2813,#5671,.T.);
#5669 = VERTEX_POINT('',#5670);
#5670 = CARTESIAN_POINT('',(0.127,-0.2285,0.));
#5671 = LINE('',#5672,#5673);
#5672 = CARTESIAN_POINT('',(0.127,-0.2285,0.));
#5673 = VECTOR('',#5674,1.);
#5674 = DIRECTION('',(4.440892098501E-16,-1.,0.));
#5675 = ORIENTED_EDGE('',*,*,#5676,.F.);
#5676 = EDGE_CURVE('',#5677,#5669,#5679,.T.);
#5677 = VERTEX_POINT('',#5678);
#5678 = CARTESIAN_POINT('',(0.127,-0.2285,-2.843));
#5679 = LINE('',#5680,#5681);
#5680 = CARTESIAN_POINT('',(0.127,-0.2285,-2.843));
#5681 = VECTOR('',#5682,1.);
#5682 = DIRECTION('',(0.,0.,1.));
#5683 = ORIENTED_EDGE('',*,*,#5684,.F.);
#5684 = EDGE_CURVE('',#5685,#5677,#5687,.T.);
#5685 = VERTEX_POINT('',#5686);
#5686 = CARTESIAN_POINT('',(0.127,-0.11425,-3.3));
#5687 = LINE('',#5688,#5689);
#5688 = CARTESIAN_POINT('',(0.127,-0.11425,-3.3));
#5689 = VECTOR('',#5690,1.);
#5690 = DIRECTION('',(1.077074540829E-16,-0.242535625036,0.970142500145)
  );
#5691 = ORIENTED_EDGE('',*,*,#5692,.F.);
#5692 = EDGE_CURVE('',#5693,#5685,#5695,.T.);
#5693 = VERTEX_POINT('',#5694);
#5694 = CARTESIAN_POINT('',(0.127,0.11425,-3.3));
#5695 = LINE('',#5696,#5697);
#5696 = CARTESIAN_POINT('',(0.127,0.11425,-3.3));
#5697 = VECTOR('',#5698,1.);
#5698 = DIRECTION('',(4.440892098501E-16,-1.,0.));
#5699 = ORIENTED_EDGE('',*,*,#5700,.F.);
#5700 = EDGE_CURVE('',#2673,#5693,#5701,.T.);
#5701 = LINE('',#5702,#5703);
#5702 = CARTESIAN_POINT('',(0.127,0.2285,-2.843));
#5703 = VECTOR('',#5704,1.);
#5704 = DIRECTION('',(1.077074540829E-16,-0.242535625036,-0.970142500145
    ));
#5705 = PLANE('',#5706);
#5706 = AXIS2_PLACEMENT_3D('',#5707,#5708,#5709);
#5707 = CARTESIAN_POINT('',(0.127,0.2285,2.157));
#5708 = DIRECTION('',(1.,4.440892098501E-16,0.));
#5709 = DIRECTION('',(0.,0.,-1.));
#5710 = ADVANCED_FACE('',(#5711),#5729,.T.);
#5711 = FACE_BOUND('',#5712,.T.);
#5712 = EDGE_LOOP('',(#5713,#5714,#5715,#5723));
#5713 = ORIENTED_EDGE('',*,*,#2672,.T.);
#5714 = ORIENTED_EDGE('',*,*,#5700,.T.);
#5715 = ORIENTED_EDGE('',*,*,#5716,.F.);
#5716 = EDGE_CURVE('',#5717,#5693,#5719,.T.);
#5717 = VERTEX_POINT('',#5718);
#5718 = CARTESIAN_POINT('',(-0.127,0.11425,-3.3));
#5719 = LINE('',#5720,#5721);
#5720 = CARTESIAN_POINT('',(-0.127,0.11425,-3.3));
#5721 = VECTOR('',#5722,1.);
#5722 = DIRECTION('',(1.,4.440892098501E-16,0.));
#5723 = ORIENTED_EDGE('',*,*,#5724,.F.);
#5724 = EDGE_CURVE('',#2665,#5717,#5725,.T.);
#5725 = LINE('',#5726,#5727);
#5726 = CARTESIAN_POINT('',(-0.127,0.2285,-2.843));
#5727 = VECTOR('',#5728,1.);
#5728 = DIRECTION('',(1.077074540829E-16,-0.242535625036,-0.970142500145
    ));
#5729 = PLANE('',#5730);
#5730 = AXIS2_PLACEMENT_3D('',#5731,#5732,#5733);
#5731 = CARTESIAN_POINT('',(-0.127,0.2285,-2.843));
#5732 = DIRECTION('',(-4.308298163317E-16,0.970142500145,-0.242535625036
    ));
#5733 = DIRECTION('',(1.077074540829E-16,-0.242535625036,-0.970142500145
    ));
#5734 = ADVANCED_FACE('',(#5735),#5776,.F.);
#5735 = FACE_BOUND('',#5736,.F.);
#5736 = EDGE_LOOP('',(#5737,#5738,#5744,#5745,#5753,#5761,#5769,#5775));
#5737 = ORIENTED_EDGE('',*,*,#2664,.F.);
#5738 = ORIENTED_EDGE('',*,*,#5739,.F.);
#5739 = EDGE_CURVE('',#2796,#2656,#5740,.T.);
#5740 = LINE('',#5741,#5742);
#5741 = CARTESIAN_POINT('',(-0.127,-0.762,1.776));
#5742 = VECTOR('',#5743,1.);
#5743 = DIRECTION('',(-4.440892098501E-16,1.,0.));
#5744 = ORIENTED_EDGE('',*,*,#2804,.F.);
#5745 = ORIENTED_EDGE('',*,*,#5746,.F.);
#5746 = EDGE_CURVE('',#5747,#2805,#5749,.T.);
#5747 = VERTEX_POINT('',#5748);
#5748 = CARTESIAN_POINT('',(-0.127,-0.2285,0.));
#5749 = LINE('',#5750,#5751);
#5750 = CARTESIAN_POINT('',(-0.127,-0.2285,0.));
#5751 = VECTOR('',#5752,1.);
#5752 = DIRECTION('',(4.440892098501E-16,-1.,0.));
#5753 = ORIENTED_EDGE('',*,*,#5754,.F.);
#5754 = EDGE_CURVE('',#5755,#5747,#5757,.T.);
#5755 = VERTEX_POINT('',#5756);
#5756 = CARTESIAN_POINT('',(-0.127,-0.2285,-2.843));
#5757 = LINE('',#5758,#5759);
#5758 = CARTESIAN_POINT('',(-0.127,-0.2285,-2.843));
#5759 = VECTOR('',#5760,1.);
#5760 = DIRECTION('',(0.,0.,1.));
#5761 = ORIENTED_EDGE('',*,*,#5762,.F.);
#5762 = EDGE_CURVE('',#5763,#5755,#5765,.T.);
#5763 = VERTEX_POINT('',#5764);
#5764 = CARTESIAN_POINT('',(-0.127,-0.11425,-3.3));
#5765 = LINE('',#5766,#5767);
#5766 = CARTESIAN_POINT('',(-0.127,-0.11425,-3.3));
#5767 = VECTOR('',#5768,1.);
#5768 = DIRECTION('',(1.077074540829E-16,-0.242535625036,0.970142500145)
  );
#5769 = ORIENTED_EDGE('',*,*,#5770,.F.);
#5770 = EDGE_CURVE('',#5717,#5763,#5771,.T.);
#5771 = LINE('',#5772,#5773);
#5772 = CARTESIAN_POINT('',(-0.127,0.11425,-3.3));
#5773 = VECTOR('',#5774,1.);
#5774 = DIRECTION('',(4.440892098501E-16,-1.,0.));
#5775 = ORIENTED_EDGE('',*,*,#5724,.F.);
#5776 = PLANE('',#5777);
#5777 = AXIS2_PLACEMENT_3D('',#5778,#5779,#5780);
#5778 = CARTESIAN_POINT('',(-0.127,0.2285,2.157));
#5779 = DIRECTION('',(1.,4.440892098501E-16,0.));
#5780 = DIRECTION('',(0.,0.,-1.));
#5781 = ADVANCED_FACE('',(#5782),#5788,.T.);
#5782 = FACE_BOUND('',#5783,.T.);
#5783 = EDGE_LOOP('',(#5784,#5785,#5786,#5787));
#5784 = ORIENTED_EDGE('',*,*,#5650,.T.);
#5785 = ORIENTED_EDGE('',*,*,#2655,.T.);
#5786 = ORIENTED_EDGE('',*,*,#5739,.F.);
#5787 = ORIENTED_EDGE('',*,*,#2793,.F.);
#5788 = CYLINDRICAL_SURFACE('',#5789,0.381);
#5789 = AXIS2_PLACEMENT_3D('',#5790,#5791,#5792);
#5790 = CARTESIAN_POINT('',(0.254,-0.762,1.776));
#5791 = DIRECTION('',(-4.440892098501E-16,1.,0.));
#5792 = DIRECTION('',(0.,0.,1.));
#5793 = ADVANCED_FACE('',(#5794),#5842,.T.);
#5794 = FACE_BOUND('',#5795,.T.);
#5795 = EDGE_LOOP('',(#5796,#5797,#5803,#5804,#5812,#5820,#5828,#5836));
#5796 = ORIENTED_EDGE('',*,*,#2705,.F.);
#5797 = ORIENTED_EDGE('',*,*,#5798,.T.);
#5798 = EDGE_CURVE('',#2706,#2877,#5799,.T.);
#5799 = LINE('',#5800,#5801);
#5800 = CARTESIAN_POINT('',(-0.127,-15.4685,1.776));
#5801 = VECTOR('',#5802,1.);
#5802 = DIRECTION('',(-4.440892098501E-16,1.,0.));
#5803 = ORIENTED_EDGE('',*,*,#2885,.F.);
#5804 = ORIENTED_EDGE('',*,*,#5805,.F.);
#5805 = EDGE_CURVE('',#5806,#2886,#5808,.T.);
#5806 = VERTEX_POINT('',#5807);
#5807 = CARTESIAN_POINT('',(-0.127,-15.0115,0.));
#5808 = LINE('',#5809,#5810);
#5809 = CARTESIAN_POINT('',(-0.127,-15.0115,0.));
#5810 = VECTOR('',#5811,1.);
#5811 = DIRECTION('',(-4.440892098501E-16,1.,0.));
#5812 = ORIENTED_EDGE('',*,*,#5813,.F.);
#5813 = EDGE_CURVE('',#5814,#5806,#5816,.T.);
#5814 = VERTEX_POINT('',#5815);
#5815 = CARTESIAN_POINT('',(-0.127,-15.0115,-2.843));
#5816 = LINE('',#5817,#5818);
#5817 = CARTESIAN_POINT('',(-0.127,-15.0115,-2.843));
#5818 = VECTOR('',#5819,1.);
#5819 = DIRECTION('',(0.,0.,1.));
#5820 = ORIENTED_EDGE('',*,*,#5821,.F.);
#5821 = EDGE_CURVE('',#5822,#5814,#5824,.T.);
#5822 = VERTEX_POINT('',#5823);
#5823 = CARTESIAN_POINT('',(-0.127,-15.12575,-3.3));
#5824 = LINE('',#5825,#5826);
#5825 = CARTESIAN_POINT('',(-0.127,-15.12575,-3.3));
#5826 = VECTOR('',#5827,1.);
#5827 = DIRECTION('',(-1.077074540829E-16,0.242535625036,0.970142500145)
  );
#5828 = ORIENTED_EDGE('',*,*,#5829,.F.);
#5829 = EDGE_CURVE('',#5830,#5822,#5832,.T.);
#5830 = VERTEX_POINT('',#5831);
#5831 = CARTESIAN_POINT('',(-0.127,-15.35425,-3.3));
#5832 = LINE('',#5833,#5834);
#5833 = CARTESIAN_POINT('',(-0.127,-15.35425,-3.3));
#5834 = VECTOR('',#5835,1.);
#5835 = DIRECTION('',(-4.440892098501E-16,1.,0.));
#5836 = ORIENTED_EDGE('',*,*,#5837,.F.);
#5837 = EDGE_CURVE('',#2708,#5830,#5838,.T.);
#5838 = LINE('',#5839,#5840);
#5839 = CARTESIAN_POINT('',(-0.127,-15.4685,-2.843));
#5840 = VECTOR('',#5841,1.);
#5841 = DIRECTION('',(-1.077074540829E-16,0.242535625036,-0.970142500145
    ));
#5842 = PLANE('',#5843);
#5843 = AXIS2_PLACEMENT_3D('',#5844,#5845,#5846);
#5844 = CARTESIAN_POINT('',(-0.127,-15.4685,2.157));
#5845 = DIRECTION('',(-1.,-4.440892098501E-16,0.));
#5846 = DIRECTION('',(0.,0.,1.));
#5847 = ADVANCED_FACE('',(#5848),#5866,.F.);
#5848 = FACE_BOUND('',#5849,.F.);
#5849 = EDGE_LOOP('',(#5850,#5851,#5859,#5865));
#5850 = ORIENTED_EDGE('',*,*,#2749,.T.);
#5851 = ORIENTED_EDGE('',*,*,#5852,.T.);
#5852 = EDGE_CURVE('',#2742,#5853,#5855,.T.);
#5853 = VERTEX_POINT('',#5854);
#5854 = CARTESIAN_POINT('',(0.127,-15.35425,-3.3));
#5855 = LINE('',#5856,#5857);
#5856 = CARTESIAN_POINT('',(0.127,-15.4685,-2.843));
#5857 = VECTOR('',#5858,1.);
#5858 = DIRECTION('',(-1.077074540829E-16,0.242535625036,-0.970142500145
    ));
#5859 = ORIENTED_EDGE('',*,*,#5860,.F.);
#5860 = EDGE_CURVE('',#5830,#5853,#5861,.T.);
#5861 = LINE('',#5862,#5863);
#5862 = CARTESIAN_POINT('',(-0.127,-15.35425,-3.3));
#5863 = VECTOR('',#5864,1.);
#5864 = DIRECTION('',(1.,4.440892098501E-16,0.));
#5865 = ORIENTED_EDGE('',*,*,#5837,.F.);
#5866 = PLANE('',#5867);
#5867 = AXIS2_PLACEMENT_3D('',#5868,#5869,#5870);
#5868 = CARTESIAN_POINT('',(-0.127,-15.4685,-2.843));
#5869 = DIRECTION('',(-4.308298163317E-16,0.970142500145,0.242535625036)
  );
#5870 = DIRECTION('',(-1.077074540829E-16,0.242535625036,-0.970142500145
    ));
#5871 = ADVANCED_FACE('',(#5872),#5908,.F.);
#5872 = FACE_BOUND('',#5873,.F.);
#5873 = EDGE_LOOP('',(#5874,#5875,#5876,#5877,#5885,#5893,#5901,#5907));
#5874 = ORIENTED_EDGE('',*,*,#2741,.F.);
#5875 = ORIENTED_EDGE('',*,*,#2929,.T.);
#5876 = ORIENTED_EDGE('',*,*,#2901,.F.);
#5877 = ORIENTED_EDGE('',*,*,#5878,.F.);
#5878 = EDGE_CURVE('',#5879,#2894,#5881,.T.);
#5879 = VERTEX_POINT('',#5880);
#5880 = CARTESIAN_POINT('',(0.127,-15.0115,0.));
#5881 = LINE('',#5882,#5883);
#5882 = CARTESIAN_POINT('',(0.127,-15.0115,0.));
#5883 = VECTOR('',#5884,1.);
#5884 = DIRECTION('',(-4.440892098501E-16,1.,0.));
#5885 = ORIENTED_EDGE('',*,*,#5886,.F.);
#5886 = EDGE_CURVE('',#5887,#5879,#5889,.T.);
#5887 = VERTEX_POINT('',#5888);
#5888 = CARTESIAN_POINT('',(0.127,-15.0115,-2.843));
#5889 = LINE('',#5890,#5891);
#5890 = CARTESIAN_POINT('',(0.127,-15.0115,-2.843));
#5891 = VECTOR('',#5892,1.);
#5892 = DIRECTION('',(0.,0.,1.));
#5893 = ORIENTED_EDGE('',*,*,#5894,.F.);
#5894 = EDGE_CURVE('',#5895,#5887,#5897,.T.);
#5895 = VERTEX_POINT('',#5896);
#5896 = CARTESIAN_POINT('',(0.127,-15.12575,-3.3));
#5897 = LINE('',#5898,#5899);
#5898 = CARTESIAN_POINT('',(0.127,-15.12575,-3.3));
#5899 = VECTOR('',#5900,1.);
#5900 = DIRECTION('',(-1.077074540829E-16,0.242535625036,0.970142500145)
  );
#5901 = ORIENTED_EDGE('',*,*,#5902,.F.);
#5902 = EDGE_CURVE('',#5853,#5895,#5903,.T.);
#5903 = LINE('',#5904,#5905);
#5904 = CARTESIAN_POINT('',(0.127,-15.35425,-3.3));
#5905 = VECTOR('',#5906,1.);
#5906 = DIRECTION('',(-4.440892098501E-16,1.,0.));
#5907 = ORIENTED_EDGE('',*,*,#5852,.F.);
#5908 = PLANE('',#5909);
#5909 = AXIS2_PLACEMENT_3D('',#5910,#5911,#5912);
#5910 = CARTESIAN_POINT('',(0.127,-15.4685,2.157));
#5911 = DIRECTION('',(-1.,-4.440892098501E-16,0.));
#5912 = DIRECTION('',(0.,0.,1.));
#5913 = ADVANCED_FACE('',(#5914),#5927,.T.);
#5914 = FACE_BOUND('',#5915,.T.);
#5915 = EDGE_LOOP('',(#5916,#5917,#5918,#5919,#5920,#5926));
#5916 = ORIENTED_EDGE('',*,*,#2763,.F.);
#5917 = ORIENTED_EDGE('',*,*,#5617,.F.);
#5918 = ORIENTED_EDGE('',*,*,#3099,.F.);
#5919 = ORIENTED_EDGE('',*,*,#2868,.F.);
#5920 = ORIENTED_EDGE('',*,*,#5921,.F.);
#5921 = EDGE_CURVE('',#2716,#2869,#5922,.T.);
#5922 = LINE('',#5923,#5924);
#5923 = CARTESIAN_POINT('',(0.254,-15.4685,2.157));
#5924 = VECTOR('',#5925,1.);
#5925 = DIRECTION('',(-4.440892098501E-16,1.,0.));
#5926 = ORIENTED_EDGE('',*,*,#2724,.F.);
#5927 = PLANE('',#5928);
#5928 = AXIS2_PLACEMENT_3D('',#5929,#5930,#5931);
#5929 = CARTESIAN_POINT('',(3.81,-15.4685,2.157));
#5930 = DIRECTION('',(0.,0.,1.));
#5931 = DIRECTION('',(-4.440892098501E-16,1.,0.));
#5932 = ADVANCED_FACE('',(#5933),#5939,.T.);
#5933 = FACE_BOUND('',#5934,.T.);
#5934 = EDGE_LOOP('',(#5935,#5936,#5937,#5938));
#5935 = ORIENTED_EDGE('',*,*,#2715,.T.);
#5936 = ORIENTED_EDGE('',*,*,#5921,.T.);
#5937 = ORIENTED_EDGE('',*,*,#2876,.F.);
#5938 = ORIENTED_EDGE('',*,*,#5798,.F.);
#5939 = CYLINDRICAL_SURFACE('',#5940,0.381);
#5940 = AXIS2_PLACEMENT_3D('',#5941,#5942,#5943);
#5941 = CARTESIAN_POINT('',(0.254,-15.4685,1.776));
#5942 = DIRECTION('',(-4.440892098501E-16,1.,0.));
#5943 = DIRECTION('',(-1.,-4.440892098501E-16,0.));
#5944 = ADVANCED_FACE('',(#5945),#5956,.T.);
#5945 = FACE_BOUND('',#5946,.T.);
#5946 = EDGE_LOOP('',(#5947,#5953,#5954,#5955));
#5947 = ORIENTED_EDGE('',*,*,#5948,.T.);
#5948 = EDGE_CURVE('',#5747,#5669,#5949,.T.);
#5949 = LINE('',#5950,#5951);
#5950 = CARTESIAN_POINT('',(-0.127,-0.2285,0.));
#5951 = VECTOR('',#5952,1.);
#5952 = DIRECTION('',(1.,4.440892098501E-16,0.));
#5953 = ORIENTED_EDGE('',*,*,#5668,.T.);
#5954 = ORIENTED_EDGE('',*,*,#2812,.F.);
#5955 = ORIENTED_EDGE('',*,*,#5746,.F.);
#5956 = PLANE('',#5957);
#5957 = AXIS2_PLACEMENT_3D('',#5958,#5959,#5960);
#5958 = CARTESIAN_POINT('',(-0.127,-0.2285,0.));
#5959 = DIRECTION('',(0.,0.,-1.));
#5960 = DIRECTION('',(4.440892098501E-16,-1.,0.));
#5961 = ADVANCED_FACE('',(#5962),#5973,.F.);
#5962 = FACE_BOUND('',#5963,.F.);
#5963 = EDGE_LOOP('',(#5964,#5970,#5971,#5972));
#5964 = ORIENTED_EDGE('',*,*,#5965,.T.);
#5965 = EDGE_CURVE('',#5806,#5879,#5966,.T.);
#5966 = LINE('',#5967,#5968);
#5967 = CARTESIAN_POINT('',(-0.127,-15.0115,0.));
#5968 = VECTOR('',#5969,1.);
#5969 = DIRECTION('',(1.,4.440892098501E-16,0.));
#5970 = ORIENTED_EDGE('',*,*,#5878,.T.);
#5971 = ORIENTED_EDGE('',*,*,#2893,.F.);
#5972 = ORIENTED_EDGE('',*,*,#5805,.F.);
#5973 = PLANE('',#5974);
#5974 = AXIS2_PLACEMENT_3D('',#5975,#5976,#5977);
#5975 = CARTESIAN_POINT('',(-0.127,-15.0115,0.));
#5976 = DIRECTION('',(0.,0.,1.));
#5977 = DIRECTION('',(-4.440892098501E-16,1.,0.));
#5978 = ADVANCED_FACE('',(#5979),#5992,.T.);
#5979 = FACE_BOUND('',#5980,.T.);
#5980 = EDGE_LOOP('',(#5981,#5982,#5983,#5984,#5985,#5991));
#5981 = ORIENTED_EDGE('',*,*,#3271,.F.);
#5982 = ORIENTED_EDGE('',*,*,#5582,.F.);
#5983 = ORIENTED_EDGE('',*,*,#2952,.F.);
#5984 = ORIENTED_EDGE('',*,*,#2985,.F.);
#5985 = ORIENTED_EDGE('',*,*,#5986,.F.);
#5986 = EDGE_CURVE('',#3122,#2975,#5987,.T.);
#5987 = LINE('',#5988,#5989);
#5988 = CARTESIAN_POINT('',(0.254,-3.302,2.157));
#5989 = VECTOR('',#5990,1.);
#5990 = DIRECTION('',(-4.440892098501E-16,1.,0.));
#5991 = ORIENTED_EDGE('',*,*,#3132,.F.);
#5992 = PLANE('',#5993);
#5993 = AXIS2_PLACEMENT_3D('',#5994,#5995,#5996);
#5994 = CARTESIAN_POINT('',(3.683,-3.302,2.157));
#5995 = DIRECTION('',(0.,0.,1.));
#5996 = DIRECTION('',(-4.440892098501E-16,1.,0.));
#5997 = ADVANCED_FACE('',(#5998),#6009,.T.);
#5998 = FACE_BOUND('',#5999,.T.);
#5999 = EDGE_LOOP('',(#6000,#6001,#6002,#6008));
#6000 = ORIENTED_EDGE('',*,*,#5986,.T.);
#6001 = ORIENTED_EDGE('',*,*,#2974,.T.);
#6002 = ORIENTED_EDGE('',*,*,#6003,.F.);
#6003 = EDGE_CURVE('',#3124,#2977,#6004,.T.);
#6004 = LINE('',#6005,#6006);
#6005 = CARTESIAN_POINT('',(-0.127,-3.302,1.776));
#6006 = VECTOR('',#6007,1.);
#6007 = DIRECTION('',(-4.440892098501E-16,1.,0.));
#6008 = ORIENTED_EDGE('',*,*,#3121,.F.);
#6009 = CYLINDRICAL_SURFACE('',#6010,0.381);
#6010 = AXIS2_PLACEMENT_3D('',#6011,#6012,#6013);
#6011 = CARTESIAN_POINT('',(0.254,-3.302,1.776));
#6012 = DIRECTION('',(-4.440892098501E-16,1.,0.));
#6013 = DIRECTION('',(0.,0.,1.));
#6014 = ADVANCED_FACE('',(#6015),#6074,.F.);
#6015 = FACE_BOUND('',#6016,.F.);
#6016 = EDGE_LOOP('',(#6017,#6018,#6019,#6020,#6028,#6036,#6044,#6052,
    #6060,#6068));
#6017 = ORIENTED_EDGE('',*,*,#3018,.F.);
#6018 = ORIENTED_EDGE('',*,*,#6003,.F.);
#6019 = ORIENTED_EDGE('',*,*,#3165,.F.);
#6020 = ORIENTED_EDGE('',*,*,#6021,.F.);
#6021 = EDGE_CURVE('',#6022,#3158,#6024,.T.);
#6022 = VERTEX_POINT('',#6023);
#6023 = CARTESIAN_POINT('',(-0.127,-2.7685,0.));
#6024 = LINE('',#6025,#6026);
#6025 = CARTESIAN_POINT('',(-0.127,-2.7685,0.));
#6026 = VECTOR('',#6027,1.);
#6027 = DIRECTION('',(4.440892098501E-16,-1.,0.));
#6028 = ORIENTED_EDGE('',*,*,#6029,.F.);
#6029 = EDGE_CURVE('',#6030,#6022,#6032,.T.);
#6030 = VERTEX_POINT('',#6031);
#6031 = CARTESIAN_POINT('',(-0.127,-2.7685,-2.843));
#6032 = LINE('',#6033,#6034);
#6033 = CARTESIAN_POINT('',(-0.127,-2.7685,-2.843));
#6034 = VECTOR('',#6035,1.);
#6035 = DIRECTION('',(1.387374085862E-31,-3.124088708055E-16,1.));
#6036 = ORIENTED_EDGE('',*,*,#6037,.F.);
#6037 = EDGE_CURVE('',#6038,#6030,#6040,.T.);
#6038 = VERTEX_POINT('',#6039);
#6039 = CARTESIAN_POINT('',(-0.127,-2.65425,-3.3));
#6040 = LINE('',#6041,#6042);
#6041 = CARTESIAN_POINT('',(-0.127,-2.65425,-3.3));
#6042 = VECTOR('',#6043,1.);
#6043 = DIRECTION('',(1.077074540829E-16,-0.242535625036,0.970142500145)
  );
#6044 = ORIENTED_EDGE('',*,*,#6045,.F.);
#6045 = EDGE_CURVE('',#6046,#6038,#6048,.T.);
#6046 = VERTEX_POINT('',#6047);
#6047 = CARTESIAN_POINT('',(-0.127,-2.42575,-3.3));
#6048 = LINE('',#6049,#6050);
#6049 = CARTESIAN_POINT('',(-0.127,-2.42575,-3.3));
#6050 = VECTOR('',#6051,1.);
#6051 = DIRECTION('',(4.440892098501E-16,-1.,0.));
#6052 = ORIENTED_EDGE('',*,*,#6053,.F.);
#6053 = EDGE_CURVE('',#6054,#6046,#6056,.T.);
#6054 = VERTEX_POINT('',#6055);
#6055 = CARTESIAN_POINT('',(-0.127,-2.3115,-2.843));
#6056 = LINE('',#6057,#6058);
#6057 = CARTESIAN_POINT('',(-0.127,-2.3115,-2.843));
#6058 = VECTOR('',#6059,1.);
#6059 = DIRECTION('',(1.077074540829E-16,-0.242535625036,-0.970142500145
    ));
#6060 = ORIENTED_EDGE('',*,*,#6061,.F.);
#6061 = EDGE_CURVE('',#6062,#6054,#6064,.T.);
#6062 = VERTEX_POINT('',#6063);
#6063 = CARTESIAN_POINT('',(-0.127,-2.3115,0.));
#6064 = LINE('',#6065,#6066);
#6065 = CARTESIAN_POINT('',(-0.127,-2.3115,0.));
#6066 = VECTOR('',#6067,1.);
#6067 = DIRECTION('',(1.387374085862E-31,-3.124088708055E-16,-1.));
#6068 = ORIENTED_EDGE('',*,*,#6069,.F.);
#6069 = EDGE_CURVE('',#3011,#6062,#6070,.T.);
#6070 = LINE('',#6071,#6072);
#6071 = CARTESIAN_POINT('',(-0.127,-1.778,0.));
#6072 = VECTOR('',#6073,1.);
#6073 = DIRECTION('',(4.440892098501E-16,-1.,0.));
#6074 = PLANE('',#6075);
#6075 = AXIS2_PLACEMENT_3D('',#6076,#6077,#6078);
#6076 = CARTESIAN_POINT('',(-0.127,-1.778,2.157));
#6077 = DIRECTION('',(1.,4.440892098501E-16,0.));
#6078 = DIRECTION('',(0.,0.,-1.));
#6079 = ADVANCED_FACE('',(#6080),#6098,.T.);
#6080 = FACE_BOUND('',#6081,.T.);
#6081 = EDGE_LOOP('',(#6082,#6083,#6091,#6097));
#6082 = ORIENTED_EDGE('',*,*,#3010,.T.);
#6083 = ORIENTED_EDGE('',*,*,#6084,.T.);
#6084 = EDGE_CURVE('',#3003,#6085,#6087,.T.);
#6085 = VERTEX_POINT('',#6086);
#6086 = CARTESIAN_POINT('',(0.127,-2.3115,0.));
#6087 = LINE('',#6088,#6089);
#6088 = CARTESIAN_POINT('',(0.127,-1.778,0.));
#6089 = VECTOR('',#6090,1.);
#6090 = DIRECTION('',(4.440892098501E-16,-1.,0.));
#6091 = ORIENTED_EDGE('',*,*,#6092,.F.);
#6092 = EDGE_CURVE('',#6062,#6085,#6093,.T.);
#6093 = LINE('',#6094,#6095);
#6094 = CARTESIAN_POINT('',(-0.127,-2.3115,0.));
#6095 = VECTOR('',#6096,1.);
#6096 = DIRECTION('',(1.,4.440892098501E-16,0.));
#6097 = ORIENTED_EDGE('',*,*,#6069,.F.);
#6098 = PLANE('',#6099);
#6099 = AXIS2_PLACEMENT_3D('',#6100,#6101,#6102);
#6100 = CARTESIAN_POINT('',(-0.127,-1.778,0.));
#6101 = DIRECTION('',(0.,0.,-1.));
#6102 = DIRECTION('',(4.440892098501E-16,-1.,0.));
#6103 = ADVANCED_FACE('',(#6104),#6156,.T.);
#6104 = FACE_BOUND('',#6105,.T.);
#6105 = EDGE_LOOP('',(#6106,#6107,#6108,#6109,#6117,#6125,#6133,#6141,
    #6149,#6155));
#6106 = ORIENTED_EDGE('',*,*,#3002,.F.);
#6107 = ORIENTED_EDGE('',*,*,#3179,.T.);
#6108 = ORIENTED_EDGE('',*,*,#3149,.F.);
#6109 = ORIENTED_EDGE('',*,*,#6110,.F.);
#6110 = EDGE_CURVE('',#6111,#3150,#6113,.T.);
#6111 = VERTEX_POINT('',#6112);
#6112 = CARTESIAN_POINT('',(0.127,-2.7685,0.));
#6113 = LINE('',#6114,#6115);
#6114 = CARTESIAN_POINT('',(0.127,-2.7685,0.));
#6115 = VECTOR('',#6116,1.);
#6116 = DIRECTION('',(4.440892098501E-16,-1.,0.));
#6117 = ORIENTED_EDGE('',*,*,#6118,.F.);
#6118 = EDGE_CURVE('',#6119,#6111,#6121,.T.);
#6119 = VERTEX_POINT('',#6120);
#6120 = CARTESIAN_POINT('',(0.127,-2.7685,-2.843));
#6121 = LINE('',#6122,#6123);
#6122 = CARTESIAN_POINT('',(0.127,-2.7685,-2.843));
#6123 = VECTOR('',#6124,1.);
#6124 = DIRECTION('',(1.387374085862E-31,-3.124088708055E-16,1.));
#6125 = ORIENTED_EDGE('',*,*,#6126,.F.);
#6126 = EDGE_CURVE('',#6127,#6119,#6129,.T.);
#6127 = VERTEX_POINT('',#6128);
#6128 = CARTESIAN_POINT('',(0.127,-2.65425,-3.3));
#6129 = LINE('',#6130,#6131);
#6130 = CARTESIAN_POINT('',(0.127,-2.65425,-3.3));
#6131 = VECTOR('',#6132,1.);
#6132 = DIRECTION('',(1.077074540829E-16,-0.242535625036,0.970142500145)
  );
#6133 = ORIENTED_EDGE('',*,*,#6134,.F.);
#6134 = EDGE_CURVE('',#6135,#6127,#6137,.T.);
#6135 = VERTEX_POINT('',#6136);
#6136 = CARTESIAN_POINT('',(0.127,-2.42575,-3.3));
#6137 = LINE('',#6138,#6139);
#6138 = CARTESIAN_POINT('',(0.127,-2.42575,-3.3));
#6139 = VECTOR('',#6140,1.);
#6140 = DIRECTION('',(4.440892098501E-16,-1.,0.));
#6141 = ORIENTED_EDGE('',*,*,#6142,.F.);
#6142 = EDGE_CURVE('',#6143,#6135,#6145,.T.);
#6143 = VERTEX_POINT('',#6144);
#6144 = CARTESIAN_POINT('',(0.127,-2.3115,-2.843));
#6145 = LINE('',#6146,#6147);
#6146 = CARTESIAN_POINT('',(0.127,-2.3115,-2.843));
#6147 = VECTOR('',#6148,1.);
#6148 = DIRECTION('',(1.077074540829E-16,-0.242535625036,-0.970142500145
    ));
#6149 = ORIENTED_EDGE('',*,*,#6150,.F.);
#6150 = EDGE_CURVE('',#6085,#6143,#6151,.T.);
#6151 = LINE('',#6152,#6153);
#6152 = CARTESIAN_POINT('',(0.127,-2.3115,0.));
#6153 = VECTOR('',#6154,1.);
#6154 = DIRECTION('',(1.387374085862E-31,-3.124088708055E-16,-1.));
#6155 = ORIENTED_EDGE('',*,*,#6084,.F.);
#6156 = PLANE('',#6157);
#6157 = AXIS2_PLACEMENT_3D('',#6158,#6159,#6160);
#6158 = CARTESIAN_POINT('',(0.127,-1.778,2.157));
#6159 = DIRECTION('',(1.,4.440892098501E-16,0.));
#6160 = DIRECTION('',(0.,0.,-1.));
#6161 = ADVANCED_FACE('',(#6162),#6178,.T.);
#6162 = FACE_BOUND('',#6163,.T.);
#6163 = EDGE_LOOP('',(#6164,#6170,#6171,#6177));
#6164 = ORIENTED_EDGE('',*,*,#6165,.T.);
#6165 = EDGE_CURVE('',#3033,#3197,#6166,.T.);
#6166 = LINE('',#6167,#6168);
#6167 = CARTESIAN_POINT('',(0.254,-13.462,2.157));
#6168 = VECTOR('',#6169,1.);
#6169 = DIRECTION('',(-4.440892098501E-16,1.,0.));
#6170 = ORIENTED_EDGE('',*,*,#3196,.T.);
#6171 = ORIENTED_EDGE('',*,*,#6172,.F.);
#6172 = EDGE_CURVE('',#3035,#3199,#6173,.T.);
#6173 = LINE('',#6174,#6175);
#6174 = CARTESIAN_POINT('',(-0.127,-13.462,1.776));
#6175 = VECTOR('',#6176,1.);
#6176 = DIRECTION('',(-4.440892098501E-16,1.,0.));
#6177 = ORIENTED_EDGE('',*,*,#3032,.F.);
#6178 = CYLINDRICAL_SURFACE('',#6179,0.381);
#6179 = AXIS2_PLACEMENT_3D('',#6180,#6181,#6182);
#6180 = CARTESIAN_POINT('',(0.254,-13.462,1.776));
#6181 = DIRECTION('',(-4.440892098501E-16,1.,0.));
#6182 = DIRECTION('',(0.,0.,1.));
#6183 = ADVANCED_FACE('',(#6184),#6243,.F.);
#6184 = FACE_BOUND('',#6185,.F.);
#6185 = EDGE_LOOP('',(#6186,#6187,#6188,#6189,#6197,#6205,#6213,#6221,
    #6229,#6237));
#6186 = ORIENTED_EDGE('',*,*,#3240,.F.);
#6187 = ORIENTED_EDGE('',*,*,#6172,.F.);
#6188 = ORIENTED_EDGE('',*,*,#3076,.F.);
#6189 = ORIENTED_EDGE('',*,*,#6190,.F.);
#6190 = EDGE_CURVE('',#6191,#3069,#6193,.T.);
#6191 = VERTEX_POINT('',#6192);
#6192 = CARTESIAN_POINT('',(-0.127,-12.9285,0.));
#6193 = LINE('',#6194,#6195);
#6194 = CARTESIAN_POINT('',(-0.127,-12.9285,0.));
#6195 = VECTOR('',#6196,1.);
#6196 = DIRECTION('',(4.440892098501E-16,-1.,0.));
#6197 = ORIENTED_EDGE('',*,*,#6198,.F.);
#6198 = EDGE_CURVE('',#6199,#6191,#6201,.T.);
#6199 = VERTEX_POINT('',#6200);
#6200 = CARTESIAN_POINT('',(-0.127,-12.9285,-2.843));
#6201 = LINE('',#6202,#6203);
#6202 = CARTESIAN_POINT('',(-0.127,-12.9285,-2.843));
#6203 = VECTOR('',#6204,1.);
#6204 = DIRECTION('',(1.387374085862E-31,-3.124088708055E-16,1.));
#6205 = ORIENTED_EDGE('',*,*,#6206,.F.);
#6206 = EDGE_CURVE('',#6207,#6199,#6209,.T.);
#6207 = VERTEX_POINT('',#6208);
#6208 = CARTESIAN_POINT('',(-0.127,-12.81425,-3.3));
#6209 = LINE('',#6210,#6211);
#6210 = CARTESIAN_POINT('',(-0.127,-12.81425,-3.3));
#6211 = VECTOR('',#6212,1.);
#6212 = DIRECTION('',(1.077074540829E-16,-0.242535625036,0.970142500145)
  );
#6213 = ORIENTED_EDGE('',*,*,#6214,.F.);
#6214 = EDGE_CURVE('',#6215,#6207,#6217,.T.);
#6215 = VERTEX_POINT('',#6216);
#6216 = CARTESIAN_POINT('',(-0.127,-12.58575,-3.3));
#6217 = LINE('',#6218,#6219);
#6218 = CARTESIAN_POINT('',(-0.127,-12.58575,-3.3));
#6219 = VECTOR('',#6220,1.);
#6220 = DIRECTION('',(4.440892098501E-16,-1.,0.));
#6221 = ORIENTED_EDGE('',*,*,#6222,.F.);
#6222 = EDGE_CURVE('',#6223,#6215,#6225,.T.);
#6223 = VERTEX_POINT('',#6224);
#6224 = CARTESIAN_POINT('',(-0.127,-12.4715,-2.843));
#6225 = LINE('',#6226,#6227);
#6226 = CARTESIAN_POINT('',(-0.127,-12.4715,-2.843));
#6227 = VECTOR('',#6228,1.);
#6228 = DIRECTION('',(1.077074540829E-16,-0.242535625036,-0.970142500145
    ));
#6229 = ORIENTED_EDGE('',*,*,#6230,.F.);
#6230 = EDGE_CURVE('',#6231,#6223,#6233,.T.);
#6231 = VERTEX_POINT('',#6232);
#6232 = CARTESIAN_POINT('',(-0.127,-12.4715,0.));
#6233 = LINE('',#6234,#6235);
#6234 = CARTESIAN_POINT('',(-0.127,-12.4715,0.));
#6235 = VECTOR('',#6236,1.);
#6236 = DIRECTION('',(1.387374085862E-31,-3.124088708055E-16,-1.));
#6237 = ORIENTED_EDGE('',*,*,#6238,.F.);
#6238 = EDGE_CURVE('',#3233,#6231,#6239,.T.);
#6239 = LINE('',#6240,#6241);
#6240 = CARTESIAN_POINT('',(-0.127,-11.938,0.));
#6241 = VECTOR('',#6242,1.);
#6242 = DIRECTION('',(4.440892098501E-16,-1.,0.));
#6243 = PLANE('',#6244);
#6244 = AXIS2_PLACEMENT_3D('',#6245,#6246,#6247);
#6245 = CARTESIAN_POINT('',(-0.127,-11.938,2.157));
#6246 = DIRECTION('',(1.,4.440892098501E-16,0.));
#6247 = DIRECTION('',(0.,0.,-1.));
#6248 = ADVANCED_FACE('',(#6249),#6267,.T.);
#6249 = FACE_BOUND('',#6250,.T.);
#6250 = EDGE_LOOP('',(#6251,#6259,#6265,#6266));
#6251 = ORIENTED_EDGE('',*,*,#6252,.T.);
#6252 = EDGE_CURVE('',#6191,#6253,#6255,.T.);
#6253 = VERTEX_POINT('',#6254);
#6254 = CARTESIAN_POINT('',(0.127,-12.9285,0.));
#6255 = LINE('',#6256,#6257);
#6256 = CARTESIAN_POINT('',(-0.127,-12.9285,0.));
#6257 = VECTOR('',#6258,1.);
#6258 = DIRECTION('',(1.,4.440892098501E-16,0.));
#6259 = ORIENTED_EDGE('',*,*,#6260,.T.);
#6260 = EDGE_CURVE('',#6253,#3061,#6261,.T.);
#6261 = LINE('',#6262,#6263);
#6262 = CARTESIAN_POINT('',(0.127,-12.9285,0.));
#6263 = VECTOR('',#6264,1.);
#6264 = DIRECTION('',(4.440892098501E-16,-1.,0.));
#6265 = ORIENTED_EDGE('',*,*,#3068,.F.);
#6266 = ORIENTED_EDGE('',*,*,#6190,.F.);
#6267 = PLANE('',#6268);
#6268 = AXIS2_PLACEMENT_3D('',#6269,#6270,#6271);
#6269 = CARTESIAN_POINT('',(-0.127,-12.9285,0.));
#6270 = DIRECTION('',(0.,0.,-1.));
#6271 = DIRECTION('',(4.440892098501E-16,-1.,0.));
#6272 = ADVANCED_FACE('',(#6273),#6325,.T.);
#6273 = FACE_BOUND('',#6274,.T.);
#6274 = EDGE_LOOP('',(#6275,#6276,#6277,#6278,#6279,#6287,#6295,#6303,
    #6311,#6319));
#6275 = ORIENTED_EDGE('',*,*,#3224,.F.);
#6276 = ORIENTED_EDGE('',*,*,#3254,.T.);
#6277 = ORIENTED_EDGE('',*,*,#3060,.F.);
#6278 = ORIENTED_EDGE('',*,*,#6260,.F.);
#6279 = ORIENTED_EDGE('',*,*,#6280,.F.);
#6280 = EDGE_CURVE('',#6281,#6253,#6283,.T.);
#6281 = VERTEX_POINT('',#6282);
#6282 = CARTESIAN_POINT('',(0.127,-12.9285,-2.843));
#6283 = LINE('',#6284,#6285);
#6284 = CARTESIAN_POINT('',(0.127,-12.9285,-2.843));
#6285 = VECTOR('',#6286,1.);
#6286 = DIRECTION('',(1.387374085862E-31,-3.124088708055E-16,1.));
#6287 = ORIENTED_EDGE('',*,*,#6288,.F.);
#6288 = EDGE_CURVE('',#6289,#6281,#6291,.T.);
#6289 = VERTEX_POINT('',#6290);
#6290 = CARTESIAN_POINT('',(0.127,-12.81425,-3.3));
#6291 = LINE('',#6292,#6293);
#6292 = CARTESIAN_POINT('',(0.127,-12.81425,-3.3));
#6293 = VECTOR('',#6294,1.);
#6294 = DIRECTION('',(1.077074540829E-16,-0.242535625036,0.970142500145)
  );
#6295 = ORIENTED_EDGE('',*,*,#6296,.F.);
#6296 = EDGE_CURVE('',#6297,#6289,#6299,.T.);
#6297 = VERTEX_POINT('',#6298);
#6298 = CARTESIAN_POINT('',(0.127,-12.58575,-3.3));
#6299 = LINE('',#6300,#6301);
#6300 = CARTESIAN_POINT('',(0.127,-12.58575,-3.3));
#6301 = VECTOR('',#6302,1.);
#6302 = DIRECTION('',(4.440892098501E-16,-1.,0.));
#6303 = ORIENTED_EDGE('',*,*,#6304,.F.);
#6304 = EDGE_CURVE('',#6305,#6297,#6307,.T.);
#6305 = VERTEX_POINT('',#6306);
#6306 = CARTESIAN_POINT('',(0.127,-12.4715,-2.843));
#6307 = LINE('',#6308,#6309);
#6308 = CARTESIAN_POINT('',(0.127,-12.4715,-2.843));
#6309 = VECTOR('',#6310,1.);
#6310 = DIRECTION('',(1.077074540829E-16,-0.242535625036,-0.970142500145
    ));
#6311 = ORIENTED_EDGE('',*,*,#6312,.F.);
#6312 = EDGE_CURVE('',#6313,#6305,#6315,.T.);
#6313 = VERTEX_POINT('',#6314);
#6314 = CARTESIAN_POINT('',(0.127,-12.4715,0.));
#6315 = LINE('',#6316,#6317);
#6316 = CARTESIAN_POINT('',(0.127,-12.4715,0.));
#6317 = VECTOR('',#6318,1.);
#6318 = DIRECTION('',(1.387374085862E-31,-3.124088708055E-16,-1.));
#6319 = ORIENTED_EDGE('',*,*,#6320,.F.);
#6320 = EDGE_CURVE('',#3225,#6313,#6321,.T.);
#6321 = LINE('',#6322,#6323);
#6322 = CARTESIAN_POINT('',(0.127,-11.938,0.));
#6323 = VECTOR('',#6324,1.);
#6324 = DIRECTION('',(4.440892098501E-16,-1.,0.));
#6325 = PLANE('',#6326);
#6326 = AXIS2_PLACEMENT_3D('',#6327,#6328,#6329);
#6327 = CARTESIAN_POINT('',(0.127,-11.938,2.157));
#6328 = DIRECTION('',(1.,4.440892098501E-16,0.));
#6329 = DIRECTION('',(0.,0.,-1.));
#6330 = ADVANCED_FACE('',(#6331),#6339,.T.);
#6331 = FACE_BOUND('',#6332,.T.);
#6332 = EDGE_LOOP('',(#6333,#6334,#6335,#6336,#6337,#6338));
#6333 = ORIENTED_EDGE('',*,*,#3090,.F.);
#6334 = ORIENTED_EDGE('',*,*,#5610,.F.);
#6335 = ORIENTED_EDGE('',*,*,#3427,.F.);
#6336 = ORIENTED_EDGE('',*,*,#3207,.F.);
#6337 = ORIENTED_EDGE('',*,*,#6165,.F.);
#6338 = ORIENTED_EDGE('',*,*,#3043,.F.);
#6339 = PLANE('',#6340);
#6340 = AXIS2_PLACEMENT_3D('',#6341,#6342,#6343);
#6341 = CARTESIAN_POINT('',(3.683,-13.462,2.157));
#6342 = DIRECTION('',(0.,0.,1.));
#6343 = DIRECTION('',(-4.440892098501E-16,1.,0.));
#6344 = ADVANCED_FACE('',(#6345),#6356,.T.);
#6345 = FACE_BOUND('',#6346,.T.);
#6346 = EDGE_LOOP('',(#6347,#6353,#6354,#6355));
#6347 = ORIENTED_EDGE('',*,*,#6348,.T.);
#6348 = EDGE_CURVE('',#6022,#6111,#6349,.T.);
#6349 = LINE('',#6350,#6351);
#6350 = CARTESIAN_POINT('',(-0.127,-2.7685,0.));
#6351 = VECTOR('',#6352,1.);
#6352 = DIRECTION('',(1.,4.440892098501E-16,0.));
#6353 = ORIENTED_EDGE('',*,*,#6110,.T.);
#6354 = ORIENTED_EDGE('',*,*,#3157,.F.);
#6355 = ORIENTED_EDGE('',*,*,#6021,.F.);
#6356 = PLANE('',#6357);
#6357 = AXIS2_PLACEMENT_3D('',#6358,#6359,#6360);
#6358 = CARTESIAN_POINT('',(-0.127,-2.7685,0.));
#6359 = DIRECTION('',(0.,0.,-1.));
#6360 = DIRECTION('',(4.440892098501E-16,-1.,0.));
#6361 = ADVANCED_FACE('',(#6362),#6373,.T.);
#6362 = FACE_BOUND('',#6363,.T.);
#6363 = EDGE_LOOP('',(#6364,#6365,#6366,#6372));
#6364 = ORIENTED_EDGE('',*,*,#3232,.T.);
#6365 = ORIENTED_EDGE('',*,*,#6320,.T.);
#6366 = ORIENTED_EDGE('',*,*,#6367,.F.);
#6367 = EDGE_CURVE('',#6231,#6313,#6368,.T.);
#6368 = LINE('',#6369,#6370);
#6369 = CARTESIAN_POINT('',(-0.127,-12.4715,0.));
#6370 = VECTOR('',#6371,1.);
#6371 = DIRECTION('',(1.,4.440892098501E-16,0.));
#6372 = ORIENTED_EDGE('',*,*,#6238,.F.);
#6373 = PLANE('',#6374);
#6374 = AXIS2_PLACEMENT_3D('',#6375,#6376,#6377);
#6375 = CARTESIAN_POINT('',(-0.127,-11.938,0.));
#6376 = DIRECTION('',(0.,0.,-1.));
#6377 = DIRECTION('',(4.440892098501E-16,-1.,0.));
#6378 = ADVANCED_FACE('',(#6379),#6392,.T.);
#6379 = FACE_BOUND('',#6380,.T.);
#6380 = EDGE_LOOP('',(#6381,#6382,#6383,#6384,#6385,#6391));
#6381 = ORIENTED_EDGE('',*,*,#3599,.F.);
#6382 = ORIENTED_EDGE('',*,*,#5589,.F.);
#6383 = ORIENTED_EDGE('',*,*,#3280,.F.);
#6384 = ORIENTED_EDGE('',*,*,#3313,.F.);
#6385 = ORIENTED_EDGE('',*,*,#6386,.F.);
#6386 = EDGE_CURVE('',#3450,#3303,#6387,.T.);
#6387 = LINE('',#6388,#6389);
#6388 = CARTESIAN_POINT('',(0.254,-5.842,2.157));
#6389 = VECTOR('',#6390,1.);
#6390 = DIRECTION('',(-4.440892098501E-16,1.,0.));
#6391 = ORIENTED_EDGE('',*,*,#3460,.F.);
#6392 = PLANE('',#6393);
#6393 = AXIS2_PLACEMENT_3D('',#6394,#6395,#6396);
#6394 = CARTESIAN_POINT('',(3.683,-5.842,2.157));
#6395 = DIRECTION('',(0.,0.,1.));
#6396 = DIRECTION('',(-4.440892098501E-16,1.,0.));
#6397 = ADVANCED_FACE('',(#6398),#6409,.T.);
#6398 = FACE_BOUND('',#6399,.T.);
#6399 = EDGE_LOOP('',(#6400,#6401,#6402,#6408));
#6400 = ORIENTED_EDGE('',*,*,#6386,.T.);
#6401 = ORIENTED_EDGE('',*,*,#3302,.T.);
#6402 = ORIENTED_EDGE('',*,*,#6403,.F.);
#6403 = EDGE_CURVE('',#3452,#3305,#6404,.T.);
#6404 = LINE('',#6405,#6406);
#6405 = CARTESIAN_POINT('',(-0.127,-5.842,1.776));
#6406 = VECTOR('',#6407,1.);
#6407 = DIRECTION('',(-4.440892098501E-16,1.,0.));
#6408 = ORIENTED_EDGE('',*,*,#3449,.F.);
#6409 = CYLINDRICAL_SURFACE('',#6410,0.381);
#6410 = AXIS2_PLACEMENT_3D('',#6411,#6412,#6413);
#6411 = CARTESIAN_POINT('',(0.254,-5.842,1.776));
#6412 = DIRECTION('',(-4.440892098501E-16,1.,0.));
#6413 = DIRECTION('',(0.,0.,1.));
#6414 = ADVANCED_FACE('',(#6415),#6474,.F.);
#6415 = FACE_BOUND('',#6416,.F.);
#6416 = EDGE_LOOP('',(#6417,#6418,#6419,#6420,#6428,#6436,#6444,#6452,
    #6460,#6468));
#6417 = ORIENTED_EDGE('',*,*,#3346,.F.);
#6418 = ORIENTED_EDGE('',*,*,#6403,.F.);
#6419 = ORIENTED_EDGE('',*,*,#3493,.F.);
#6420 = ORIENTED_EDGE('',*,*,#6421,.F.);
#6421 = EDGE_CURVE('',#6422,#3486,#6424,.T.);
#6422 = VERTEX_POINT('',#6423);
#6423 = CARTESIAN_POINT('',(-0.127,-5.3085,0.));
#6424 = LINE('',#6425,#6426);
#6425 = CARTESIAN_POINT('',(-0.127,-5.3085,0.));
#6426 = VECTOR('',#6427,1.);
#6427 = DIRECTION('',(4.440892098501E-16,-1.,0.));
#6428 = ORIENTED_EDGE('',*,*,#6429,.F.);
#6429 = EDGE_CURVE('',#6430,#6422,#6432,.T.);
#6430 = VERTEX_POINT('',#6431);
#6431 = CARTESIAN_POINT('',(-0.127,-5.3085,-2.843));
#6432 = LINE('',#6433,#6434);
#6433 = CARTESIAN_POINT('',(-0.127,-5.3085,-2.843));
#6434 = VECTOR('',#6435,1.);
#6435 = DIRECTION('',(1.387374085862E-31,-3.124088708055E-16,1.));
#6436 = ORIENTED_EDGE('',*,*,#6437,.F.);
#6437 = EDGE_CURVE('',#6438,#6430,#6440,.T.);
#6438 = VERTEX_POINT('',#6439);
#6439 = CARTESIAN_POINT('',(-0.127,-5.19425,-3.3));
#6440 = LINE('',#6441,#6442);
#6441 = CARTESIAN_POINT('',(-0.127,-5.19425,-3.3));
#6442 = VECTOR('',#6443,1.);
#6443 = DIRECTION('',(1.077074540829E-16,-0.242535625036,0.970142500145)
  );
#6444 = ORIENTED_EDGE('',*,*,#6445,.F.);
#6445 = EDGE_CURVE('',#6446,#6438,#6448,.T.);
#6446 = VERTEX_POINT('',#6447);
#6447 = CARTESIAN_POINT('',(-0.127,-4.96575,-3.3));
#6448 = LINE('',#6449,#6450);
#6449 = CARTESIAN_POINT('',(-0.127,-4.96575,-3.3));
#6450 = VECTOR('',#6451,1.);
#6451 = DIRECTION('',(4.440892098501E-16,-1.,0.));
#6452 = ORIENTED_EDGE('',*,*,#6453,.F.);
#6453 = EDGE_CURVE('',#6454,#6446,#6456,.T.);
#6454 = VERTEX_POINT('',#6455);
#6455 = CARTESIAN_POINT('',(-0.127,-4.8515,-2.843));
#6456 = LINE('',#6457,#6458);
#6457 = CARTESIAN_POINT('',(-0.127,-4.8515,-2.843));
#6458 = VECTOR('',#6459,1.);
#6459 = DIRECTION('',(1.077074540829E-16,-0.242535625036,-0.970142500145
    ));
#6460 = ORIENTED_EDGE('',*,*,#6461,.F.);
#6461 = EDGE_CURVE('',#6462,#6454,#6464,.T.);
#6462 = VERTEX_POINT('',#6463);
#6463 = CARTESIAN_POINT('',(-0.127,-4.8515,0.));
#6464 = LINE('',#6465,#6466);
#6465 = CARTESIAN_POINT('',(-0.127,-4.8515,0.));
#6466 = VECTOR('',#6467,1.);
#6467 = DIRECTION('',(1.387374085862E-31,-3.124088708055E-16,-1.));
#6468 = ORIENTED_EDGE('',*,*,#6469,.F.);
#6469 = EDGE_CURVE('',#3339,#6462,#6470,.T.);
#6470 = LINE('',#6471,#6472);
#6471 = CARTESIAN_POINT('',(-0.127,-4.318,0.));
#6472 = VECTOR('',#6473,1.);
#6473 = DIRECTION('',(4.440892098501E-16,-1.,0.));
#6474 = PLANE('',#6475);
#6475 = AXIS2_PLACEMENT_3D('',#6476,#6477,#6478);
#6476 = CARTESIAN_POINT('',(-0.127,-4.318,2.157));
#6477 = DIRECTION('',(1.,4.440892098501E-16,0.));
#6478 = DIRECTION('',(0.,0.,-1.));
#6479 = ADVANCED_FACE('',(#6480),#6498,.T.);
#6480 = FACE_BOUND('',#6481,.T.);
#6481 = EDGE_LOOP('',(#6482,#6483,#6491,#6497));
#6482 = ORIENTED_EDGE('',*,*,#3338,.T.);
#6483 = ORIENTED_EDGE('',*,*,#6484,.T.);
#6484 = EDGE_CURVE('',#3331,#6485,#6487,.T.);
#6485 = VERTEX_POINT('',#6486);
#6486 = CARTESIAN_POINT('',(0.127,-4.8515,0.));
#6487 = LINE('',#6488,#6489);
#6488 = CARTESIAN_POINT('',(0.127,-4.318,0.));
#6489 = VECTOR('',#6490,1.);
#6490 = DIRECTION('',(4.440892098501E-16,-1.,0.));
#6491 = ORIENTED_EDGE('',*,*,#6492,.F.);
#6492 = EDGE_CURVE('',#6462,#6485,#6493,.T.);
#6493 = LINE('',#6494,#6495);
#6494 = CARTESIAN_POINT('',(-0.127,-4.8515,0.));
#6495 = VECTOR('',#6496,1.);
#6496 = DIRECTION('',(1.,4.440892098501E-16,0.));
#6497 = ORIENTED_EDGE('',*,*,#6469,.F.);
#6498 = PLANE('',#6499);
#6499 = AXIS2_PLACEMENT_3D('',#6500,#6501,#6502);
#6500 = CARTESIAN_POINT('',(-0.127,-4.318,0.));
#6501 = DIRECTION('',(0.,0.,-1.));
#6502 = DIRECTION('',(4.440892098501E-16,-1.,0.));
#6503 = ADVANCED_FACE('',(#6504),#6556,.T.);
#6504 = FACE_BOUND('',#6505,.T.);
#6505 = EDGE_LOOP('',(#6506,#6507,#6508,#6509,#6517,#6525,#6533,#6541,
    #6549,#6555));
#6506 = ORIENTED_EDGE('',*,*,#3330,.F.);
#6507 = ORIENTED_EDGE('',*,*,#3507,.T.);
#6508 = ORIENTED_EDGE('',*,*,#3477,.F.);
#6509 = ORIENTED_EDGE('',*,*,#6510,.F.);
#6510 = EDGE_CURVE('',#6511,#3478,#6513,.T.);
#6511 = VERTEX_POINT('',#6512);
#6512 = CARTESIAN_POINT('',(0.127,-5.3085,0.));
#6513 = LINE('',#6514,#6515);
#6514 = CARTESIAN_POINT('',(0.127,-5.3085,0.));
#6515 = VECTOR('',#6516,1.);
#6516 = DIRECTION('',(4.440892098501E-16,-1.,0.));
#6517 = ORIENTED_EDGE('',*,*,#6518,.F.);
#6518 = EDGE_CURVE('',#6519,#6511,#6521,.T.);
#6519 = VERTEX_POINT('',#6520);
#6520 = CARTESIAN_POINT('',(0.127,-5.3085,-2.843));
#6521 = LINE('',#6522,#6523);
#6522 = CARTESIAN_POINT('',(0.127,-5.3085,-2.843));
#6523 = VECTOR('',#6524,1.);
#6524 = DIRECTION('',(1.387374085862E-31,-3.124088708055E-16,1.));
#6525 = ORIENTED_EDGE('',*,*,#6526,.F.);
#6526 = EDGE_CURVE('',#6527,#6519,#6529,.T.);
#6527 = VERTEX_POINT('',#6528);
#6528 = CARTESIAN_POINT('',(0.127,-5.19425,-3.3));
#6529 = LINE('',#6530,#6531);
#6530 = CARTESIAN_POINT('',(0.127,-5.19425,-3.3));
#6531 = VECTOR('',#6532,1.);
#6532 = DIRECTION('',(1.077074540829E-16,-0.242535625036,0.970142500145)
  );
#6533 = ORIENTED_EDGE('',*,*,#6534,.F.);
#6534 = EDGE_CURVE('',#6535,#6527,#6537,.T.);
#6535 = VERTEX_POINT('',#6536);
#6536 = CARTESIAN_POINT('',(0.127,-4.96575,-3.3));
#6537 = LINE('',#6538,#6539);
#6538 = CARTESIAN_POINT('',(0.127,-4.96575,-3.3));
#6539 = VECTOR('',#6540,1.);
#6540 = DIRECTION('',(4.440892098501E-16,-1.,0.));
#6541 = ORIENTED_EDGE('',*,*,#6542,.F.);
#6542 = EDGE_CURVE('',#6543,#6535,#6545,.T.);
#6543 = VERTEX_POINT('',#6544);
#6544 = CARTESIAN_POINT('',(0.127,-4.8515,-2.843));
#6545 = LINE('',#6546,#6547);
#6546 = CARTESIAN_POINT('',(0.127,-4.8515,-2.843));
#6547 = VECTOR('',#6548,1.);
#6548 = DIRECTION('',(1.077074540829E-16,-0.242535625036,-0.970142500145
    ));
#6549 = ORIENTED_EDGE('',*,*,#6550,.F.);
#6550 = EDGE_CURVE('',#6485,#6543,#6551,.T.);
#6551 = LINE('',#6552,#6553);
#6552 = CARTESIAN_POINT('',(0.127,-4.8515,0.));
#6553 = VECTOR('',#6554,1.);
#6554 = DIRECTION('',(1.387374085862E-31,-3.124088708055E-16,-1.));
#6555 = ORIENTED_EDGE('',*,*,#6484,.F.);
#6556 = PLANE('',#6557);
#6557 = AXIS2_PLACEMENT_3D('',#6558,#6559,#6560);
#6558 = CARTESIAN_POINT('',(0.127,-4.318,2.157));
#6559 = DIRECTION('',(1.,4.440892098501E-16,0.));
#6560 = DIRECTION('',(0.,0.,-1.));
#6561 = ADVANCED_FACE('',(#6562),#6578,.T.);
#6562 = FACE_BOUND('',#6563,.T.);
#6563 = EDGE_LOOP('',(#6564,#6570,#6571,#6577));
#6564 = ORIENTED_EDGE('',*,*,#6565,.T.);
#6565 = EDGE_CURVE('',#3361,#3525,#6566,.T.);
#6566 = LINE('',#6567,#6568);
#6567 = CARTESIAN_POINT('',(0.254,-10.922,2.157));
#6568 = VECTOR('',#6569,1.);
#6569 = DIRECTION('',(-4.440892098501E-16,1.,0.));
#6570 = ORIENTED_EDGE('',*,*,#3524,.T.);
#6571 = ORIENTED_EDGE('',*,*,#6572,.F.);
#6572 = EDGE_CURVE('',#3363,#3527,#6573,.T.);
#6573 = LINE('',#6574,#6575);
#6574 = CARTESIAN_POINT('',(-0.127,-10.922,1.776));
#6575 = VECTOR('',#6576,1.);
#6576 = DIRECTION('',(-4.440892098501E-16,1.,0.));
#6577 = ORIENTED_EDGE('',*,*,#3360,.F.);
#6578 = CYLINDRICAL_SURFACE('',#6579,0.381);
#6579 = AXIS2_PLACEMENT_3D('',#6580,#6581,#6582);
#6580 = CARTESIAN_POINT('',(0.254,-10.922,1.776));
#6581 = DIRECTION('',(-4.440892098501E-16,1.,0.));
#6582 = DIRECTION('',(0.,0.,1.));
#6583 = ADVANCED_FACE('',(#6584),#6643,.F.);
#6584 = FACE_BOUND('',#6585,.F.);
#6585 = EDGE_LOOP('',(#6586,#6587,#6588,#6589,#6597,#6605,#6613,#6621,
    #6629,#6637));
#6586 = ORIENTED_EDGE('',*,*,#3568,.F.);
#6587 = ORIENTED_EDGE('',*,*,#6572,.F.);
#6588 = ORIENTED_EDGE('',*,*,#3404,.F.);
#6589 = ORIENTED_EDGE('',*,*,#6590,.F.);
#6590 = EDGE_CURVE('',#6591,#3397,#6593,.T.);
#6591 = VERTEX_POINT('',#6592);
#6592 = CARTESIAN_POINT('',(-0.127,-10.3885,0.));
#6593 = LINE('',#6594,#6595);
#6594 = CARTESIAN_POINT('',(-0.127,-10.3885,0.));
#6595 = VECTOR('',#6596,1.);
#6596 = DIRECTION('',(4.440892098501E-16,-1.,0.));
#6597 = ORIENTED_EDGE('',*,*,#6598,.F.);
#6598 = EDGE_CURVE('',#6599,#6591,#6601,.T.);
#6599 = VERTEX_POINT('',#6600);
#6600 = CARTESIAN_POINT('',(-0.127,-10.3885,-2.843));
#6601 = LINE('',#6602,#6603);
#6602 = CARTESIAN_POINT('',(-0.127,-10.3885,-2.843));
#6603 = VECTOR('',#6604,1.);
#6604 = DIRECTION('',(1.387374085862E-31,-3.124088708055E-16,1.));
#6605 = ORIENTED_EDGE('',*,*,#6606,.F.);
#6606 = EDGE_CURVE('',#6607,#6599,#6609,.T.);
#6607 = VERTEX_POINT('',#6608);
#6608 = CARTESIAN_POINT('',(-0.127,-10.27425,-3.3));
#6609 = LINE('',#6610,#6611);
#6610 = CARTESIAN_POINT('',(-0.127,-10.27425,-3.3));
#6611 = VECTOR('',#6612,1.);
#6612 = DIRECTION('',(1.077074540829E-16,-0.242535625036,0.970142500145)
  );
#6613 = ORIENTED_EDGE('',*,*,#6614,.F.);
#6614 = EDGE_CURVE('',#6615,#6607,#6617,.T.);
#6615 = VERTEX_POINT('',#6616);
#6616 = CARTESIAN_POINT('',(-0.127,-10.04575,-3.3));
#6617 = LINE('',#6618,#6619);
#6618 = CARTESIAN_POINT('',(-0.127,-10.04575,-3.3));
#6619 = VECTOR('',#6620,1.);
#6620 = DIRECTION('',(4.440892098501E-16,-1.,0.));
#6621 = ORIENTED_EDGE('',*,*,#6622,.F.);
#6622 = EDGE_CURVE('',#6623,#6615,#6625,.T.);
#6623 = VERTEX_POINT('',#6624);
#6624 = CARTESIAN_POINT('',(-0.127,-9.9315,-2.843));
#6625 = LINE('',#6626,#6627);
#6626 = CARTESIAN_POINT('',(-0.127,-9.9315,-2.843));
#6627 = VECTOR('',#6628,1.);
#6628 = DIRECTION('',(1.077074540829E-16,-0.242535625036,-0.970142500145
    ));
#6629 = ORIENTED_EDGE('',*,*,#6630,.F.);
#6630 = EDGE_CURVE('',#6631,#6623,#6633,.T.);
#6631 = VERTEX_POINT('',#6632);
#6632 = CARTESIAN_POINT('',(-0.127,-9.9315,0.));
#6633 = LINE('',#6634,#6635);
#6634 = CARTESIAN_POINT('',(-0.127,-9.9315,0.));
#6635 = VECTOR('',#6636,1.);
#6636 = DIRECTION('',(1.387374085862E-31,-3.124088708055E-16,-1.));
#6637 = ORIENTED_EDGE('',*,*,#6638,.F.);
#6638 = EDGE_CURVE('',#3561,#6631,#6639,.T.);
#6639 = LINE('',#6640,#6641);
#6640 = CARTESIAN_POINT('',(-0.127,-9.398,0.));
#6641 = VECTOR('',#6642,1.);
#6642 = DIRECTION('',(4.440892098501E-16,-1.,0.));
#6643 = PLANE('',#6644);
#6644 = AXIS2_PLACEMENT_3D('',#6645,#6646,#6647);
#6645 = CARTESIAN_POINT('',(-0.127,-9.398,2.157));
#6646 = DIRECTION('',(1.,4.440892098501E-16,0.));
#6647 = DIRECTION('',(0.,0.,-1.));
#6648 = ADVANCED_FACE('',(#6649),#6667,.T.);
#6649 = FACE_BOUND('',#6650,.T.);
#6650 = EDGE_LOOP('',(#6651,#6659,#6665,#6666));
#6651 = ORIENTED_EDGE('',*,*,#6652,.T.);
#6652 = EDGE_CURVE('',#6591,#6653,#6655,.T.);
#6653 = VERTEX_POINT('',#6654);
#6654 = CARTESIAN_POINT('',(0.127,-10.3885,0.));
#6655 = LINE('',#6656,#6657);
#6656 = CARTESIAN_POINT('',(-0.127,-10.3885,0.));
#6657 = VECTOR('',#6658,1.);
#6658 = DIRECTION('',(1.,4.440892098501E-16,0.));
#6659 = ORIENTED_EDGE('',*,*,#6660,.T.);
#6660 = EDGE_CURVE('',#6653,#3389,#6661,.T.);
#6661 = LINE('',#6662,#6663);
#6662 = CARTESIAN_POINT('',(0.127,-10.3885,0.));
#6663 = VECTOR('',#6664,1.);
#6664 = DIRECTION('',(4.440892098501E-16,-1.,0.));
#6665 = ORIENTED_EDGE('',*,*,#3396,.F.);
#6666 = ORIENTED_EDGE('',*,*,#6590,.F.);
#6667 = PLANE('',#6668);
#6668 = AXIS2_PLACEMENT_3D('',#6669,#6670,#6671);
#6669 = CARTESIAN_POINT('',(-0.127,-10.3885,0.));
#6670 = DIRECTION('',(0.,0.,-1.));
#6671 = DIRECTION('',(4.440892098501E-16,-1.,0.));
#6672 = ADVANCED_FACE('',(#6673),#6725,.T.);
#6673 = FACE_BOUND('',#6674,.T.);
#6674 = EDGE_LOOP('',(#6675,#6676,#6677,#6678,#6679,#6687,#6695,#6703,
    #6711,#6719));
#6675 = ORIENTED_EDGE('',*,*,#3552,.F.);
#6676 = ORIENTED_EDGE('',*,*,#3582,.T.);
#6677 = ORIENTED_EDGE('',*,*,#3388,.F.);
#6678 = ORIENTED_EDGE('',*,*,#6660,.F.);
#6679 = ORIENTED_EDGE('',*,*,#6680,.F.);
#6680 = EDGE_CURVE('',#6681,#6653,#6683,.T.);
#6681 = VERTEX_POINT('',#6682);
#6682 = CARTESIAN_POINT('',(0.127,-10.3885,-2.843));
#6683 = LINE('',#6684,#6685);
#6684 = CARTESIAN_POINT('',(0.127,-10.3885,-2.843));
#6685 = VECTOR('',#6686,1.);
#6686 = DIRECTION('',(1.387374085862E-31,-3.124088708055E-16,1.));
#6687 = ORIENTED_EDGE('',*,*,#6688,.F.);
#6688 = EDGE_CURVE('',#6689,#6681,#6691,.T.);
#6689 = VERTEX_POINT('',#6690);
#6690 = CARTESIAN_POINT('',(0.127,-10.27425,-3.3));
#6691 = LINE('',#6692,#6693);
#6692 = CARTESIAN_POINT('',(0.127,-10.27425,-3.3));
#6693 = VECTOR('',#6694,1.);
#6694 = DIRECTION('',(1.077074540829E-16,-0.242535625036,0.970142500145)
  );
#6695 = ORIENTED_EDGE('',*,*,#6696,.F.);
#6696 = EDGE_CURVE('',#6697,#6689,#6699,.T.);
#6697 = VERTEX_POINT('',#6698);
#6698 = CARTESIAN_POINT('',(0.127,-10.04575,-3.3));
#6699 = LINE('',#6700,#6701);
#6700 = CARTESIAN_POINT('',(0.127,-10.04575,-3.3));
#6701 = VECTOR('',#6702,1.);
#6702 = DIRECTION('',(4.440892098501E-16,-1.,0.));
#6703 = ORIENTED_EDGE('',*,*,#6704,.F.);
#6704 = EDGE_CURVE('',#6705,#6697,#6707,.T.);
#6705 = VERTEX_POINT('',#6706);
#6706 = CARTESIAN_POINT('',(0.127,-9.9315,-2.843));
#6707 = LINE('',#6708,#6709);
#6708 = CARTESIAN_POINT('',(0.127,-9.9315,-2.843));
#6709 = VECTOR('',#6710,1.);
#6710 = DIRECTION('',(1.077074540829E-16,-0.242535625036,-0.970142500145
    ));
#6711 = ORIENTED_EDGE('',*,*,#6712,.F.);
#6712 = EDGE_CURVE('',#6713,#6705,#6715,.T.);
#6713 = VERTEX_POINT('',#6714);
#6714 = CARTESIAN_POINT('',(0.127,-9.9315,0.));
#6715 = LINE('',#6716,#6717);
#6716 = CARTESIAN_POINT('',(0.127,-9.9315,0.));
#6717 = VECTOR('',#6718,1.);
#6718 = DIRECTION('',(1.387374085862E-31,-3.124088708055E-16,-1.));
#6719 = ORIENTED_EDGE('',*,*,#6720,.F.);
#6720 = EDGE_CURVE('',#3553,#6713,#6721,.T.);
#6721 = LINE('',#6722,#6723);
#6722 = CARTESIAN_POINT('',(0.127,-9.398,0.));
#6723 = VECTOR('',#6724,1.);
#6724 = DIRECTION('',(4.440892098501E-16,-1.,0.));
#6725 = PLANE('',#6726);
#6726 = AXIS2_PLACEMENT_3D('',#6727,#6728,#6729);
#6727 = CARTESIAN_POINT('',(0.127,-9.398,2.157));
#6728 = DIRECTION('',(1.,4.440892098501E-16,0.));
#6729 = DIRECTION('',(0.,0.,-1.));
#6730 = ADVANCED_FACE('',(#6731),#6739,.T.);
#6731 = FACE_BOUND('',#6732,.T.);
#6732 = EDGE_LOOP('',(#6733,#6734,#6735,#6736,#6737,#6738));
#6733 = ORIENTED_EDGE('',*,*,#3418,.F.);
#6734 = ORIENTED_EDGE('',*,*,#5603,.F.);
#6735 = ORIENTED_EDGE('',*,*,#3755,.F.);
#6736 = ORIENTED_EDGE('',*,*,#3535,.F.);
#6737 = ORIENTED_EDGE('',*,*,#6565,.F.);
#6738 = ORIENTED_EDGE('',*,*,#3371,.F.);
#6739 = PLANE('',#6740);
#6740 = AXIS2_PLACEMENT_3D('',#6741,#6742,#6743);
#6741 = CARTESIAN_POINT('',(3.683,-10.922,2.157));
#6742 = DIRECTION('',(0.,0.,1.));
#6743 = DIRECTION('',(-4.440892098501E-16,1.,0.));
#6744 = ADVANCED_FACE('',(#6745),#6756,.T.);
#6745 = FACE_BOUND('',#6746,.T.);
#6746 = EDGE_LOOP('',(#6747,#6753,#6754,#6755));
#6747 = ORIENTED_EDGE('',*,*,#6748,.T.);
#6748 = EDGE_CURVE('',#6422,#6511,#6749,.T.);
#6749 = LINE('',#6750,#6751);
#6750 = CARTESIAN_POINT('',(-0.127,-5.3085,0.));
#6751 = VECTOR('',#6752,1.);
#6752 = DIRECTION('',(1.,4.440892098501E-16,0.));
#6753 = ORIENTED_EDGE('',*,*,#6510,.T.);
#6754 = ORIENTED_EDGE('',*,*,#3485,.F.);
#6755 = ORIENTED_EDGE('',*,*,#6421,.F.);
#6756 = PLANE('',#6757);
#6757 = AXIS2_PLACEMENT_3D('',#6758,#6759,#6760);
#6758 = CARTESIAN_POINT('',(-0.127,-5.3085,0.));
#6759 = DIRECTION('',(0.,0.,-1.));
#6760 = DIRECTION('',(4.440892098501E-16,-1.,0.));
#6761 = ADVANCED_FACE('',(#6762),#6773,.T.);
#6762 = FACE_BOUND('',#6763,.T.);
#6763 = EDGE_LOOP('',(#6764,#6765,#6766,#6772));
#6764 = ORIENTED_EDGE('',*,*,#3560,.T.);
#6765 = ORIENTED_EDGE('',*,*,#6720,.T.);
#6766 = ORIENTED_EDGE('',*,*,#6767,.F.);
#6767 = EDGE_CURVE('',#6631,#6713,#6768,.T.);
#6768 = LINE('',#6769,#6770);
#6769 = CARTESIAN_POINT('',(-0.127,-9.9315,0.));
#6770 = VECTOR('',#6771,1.);
#6771 = DIRECTION('',(1.,4.440892098501E-16,0.));
#6772 = ORIENTED_EDGE('',*,*,#6638,.F.);
#6773 = PLANE('',#6774);
#6774 = AXIS2_PLACEMENT_3D('',#6775,#6776,#6777);
#6775 = CARTESIAN_POINT('',(-0.127,-9.398,0.));
#6776 = DIRECTION('',(0.,0.,-1.));
#6777 = DIRECTION('',(4.440892098501E-16,-1.,0.));
#6778 = ADVANCED_FACE('',(#6779),#6792,.T.);
#6779 = FACE_BOUND('',#6780,.T.);
#6780 = EDGE_LOOP('',(#6781,#6782,#6783,#6784,#6785,#6791));
#6781 = ORIENTED_EDGE('',*,*,#3746,.F.);
#6782 = ORIENTED_EDGE('',*,*,#5596,.F.);
#6783 = ORIENTED_EDGE('',*,*,#3608,.F.);
#6784 = ORIENTED_EDGE('',*,*,#3641,.F.);
#6785 = ORIENTED_EDGE('',*,*,#6786,.F.);
#6786 = EDGE_CURVE('',#3689,#3631,#6787,.T.);
#6787 = LINE('',#6788,#6789);
#6788 = CARTESIAN_POINT('',(0.254,-8.382,2.157));
#6789 = VECTOR('',#6790,1.);
#6790 = DIRECTION('',(-4.440892098501E-16,1.,0.));
#6791 = ORIENTED_EDGE('',*,*,#3699,.F.);
#6792 = PLANE('',#6793);
#6793 = AXIS2_PLACEMENT_3D('',#6794,#6795,#6796);
#6794 = CARTESIAN_POINT('',(3.683,-8.382,2.157));
#6795 = DIRECTION('',(0.,0.,1.));
#6796 = DIRECTION('',(-4.440892098501E-16,1.,0.));
#6797 = ADVANCED_FACE('',(#6798),#6809,.T.);
#6798 = FACE_BOUND('',#6799,.T.);
#6799 = EDGE_LOOP('',(#6800,#6801,#6802,#6808));
#6800 = ORIENTED_EDGE('',*,*,#6786,.T.);
#6801 = ORIENTED_EDGE('',*,*,#3630,.T.);
#6802 = ORIENTED_EDGE('',*,*,#6803,.F.);
#6803 = EDGE_CURVE('',#3691,#3633,#6804,.T.);
#6804 = LINE('',#6805,#6806);
#6805 = CARTESIAN_POINT('',(-0.127,-8.382,1.776));
#6806 = VECTOR('',#6807,1.);
#6807 = DIRECTION('',(-4.440892098501E-16,1.,0.));
#6808 = ORIENTED_EDGE('',*,*,#3688,.F.);
#6809 = CYLINDRICAL_SURFACE('',#6810,0.381);
#6810 = AXIS2_PLACEMENT_3D('',#6811,#6812,#6813);
#6811 = CARTESIAN_POINT('',(0.254,-8.382,1.776));
#6812 = DIRECTION('',(-4.440892098501E-16,1.,0.));
#6813 = DIRECTION('',(0.,0.,1.));
#6814 = ADVANCED_FACE('',(#6815),#6874,.F.);
#6815 = FACE_BOUND('',#6816,.F.);
#6816 = EDGE_LOOP('',(#6817,#6818,#6819,#6820,#6828,#6836,#6844,#6852,
    #6860,#6868));
#6817 = ORIENTED_EDGE('',*,*,#3674,.F.);
#6818 = ORIENTED_EDGE('',*,*,#6803,.F.);
#6819 = ORIENTED_EDGE('',*,*,#3732,.F.);
#6820 = ORIENTED_EDGE('',*,*,#6821,.F.);
#6821 = EDGE_CURVE('',#6822,#3725,#6824,.T.);
#6822 = VERTEX_POINT('',#6823);
#6823 = CARTESIAN_POINT('',(-0.127,-7.8485,0.));
#6824 = LINE('',#6825,#6826);
#6825 = CARTESIAN_POINT('',(-0.127,-7.8485,0.));
#6826 = VECTOR('',#6827,1.);
#6827 = DIRECTION('',(4.440892098501E-16,-1.,0.));
#6828 = ORIENTED_EDGE('',*,*,#6829,.F.);
#6829 = EDGE_CURVE('',#6830,#6822,#6832,.T.);
#6830 = VERTEX_POINT('',#6831);
#6831 = CARTESIAN_POINT('',(-0.127,-7.8485,-2.843));
#6832 = LINE('',#6833,#6834);
#6833 = CARTESIAN_POINT('',(-0.127,-7.8485,-2.843));
#6834 = VECTOR('',#6835,1.);
#6835 = DIRECTION('',(1.387374085862E-31,-3.124088708055E-16,1.));
#6836 = ORIENTED_EDGE('',*,*,#6837,.F.);
#6837 = EDGE_CURVE('',#6838,#6830,#6840,.T.);
#6838 = VERTEX_POINT('',#6839);
#6839 = CARTESIAN_POINT('',(-0.127,-7.73425,-3.3));
#6840 = LINE('',#6841,#6842);
#6841 = CARTESIAN_POINT('',(-0.127,-7.73425,-3.3));
#6842 = VECTOR('',#6843,1.);
#6843 = DIRECTION('',(1.077074540829E-16,-0.242535625036,0.970142500145)
  );
#6844 = ORIENTED_EDGE('',*,*,#6845,.F.);
#6845 = EDGE_CURVE('',#6846,#6838,#6848,.T.);
#6846 = VERTEX_POINT('',#6847);
#6847 = CARTESIAN_POINT('',(-0.127,-7.50575,-3.3));
#6848 = LINE('',#6849,#6850);
#6849 = CARTESIAN_POINT('',(-0.127,-7.50575,-3.3));
#6850 = VECTOR('',#6851,1.);
#6851 = DIRECTION('',(4.440892098501E-16,-1.,0.));
#6852 = ORIENTED_EDGE('',*,*,#6853,.F.);
#6853 = EDGE_CURVE('',#6854,#6846,#6856,.T.);
#6854 = VERTEX_POINT('',#6855);
#6855 = CARTESIAN_POINT('',(-0.127,-7.3915,-2.843));
#6856 = LINE('',#6857,#6858);
#6857 = CARTESIAN_POINT('',(-0.127,-7.3915,-2.843));
#6858 = VECTOR('',#6859,1.);
#6859 = DIRECTION('',(1.077074540829E-16,-0.242535625036,-0.970142500145
    ));
#6860 = ORIENTED_EDGE('',*,*,#6861,.F.);
#6861 = EDGE_CURVE('',#6862,#6854,#6864,.T.);
#6862 = VERTEX_POINT('',#6863);
#6863 = CARTESIAN_POINT('',(-0.127,-7.3915,0.));
#6864 = LINE('',#6865,#6866);
#6865 = CARTESIAN_POINT('',(-0.127,-7.3915,0.));
#6866 = VECTOR('',#6867,1.);
#6867 = DIRECTION('',(1.387374085862E-31,-3.124088708055E-16,-1.));
#6868 = ORIENTED_EDGE('',*,*,#6869,.F.);
#6869 = EDGE_CURVE('',#3667,#6862,#6870,.T.);
#6870 = LINE('',#6871,#6872);
#6871 = CARTESIAN_POINT('',(-0.127,-6.858,0.));
#6872 = VECTOR('',#6873,1.);
#6873 = DIRECTION('',(4.440892098501E-16,-1.,0.));
#6874 = PLANE('',#6875);
#6875 = AXIS2_PLACEMENT_3D('',#6876,#6877,#6878);
#6876 = CARTESIAN_POINT('',(-0.127,-6.858,2.157));
#6877 = DIRECTION('',(1.,4.440892098501E-16,0.));
#6878 = DIRECTION('',(0.,0.,-1.));
#6879 = ADVANCED_FACE('',(#6880),#6898,.T.);
#6880 = FACE_BOUND('',#6881,.T.);
#6881 = EDGE_LOOP('',(#6882,#6883,#6891,#6897));
#6882 = ORIENTED_EDGE('',*,*,#3666,.T.);
#6883 = ORIENTED_EDGE('',*,*,#6884,.T.);
#6884 = EDGE_CURVE('',#3659,#6885,#6887,.T.);
#6885 = VERTEX_POINT('',#6886);
#6886 = CARTESIAN_POINT('',(0.127,-7.3915,0.));
#6887 = LINE('',#6888,#6889);
#6888 = CARTESIAN_POINT('',(0.127,-6.858,0.));
#6889 = VECTOR('',#6890,1.);
#6890 = DIRECTION('',(4.440892098501E-16,-1.,0.));
#6891 = ORIENTED_EDGE('',*,*,#6892,.F.);
#6892 = EDGE_CURVE('',#6862,#6885,#6893,.T.);
#6893 = LINE('',#6894,#6895);
#6894 = CARTESIAN_POINT('',(-0.127,-7.3915,0.));
#6895 = VECTOR('',#6896,1.);
#6896 = DIRECTION('',(1.,4.440892098501E-16,0.));
#6897 = ORIENTED_EDGE('',*,*,#6869,.F.);
#6898 = PLANE('',#6899);
#6899 = AXIS2_PLACEMENT_3D('',#6900,#6901,#6902);
#6900 = CARTESIAN_POINT('',(-0.127,-6.858,0.));
#6901 = DIRECTION('',(0.,0.,-1.));
#6902 = DIRECTION('',(4.440892098501E-16,-1.,0.));
#6903 = ADVANCED_FACE('',(#6904),#6956,.T.);
#6904 = FACE_BOUND('',#6905,.T.);
#6905 = EDGE_LOOP('',(#6906,#6907,#6908,#6909,#6917,#6925,#6933,#6941,
    #6949,#6955));
#6906 = ORIENTED_EDGE('',*,*,#3658,.F.);
#6907 = ORIENTED_EDGE('',*,*,#3777,.T.);
#6908 = ORIENTED_EDGE('',*,*,#3716,.F.);
#6909 = ORIENTED_EDGE('',*,*,#6910,.F.);
#6910 = EDGE_CURVE('',#6911,#3717,#6913,.T.);
#6911 = VERTEX_POINT('',#6912);
#6912 = CARTESIAN_POINT('',(0.127,-7.8485,0.));
#6913 = LINE('',#6914,#6915);
#6914 = CARTESIAN_POINT('',(0.127,-7.8485,0.));
#6915 = VECTOR('',#6916,1.);
#6916 = DIRECTION('',(4.440892098501E-16,-1.,0.));
#6917 = ORIENTED_EDGE('',*,*,#6918,.F.);
#6918 = EDGE_CURVE('',#6919,#6911,#6921,.T.);
#6919 = VERTEX_POINT('',#6920);
#6920 = CARTESIAN_POINT('',(0.127,-7.8485,-2.843));
#6921 = LINE('',#6922,#6923);
#6922 = CARTESIAN_POINT('',(0.127,-7.8485,-2.843));
#6923 = VECTOR('',#6924,1.);
#6924 = DIRECTION('',(1.387374085862E-31,-3.124088708055E-16,1.));
#6925 = ORIENTED_EDGE('',*,*,#6926,.F.);
#6926 = EDGE_CURVE('',#6927,#6919,#6929,.T.);
#6927 = VERTEX_POINT('',#6928);
#6928 = CARTESIAN_POINT('',(0.127,-7.73425,-3.3));
#6929 = LINE('',#6930,#6931);
#6930 = CARTESIAN_POINT('',(0.127,-7.73425,-3.3));
#6931 = VECTOR('',#6932,1.);
#6932 = DIRECTION('',(1.077074540829E-16,-0.242535625036,0.970142500145)
  );
#6933 = ORIENTED_EDGE('',*,*,#6934,.F.);
#6934 = EDGE_CURVE('',#6935,#6927,#6937,.T.);
#6935 = VERTEX_POINT('',#6936);
#6936 = CARTESIAN_POINT('',(0.127,-7.50575,-3.3));
#6937 = LINE('',#6938,#6939);
#6938 = CARTESIAN_POINT('',(0.127,-7.50575,-3.3));
#6939 = VECTOR('',#6940,1.);
#6940 = DIRECTION('',(4.440892098501E-16,-1.,0.));
#6941 = ORIENTED_EDGE('',*,*,#6942,.F.);
#6942 = EDGE_CURVE('',#6943,#6935,#6945,.T.);
#6943 = VERTEX_POINT('',#6944);
#6944 = CARTESIAN_POINT('',(0.127,-7.3915,-2.843));
#6945 = LINE('',#6946,#6947);
#6946 = CARTESIAN_POINT('',(0.127,-7.3915,-2.843));
#6947 = VECTOR('',#6948,1.);
#6948 = DIRECTION('',(1.077074540829E-16,-0.242535625036,-0.970142500145
    ));
#6949 = ORIENTED_EDGE('',*,*,#6950,.F.);
#6950 = EDGE_CURVE('',#6885,#6943,#6951,.T.);
#6951 = LINE('',#6952,#6953);
#6952 = CARTESIAN_POINT('',(0.127,-7.3915,0.));
#6953 = VECTOR('',#6954,1.);
#6954 = DIRECTION('',(1.387374085862E-31,-3.124088708055E-16,-1.));
#6955 = ORIENTED_EDGE('',*,*,#6884,.F.);
#6956 = PLANE('',#6957);
#6957 = AXIS2_PLACEMENT_3D('',#6958,#6959,#6960);
#6958 = CARTESIAN_POINT('',(0.127,-6.858,2.157));
#6959 = DIRECTION('',(1.,4.440892098501E-16,0.));
#6960 = DIRECTION('',(0.,0.,-1.));
#6961 = ADVANCED_FACE('',(#6962),#6973,.T.);
#6962 = FACE_BOUND('',#6963,.T.);
#6963 = EDGE_LOOP('',(#6964,#6970,#6971,#6972));
#6964 = ORIENTED_EDGE('',*,*,#6965,.T.);
#6965 = EDGE_CURVE('',#6822,#6911,#6966,.T.);
#6966 = LINE('',#6967,#6968);
#6967 = CARTESIAN_POINT('',(-0.127,-7.8485,0.));
#6968 = VECTOR('',#6969,1.);
#6969 = DIRECTION('',(1.,4.440892098501E-16,0.));
#6970 = ORIENTED_EDGE('',*,*,#6910,.T.);
#6971 = ORIENTED_EDGE('',*,*,#3724,.F.);
#6972 = ORIENTED_EDGE('',*,*,#6821,.F.);
#6973 = PLANE('',#6974);
#6974 = AXIS2_PLACEMENT_3D('',#6975,#6976,#6977);
#6975 = CARTESIAN_POINT('',(-0.127,-7.8485,0.));
#6976 = DIRECTION('',(0.,0.,-1.));
#6977 = DIRECTION('',(4.440892098501E-16,-1.,0.));
#6978 = ADVANCED_FACE('',(#6979),#6990,.T.);
#6979 = FACE_BOUND('',#6980,.T.);
#6980 = EDGE_LOOP('',(#6981,#6982,#6983,#6989));
#6981 = ORIENTED_EDGE('',*,*,#3796,.T.);
#6982 = ORIENTED_EDGE('',*,*,#3876,.T.);
#6983 = ORIENTED_EDGE('',*,*,#6984,.F.);
#6984 = EDGE_CURVE('',#5625,#3869,#6985,.T.);
#6985 = LINE('',#6986,#6987);
#6986 = CARTESIAN_POINT('',(1.033723643423,-16.74627635657,3.68));
#6987 = VECTOR('',#6988,1.);
#6988 = DIRECTION('',(1.,4.440892098501E-16,0.));
#6989 = ORIENTED_EDGE('',*,*,#5624,.F.);
#6990 = B_SPLINE_SURFACE_WITH_KNOTS('',1,1,(
    (#6991,#6992)
    ,(#6993,#6994
    )),.UNSPECIFIED.,.F.,.F.,.F.,(2,2),(2,2),(0.,6.2),(0.,1.),
  .PIECEWISE_BEZIER_KNOTS.);
#6991 = CARTESIAN_POINT('',(0.71,-17.07,2.157));
#6992 = CARTESIAN_POINT('',(1.033723643423,-16.74627635657,3.68));
#6993 = CARTESIAN_POINT('',(6.91,-17.07,2.157));
#6994 = CARTESIAN_POINT('',(6.586276356577,-16.74627635657,3.68));
#6995 = ADVANCED_FACE('',(#6996),#7019,.F.);
#6996 = FACE_BOUND('',#6997,.F.);
#6997 = EDGE_LOOP('',(#6998,#6999,#7000,#7001,#7002,#7011,#7018));
#6998 = ORIENTED_EDGE('',*,*,#3868,.F.);
#6999 = ORIENTED_EDGE('',*,*,#6984,.F.);
#7000 = ORIENTED_EDGE('',*,*,#5631,.F.);
#7001 = ORIENTED_EDGE('',*,*,#5234,.F.);
#7002 = ORIENTED_EDGE('',*,*,#7003,.F.);
#7003 = EDGE_CURVE('',#7004,#5235,#7006,.T.);
#7004 = VERTEX_POINT('',#7005);
#7005 = CARTESIAN_POINT('',(3.81,0.831276356577,3.68));
#7006 = CIRCLE('',#7007,0.75);
#7007 = AXIS2_PLACEMENT_3D('',#7008,#7009,#7010);
#7008 = CARTESIAN_POINT('',(3.81,1.581276356577,3.68));
#7009 = DIRECTION('',(0.,-0.,-1.));
#7010 = DIRECTION('',(4.440892098501E-16,-1.,0.));
#7011 = ORIENTED_EDGE('',*,*,#7012,.F.);
#7012 = EDGE_CURVE('',#5455,#7004,#7013,.T.);
#7013 = CIRCLE('',#7014,0.75);
#7014 = AXIS2_PLACEMENT_3D('',#7015,#7016,#7017);
#7015 = CARTESIAN_POINT('',(3.81,1.581276356577,3.68));
#7016 = DIRECTION('',(0.,-0.,-1.));
#7017 = DIRECTION('',(4.440892098501E-16,-1.,0.));
#7018 = ORIENTED_EDGE('',*,*,#5560,.F.);
#7019 = PLANE('',#7020);
#7020 = AXIS2_PLACEMENT_3D('',#7021,#7022,#7023);
#7021 = CARTESIAN_POINT('',(6.586276356577,-16.74627635657,3.68));
#7022 = DIRECTION('',(-0.,0.,-1.));
#7023 = DIRECTION('',(-0.291038228898,0.956711424265,0.));
#7024 = ADVANCED_FACE('',(#7025),#7036,.T.);
#7025 = FACE_BOUND('',#7026,.T.);
#7026 = EDGE_LOOP('',(#7027,#7028,#7029,#7035));
#7027 = ORIENTED_EDGE('',*,*,#3959,.T.);
#7028 = ORIENTED_EDGE('',*,*,#3935,.T.);
#7029 = ORIENTED_EDGE('',*,*,#7030,.F.);
#7030 = EDGE_CURVE('',#4006,#3928,#7031,.T.);
#7031 = LINE('',#7032,#7033);
#7032 = CARTESIAN_POINT('',(7.747,-15.12575,-3.3));
#7033 = VECTOR('',#7034,1.);
#7034 = DIRECTION('',(-1.,-3.216245299353E-16,0.));
#7035 = ORIENTED_EDGE('',*,*,#4013,.F.);
#7036 = PLANE('',#7037);
#7037 = AXIS2_PLACEMENT_3D('',#7038,#7039,#7040);
#7038 = CARTESIAN_POINT('',(7.747,-15.35425,-3.3));
#7039 = DIRECTION('',(-0.,0.,-1.));
#7040 = DIRECTION('',(-3.216245299353E-16,1.,0.));
#7041 = ADVANCED_FACE('',(#7042),#7053,.T.);
#7042 = FACE_BOUND('',#7043,.T.);
#7043 = EDGE_LOOP('',(#7044,#7045,#7046,#7052));
#7044 = ORIENTED_EDGE('',*,*,#7030,.T.);
#7045 = ORIENTED_EDGE('',*,*,#3927,.T.);
#7046 = ORIENTED_EDGE('',*,*,#7047,.F.);
#7047 = EDGE_CURVE('',#3998,#3920,#7048,.T.);
#7048 = LINE('',#7049,#7050);
#7049 = CARTESIAN_POINT('',(7.747,-15.0115,-2.843));
#7050 = VECTOR('',#7051,1.);
#7051 = DIRECTION('',(-1.,-3.216245299353E-16,0.));
#7052 = ORIENTED_EDGE('',*,*,#4005,.F.);
#7053 = PLANE('',#7054);
#7054 = AXIS2_PLACEMENT_3D('',#7055,#7056,#7057);
#7055 = CARTESIAN_POINT('',(7.747,-15.12575,-3.3));
#7056 = DIRECTION('',(-3.120216255796E-16,0.970142500145,-0.242535625036
    ));
#7057 = DIRECTION('',(-7.800540639491E-17,0.242535625036,0.970142500145)
  );
#7058 = ADVANCED_FACE('',(#7059),#7065,.T.);
#7059 = FACE_BOUND('',#7060,.T.);
#7060 = EDGE_LOOP('',(#7061,#7062,#7063,#7064));
#7061 = ORIENTED_EDGE('',*,*,#7047,.T.);
#7062 = ORIENTED_EDGE('',*,*,#3919,.T.);
#7063 = ORIENTED_EDGE('',*,*,#4191,.F.);
#7064 = ORIENTED_EDGE('',*,*,#3997,.F.);
#7065 = PLANE('',#7066);
#7066 = AXIS2_PLACEMENT_3D('',#7067,#7068,#7069);
#7067 = CARTESIAN_POINT('',(7.747,-15.0115,-2.843));
#7068 = DIRECTION('',(-3.216245299353E-16,1.,0.));
#7069 = DIRECTION('',(0.,0.,1.));
#7070 = ADVANCED_FACE('',(#7071),#7082,.F.);
#7071 = FACE_BOUND('',#7072,.F.);
#7072 = EDGE_LOOP('',(#7073,#7074,#7075,#7081));
#7073 = ORIENTED_EDGE('',*,*,#4134,.T.);
#7074 = ORIENTED_EDGE('',*,*,#4176,.T.);
#7075 = ORIENTED_EDGE('',*,*,#7076,.F.);
#7076 = EDGE_CURVE('',#4096,#4169,#7077,.T.);
#7077 = LINE('',#7078,#7079);
#7078 = CARTESIAN_POINT('',(7.747,-0.11425,-3.3));
#7079 = VECTOR('',#7080,1.);
#7080 = DIRECTION('',(-1.,-3.216245299353E-16,0.));
#7081 = ORIENTED_EDGE('',*,*,#4103,.F.);
#7082 = PLANE('',#7083);
#7083 = AXIS2_PLACEMENT_3D('',#7084,#7085,#7086);
#7084 = CARTESIAN_POINT('',(7.747,0.11425,-3.3));
#7085 = DIRECTION('',(0.,0.,1.));
#7086 = DIRECTION('',(3.216245299353E-16,-1.,0.));
#7087 = ADVANCED_FACE('',(#7088),#7099,.F.);
#7088 = FACE_BOUND('',#7089,.F.);
#7089 = EDGE_LOOP('',(#7090,#7091,#7092,#7098));
#7090 = ORIENTED_EDGE('',*,*,#7076,.T.);
#7091 = ORIENTED_EDGE('',*,*,#4168,.T.);
#7092 = ORIENTED_EDGE('',*,*,#7093,.F.);
#7093 = EDGE_CURVE('',#4088,#4161,#7094,.T.);
#7094 = LINE('',#7095,#7096);
#7095 = CARTESIAN_POINT('',(7.747,-0.2285,-2.843));
#7096 = VECTOR('',#7097,1.);
#7097 = DIRECTION('',(-1.,-3.216245299353E-16,0.));
#7098 = ORIENTED_EDGE('',*,*,#4095,.F.);
#7099 = PLANE('',#7100);
#7100 = AXIS2_PLACEMENT_3D('',#7101,#7102,#7103);
#7101 = CARTESIAN_POINT('',(7.747,-0.11425,-3.3));
#7102 = DIRECTION('',(-3.120216255796E-16,0.970142500145,0.242535625036)
  );
#7103 = DIRECTION('',(7.800540639491E-17,-0.242535625036,0.970142500145)
  );
#7104 = ADVANCED_FACE('',(#7105),#7111,.F.);
#7105 = FACE_BOUND('',#7106,.F.);
#7106 = EDGE_LOOP('',(#7107,#7108,#7109,#7110));
#7107 = ORIENTED_EDGE('',*,*,#7093,.T.);
#7108 = ORIENTED_EDGE('',*,*,#4160,.T.);
#7109 = ORIENTED_EDGE('',*,*,#4208,.F.);
#7110 = ORIENTED_EDGE('',*,*,#4087,.F.);
#7111 = PLANE('',#7112);
#7112 = AXIS2_PLACEMENT_3D('',#7113,#7114,#7115);
#7113 = CARTESIAN_POINT('',(7.747,-0.2285,-2.843));
#7114 = DIRECTION('',(-3.216245299353E-16,1.,0.));
#7115 = DIRECTION('',(0.,0.,1.));
#7116 = ADVANCED_FACE('',(#7117),#7128,.T.);
#7117 = FACE_BOUND('',#7118,.T.);
#7118 = EDGE_LOOP('',(#7119,#7120,#7121,#7127));
#7119 = ORIENTED_EDGE('',*,*,#4311,.T.);
#7120 = ORIENTED_EDGE('',*,*,#4287,.T.);
#7121 = ORIENTED_EDGE('',*,*,#7122,.F.);
#7122 = EDGE_CURVE('',#4374,#4280,#7123,.T.);
#7123 = LINE('',#7124,#7125);
#7124 = CARTESIAN_POINT('',(7.747,-12.9285,-2.843));
#7125 = VECTOR('',#7126,1.);
#7126 = DIRECTION('',(-1.,-3.216245299353E-16,0.));
#7127 = ORIENTED_EDGE('',*,*,#4381,.F.);
#7128 = PLANE('',#7129);
#7129 = AXIS2_PLACEMENT_3D('',#7130,#7131,#7132);
#7130 = CARTESIAN_POINT('',(7.747,-12.9285,0.));
#7131 = DIRECTION('',(3.216245299353E-16,-1.,-3.124088708055E-16));
#7132 = DIRECTION('',(-1.004783562205E-31,3.124088708055E-16,-1.));
#7133 = ADVANCED_FACE('',(#7134),#7145,.T.);
#7134 = FACE_BOUND('',#7135,.T.);
#7135 = EDGE_LOOP('',(#7136,#7137,#7138,#7144));
#7136 = ORIENTED_EDGE('',*,*,#7122,.T.);
#7137 = ORIENTED_EDGE('',*,*,#4279,.T.);
#7138 = ORIENTED_EDGE('',*,*,#7139,.F.);
#7139 = EDGE_CURVE('',#4366,#4272,#7140,.T.);
#7140 = LINE('',#7141,#7142);
#7141 = CARTESIAN_POINT('',(7.747,-12.81425,-3.3));
#7142 = VECTOR('',#7143,1.);
#7143 = DIRECTION('',(-1.,-3.216245299353E-16,0.));
#7144 = ORIENTED_EDGE('',*,*,#4373,.F.);
#7145 = PLANE('',#7146);
#7146 = AXIS2_PLACEMENT_3D('',#7147,#7148,#7149);
#7147 = CARTESIAN_POINT('',(7.747,-12.9285,-2.843));
#7148 = DIRECTION('',(3.120216255796E-16,-0.970142500145,-0.242535625036
    ));
#7149 = DIRECTION('',(-7.800540639491E-17,0.242535625036,-0.970142500145
    ));
#7150 = ADVANCED_FACE('',(#7151),#7162,.T.);
#7151 = FACE_BOUND('',#7152,.T.);
#7152 = EDGE_LOOP('',(#7153,#7159,#7160,#7161));
#7153 = ORIENTED_EDGE('',*,*,#7154,.T.);
#7154 = EDGE_CURVE('',#4350,#4256,#7155,.T.);
#7155 = LINE('',#7156,#7157);
#7156 = CARTESIAN_POINT('',(7.747,-12.4715,-2.843));
#7157 = VECTOR('',#7158,1.);
#7158 = DIRECTION('',(-1.,-3.216245299353E-16,0.));
#7159 = ORIENTED_EDGE('',*,*,#4255,.T.);
#7160 = ORIENTED_EDGE('',*,*,#4591,.F.);
#7161 = ORIENTED_EDGE('',*,*,#4349,.F.);
#7162 = PLANE('',#7163);
#7163 = AXIS2_PLACEMENT_3D('',#7164,#7165,#7166);
#7164 = CARTESIAN_POINT('',(7.747,-12.4715,-2.843));
#7165 = DIRECTION('',(-3.216245299353E-16,1.,-3.124088708055E-16));
#7166 = DIRECTION('',(-1.004783562205E-31,3.124088708055E-16,1.));
#7167 = ADVANCED_FACE('',(#7168),#7179,.T.);
#7168 = FACE_BOUND('',#7169,.T.);
#7169 = EDGE_LOOP('',(#7170,#7171,#7172,#7178));
#7170 = ORIENTED_EDGE('',*,*,#7139,.T.);
#7171 = ORIENTED_EDGE('',*,*,#4271,.T.);
#7172 = ORIENTED_EDGE('',*,*,#7173,.F.);
#7173 = EDGE_CURVE('',#4358,#4264,#7174,.T.);
#7174 = LINE('',#7175,#7176);
#7175 = CARTESIAN_POINT('',(7.747,-12.58575,-3.3));
#7176 = VECTOR('',#7177,1.);
#7177 = DIRECTION('',(-1.,-3.216245299353E-16,0.));
#7178 = ORIENTED_EDGE('',*,*,#4365,.F.);
#7179 = PLANE('',#7180);
#7180 = AXIS2_PLACEMENT_3D('',#7181,#7182,#7183);
#7181 = CARTESIAN_POINT('',(7.747,-12.81425,-3.3));
#7182 = DIRECTION('',(-0.,0.,-1.));
#7183 = DIRECTION('',(-3.216245299353E-16,1.,0.));
#7184 = ADVANCED_FACE('',(#7185),#7191,.T.);
#7185 = FACE_BOUND('',#7186,.T.);
#7186 = EDGE_LOOP('',(#7187,#7188,#7189,#7190));
#7187 = ORIENTED_EDGE('',*,*,#7173,.T.);
#7188 = ORIENTED_EDGE('',*,*,#4263,.T.);
#7189 = ORIENTED_EDGE('',*,*,#7154,.F.);
#7190 = ORIENTED_EDGE('',*,*,#4357,.F.);
#7191 = PLANE('',#7192);
#7192 = AXIS2_PLACEMENT_3D('',#7193,#7194,#7195);
#7193 = CARTESIAN_POINT('',(7.747,-12.58575,-3.3));
#7194 = DIRECTION('',(-3.120216255796E-16,0.970142500145,-0.242535625036
    ));
#7195 = DIRECTION('',(-7.800540639491E-17,0.242535625036,0.970142500145)
  );
#7196 = ADVANCED_FACE('',(#7197),#7208,.T.);
#7197 = FACE_BOUND('',#7198,.T.);
#7198 = EDGE_LOOP('',(#7199,#7200,#7201,#7207));
#7199 = ORIENTED_EDGE('',*,*,#4610,.T.);
#7200 = ORIENTED_EDGE('',*,*,#4451,.T.);
#7201 = ORIENTED_EDGE('',*,*,#7202,.F.);
#7202 = EDGE_CURVE('',#4531,#4444,#7203,.T.);
#7203 = LINE('',#7204,#7205);
#7204 = CARTESIAN_POINT('',(7.747,-2.7685,-2.843));
#7205 = VECTOR('',#7206,1.);
#7206 = DIRECTION('',(-1.,-3.216245299353E-16,0.));
#7207 = ORIENTED_EDGE('',*,*,#4538,.F.);
#7208 = PLANE('',#7209);
#7209 = AXIS2_PLACEMENT_3D('',#7210,#7211,#7212);
#7210 = CARTESIAN_POINT('',(7.747,-2.7685,0.));
#7211 = DIRECTION('',(3.216245299353E-16,-1.,-3.124088708055E-16));
#7212 = DIRECTION('',(-1.004783562205E-31,3.124088708055E-16,-1.));
#7213 = ADVANCED_FACE('',(#7214),#7225,.T.);
#7214 = FACE_BOUND('',#7215,.T.);
#7215 = EDGE_LOOP('',(#7216,#7217,#7218,#7224));
#7216 = ORIENTED_EDGE('',*,*,#7202,.T.);
#7217 = ORIENTED_EDGE('',*,*,#4443,.T.);
#7218 = ORIENTED_EDGE('',*,*,#7219,.F.);
#7219 = EDGE_CURVE('',#4523,#4436,#7220,.T.);
#7220 = LINE('',#7221,#7222);
#7221 = CARTESIAN_POINT('',(7.747,-2.65425,-3.3));
#7222 = VECTOR('',#7223,1.);
#7223 = DIRECTION('',(-1.,-3.216245299353E-16,0.));
#7224 = ORIENTED_EDGE('',*,*,#4530,.F.);
#7225 = PLANE('',#7226);
#7226 = AXIS2_PLACEMENT_3D('',#7227,#7228,#7229);
#7227 = CARTESIAN_POINT('',(7.747,-2.7685,-2.843));
#7228 = DIRECTION('',(3.120216255796E-16,-0.970142500145,-0.242535625036
    ));
#7229 = DIRECTION('',(-7.800540639491E-17,0.242535625036,-0.970142500145
    ));
#7230 = ADVANCED_FACE('',(#7231),#7242,.T.);
#7231 = FACE_BOUND('',#7232,.T.);
#7232 = EDGE_LOOP('',(#7233,#7239,#7240,#7241));
#7233 = ORIENTED_EDGE('',*,*,#7234,.T.);
#7234 = EDGE_CURVE('',#4507,#4420,#7235,.T.);
#7235 = LINE('',#7236,#7237);
#7236 = CARTESIAN_POINT('',(7.747,-2.3115,-2.843));
#7237 = VECTOR('',#7238,1.);
#7238 = DIRECTION('',(-1.,-3.216245299353E-16,0.));
#7239 = ORIENTED_EDGE('',*,*,#4419,.T.);
#7240 = ORIENTED_EDGE('',*,*,#4473,.F.);
#7241 = ORIENTED_EDGE('',*,*,#4506,.F.);
#7242 = PLANE('',#7243);
#7243 = AXIS2_PLACEMENT_3D('',#7244,#7245,#7246);
#7244 = CARTESIAN_POINT('',(7.747,-2.3115,-2.843));
#7245 = DIRECTION('',(-3.216245299353E-16,1.,-3.124088708055E-16));
#7246 = DIRECTION('',(-1.004783562205E-31,3.124088708055E-16,1.));
#7247 = ADVANCED_FACE('',(#7248),#7259,.T.);
#7248 = FACE_BOUND('',#7249,.T.);
#7249 = EDGE_LOOP('',(#7250,#7251,#7252,#7258));
#7250 = ORIENTED_EDGE('',*,*,#7219,.T.);
#7251 = ORIENTED_EDGE('',*,*,#4435,.T.);
#7252 = ORIENTED_EDGE('',*,*,#7253,.F.);
#7253 = EDGE_CURVE('',#4515,#4428,#7254,.T.);
#7254 = LINE('',#7255,#7256);
#7255 = CARTESIAN_POINT('',(7.747,-2.42575,-3.3));
#7256 = VECTOR('',#7257,1.);
#7257 = DIRECTION('',(-1.,-3.216245299353E-16,0.));
#7258 = ORIENTED_EDGE('',*,*,#4522,.F.);
#7259 = PLANE('',#7260);
#7260 = AXIS2_PLACEMENT_3D('',#7261,#7262,#7263);
#7261 = CARTESIAN_POINT('',(7.747,-2.65425,-3.3));
#7262 = DIRECTION('',(-0.,0.,-1.));
#7263 = DIRECTION('',(-3.216245299353E-16,1.,0.));
#7264 = ADVANCED_FACE('',(#7265),#7271,.T.);
#7265 = FACE_BOUND('',#7266,.T.);
#7266 = EDGE_LOOP('',(#7267,#7268,#7269,#7270));
#7267 = ORIENTED_EDGE('',*,*,#7253,.T.);
#7268 = ORIENTED_EDGE('',*,*,#4427,.T.);
#7269 = ORIENTED_EDGE('',*,*,#7234,.F.);
#7270 = ORIENTED_EDGE('',*,*,#4514,.F.);
#7271 = PLANE('',#7272);
#7272 = AXIS2_PLACEMENT_3D('',#7273,#7274,#7275);
#7273 = CARTESIAN_POINT('',(7.747,-2.42575,-3.3));
#7274 = DIRECTION('',(-3.120216255796E-16,0.970142500145,-0.242535625036
    ));
#7275 = DIRECTION('',(-7.800540639491E-17,0.242535625036,0.970142500145)
  );
#7276 = ADVANCED_FACE('',(#7277),#7288,.T.);
#7277 = FACE_BOUND('',#7278,.T.);
#7278 = EDGE_LOOP('',(#7279,#7280,#7281,#7287));
#7279 = ORIENTED_EDGE('',*,*,#4711,.T.);
#7280 = ORIENTED_EDGE('',*,*,#4687,.T.);
#7281 = ORIENTED_EDGE('',*,*,#7282,.F.);
#7282 = EDGE_CURVE('',#4774,#4680,#7283,.T.);
#7283 = LINE('',#7284,#7285);
#7284 = CARTESIAN_POINT('',(7.747,-10.3885,-2.843));
#7285 = VECTOR('',#7286,1.);
#7286 = DIRECTION('',(-1.,-3.216245299353E-16,0.));
#7287 = ORIENTED_EDGE('',*,*,#4781,.F.);
#7288 = PLANE('',#7289);
#7289 = AXIS2_PLACEMENT_3D('',#7290,#7291,#7292);
#7290 = CARTESIAN_POINT('',(7.747,-10.3885,0.));
#7291 = DIRECTION('',(3.216245299353E-16,-1.,-3.124088708055E-16));
#7292 = DIRECTION('',(-1.004783562205E-31,3.124088708055E-16,-1.));
#7293 = ADVANCED_FACE('',(#7294),#7305,.T.);
#7294 = FACE_BOUND('',#7295,.T.);
#7295 = EDGE_LOOP('',(#7296,#7297,#7298,#7304));
#7296 = ORIENTED_EDGE('',*,*,#7282,.T.);
#7297 = ORIENTED_EDGE('',*,*,#4679,.T.);
#7298 = ORIENTED_EDGE('',*,*,#7299,.F.);
#7299 = EDGE_CURVE('',#4766,#4672,#7300,.T.);
#7300 = LINE('',#7301,#7302);
#7301 = CARTESIAN_POINT('',(7.747,-10.27425,-3.3));
#7302 = VECTOR('',#7303,1.);
#7303 = DIRECTION('',(-1.,-3.216245299353E-16,0.));
#7304 = ORIENTED_EDGE('',*,*,#4773,.F.);
#7305 = PLANE('',#7306);
#7306 = AXIS2_PLACEMENT_3D('',#7307,#7308,#7309);
#7307 = CARTESIAN_POINT('',(7.747,-10.3885,-2.843));
#7308 = DIRECTION('',(3.120216255796E-16,-0.970142500145,-0.242535625036
    ));
#7309 = DIRECTION('',(-7.800540639491E-17,0.242535625036,-0.970142500145
    ));
#7310 = ADVANCED_FACE('',(#7311),#7322,.T.);
#7311 = FACE_BOUND('',#7312,.T.);
#7312 = EDGE_LOOP('',(#7313,#7319,#7320,#7321));
#7313 = ORIENTED_EDGE('',*,*,#7314,.T.);
#7314 = EDGE_CURVE('',#4750,#4656,#7315,.T.);
#7315 = LINE('',#7316,#7317);
#7316 = CARTESIAN_POINT('',(7.747,-9.9315,-2.843));
#7317 = VECTOR('',#7318,1.);
#7318 = DIRECTION('',(-1.,-3.216245299353E-16,0.));
#7319 = ORIENTED_EDGE('',*,*,#4655,.T.);
#7320 = ORIENTED_EDGE('',*,*,#4991,.F.);
#7321 = ORIENTED_EDGE('',*,*,#4749,.F.);
#7322 = PLANE('',#7323);
#7323 = AXIS2_PLACEMENT_3D('',#7324,#7325,#7326);
#7324 = CARTESIAN_POINT('',(7.747,-9.9315,-2.843));
#7325 = DIRECTION('',(-3.216245299353E-16,1.,-3.124088708055E-16));
#7326 = DIRECTION('',(-1.004783562205E-31,3.124088708055E-16,1.));
#7327 = ADVANCED_FACE('',(#7328),#7339,.T.);
#7328 = FACE_BOUND('',#7329,.T.);
#7329 = EDGE_LOOP('',(#7330,#7331,#7332,#7338));
#7330 = ORIENTED_EDGE('',*,*,#7299,.T.);
#7331 = ORIENTED_EDGE('',*,*,#4671,.T.);
#7332 = ORIENTED_EDGE('',*,*,#7333,.F.);
#7333 = EDGE_CURVE('',#4758,#4664,#7334,.T.);
#7334 = LINE('',#7335,#7336);
#7335 = CARTESIAN_POINT('',(7.747,-10.04575,-3.3));
#7336 = VECTOR('',#7337,1.);
#7337 = DIRECTION('',(-1.,-3.216245299353E-16,0.));
#7338 = ORIENTED_EDGE('',*,*,#4765,.F.);
#7339 = PLANE('',#7340);
#7340 = AXIS2_PLACEMENT_3D('',#7341,#7342,#7343);
#7341 = CARTESIAN_POINT('',(7.747,-10.27425,-3.3));
#7342 = DIRECTION('',(-0.,0.,-1.));
#7343 = DIRECTION('',(-3.216245299353E-16,1.,0.));
#7344 = ADVANCED_FACE('',(#7345),#7351,.T.);
#7345 = FACE_BOUND('',#7346,.T.);
#7346 = EDGE_LOOP('',(#7347,#7348,#7349,#7350));
#7347 = ORIENTED_EDGE('',*,*,#7333,.T.);
#7348 = ORIENTED_EDGE('',*,*,#4663,.T.);
#7349 = ORIENTED_EDGE('',*,*,#7314,.F.);
#7350 = ORIENTED_EDGE('',*,*,#4757,.F.);
#7351 = PLANE('',#7352);
#7352 = AXIS2_PLACEMENT_3D('',#7353,#7354,#7355);
#7353 = CARTESIAN_POINT('',(7.747,-10.04575,-3.3));
#7354 = DIRECTION('',(-3.120216255796E-16,0.970142500145,-0.242535625036
    ));
#7355 = DIRECTION('',(-7.800540639491E-17,0.242535625036,0.970142500145)
  );
#7356 = ADVANCED_FACE('',(#7357),#7368,.T.);
#7357 = FACE_BOUND('',#7358,.T.);
#7358 = EDGE_LOOP('',(#7359,#7360,#7361,#7367));
#7359 = ORIENTED_EDGE('',*,*,#5010,.T.);
#7360 = ORIENTED_EDGE('',*,*,#4851,.T.);
#7361 = ORIENTED_EDGE('',*,*,#7362,.F.);
#7362 = EDGE_CURVE('',#4931,#4844,#7363,.T.);
#7363 = LINE('',#7364,#7365);
#7364 = CARTESIAN_POINT('',(7.747,-5.3085,-2.843));
#7365 = VECTOR('',#7366,1.);
#7366 = DIRECTION('',(-1.,-3.216245299353E-16,0.));
#7367 = ORIENTED_EDGE('',*,*,#4938,.F.);
#7368 = PLANE('',#7369);
#7369 = AXIS2_PLACEMENT_3D('',#7370,#7371,#7372);
#7370 = CARTESIAN_POINT('',(7.747,-5.3085,0.));
#7371 = DIRECTION('',(3.216245299353E-16,-1.,-3.124088708055E-16));
#7372 = DIRECTION('',(-1.004783562205E-31,3.124088708055E-16,-1.));
#7373 = ADVANCED_FACE('',(#7374),#7385,.T.);
#7374 = FACE_BOUND('',#7375,.T.);
#7375 = EDGE_LOOP('',(#7376,#7377,#7378,#7384));
#7376 = ORIENTED_EDGE('',*,*,#7362,.T.);
#7377 = ORIENTED_EDGE('',*,*,#4843,.T.);
#7378 = ORIENTED_EDGE('',*,*,#7379,.F.);
#7379 = EDGE_CURVE('',#4923,#4836,#7380,.T.);
#7380 = LINE('',#7381,#7382);
#7381 = CARTESIAN_POINT('',(7.747,-5.19425,-3.3));
#7382 = VECTOR('',#7383,1.);
#7383 = DIRECTION('',(-1.,-3.216245299353E-16,0.));
#7384 = ORIENTED_EDGE('',*,*,#4930,.F.);
#7385 = PLANE('',#7386);
#7386 = AXIS2_PLACEMENT_3D('',#7387,#7388,#7389);
#7387 = CARTESIAN_POINT('',(7.747,-5.3085,-2.843));
#7388 = DIRECTION('',(3.120216255796E-16,-0.970142500145,-0.242535625036
    ));
#7389 = DIRECTION('',(-7.800540639491E-17,0.242535625036,-0.970142500145
    ));
#7390 = ADVANCED_FACE('',(#7391),#7402,.T.);
#7391 = FACE_BOUND('',#7392,.T.);
#7392 = EDGE_LOOP('',(#7393,#7399,#7400,#7401));
#7393 = ORIENTED_EDGE('',*,*,#7394,.T.);
#7394 = EDGE_CURVE('',#4907,#4820,#7395,.T.);
#7395 = LINE('',#7396,#7397);
#7396 = CARTESIAN_POINT('',(7.747,-4.8515,-2.843));
#7397 = VECTOR('',#7398,1.);
#7398 = DIRECTION('',(-1.,-3.216245299353E-16,0.));
#7399 = ORIENTED_EDGE('',*,*,#4819,.T.);
#7400 = ORIENTED_EDGE('',*,*,#4873,.F.);
#7401 = ORIENTED_EDGE('',*,*,#4906,.F.);
#7402 = PLANE('',#7403);
#7403 = AXIS2_PLACEMENT_3D('',#7404,#7405,#7406);
#7404 = CARTESIAN_POINT('',(7.747,-4.8515,-2.843));
#7405 = DIRECTION('',(-3.216245299353E-16,1.,-3.124088708055E-16));
#7406 = DIRECTION('',(-1.004783562205E-31,3.124088708055E-16,1.));
#7407 = ADVANCED_FACE('',(#7408),#7419,.T.);
#7408 = FACE_BOUND('',#7409,.T.);
#7409 = EDGE_LOOP('',(#7410,#7411,#7412,#7418));
#7410 = ORIENTED_EDGE('',*,*,#7379,.T.);
#7411 = ORIENTED_EDGE('',*,*,#4835,.T.);
#7412 = ORIENTED_EDGE('',*,*,#7413,.F.);
#7413 = EDGE_CURVE('',#4915,#4828,#7414,.T.);
#7414 = LINE('',#7415,#7416);
#7415 = CARTESIAN_POINT('',(7.747,-4.96575,-3.3));
#7416 = VECTOR('',#7417,1.);
#7417 = DIRECTION('',(-1.,-3.216245299353E-16,0.));
#7418 = ORIENTED_EDGE('',*,*,#4922,.F.);
#7419 = PLANE('',#7420);
#7420 = AXIS2_PLACEMENT_3D('',#7421,#7422,#7423);
#7421 = CARTESIAN_POINT('',(7.747,-5.19425,-3.3));
#7422 = DIRECTION('',(-0.,0.,-1.));
#7423 = DIRECTION('',(-3.216245299353E-16,1.,0.));
#7424 = ADVANCED_FACE('',(#7425),#7431,.T.);
#7425 = FACE_BOUND('',#7426,.T.);
#7426 = EDGE_LOOP('',(#7427,#7428,#7429,#7430));
#7427 = ORIENTED_EDGE('',*,*,#7413,.T.);
#7428 = ORIENTED_EDGE('',*,*,#4827,.T.);
#7429 = ORIENTED_EDGE('',*,*,#7394,.F.);
#7430 = ORIENTED_EDGE('',*,*,#4914,.F.);
#7431 = PLANE('',#7432);
#7432 = AXIS2_PLACEMENT_3D('',#7433,#7434,#7435);
#7433 = CARTESIAN_POINT('',(7.747,-4.96575,-3.3));
#7434 = DIRECTION('',(-3.120216255796E-16,0.970142500145,-0.242535625036
    ));
#7435 = DIRECTION('',(-7.800540639491E-17,0.242535625036,0.970142500145)
  );
#7436 = ADVANCED_FACE('',(#7437),#7448,.T.);
#7437 = FACE_BOUND('',#7438,.T.);
#7438 = EDGE_LOOP('',(#7439,#7440,#7441,#7447));
#7439 = ORIENTED_EDGE('',*,*,#5111,.T.);
#7440 = ORIENTED_EDGE('',*,*,#5087,.T.);
#7441 = ORIENTED_EDGE('',*,*,#7442,.F.);
#7442 = EDGE_CURVE('',#5174,#5080,#7443,.T.);
#7443 = LINE('',#7444,#7445);
#7444 = CARTESIAN_POINT('',(7.747,-7.8485,-2.843));
#7445 = VECTOR('',#7446,1.);
#7446 = DIRECTION('',(-1.,-3.216245299353E-16,0.));
#7447 = ORIENTED_EDGE('',*,*,#5181,.F.);
#7448 = PLANE('',#7449);
#7449 = AXIS2_PLACEMENT_3D('',#7450,#7451,#7452);
#7450 = CARTESIAN_POINT('',(7.747,-7.8485,0.));
#7451 = DIRECTION('',(3.216245299353E-16,-1.,-3.124088708055E-16));
#7452 = DIRECTION('',(-1.004783562205E-31,3.124088708055E-16,-1.));
#7453 = ADVANCED_FACE('',(#7454),#7465,.T.);
#7454 = FACE_BOUND('',#7455,.T.);
#7455 = EDGE_LOOP('',(#7456,#7457,#7458,#7464));
#7456 = ORIENTED_EDGE('',*,*,#7442,.T.);
#7457 = ORIENTED_EDGE('',*,*,#5079,.T.);
#7458 = ORIENTED_EDGE('',*,*,#7459,.F.);
#7459 = EDGE_CURVE('',#5166,#5072,#7460,.T.);
#7460 = LINE('',#7461,#7462);
#7461 = CARTESIAN_POINT('',(7.747,-7.73425,-3.3));
#7462 = VECTOR('',#7463,1.);
#7463 = DIRECTION('',(-1.,-3.216245299353E-16,0.));
#7464 = ORIENTED_EDGE('',*,*,#5173,.F.);
#7465 = PLANE('',#7466);
#7466 = AXIS2_PLACEMENT_3D('',#7467,#7468,#7469);
#7467 = CARTESIAN_POINT('',(7.747,-7.8485,-2.843));
#7468 = DIRECTION('',(3.120216255796E-16,-0.970142500145,-0.242535625036
    ));
#7469 = DIRECTION('',(-7.800540639491E-17,0.242535625036,-0.970142500145
    ));
#7470 = ADVANCED_FACE('',(#7471),#7482,.T.);
#7471 = FACE_BOUND('',#7472,.T.);
#7472 = EDGE_LOOP('',(#7473,#7479,#7480,#7481));
#7473 = ORIENTED_EDGE('',*,*,#7474,.T.);
#7474 = EDGE_CURVE('',#5150,#5056,#7475,.T.);
#7475 = LINE('',#7476,#7477);
#7476 = CARTESIAN_POINT('',(7.747,-7.3915,-2.843));
#7477 = VECTOR('',#7478,1.);
#7478 = DIRECTION('',(-1.,-3.216245299353E-16,0.));
#7479 = ORIENTED_EDGE('',*,*,#5055,.T.);
#7480 = ORIENTED_EDGE('',*,*,#5208,.F.);
#7481 = ORIENTED_EDGE('',*,*,#5149,.F.);
#7482 = PLANE('',#7483);
#7483 = AXIS2_PLACEMENT_3D('',#7484,#7485,#7486);
#7484 = CARTESIAN_POINT('',(7.747,-7.3915,-2.843));
#7485 = DIRECTION('',(-3.216245299353E-16,1.,-3.124088708055E-16));
#7486 = DIRECTION('',(-1.004783562205E-31,3.124088708055E-16,1.));
#7487 = ADVANCED_FACE('',(#7488),#7499,.T.);
#7488 = FACE_BOUND('',#7489,.T.);
#7489 = EDGE_LOOP('',(#7490,#7491,#7492,#7498));
#7490 = ORIENTED_EDGE('',*,*,#7459,.T.);
#7491 = ORIENTED_EDGE('',*,*,#5071,.T.);
#7492 = ORIENTED_EDGE('',*,*,#7493,.F.);
#7493 = EDGE_CURVE('',#5158,#5064,#7494,.T.);
#7494 = LINE('',#7495,#7496);
#7495 = CARTESIAN_POINT('',(7.747,-7.50575,-3.3));
#7496 = VECTOR('',#7497,1.);
#7497 = DIRECTION('',(-1.,-3.216245299353E-16,0.));
#7498 = ORIENTED_EDGE('',*,*,#5165,.F.);
#7499 = PLANE('',#7500);
#7500 = AXIS2_PLACEMENT_3D('',#7501,#7502,#7503);
#7501 = CARTESIAN_POINT('',(7.747,-7.73425,-3.3));
#7502 = DIRECTION('',(-0.,0.,-1.));
#7503 = DIRECTION('',(-3.216245299353E-16,1.,0.));
#7504 = ADVANCED_FACE('',(#7505),#7511,.T.);
#7505 = FACE_BOUND('',#7506,.T.);
#7506 = EDGE_LOOP('',(#7507,#7508,#7509,#7510));
#7507 = ORIENTED_EDGE('',*,*,#7493,.T.);
#7508 = ORIENTED_EDGE('',*,*,#5063,.T.);
#7509 = ORIENTED_EDGE('',*,*,#7474,.F.);
#7510 = ORIENTED_EDGE('',*,*,#5157,.F.);
#7511 = PLANE('',#7512);
#7512 = AXIS2_PLACEMENT_3D('',#7513,#7514,#7515);
#7513 = CARTESIAN_POINT('',(7.747,-7.50575,-3.3));
#7514 = DIRECTION('',(-3.120216255796E-16,0.970142500145,-0.242535625036
    ));
#7515 = DIRECTION('',(-7.800540639491E-17,0.242535625036,0.970142500145)
  );
#7516 = ADVANCED_FACE('',(#7517),#7539,.F.);
#7517 = FACE_BOUND('',#7518,.F.);
#7518 = EDGE_LOOP('',(#7519,#7520,#7529,#7536,#7537,#7538));
#7519 = ORIENTED_EDGE('',*,*,#5242,.F.);
#7520 = ORIENTED_EDGE('',*,*,#7521,.F.);
#7521 = EDGE_CURVE('',#7522,#5243,#7524,.T.);
#7522 = VERTEX_POINT('',#7523);
#7523 = CARTESIAN_POINT('',(3.81,0.831276356577,3.18));
#7524 = CIRCLE('',#7525,0.75);
#7525 = AXIS2_PLACEMENT_3D('',#7526,#7527,#7528);
#7526 = CARTESIAN_POINT('',(3.81,1.581276356577,3.18));
#7527 = DIRECTION('',(0.,-0.,-1.));
#7528 = DIRECTION('',(4.440892098501E-16,-1.,0.));
#7529 = ORIENTED_EDGE('',*,*,#7530,.F.);
#7530 = EDGE_CURVE('',#5349,#7522,#7531,.T.);
#7531 = CIRCLE('',#7532,0.75);
#7532 = AXIS2_PLACEMENT_3D('',#7533,#7534,#7535);
#7533 = CARTESIAN_POINT('',(3.81,1.581276356577,3.18));
#7534 = DIRECTION('',(0.,-0.,-1.));
#7535 = DIRECTION('',(4.440892098501E-16,-1.,0.));
#7536 = ORIENTED_EDGE('',*,*,#5454,.T.);
#7537 = ORIENTED_EDGE('',*,*,#7012,.T.);
#7538 = ORIENTED_EDGE('',*,*,#7003,.T.);
#7539 = CYLINDRICAL_SURFACE('',#7540,0.75);
#7540 = AXIS2_PLACEMENT_3D('',#7541,#7542,#7543);
#7541 = CARTESIAN_POINT('',(3.81,1.581276356577,3.68));
#7542 = DIRECTION('',(-0.,0.,-1.));
#7543 = DIRECTION('',(4.440892098501E-16,-1.,-0.));
#7544 = ADVANCED_FACE('',(#7545),#7550,.F.);
#7545 = FACE_BOUND('',#7546,.F.);
#7546 = EDGE_LOOP('',(#7547,#7548,#7549));
#7547 = ORIENTED_EDGE('',*,*,#7530,.T.);
#7548 = ORIENTED_EDGE('',*,*,#7521,.T.);
#7549 = ORIENTED_EDGE('',*,*,#5348,.T.);
#7550 = PLANE('',#7551);
#7551 = AXIS2_PLACEMENT_3D('',#7552,#7553,#7554);
#7552 = CARTESIAN_POINT('',(3.81,1.581276356577,3.18));
#7553 = DIRECTION('',(-0.,0.,-1.));
#7554 = DIRECTION('',(4.440892098501E-16,-1.,-0.));
#7555 = ADVANCED_FACE('',(#7556),#7567,.T.);
#7556 = FACE_BOUND('',#7557,.T.);
#7557 = EDGE_LOOP('',(#7558,#7559,#7560,#7566));
#7558 = ORIENTED_EDGE('',*,*,#5716,.T.);
#7559 = ORIENTED_EDGE('',*,*,#5692,.T.);
#7560 = ORIENTED_EDGE('',*,*,#7561,.F.);
#7561 = EDGE_CURVE('',#5763,#5685,#7562,.T.);
#7562 = LINE('',#7563,#7564);
#7563 = CARTESIAN_POINT('',(-0.127,-0.11425,-3.3));
#7564 = VECTOR('',#7565,1.);
#7565 = DIRECTION('',(1.,4.440892098501E-16,0.));
#7566 = ORIENTED_EDGE('',*,*,#5770,.F.);
#7567 = PLANE('',#7568);
#7568 = AXIS2_PLACEMENT_3D('',#7569,#7570,#7571);
#7569 = CARTESIAN_POINT('',(-0.127,0.11425,-3.3));
#7570 = DIRECTION('',(0.,0.,-1.));
#7571 = DIRECTION('',(4.440892098501E-16,-1.,0.));
#7572 = ADVANCED_FACE('',(#7573),#7584,.T.);
#7573 = FACE_BOUND('',#7574,.T.);
#7574 = EDGE_LOOP('',(#7575,#7576,#7577,#7583));
#7575 = ORIENTED_EDGE('',*,*,#7561,.T.);
#7576 = ORIENTED_EDGE('',*,*,#5684,.T.);
#7577 = ORIENTED_EDGE('',*,*,#7578,.F.);
#7578 = EDGE_CURVE('',#5755,#5677,#7579,.T.);
#7579 = LINE('',#7580,#7581);
#7580 = CARTESIAN_POINT('',(-0.127,-0.2285,-2.843));
#7581 = VECTOR('',#7582,1.);
#7582 = DIRECTION('',(1.,4.440892098501E-16,0.));
#7583 = ORIENTED_EDGE('',*,*,#5762,.F.);
#7584 = PLANE('',#7585);
#7585 = AXIS2_PLACEMENT_3D('',#7586,#7587,#7588);
#7586 = CARTESIAN_POINT('',(-0.127,-0.11425,-3.3));
#7587 = DIRECTION('',(4.308298163317E-16,-0.970142500145,-0.242535625036
    ));
#7588 = DIRECTION('',(1.077074540829E-16,-0.242535625036,0.970142500145)
  );
#7589 = ADVANCED_FACE('',(#7590),#7596,.T.);
#7590 = FACE_BOUND('',#7591,.T.);
#7591 = EDGE_LOOP('',(#7592,#7593,#7594,#7595));
#7592 = ORIENTED_EDGE('',*,*,#7578,.T.);
#7593 = ORIENTED_EDGE('',*,*,#5676,.T.);
#7594 = ORIENTED_EDGE('',*,*,#5948,.F.);
#7595 = ORIENTED_EDGE('',*,*,#5754,.F.);
#7596 = PLANE('',#7597);
#7597 = AXIS2_PLACEMENT_3D('',#7598,#7599,#7600);
#7598 = CARTESIAN_POINT('',(-0.127,-0.2285,-2.843));
#7599 = DIRECTION('',(4.440892098501E-16,-1.,0.));
#7600 = DIRECTION('',(0.,0.,1.));
#7601 = ADVANCED_FACE('',(#7602),#7613,.F.);
#7602 = FACE_BOUND('',#7603,.F.);
#7603 = EDGE_LOOP('',(#7604,#7605,#7606,#7612));
#7604 = ORIENTED_EDGE('',*,*,#5860,.T.);
#7605 = ORIENTED_EDGE('',*,*,#5902,.T.);
#7606 = ORIENTED_EDGE('',*,*,#7607,.F.);
#7607 = EDGE_CURVE('',#5822,#5895,#7608,.T.);
#7608 = LINE('',#7609,#7610);
#7609 = CARTESIAN_POINT('',(-0.127,-15.12575,-3.3));
#7610 = VECTOR('',#7611,1.);
#7611 = DIRECTION('',(1.,4.440892098501E-16,0.));
#7612 = ORIENTED_EDGE('',*,*,#5829,.F.);
#7613 = PLANE('',#7614);
#7614 = AXIS2_PLACEMENT_3D('',#7615,#7616,#7617);
#7615 = CARTESIAN_POINT('',(-0.127,-15.35425,-3.3));
#7616 = DIRECTION('',(0.,0.,1.));
#7617 = DIRECTION('',(-4.440892098501E-16,1.,0.));
#7618 = ADVANCED_FACE('',(#7619),#7630,.F.);
#7619 = FACE_BOUND('',#7620,.F.);
#7620 = EDGE_LOOP('',(#7621,#7622,#7623,#7629));
#7621 = ORIENTED_EDGE('',*,*,#7607,.T.);
#7622 = ORIENTED_EDGE('',*,*,#5894,.T.);
#7623 = ORIENTED_EDGE('',*,*,#7624,.F.);
#7624 = EDGE_CURVE('',#5814,#5887,#7625,.T.);
#7625 = LINE('',#7626,#7627);
#7626 = CARTESIAN_POINT('',(-0.127,-15.0115,-2.843));
#7627 = VECTOR('',#7628,1.);
#7628 = DIRECTION('',(1.,4.440892098501E-16,0.));
#7629 = ORIENTED_EDGE('',*,*,#5821,.F.);
#7630 = PLANE('',#7631);
#7631 = AXIS2_PLACEMENT_3D('',#7632,#7633,#7634);
#7632 = CARTESIAN_POINT('',(-0.127,-15.12575,-3.3));
#7633 = DIRECTION('',(4.308298163317E-16,-0.970142500145,0.242535625036)
  );
#7634 = DIRECTION('',(-1.077074540829E-16,0.242535625036,0.970142500145)
  );
#7635 = ADVANCED_FACE('',(#7636),#7642,.F.);
#7636 = FACE_BOUND('',#7637,.F.);
#7637 = EDGE_LOOP('',(#7638,#7639,#7640,#7641));
#7638 = ORIENTED_EDGE('',*,*,#7624,.T.);
#7639 = ORIENTED_EDGE('',*,*,#5886,.T.);
#7640 = ORIENTED_EDGE('',*,*,#5965,.F.);
#7641 = ORIENTED_EDGE('',*,*,#5813,.F.);
#7642 = PLANE('',#7643);
#7643 = AXIS2_PLACEMENT_3D('',#7644,#7645,#7646);
#7644 = CARTESIAN_POINT('',(-0.127,-15.0115,-2.843));
#7645 = DIRECTION('',(4.440892098501E-16,-1.,0.));
#7646 = DIRECTION('',(0.,0.,1.));
#7647 = ADVANCED_FACE('',(#7648),#7659,.T.);
#7648 = FACE_BOUND('',#7649,.T.);
#7649 = EDGE_LOOP('',(#7650,#7651,#7652,#7658));
#7650 = ORIENTED_EDGE('',*,*,#6092,.T.);
#7651 = ORIENTED_EDGE('',*,*,#6150,.T.);
#7652 = ORIENTED_EDGE('',*,*,#7653,.F.);
#7653 = EDGE_CURVE('',#6054,#6143,#7654,.T.);
#7654 = LINE('',#7655,#7656);
#7655 = CARTESIAN_POINT('',(-0.127,-2.3115,-2.843));
#7656 = VECTOR('',#7657,1.);
#7657 = DIRECTION('',(1.,4.440892098501E-16,0.));
#7658 = ORIENTED_EDGE('',*,*,#6061,.F.);
#7659 = PLANE('',#7660);
#7660 = AXIS2_PLACEMENT_3D('',#7661,#7662,#7663);
#7661 = CARTESIAN_POINT('',(-0.127,-2.3115,0.));
#7662 = DIRECTION('',(-4.440892098501E-16,1.,-3.124088708055E-16));
#7663 = DIRECTION('',(1.387374085862E-31,-3.124088708055E-16,-1.));
#7664 = ADVANCED_FACE('',(#7665),#7676,.T.);
#7665 = FACE_BOUND('',#7666,.T.);
#7666 = EDGE_LOOP('',(#7667,#7668,#7669,#7675));
#7667 = ORIENTED_EDGE('',*,*,#7653,.T.);
#7668 = ORIENTED_EDGE('',*,*,#6142,.T.);
#7669 = ORIENTED_EDGE('',*,*,#7670,.F.);
#7670 = EDGE_CURVE('',#6046,#6135,#7671,.T.);
#7671 = LINE('',#7672,#7673);
#7672 = CARTESIAN_POINT('',(-0.127,-2.42575,-3.3));
#7673 = VECTOR('',#7674,1.);
#7674 = DIRECTION('',(1.,4.440892098501E-16,0.));
#7675 = ORIENTED_EDGE('',*,*,#6053,.F.);
#7676 = PLANE('',#7677);
#7677 = AXIS2_PLACEMENT_3D('',#7678,#7679,#7680);
#7678 = CARTESIAN_POINT('',(-0.127,-2.3115,-2.843));
#7679 = DIRECTION('',(-4.308298163317E-16,0.970142500145,-0.242535625036
    ));
#7680 = DIRECTION('',(1.077074540829E-16,-0.242535625036,-0.970142500145
    ));
#7681 = ADVANCED_FACE('',(#7682),#7693,.T.);
#7682 = FACE_BOUND('',#7683,.T.);
#7683 = EDGE_LOOP('',(#7684,#7690,#7691,#7692));
#7684 = ORIENTED_EDGE('',*,*,#7685,.T.);
#7685 = EDGE_CURVE('',#6030,#6119,#7686,.T.);
#7686 = LINE('',#7687,#7688);
#7687 = CARTESIAN_POINT('',(-0.127,-2.7685,-2.843));
#7688 = VECTOR('',#7689,1.);
#7689 = DIRECTION('',(1.,4.440892098501E-16,0.));
#7690 = ORIENTED_EDGE('',*,*,#6118,.T.);
#7691 = ORIENTED_EDGE('',*,*,#6348,.F.);
#7692 = ORIENTED_EDGE('',*,*,#6029,.F.);
#7693 = PLANE('',#7694);
#7694 = AXIS2_PLACEMENT_3D('',#7695,#7696,#7697);
#7695 = CARTESIAN_POINT('',(-0.127,-2.7685,-2.843));
#7696 = DIRECTION('',(4.440892098501E-16,-1.,-3.124088708055E-16));
#7697 = DIRECTION('',(1.387374085862E-31,-3.124088708055E-16,1.));
#7698 = ADVANCED_FACE('',(#7699),#7710,.T.);
#7699 = FACE_BOUND('',#7700,.T.);
#7700 = EDGE_LOOP('',(#7701,#7702,#7703,#7709));
#7701 = ORIENTED_EDGE('',*,*,#7670,.T.);
#7702 = ORIENTED_EDGE('',*,*,#6134,.T.);
#7703 = ORIENTED_EDGE('',*,*,#7704,.F.);
#7704 = EDGE_CURVE('',#6038,#6127,#7705,.T.);
#7705 = LINE('',#7706,#7707);
#7706 = CARTESIAN_POINT('',(-0.127,-2.65425,-3.3));
#7707 = VECTOR('',#7708,1.);
#7708 = DIRECTION('',(1.,4.440892098501E-16,0.));
#7709 = ORIENTED_EDGE('',*,*,#6045,.F.);
#7710 = PLANE('',#7711);
#7711 = AXIS2_PLACEMENT_3D('',#7712,#7713,#7714);
#7712 = CARTESIAN_POINT('',(-0.127,-2.42575,-3.3));
#7713 = DIRECTION('',(0.,0.,-1.));
#7714 = DIRECTION('',(4.440892098501E-16,-1.,0.));
#7715 = ADVANCED_FACE('',(#7716),#7722,.T.);
#7716 = FACE_BOUND('',#7717,.T.);
#7717 = EDGE_LOOP('',(#7718,#7719,#7720,#7721));
#7718 = ORIENTED_EDGE('',*,*,#7704,.T.);
#7719 = ORIENTED_EDGE('',*,*,#6126,.T.);
#7720 = ORIENTED_EDGE('',*,*,#7685,.F.);
#7721 = ORIENTED_EDGE('',*,*,#6037,.F.);
#7722 = PLANE('',#7723);
#7723 = AXIS2_PLACEMENT_3D('',#7724,#7725,#7726);
#7724 = CARTESIAN_POINT('',(-0.127,-2.65425,-3.3));
#7725 = DIRECTION('',(4.308298163317E-16,-0.970142500145,-0.242535625036
    ));
#7726 = DIRECTION('',(1.077074540829E-16,-0.242535625036,0.970142500145)
  );
#7727 = ADVANCED_FACE('',(#7728),#7739,.T.);
#7728 = FACE_BOUND('',#7729,.T.);
#7729 = EDGE_LOOP('',(#7730,#7731,#7732,#7738));
#7730 = ORIENTED_EDGE('',*,*,#6367,.T.);
#7731 = ORIENTED_EDGE('',*,*,#6312,.T.);
#7732 = ORIENTED_EDGE('',*,*,#7733,.F.);
#7733 = EDGE_CURVE('',#6223,#6305,#7734,.T.);
#7734 = LINE('',#7735,#7736);
#7735 = CARTESIAN_POINT('',(-0.127,-12.4715,-2.843));
#7736 = VECTOR('',#7737,1.);
#7737 = DIRECTION('',(1.,4.440892098501E-16,0.));
#7738 = ORIENTED_EDGE('',*,*,#6230,.F.);
#7739 = PLANE('',#7740);
#7740 = AXIS2_PLACEMENT_3D('',#7741,#7742,#7743);
#7741 = CARTESIAN_POINT('',(-0.127,-12.4715,0.));
#7742 = DIRECTION('',(-4.440892098501E-16,1.,-3.124088708055E-16));
#7743 = DIRECTION('',(1.387374085862E-31,-3.124088708055E-16,-1.));
#7744 = ADVANCED_FACE('',(#7745),#7756,.T.);
#7745 = FACE_BOUND('',#7746,.T.);
#7746 = EDGE_LOOP('',(#7747,#7748,#7749,#7755));
#7747 = ORIENTED_EDGE('',*,*,#7733,.T.);
#7748 = ORIENTED_EDGE('',*,*,#6304,.T.);
#7749 = ORIENTED_EDGE('',*,*,#7750,.F.);
#7750 = EDGE_CURVE('',#6215,#6297,#7751,.T.);
#7751 = LINE('',#7752,#7753);
#7752 = CARTESIAN_POINT('',(-0.127,-12.58575,-3.3));
#7753 = VECTOR('',#7754,1.);
#7754 = DIRECTION('',(1.,4.440892098501E-16,0.));
#7755 = ORIENTED_EDGE('',*,*,#6222,.F.);
#7756 = PLANE('',#7757);
#7757 = AXIS2_PLACEMENT_3D('',#7758,#7759,#7760);
#7758 = CARTESIAN_POINT('',(-0.127,-12.4715,-2.843));
#7759 = DIRECTION('',(-4.308298163317E-16,0.970142500145,-0.242535625036
    ));
#7760 = DIRECTION('',(1.077074540829E-16,-0.242535625036,-0.970142500145
    ));
#7761 = ADVANCED_FACE('',(#7762),#7773,.T.);
#7762 = FACE_BOUND('',#7763,.T.);
#7763 = EDGE_LOOP('',(#7764,#7770,#7771,#7772));
#7764 = ORIENTED_EDGE('',*,*,#7765,.T.);
#7765 = EDGE_CURVE('',#6199,#6281,#7766,.T.);
#7766 = LINE('',#7767,#7768);
#7767 = CARTESIAN_POINT('',(-0.127,-12.9285,-2.843));
#7768 = VECTOR('',#7769,1.);
#7769 = DIRECTION('',(1.,4.440892098501E-16,0.));
#7770 = ORIENTED_EDGE('',*,*,#6280,.T.);
#7771 = ORIENTED_EDGE('',*,*,#6252,.F.);
#7772 = ORIENTED_EDGE('',*,*,#6198,.F.);
#7773 = PLANE('',#7774);
#7774 = AXIS2_PLACEMENT_3D('',#7775,#7776,#7777);
#7775 = CARTESIAN_POINT('',(-0.127,-12.9285,-2.843));
#7776 = DIRECTION('',(4.440892098501E-16,-1.,-3.124088708055E-16));
#7777 = DIRECTION('',(1.387374085862E-31,-3.124088708055E-16,1.));
#7778 = ADVANCED_FACE('',(#7779),#7790,.T.);
#7779 = FACE_BOUND('',#7780,.T.);
#7780 = EDGE_LOOP('',(#7781,#7782,#7783,#7789));
#7781 = ORIENTED_EDGE('',*,*,#7750,.T.);
#7782 = ORIENTED_EDGE('',*,*,#6296,.T.);
#7783 = ORIENTED_EDGE('',*,*,#7784,.F.);
#7784 = EDGE_CURVE('',#6207,#6289,#7785,.T.);
#7785 = LINE('',#7786,#7787);
#7786 = CARTESIAN_POINT('',(-0.127,-12.81425,-3.3));
#7787 = VECTOR('',#7788,1.);
#7788 = DIRECTION('',(1.,4.440892098501E-16,0.));
#7789 = ORIENTED_EDGE('',*,*,#6214,.F.);
#7790 = PLANE('',#7791);
#7791 = AXIS2_PLACEMENT_3D('',#7792,#7793,#7794);
#7792 = CARTESIAN_POINT('',(-0.127,-12.58575,-3.3));
#7793 = DIRECTION('',(0.,0.,-1.));
#7794 = DIRECTION('',(4.440892098501E-16,-1.,0.));
#7795 = ADVANCED_FACE('',(#7796),#7802,.T.);
#7796 = FACE_BOUND('',#7797,.T.);
#7797 = EDGE_LOOP('',(#7798,#7799,#7800,#7801));
#7798 = ORIENTED_EDGE('',*,*,#7784,.T.);
#7799 = ORIENTED_EDGE('',*,*,#6288,.T.);
#7800 = ORIENTED_EDGE('',*,*,#7765,.F.);
#7801 = ORIENTED_EDGE('',*,*,#6206,.F.);
#7802 = PLANE('',#7803);
#7803 = AXIS2_PLACEMENT_3D('',#7804,#7805,#7806);
#7804 = CARTESIAN_POINT('',(-0.127,-12.81425,-3.3));
#7805 = DIRECTION('',(4.308298163317E-16,-0.970142500145,-0.242535625036
    ));
#7806 = DIRECTION('',(1.077074540829E-16,-0.242535625036,0.970142500145)
  );
#7807 = ADVANCED_FACE('',(#7808),#7819,.T.);
#7808 = FACE_BOUND('',#7809,.T.);
#7809 = EDGE_LOOP('',(#7810,#7811,#7812,#7818));
#7810 = ORIENTED_EDGE('',*,*,#6492,.T.);
#7811 = ORIENTED_EDGE('',*,*,#6550,.T.);
#7812 = ORIENTED_EDGE('',*,*,#7813,.F.);
#7813 = EDGE_CURVE('',#6454,#6543,#7814,.T.);
#7814 = LINE('',#7815,#7816);
#7815 = CARTESIAN_POINT('',(-0.127,-4.8515,-2.843));
#7816 = VECTOR('',#7817,1.);
#7817 = DIRECTION('',(1.,4.440892098501E-16,0.));
#7818 = ORIENTED_EDGE('',*,*,#6461,.F.);
#7819 = PLANE('',#7820);
#7820 = AXIS2_PLACEMENT_3D('',#7821,#7822,#7823);
#7821 = CARTESIAN_POINT('',(-0.127,-4.8515,0.));
#7822 = DIRECTION('',(-4.440892098501E-16,1.,-3.124088708055E-16));
#7823 = DIRECTION('',(1.387374085862E-31,-3.124088708055E-16,-1.));
#7824 = ADVANCED_FACE('',(#7825),#7836,.T.);
#7825 = FACE_BOUND('',#7826,.T.);
#7826 = EDGE_LOOP('',(#7827,#7828,#7829,#7835));
#7827 = ORIENTED_EDGE('',*,*,#7813,.T.);
#7828 = ORIENTED_EDGE('',*,*,#6542,.T.);
#7829 = ORIENTED_EDGE('',*,*,#7830,.F.);
#7830 = EDGE_CURVE('',#6446,#6535,#7831,.T.);
#7831 = LINE('',#7832,#7833);
#7832 = CARTESIAN_POINT('',(-0.127,-4.96575,-3.3));
#7833 = VECTOR('',#7834,1.);
#7834 = DIRECTION('',(1.,4.440892098501E-16,0.));
#7835 = ORIENTED_EDGE('',*,*,#6453,.F.);
#7836 = PLANE('',#7837);
#7837 = AXIS2_PLACEMENT_3D('',#7838,#7839,#7840);
#7838 = CARTESIAN_POINT('',(-0.127,-4.8515,-2.843));
#7839 = DIRECTION('',(-4.308298163317E-16,0.970142500145,-0.242535625036
    ));
#7840 = DIRECTION('',(1.077074540829E-16,-0.242535625036,-0.970142500145
    ));
#7841 = ADVANCED_FACE('',(#7842),#7853,.T.);
#7842 = FACE_BOUND('',#7843,.T.);
#7843 = EDGE_LOOP('',(#7844,#7850,#7851,#7852));
#7844 = ORIENTED_EDGE('',*,*,#7845,.T.);
#7845 = EDGE_CURVE('',#6430,#6519,#7846,.T.);
#7846 = LINE('',#7847,#7848);
#7847 = CARTESIAN_POINT('',(-0.127,-5.3085,-2.843));
#7848 = VECTOR('',#7849,1.);
#7849 = DIRECTION('',(1.,4.440892098501E-16,0.));
#7850 = ORIENTED_EDGE('',*,*,#6518,.T.);
#7851 = ORIENTED_EDGE('',*,*,#6748,.F.);
#7852 = ORIENTED_EDGE('',*,*,#6429,.F.);
#7853 = PLANE('',#7854);
#7854 = AXIS2_PLACEMENT_3D('',#7855,#7856,#7857);
#7855 = CARTESIAN_POINT('',(-0.127,-5.3085,-2.843));
#7856 = DIRECTION('',(4.440892098501E-16,-1.,-3.124088708055E-16));
#7857 = DIRECTION('',(1.387374085862E-31,-3.124088708055E-16,1.));
#7858 = ADVANCED_FACE('',(#7859),#7870,.T.);
#7859 = FACE_BOUND('',#7860,.T.);
#7860 = EDGE_LOOP('',(#7861,#7862,#7863,#7869));
#7861 = ORIENTED_EDGE('',*,*,#7830,.T.);
#7862 = ORIENTED_EDGE('',*,*,#6534,.T.);
#7863 = ORIENTED_EDGE('',*,*,#7864,.F.);
#7864 = EDGE_CURVE('',#6438,#6527,#7865,.T.);
#7865 = LINE('',#7866,#7867);
#7866 = CARTESIAN_POINT('',(-0.127,-5.19425,-3.3));
#7867 = VECTOR('',#7868,1.);
#7868 = DIRECTION('',(1.,4.440892098501E-16,0.));
#7869 = ORIENTED_EDGE('',*,*,#6445,.F.);
#7870 = PLANE('',#7871);
#7871 = AXIS2_PLACEMENT_3D('',#7872,#7873,#7874);
#7872 = CARTESIAN_POINT('',(-0.127,-4.96575,-3.3));
#7873 = DIRECTION('',(0.,0.,-1.));
#7874 = DIRECTION('',(4.440892098501E-16,-1.,0.));
#7875 = ADVANCED_FACE('',(#7876),#7882,.T.);
#7876 = FACE_BOUND('',#7877,.T.);
#7877 = EDGE_LOOP('',(#7878,#7879,#7880,#7881));
#7878 = ORIENTED_EDGE('',*,*,#7864,.T.);
#7879 = ORIENTED_EDGE('',*,*,#6526,.T.);
#7880 = ORIENTED_EDGE('',*,*,#7845,.F.);
#7881 = ORIENTED_EDGE('',*,*,#6437,.F.);
#7882 = PLANE('',#7883);
#7883 = AXIS2_PLACEMENT_3D('',#7884,#7885,#7886);
#7884 = CARTESIAN_POINT('',(-0.127,-5.19425,-3.3));
#7885 = DIRECTION('',(4.308298163317E-16,-0.970142500145,-0.242535625036
    ));
#7886 = DIRECTION('',(1.077074540829E-16,-0.242535625036,0.970142500145)
  );
#7887 = ADVANCED_FACE('',(#7888),#7899,.T.);
#7888 = FACE_BOUND('',#7889,.T.);
#7889 = EDGE_LOOP('',(#7890,#7891,#7892,#7898));
#7890 = ORIENTED_EDGE('',*,*,#6767,.T.);
#7891 = ORIENTED_EDGE('',*,*,#6712,.T.);
#7892 = ORIENTED_EDGE('',*,*,#7893,.F.);
#7893 = EDGE_CURVE('',#6623,#6705,#7894,.T.);
#7894 = LINE('',#7895,#7896);
#7895 = CARTESIAN_POINT('',(-0.127,-9.9315,-2.843));
#7896 = VECTOR('',#7897,1.);
#7897 = DIRECTION('',(1.,4.440892098501E-16,0.));
#7898 = ORIENTED_EDGE('',*,*,#6630,.F.);
#7899 = PLANE('',#7900);
#7900 = AXIS2_PLACEMENT_3D('',#7901,#7902,#7903);
#7901 = CARTESIAN_POINT('',(-0.127,-9.9315,0.));
#7902 = DIRECTION('',(-4.440892098501E-16,1.,-3.124088708055E-16));
#7903 = DIRECTION('',(1.387374085862E-31,-3.124088708055E-16,-1.));
#7904 = ADVANCED_FACE('',(#7905),#7916,.T.);
#7905 = FACE_BOUND('',#7906,.T.);
#7906 = EDGE_LOOP('',(#7907,#7908,#7909,#7915));
#7907 = ORIENTED_EDGE('',*,*,#7893,.T.);
#7908 = ORIENTED_EDGE('',*,*,#6704,.T.);
#7909 = ORIENTED_EDGE('',*,*,#7910,.F.);
#7910 = EDGE_CURVE('',#6615,#6697,#7911,.T.);
#7911 = LINE('',#7912,#7913);
#7912 = CARTESIAN_POINT('',(-0.127,-10.04575,-3.3));
#7913 = VECTOR('',#7914,1.);
#7914 = DIRECTION('',(1.,4.440892098501E-16,0.));
#7915 = ORIENTED_EDGE('',*,*,#6622,.F.);
#7916 = PLANE('',#7917);
#7917 = AXIS2_PLACEMENT_3D('',#7918,#7919,#7920);
#7918 = CARTESIAN_POINT('',(-0.127,-9.9315,-2.843));
#7919 = DIRECTION('',(-4.308298163317E-16,0.970142500145,-0.242535625036
    ));
#7920 = DIRECTION('',(1.077074540829E-16,-0.242535625036,-0.970142500145
    ));
#7921 = ADVANCED_FACE('',(#7922),#7933,.T.);
#7922 = FACE_BOUND('',#7923,.T.);
#7923 = EDGE_LOOP('',(#7924,#7930,#7931,#7932));
#7924 = ORIENTED_EDGE('',*,*,#7925,.T.);
#7925 = EDGE_CURVE('',#6599,#6681,#7926,.T.);
#7926 = LINE('',#7927,#7928);
#7927 = CARTESIAN_POINT('',(-0.127,-10.3885,-2.843));
#7928 = VECTOR('',#7929,1.);
#7929 = DIRECTION('',(1.,4.440892098501E-16,0.));
#7930 = ORIENTED_EDGE('',*,*,#6680,.T.);
#7931 = ORIENTED_EDGE('',*,*,#6652,.F.);
#7932 = ORIENTED_EDGE('',*,*,#6598,.F.);
#7933 = PLANE('',#7934);
#7934 = AXIS2_PLACEMENT_3D('',#7935,#7936,#7937);
#7935 = CARTESIAN_POINT('',(-0.127,-10.3885,-2.843));
#7936 = DIRECTION('',(4.440892098501E-16,-1.,-3.124088708055E-16));
#7937 = DIRECTION('',(1.387374085862E-31,-3.124088708055E-16,1.));
#7938 = ADVANCED_FACE('',(#7939),#7950,.T.);
#7939 = FACE_BOUND('',#7940,.T.);
#7940 = EDGE_LOOP('',(#7941,#7942,#7943,#7949));
#7941 = ORIENTED_EDGE('',*,*,#7910,.T.);
#7942 = ORIENTED_EDGE('',*,*,#6696,.T.);
#7943 = ORIENTED_EDGE('',*,*,#7944,.F.);
#7944 = EDGE_CURVE('',#6607,#6689,#7945,.T.);
#7945 = LINE('',#7946,#7947);
#7946 = CARTESIAN_POINT('',(-0.127,-10.27425,-3.3));
#7947 = VECTOR('',#7948,1.);
#7948 = DIRECTION('',(1.,4.440892098501E-16,0.));
#7949 = ORIENTED_EDGE('',*,*,#6614,.F.);
#7950 = PLANE('',#7951);
#7951 = AXIS2_PLACEMENT_3D('',#7952,#7953,#7954);
#7952 = CARTESIAN_POINT('',(-0.127,-10.04575,-3.3));
#7953 = DIRECTION('',(0.,0.,-1.));
#7954 = DIRECTION('',(4.440892098501E-16,-1.,0.));
#7955 = ADVANCED_FACE('',(#7956),#7962,.T.);
#7956 = FACE_BOUND('',#7957,.T.);
#7957 = EDGE_LOOP('',(#7958,#7959,#7960,#7961));
#7958 = ORIENTED_EDGE('',*,*,#7944,.T.);
#7959 = ORIENTED_EDGE('',*,*,#6688,.T.);
#7960 = ORIENTED_EDGE('',*,*,#7925,.F.);
#7961 = ORIENTED_EDGE('',*,*,#6606,.F.);
#7962 = PLANE('',#7963);
#7963 = AXIS2_PLACEMENT_3D('',#7964,#7965,#7966);
#7964 = CARTESIAN_POINT('',(-0.127,-10.27425,-3.3));
#7965 = DIRECTION('',(4.308298163317E-16,-0.970142500145,-0.242535625036
    ));
#7966 = DIRECTION('',(1.077074540829E-16,-0.242535625036,0.970142500145)
  );
#7967 = ADVANCED_FACE('',(#7968),#7979,.T.);
#7968 = FACE_BOUND('',#7969,.T.);
#7969 = EDGE_LOOP('',(#7970,#7971,#7972,#7978));
#7970 = ORIENTED_EDGE('',*,*,#6892,.T.);
#7971 = ORIENTED_EDGE('',*,*,#6950,.T.);
#7972 = ORIENTED_EDGE('',*,*,#7973,.F.);
#7973 = EDGE_CURVE('',#6854,#6943,#7974,.T.);
#7974 = LINE('',#7975,#7976);
#7975 = CARTESIAN_POINT('',(-0.127,-7.3915,-2.843));
#7976 = VECTOR('',#7977,1.);
#7977 = DIRECTION('',(1.,4.440892098501E-16,0.));
#7978 = ORIENTED_EDGE('',*,*,#6861,.F.);
#7979 = PLANE('',#7980);
#7980 = AXIS2_PLACEMENT_3D('',#7981,#7982,#7983);
#7981 = CARTESIAN_POINT('',(-0.127,-7.3915,0.));
#7982 = DIRECTION('',(-4.440892098501E-16,1.,-3.124088708055E-16));
#7983 = DIRECTION('',(1.387374085862E-31,-3.124088708055E-16,-1.));
#7984 = ADVANCED_FACE('',(#7985),#7996,.T.);
#7985 = FACE_BOUND('',#7986,.T.);
#7986 = EDGE_LOOP('',(#7987,#7988,#7989,#7995));
#7987 = ORIENTED_EDGE('',*,*,#7973,.T.);
#7988 = ORIENTED_EDGE('',*,*,#6942,.T.);
#7989 = ORIENTED_EDGE('',*,*,#7990,.F.);
#7990 = EDGE_CURVE('',#6846,#6935,#7991,.T.);
#7991 = LINE('',#7992,#7993);
#7992 = CARTESIAN_POINT('',(-0.127,-7.50575,-3.3));
#7993 = VECTOR('',#7994,1.);
#7994 = DIRECTION('',(1.,4.440892098501E-16,0.));
#7995 = ORIENTED_EDGE('',*,*,#6853,.F.);
#7996 = PLANE('',#7997);
#7997 = AXIS2_PLACEMENT_3D('',#7998,#7999,#8000);
#7998 = CARTESIAN_POINT('',(-0.127,-7.3915,-2.843));
#7999 = DIRECTION('',(-4.308298163317E-16,0.970142500145,-0.242535625036
    ));
#8000 = DIRECTION('',(1.077074540829E-16,-0.242535625036,-0.970142500145
    ));
#8001 = ADVANCED_FACE('',(#8002),#8013,.T.);
#8002 = FACE_BOUND('',#8003,.T.);
#8003 = EDGE_LOOP('',(#8004,#8010,#8011,#8012));
#8004 = ORIENTED_EDGE('',*,*,#8005,.T.);
#8005 = EDGE_CURVE('',#6830,#6919,#8006,.T.);
#8006 = LINE('',#8007,#8008);
#8007 = CARTESIAN_POINT('',(-0.127,-7.8485,-2.843));
#8008 = VECTOR('',#8009,1.);
#8009 = DIRECTION('',(1.,4.440892098501E-16,0.));
#8010 = ORIENTED_EDGE('',*,*,#6918,.T.);
#8011 = ORIENTED_EDGE('',*,*,#6965,.F.);
#8012 = ORIENTED_EDGE('',*,*,#6829,.F.);
#8013 = PLANE('',#8014);
#8014 = AXIS2_PLACEMENT_3D('',#8015,#8016,#8017);
#8015 = CARTESIAN_POINT('',(-0.127,-7.8485,-2.843));
#8016 = DIRECTION('',(4.440892098501E-16,-1.,-3.124088708055E-16));
#8017 = DIRECTION('',(1.387374085862E-31,-3.124088708055E-16,1.));
#8018 = ADVANCED_FACE('',(#8019),#8030,.T.);
#8019 = FACE_BOUND('',#8020,.T.);
#8020 = EDGE_LOOP('',(#8021,#8022,#8023,#8029));
#8021 = ORIENTED_EDGE('',*,*,#7990,.T.);
#8022 = ORIENTED_EDGE('',*,*,#6934,.T.);
#8023 = ORIENTED_EDGE('',*,*,#8024,.F.);
#8024 = EDGE_CURVE('',#6838,#6927,#8025,.T.);
#8025 = LINE('',#8026,#8027);
#8026 = CARTESIAN_POINT('',(-0.127,-7.73425,-3.3));
#8027 = VECTOR('',#8028,1.);
#8028 = DIRECTION('',(1.,4.440892098501E-16,0.));
#8029 = ORIENTED_EDGE('',*,*,#6845,.F.);
#8030 = PLANE('',#8031);
#8031 = AXIS2_PLACEMENT_3D('',#8032,#8033,#8034);
#8032 = CARTESIAN_POINT('',(-0.127,-7.50575,-3.3));
#8033 = DIRECTION('',(0.,0.,-1.));
#8034 = DIRECTION('',(4.440892098501E-16,-1.,0.));
#8035 = ADVANCED_FACE('',(#8036),#8042,.T.);
#8036 = FACE_BOUND('',#8037,.T.);
#8037 = EDGE_LOOP('',(#8038,#8039,#8040,#8041));
#8038 = ORIENTED_EDGE('',*,*,#8024,.T.);
#8039 = ORIENTED_EDGE('',*,*,#6926,.T.);
#8040 = ORIENTED_EDGE('',*,*,#8005,.F.);
#8041 = ORIENTED_EDGE('',*,*,#6837,.F.);
#8042 = PLANE('',#8043);
#8043 = AXIS2_PLACEMENT_3D('',#8044,#8045,#8046);
#8044 = CARTESIAN_POINT('',(-0.127,-7.73425,-3.3));
#8045 = DIRECTION('',(4.308298163317E-16,-0.970142500145,-0.242535625036
    ));
#8046 = DIRECTION('',(1.077074540829E-16,-0.242535625036,0.970142500145)
  );
#8047 = ( GEOMETRIC_REPRESENTATION_CONTEXT(3) 
GLOBAL_UNCERTAINTY_ASSIGNED_CONTEXT((#8051)) 
GLOBAL_UNIT_ASSIGNED_CONTEXT((#8048,#8049,#8050)) REPRESENTATION_CONTEXT
('Context #1','3D Context with UNIT and UNCERTAINTY') );
#8048 = ( LENGTH_UNIT() NAMED_UNIT(*) SI_UNIT(.MILLI.,.METRE.) );
#8049 = ( NAMED_UNIT(*) PLANE_ANGLE_UNIT() SI_UNIT($,.RADIAN.) );
#8050 = ( NAMED_UNIT(*) SI_UNIT($,.STERADIAN.) SOLID_ANGLE_UNIT() );
#8051 = UNCERTAINTY_MEASURE_WITH_UNIT(LENGTH_MEASURE(1.E-07),#8048,
  'distance_accuracy_value','confusion accuracy');
#8052 = CONTEXT_DEPENDENT_SHAPE_REPRESENTATION(#8053,#8055);
#8053 = ( REPRESENTATION_RELATIONSHIP('','',#100,#10) 
REPRESENTATION_RELATIONSHIP_WITH_TRANSFORMATION(#8054) 
SHAPE_REPRESENTATION_RELATIONSHIP() );
#8054 = ITEM_DEFINED_TRANSFORMATION('','',#11,#15);
#8055 = PRODUCT_DEFINITION_SHAPE('Placement','Placement of an item',
  #8056);
#8056 = NEXT_ASSEMBLY_USAGE_OCCURRENCE('1','U2','',#5,#95,$);
#8057 = PRODUCT_RELATED_PRODUCT_CATEGORY('part',$,(#97));
#8058 = SHAPE_DEFINITION_REPRESENTATION(#8059,#8065);
#8059 = PRODUCT_DEFINITION_SHAPE('','',#8060);
#8060 = PRODUCT_DEFINITION('design','',#8061,#8064);
#8061 = PRODUCT_DEFINITION_FORMATION('','',#8062);
#8062 = PRODUCT('C_0603_1608Metric','C_0603_1608Metric','',(#8063));
#8063 = PRODUCT_CONTEXT('',#2,'mechanical');
#8064 = PRODUCT_DEFINITION_CONTEXT('part definition',#2,'design');
#8065 = ADVANCED_BREP_SHAPE_REPRESENTATION('',(#11,#8066),#8920);
#8066 = MANIFOLD_SOLID_BREP('',#8067);
#8067 = CLOSED_SHELL('',(#8068,#8144,#8175,#8200,#8225,#8249,#8273,#8298
    ,#8323,#8340,#8426,#8458,#8482,#8507,#8531,#8556,#8580,#8605,#8622,
    #8708,#8739,#8764,#8789,#8813,#8837,#8862,#8887,#8904));
#8068 = ADVANCED_FACE('',(#8069),#8139,.F.);
#8069 = FACE_BOUND('',#8070,.F.);
#8070 = EDGE_LOOP('',(#8071,#8081,#8090,#8098,#8107,#8115,#8124,#8132));
#8071 = ORIENTED_EDGE('',*,*,#8072,.F.);
#8072 = EDGE_CURVE('',#8073,#8075,#8077,.T.);
#8073 = VERTEX_POINT('',#8074);
#8074 = CARTESIAN_POINT('',(-0.8,-0.4,3.E-02));
#8075 = VERTEX_POINT('',#8076);
#8076 = CARTESIAN_POINT('',(-0.8,-0.4,0.77));
#8077 = LINE('',#8078,#8079);
#8078 = CARTESIAN_POINT('',(-0.8,-0.4,0.));
#8079 = VECTOR('',#8080,1.);
#8080 = DIRECTION('',(0.,0.,1.));
#8081 = ORIENTED_EDGE('',*,*,#8082,.T.);
#8082 = EDGE_CURVE('',#8073,#8083,#8085,.T.);
#8083 = VERTEX_POINT('',#8084);
#8084 = CARTESIAN_POINT('',(-0.8,-0.37,0.));
#8085 = CIRCLE('',#8086,3.E-02);
#8086 = AXIS2_PLACEMENT_3D('',#8087,#8088,#8089);
#8087 = CARTESIAN_POINT('',(-0.8,-0.37,3.E-02));
#8088 = DIRECTION('',(1.,0.,-0.));
#8089 = DIRECTION('',(0.,0.,1.));
#8090 = ORIENTED_EDGE('',*,*,#8091,.T.);
#8091 = EDGE_CURVE('',#8083,#8092,#8094,.T.);
#8092 = VERTEX_POINT('',#8093);
#8093 = CARTESIAN_POINT('',(-0.8,0.37,0.));
#8094 = LINE('',#8095,#8096);
#8095 = CARTESIAN_POINT('',(-0.8,-0.4,0.));
#8096 = VECTOR('',#8097,1.);
#8097 = DIRECTION('',(0.,1.,0.));
#8098 = ORIENTED_EDGE('',*,*,#8099,.F.);
#8099 = EDGE_CURVE('',#8100,#8092,#8102,.T.);
#8100 = VERTEX_POINT('',#8101);
#8101 = CARTESIAN_POINT('',(-0.8,0.4,3.E-02));
#8102 = CIRCLE('',#8103,3.E-02);
#8103 = AXIS2_PLACEMENT_3D('',#8104,#8105,#8106);
#8104 = CARTESIAN_POINT('',(-0.8,0.37,3.E-02));
#8105 = DIRECTION('',(-1.,0.,0.));
#8106 = DIRECTION('',(0.,0.,1.));
#8107 = ORIENTED_EDGE('',*,*,#8108,.T.);
#8108 = EDGE_CURVE('',#8100,#8109,#8111,.T.);
#8109 = VERTEX_POINT('',#8110);
#8110 = CARTESIAN_POINT('',(-0.8,0.4,0.77));
#8111 = LINE('',#8112,#8113);
#8112 = CARTESIAN_POINT('',(-0.8,0.4,0.));
#8113 = VECTOR('',#8114,1.);
#8114 = DIRECTION('',(0.,0.,1.));
#8115 = ORIENTED_EDGE('',*,*,#8116,.T.);
#8116 = EDGE_CURVE('',#8109,#8117,#8119,.T.);
#8117 = VERTEX_POINT('',#8118);
#8118 = CARTESIAN_POINT('',(-0.8,0.37,0.8));
#8119 = CIRCLE('',#8120,3.E-02);
#8120 = AXIS2_PLACEMENT_3D('',#8121,#8122,#8123);
#8121 = CARTESIAN_POINT('',(-0.8,0.37,0.77));
#8122 = DIRECTION('',(1.,0.,-0.));
#8123 = DIRECTION('',(0.,0.,1.));
#8124 = ORIENTED_EDGE('',*,*,#8125,.F.);
#8125 = EDGE_CURVE('',#8126,#8117,#8128,.T.);
#8126 = VERTEX_POINT('',#8127);
#8127 = CARTESIAN_POINT('',(-0.8,-0.37,0.8));
#8128 = LINE('',#8129,#8130);
#8129 = CARTESIAN_POINT('',(-0.8,-0.4,0.8));
#8130 = VECTOR('',#8131,1.);
#8131 = DIRECTION('',(0.,1.,0.));
#8132 = ORIENTED_EDGE('',*,*,#8133,.F.);
#8133 = EDGE_CURVE('',#8075,#8126,#8134,.T.);
#8134 = CIRCLE('',#8135,3.E-02);
#8135 = AXIS2_PLACEMENT_3D('',#8136,#8137,#8138);
#8136 = CARTESIAN_POINT('',(-0.8,-0.37,0.77));
#8137 = DIRECTION('',(-1.,0.,0.));
#8138 = DIRECTION('',(0.,0.,1.));
#8139 = PLANE('',#8140);
#8140 = AXIS2_PLACEMENT_3D('',#8141,#8142,#8143);
#8141 = CARTESIAN_POINT('',(-0.8,-0.4,0.));
#8142 = DIRECTION('',(1.,0.,0.));
#8143 = DIRECTION('',(0.,0.,1.));
#8144 = ADVANCED_FACE('',(#8145),#8170,.F.);
#8145 = FACE_BOUND('',#8146,.F.);
#8146 = EDGE_LOOP('',(#8147,#8157,#8163,#8164));
#8147 = ORIENTED_EDGE('',*,*,#8148,.F.);
#8148 = EDGE_CURVE('',#8149,#8151,#8153,.T.);
#8149 = VERTEX_POINT('',#8150);
#8150 = CARTESIAN_POINT('',(-0.5,-0.4,3.E-02));
#8151 = VERTEX_POINT('',#8152);
#8152 = CARTESIAN_POINT('',(-0.5,-0.4,0.77));
#8153 = LINE('',#8154,#8155);
#8154 = CARTESIAN_POINT('',(-0.5,-0.4,0.));
#8155 = VECTOR('',#8156,1.);
#8156 = DIRECTION('',(0.,0.,1.));
#8157 = ORIENTED_EDGE('',*,*,#8158,.F.);
#8158 = EDGE_CURVE('',#8073,#8149,#8159,.T.);
#8159 = LINE('',#8160,#8161);
#8160 = CARTESIAN_POINT('',(-0.8,-0.4,3.E-02));
#8161 = VECTOR('',#8162,1.);
#8162 = DIRECTION('',(1.,0.,0.));
#8163 = ORIENTED_EDGE('',*,*,#8072,.T.);
#8164 = ORIENTED_EDGE('',*,*,#8165,.T.);
#8165 = EDGE_CURVE('',#8075,#8151,#8166,.T.);
#8166 = LINE('',#8167,#8168);
#8167 = CARTESIAN_POINT('',(-0.8,-0.4,0.77));
#8168 = VECTOR('',#8169,1.);
#8169 = DIRECTION('',(1.,0.,0.));
#8170 = PLANE('',#8171);
#8171 = AXIS2_PLACEMENT_3D('',#8172,#8173,#8174);
#8172 = CARTESIAN_POINT('',(-0.8,-0.4,0.));
#8173 = DIRECTION('',(0.,1.,0.));
#8174 = DIRECTION('',(0.,-0.,1.));
#8175 = ADVANCED_FACE('',(#8176),#8195,.T.);
#8176 = FACE_BOUND('',#8177,.T.);
#8177 = EDGE_LOOP('',(#8178,#8179,#8187,#8194));
#8178 = ORIENTED_EDGE('',*,*,#8082,.T.);
#8179 = ORIENTED_EDGE('',*,*,#8180,.T.);
#8180 = EDGE_CURVE('',#8083,#8181,#8183,.T.);
#8181 = VERTEX_POINT('',#8182);
#8182 = CARTESIAN_POINT('',(-0.5,-0.37,0.));
#8183 = LINE('',#8184,#8185);
#8184 = CARTESIAN_POINT('',(-0.8,-0.37,0.));
#8185 = VECTOR('',#8186,1.);
#8186 = DIRECTION('',(1.,0.,0.));
#8187 = ORIENTED_EDGE('',*,*,#8188,.F.);
#8188 = EDGE_CURVE('',#8149,#8181,#8189,.T.);
#8189 = CIRCLE('',#8190,3.E-02);
#8190 = AXIS2_PLACEMENT_3D('',#8191,#8192,#8193);
#8191 = CARTESIAN_POINT('',(-0.5,-0.37,3.E-02));
#8192 = DIRECTION('',(1.,0.,-0.));
#8193 = DIRECTION('',(0.,0.,1.));
#8194 = ORIENTED_EDGE('',*,*,#8158,.F.);
#8195 = CYLINDRICAL_SURFACE('',#8196,3.E-02);
#8196 = AXIS2_PLACEMENT_3D('',#8197,#8198,#8199);
#8197 = CARTESIAN_POINT('',(-0.8,-0.37,3.E-02));
#8198 = DIRECTION('',(1.,0.,0.));
#8199 = DIRECTION('',(0.,-1.,0.));
#8200 = ADVANCED_FACE('',(#8201),#8220,.T.);
#8201 = FACE_BOUND('',#8202,.T.);
#8202 = EDGE_LOOP('',(#8203,#8204,#8213,#8219));
#8203 = ORIENTED_EDGE('',*,*,#8165,.T.);
#8204 = ORIENTED_EDGE('',*,*,#8205,.T.);
#8205 = EDGE_CURVE('',#8151,#8206,#8208,.T.);
#8206 = VERTEX_POINT('',#8207);
#8207 = CARTESIAN_POINT('',(-0.5,-0.37,0.8));
#8208 = CIRCLE('',#8209,3.E-02);
#8209 = AXIS2_PLACEMENT_3D('',#8210,#8211,#8212);
#8210 = CARTESIAN_POINT('',(-0.5,-0.37,0.77));
#8211 = DIRECTION('',(-1.,0.,0.));
#8212 = DIRECTION('',(0.,0.,1.));
#8213 = ORIENTED_EDGE('',*,*,#8214,.F.);
#8214 = EDGE_CURVE('',#8126,#8206,#8215,.T.);
#8215 = LINE('',#8216,#8217);
#8216 = CARTESIAN_POINT('',(-0.8,-0.37,0.8));
#8217 = VECTOR('',#8218,1.);
#8218 = DIRECTION('',(1.,0.,0.));
#8219 = ORIENTED_EDGE('',*,*,#8133,.F.);
#8220 = CYLINDRICAL_SURFACE('',#8221,3.E-02);
#8221 = AXIS2_PLACEMENT_3D('',#8222,#8223,#8224);
#8222 = CARTESIAN_POINT('',(-0.8,-0.37,0.77));
#8223 = DIRECTION('',(1.,0.,0.));
#8224 = DIRECTION('',(0.,-1.,0.));
#8225 = ADVANCED_FACE('',(#8226),#8244,.F.);
#8226 = FACE_BOUND('',#8227,.F.);
#8227 = EDGE_LOOP('',(#8228,#8229,#8230,#8238));
#8228 = ORIENTED_EDGE('',*,*,#8091,.F.);
#8229 = ORIENTED_EDGE('',*,*,#8180,.T.);
#8230 = ORIENTED_EDGE('',*,*,#8231,.T.);
#8231 = EDGE_CURVE('',#8181,#8232,#8234,.T.);
#8232 = VERTEX_POINT('',#8233);
#8233 = CARTESIAN_POINT('',(-0.5,0.37,0.));
#8234 = LINE('',#8235,#8236);
#8235 = CARTESIAN_POINT('',(-0.5,-0.4,0.));
#8236 = VECTOR('',#8237,1.);
#8237 = DIRECTION('',(0.,1.,0.));
#8238 = ORIENTED_EDGE('',*,*,#8239,.F.);
#8239 = EDGE_CURVE('',#8092,#8232,#8240,.T.);
#8240 = LINE('',#8241,#8242);
#8241 = CARTESIAN_POINT('',(-0.8,0.37,0.));
#8242 = VECTOR('',#8243,1.);
#8243 = DIRECTION('',(1.,0.,0.));
#8244 = PLANE('',#8245);
#8245 = AXIS2_PLACEMENT_3D('',#8246,#8247,#8248);
#8246 = CARTESIAN_POINT('',(-0.8,-0.4,0.));
#8247 = DIRECTION('',(0.,0.,1.));
#8248 = DIRECTION('',(1.,0.,-0.));
#8249 = ADVANCED_FACE('',(#8250),#8268,.T.);
#8250 = FACE_BOUND('',#8251,.T.);
#8251 = EDGE_LOOP('',(#8252,#8253,#8254,#8262));
#8252 = ORIENTED_EDGE('',*,*,#8125,.F.);
#8253 = ORIENTED_EDGE('',*,*,#8214,.T.);
#8254 = ORIENTED_EDGE('',*,*,#8255,.T.);
#8255 = EDGE_CURVE('',#8206,#8256,#8258,.T.);
#8256 = VERTEX_POINT('',#8257);
#8257 = CARTESIAN_POINT('',(-0.5,0.37,0.8));
#8258 = LINE('',#8259,#8260);
#8259 = CARTESIAN_POINT('',(-0.5,-0.4,0.8));
#8260 = VECTOR('',#8261,1.);
#8261 = DIRECTION('',(0.,1.,0.));
#8262 = ORIENTED_EDGE('',*,*,#8263,.F.);
#8263 = EDGE_CURVE('',#8117,#8256,#8264,.T.);
#8264 = LINE('',#8265,#8266);
#8265 = CARTESIAN_POINT('',(-0.8,0.37,0.8));
#8266 = VECTOR('',#8267,1.);
#8267 = DIRECTION('',(1.,0.,0.));
#8268 = PLANE('',#8269);
#8269 = AXIS2_PLACEMENT_3D('',#8270,#8271,#8272);
#8270 = CARTESIAN_POINT('',(-0.8,-0.4,0.8));
#8271 = DIRECTION('',(0.,0.,1.));
#8272 = DIRECTION('',(1.,0.,-0.));
#8273 = ADVANCED_FACE('',(#8274),#8293,.T.);
#8274 = FACE_BOUND('',#8275,.T.);
#8275 = EDGE_LOOP('',(#8276,#8284,#8291,#8292));
#8276 = ORIENTED_EDGE('',*,*,#8277,.T.);
#8277 = EDGE_CURVE('',#8100,#8278,#8280,.T.);
#8278 = VERTEX_POINT('',#8279);
#8279 = CARTESIAN_POINT('',(-0.5,0.4,3.E-02));
#8280 = LINE('',#8281,#8282);
#8281 = CARTESIAN_POINT('',(-0.8,0.4,3.E-02));
#8282 = VECTOR('',#8283,1.);
#8283 = DIRECTION('',(1.,0.,0.));
#8284 = ORIENTED_EDGE('',*,*,#8285,.T.);
#8285 = EDGE_CURVE('',#8278,#8232,#8286,.T.);
#8286 = CIRCLE('',#8287,3.E-02);
#8287 = AXIS2_PLACEMENT_3D('',#8288,#8289,#8290);
#8288 = CARTESIAN_POINT('',(-0.5,0.37,3.E-02));
#8289 = DIRECTION('',(-1.,0.,0.));
#8290 = DIRECTION('',(0.,0.,1.));
#8291 = ORIENTED_EDGE('',*,*,#8239,.F.);
#8292 = ORIENTED_EDGE('',*,*,#8099,.F.);
#8293 = CYLINDRICAL_SURFACE('',#8294,3.E-02);
#8294 = AXIS2_PLACEMENT_3D('',#8295,#8296,#8297);
#8295 = CARTESIAN_POINT('',(-0.8,0.37,3.E-02));
#8296 = DIRECTION('',(1.,0.,0.));
#8297 = DIRECTION('',(-0.,1.,0.));
#8298 = ADVANCED_FACE('',(#8299),#8318,.T.);
#8299 = FACE_BOUND('',#8300,.T.);
#8300 = EDGE_LOOP('',(#8301,#8302,#8303,#8312));
#8301 = ORIENTED_EDGE('',*,*,#8116,.T.);
#8302 = ORIENTED_EDGE('',*,*,#8263,.T.);
#8303 = ORIENTED_EDGE('',*,*,#8304,.F.);
#8304 = EDGE_CURVE('',#8305,#8256,#8307,.T.);
#8305 = VERTEX_POINT('',#8306);
#8306 = CARTESIAN_POINT('',(-0.5,0.4,0.77));
#8307 = CIRCLE('',#8308,3.E-02);
#8308 = AXIS2_PLACEMENT_3D('',#8309,#8310,#8311);
#8309 = CARTESIAN_POINT('',(-0.5,0.37,0.77));
#8310 = DIRECTION('',(1.,0.,-0.));
#8311 = DIRECTION('',(0.,0.,1.));
#8312 = ORIENTED_EDGE('',*,*,#8313,.F.);
#8313 = EDGE_CURVE('',#8109,#8305,#8314,.T.);
#8314 = LINE('',#8315,#8316);
#8315 = CARTESIAN_POINT('',(-0.8,0.4,0.77));
#8316 = VECTOR('',#8317,1.);
#8317 = DIRECTION('',(1.,0.,0.));
#8318 = CYLINDRICAL_SURFACE('',#8319,3.E-02);
#8319 = AXIS2_PLACEMENT_3D('',#8320,#8321,#8322);
#8320 = CARTESIAN_POINT('',(-0.8,0.37,0.77));
#8321 = DIRECTION('',(1.,0.,0.));
#8322 = DIRECTION('',(-0.,1.,0.));
#8323 = ADVANCED_FACE('',(#8324),#8335,.T.);
#8324 = FACE_BOUND('',#8325,.T.);
#8325 = EDGE_LOOP('',(#8326,#8332,#8333,#8334));
#8326 = ORIENTED_EDGE('',*,*,#8327,.F.);
#8327 = EDGE_CURVE('',#8278,#8305,#8328,.T.);
#8328 = LINE('',#8329,#8330);
#8329 = CARTESIAN_POINT('',(-0.5,0.4,0.));
#8330 = VECTOR('',#8331,1.);
#8331 = DIRECTION('',(0.,0.,1.));
#8332 = ORIENTED_EDGE('',*,*,#8277,.F.);
#8333 = ORIENTED_EDGE('',*,*,#8108,.T.);
#8334 = ORIENTED_EDGE('',*,*,#8313,.T.);
#8335 = PLANE('',#8336);
#8336 = AXIS2_PLACEMENT_3D('',#8337,#8338,#8339);
#8337 = CARTESIAN_POINT('',(-0.8,0.4,0.));
#8338 = DIRECTION('',(0.,1.,0.));
#8339 = DIRECTION('',(0.,-0.,1.));
#8340 = ADVANCED_FACE('',(#8341,#8351),#8421,.T.);
#8341 = FACE_BOUND('',#8342,.T.);
#8342 = EDGE_LOOP('',(#8343,#8344,#8345,#8346,#8347,#8348,#8349,#8350));
#8343 = ORIENTED_EDGE('',*,*,#8148,.F.);
#8344 = ORIENTED_EDGE('',*,*,#8188,.T.);
#8345 = ORIENTED_EDGE('',*,*,#8231,.T.);
#8346 = ORIENTED_EDGE('',*,*,#8285,.F.);
#8347 = ORIENTED_EDGE('',*,*,#8327,.T.);
#8348 = ORIENTED_EDGE('',*,*,#8304,.T.);
#8349 = ORIENTED_EDGE('',*,*,#8255,.F.);
#8350 = ORIENTED_EDGE('',*,*,#8205,.F.);
#8351 = FACE_BOUND('',#8352,.T.);
#8352 = EDGE_LOOP('',(#8353,#8364,#8372,#8381,#8389,#8398,#8406,#8415));
#8353 = ORIENTED_EDGE('',*,*,#8354,.F.);
#8354 = EDGE_CURVE('',#8355,#8357,#8359,.T.);
#8355 = VERTEX_POINT('',#8356);
#8356 = CARTESIAN_POINT('',(-0.5,-0.37,6.E-02));
#8357 = VERTEX_POINT('',#8358);
#8358 = CARTESIAN_POINT('',(-0.5,-0.34,3.E-02));
#8359 = CIRCLE('',#8360,3.E-02);
#8360 = AXIS2_PLACEMENT_3D('',#8361,#8362,#8363);
#8361 = CARTESIAN_POINT('',(-0.5,-0.34,6.E-02));
#8362 = DIRECTION('',(1.,0.,-0.));
#8363 = DIRECTION('',(0.,0.,1.));
#8364 = ORIENTED_EDGE('',*,*,#8365,.T.);
#8365 = EDGE_CURVE('',#8355,#8366,#8368,.T.);
#8366 = VERTEX_POINT('',#8367);
#8367 = CARTESIAN_POINT('',(-0.5,-0.37,0.74));
#8368 = LINE('',#8369,#8370);
#8369 = CARTESIAN_POINT('',(-0.5,-0.37,3.E-02));
#8370 = VECTOR('',#8371,1.);
#8371 = DIRECTION('',(0.,0.,1.));
#8372 = ORIENTED_EDGE('',*,*,#8373,.T.);
#8373 = EDGE_CURVE('',#8366,#8374,#8376,.T.);
#8374 = VERTEX_POINT('',#8375);
#8375 = CARTESIAN_POINT('',(-0.5,-0.34,0.77));
#8376 = CIRCLE('',#8377,3.E-02);
#8377 = AXIS2_PLACEMENT_3D('',#8378,#8379,#8380);
#8378 = CARTESIAN_POINT('',(-0.5,-0.34,0.74));
#8379 = DIRECTION('',(-1.,0.,0.));
#8380 = DIRECTION('',(0.,0.,1.));
#8381 = ORIENTED_EDGE('',*,*,#8382,.T.);
#8382 = EDGE_CURVE('',#8374,#8383,#8385,.T.);
#8383 = VERTEX_POINT('',#8384);
#8384 = CARTESIAN_POINT('',(-0.5,0.34,0.77));
#8385 = LINE('',#8386,#8387);
#8386 = CARTESIAN_POINT('',(-0.5,-0.37,0.77));
#8387 = VECTOR('',#8388,1.);
#8388 = DIRECTION('',(0.,1.,0.));
#8389 = ORIENTED_EDGE('',*,*,#8390,.F.);
#8390 = EDGE_CURVE('',#8391,#8383,#8393,.T.);
#8391 = VERTEX_POINT('',#8392);
#8392 = CARTESIAN_POINT('',(-0.5,0.37,0.74));
#8393 = CIRCLE('',#8394,3.E-02);
#8394 = AXIS2_PLACEMENT_3D('',#8395,#8396,#8397);
#8395 = CARTESIAN_POINT('',(-0.5,0.34,0.74));
#8396 = DIRECTION('',(1.,0.,-0.));
#8397 = DIRECTION('',(0.,0.,1.));
#8398 = ORIENTED_EDGE('',*,*,#8399,.F.);
#8399 = EDGE_CURVE('',#8400,#8391,#8402,.T.);
#8400 = VERTEX_POINT('',#8401);
#8401 = CARTESIAN_POINT('',(-0.5,0.37,6.E-02));
#8402 = LINE('',#8403,#8404);
#8403 = CARTESIAN_POINT('',(-0.5,0.37,3.E-02));
#8404 = VECTOR('',#8405,1.);
#8405 = DIRECTION('',(0.,0.,1.));
#8406 = ORIENTED_EDGE('',*,*,#8407,.T.);
#8407 = EDGE_CURVE('',#8400,#8408,#8410,.T.);
#8408 = VERTEX_POINT('',#8409);
#8409 = CARTESIAN_POINT('',(-0.5,0.34,3.E-02));
#8410 = CIRCLE('',#8411,3.E-02);
#8411 = AXIS2_PLACEMENT_3D('',#8412,#8413,#8414);
#8412 = CARTESIAN_POINT('',(-0.5,0.34,6.E-02));
#8413 = DIRECTION('',(-1.,0.,0.));
#8414 = DIRECTION('',(0.,0.,1.));
#8415 = ORIENTED_EDGE('',*,*,#8416,.F.);
#8416 = EDGE_CURVE('',#8357,#8408,#8417,.T.);
#8417 = LINE('',#8418,#8419);
#8418 = CARTESIAN_POINT('',(-0.5,-0.37,3.E-02));
#8419 = VECTOR('',#8420,1.);
#8420 = DIRECTION('',(0.,1.,0.));
#8421 = PLANE('',#8422);
#8422 = AXIS2_PLACEMENT_3D('',#8423,#8424,#8425);
#8423 = CARTESIAN_POINT('',(-0.5,-0.4,0.));
#8424 = DIRECTION('',(1.,0.,0.));
#8425 = DIRECTION('',(0.,0.,1.));
#8426 = ADVANCED_FACE('',(#8427),#8453,.T.);
#8427 = FACE_BOUND('',#8428,.T.);
#8428 = EDGE_LOOP('',(#8429,#8430,#8438,#8447));
#8429 = ORIENTED_EDGE('',*,*,#8354,.T.);
#8430 = ORIENTED_EDGE('',*,*,#8431,.T.);
#8431 = EDGE_CURVE('',#8357,#8432,#8434,.T.);
#8432 = VERTEX_POINT('',#8433);
#8433 = CARTESIAN_POINT('',(0.5,-0.34,3.E-02));
#8434 = LINE('',#8435,#8436);
#8435 = CARTESIAN_POINT('',(-0.5,-0.34,3.E-02));
#8436 = VECTOR('',#8437,1.);
#8437 = DIRECTION('',(1.,0.,0.));
#8438 = ORIENTED_EDGE('',*,*,#8439,.F.);
#8439 = EDGE_CURVE('',#8440,#8432,#8442,.T.);
#8440 = VERTEX_POINT('',#8441);
#8441 = CARTESIAN_POINT('',(0.5,-0.37,6.E-02));
#8442 = CIRCLE('',#8443,3.E-02);
#8443 = AXIS2_PLACEMENT_3D('',#8444,#8445,#8446);
#8444 = CARTESIAN_POINT('',(0.5,-0.34,6.E-02));
#8445 = DIRECTION('',(1.,0.,-0.));
#8446 = DIRECTION('',(0.,0.,1.));
#8447 = ORIENTED_EDGE('',*,*,#8448,.F.);
#8448 = EDGE_CURVE('',#8355,#8440,#8449,.T.);
#8449 = LINE('',#8450,#8451);
#8450 = CARTESIAN_POINT('',(-0.5,-0.37,6.E-02));
#8451 = VECTOR('',#8452,1.);
#8452 = DIRECTION('',(1.,0.,0.));
#8453 = CYLINDRICAL_SURFACE('',#8454,3.E-02);
#8454 = AXIS2_PLACEMENT_3D('',#8455,#8456,#8457);
#8455 = CARTESIAN_POINT('',(-0.5,-0.34,6.E-02));
#8456 = DIRECTION('',(1.,0.,0.));
#8457 = DIRECTION('',(0.,-1.,0.));
#8458 = ADVANCED_FACE('',(#8459),#8477,.F.);
#8459 = FACE_BOUND('',#8460,.F.);
#8460 = EDGE_LOOP('',(#8461,#8462,#8463,#8471));
#8461 = ORIENTED_EDGE('',*,*,#8416,.F.);
#8462 = ORIENTED_EDGE('',*,*,#8431,.T.);
#8463 = ORIENTED_EDGE('',*,*,#8464,.T.);
#8464 = EDGE_CURVE('',#8432,#8465,#8467,.T.);
#8465 = VERTEX_POINT('',#8466);
#8466 = CARTESIAN_POINT('',(0.5,0.34,3.E-02));
#8467 = LINE('',#8468,#8469);
#8468 = CARTESIAN_POINT('',(0.5,-0.37,3.E-02));
#8469 = VECTOR('',#8470,1.);
#8470 = DIRECTION('',(0.,1.,0.));
#8471 = ORIENTED_EDGE('',*,*,#8472,.F.);
#8472 = EDGE_CURVE('',#8408,#8465,#8473,.T.);
#8473 = LINE('',#8474,#8475);
#8474 = CARTESIAN_POINT('',(-0.5,0.34,3.E-02));
#8475 = VECTOR('',#8476,1.);
#8476 = DIRECTION('',(1.,0.,0.));
#8477 = PLANE('',#8478);
#8478 = AXIS2_PLACEMENT_3D('',#8479,#8480,#8481);
#8479 = CARTESIAN_POINT('',(-0.5,-0.37,3.E-02));
#8480 = DIRECTION('',(0.,0.,1.));
#8481 = DIRECTION('',(1.,0.,-0.));
#8482 = ADVANCED_FACE('',(#8483),#8502,.T.);
#8483 = FACE_BOUND('',#8484,.T.);
#8484 = EDGE_LOOP('',(#8485,#8493,#8500,#8501));
#8485 = ORIENTED_EDGE('',*,*,#8486,.T.);
#8486 = EDGE_CURVE('',#8400,#8487,#8489,.T.);
#8487 = VERTEX_POINT('',#8488);
#8488 = CARTESIAN_POINT('',(0.5,0.37,6.E-02));
#8489 = LINE('',#8490,#8491);
#8490 = CARTESIAN_POINT('',(-0.5,0.37,6.E-02));
#8491 = VECTOR('',#8492,1.);
#8492 = DIRECTION('',(1.,0.,0.));
#8493 = ORIENTED_EDGE('',*,*,#8494,.T.);
#8494 = EDGE_CURVE('',#8487,#8465,#8495,.T.);
#8495 = CIRCLE('',#8496,3.E-02);
#8496 = AXIS2_PLACEMENT_3D('',#8497,#8498,#8499);
#8497 = CARTESIAN_POINT('',(0.5,0.34,6.E-02));
#8498 = DIRECTION('',(-1.,0.,0.));
#8499 = DIRECTION('',(0.,0.,1.));
#8500 = ORIENTED_EDGE('',*,*,#8472,.F.);
#8501 = ORIENTED_EDGE('',*,*,#8407,.F.);
#8502 = CYLINDRICAL_SURFACE('',#8503,3.E-02);
#8503 = AXIS2_PLACEMENT_3D('',#8504,#8505,#8506);
#8504 = CARTESIAN_POINT('',(-0.5,0.34,6.E-02));
#8505 = DIRECTION('',(1.,0.,0.));
#8506 = DIRECTION('',(-0.,1.,0.));
#8507 = ADVANCED_FACE('',(#8508),#8526,.T.);
#8508 = FACE_BOUND('',#8509,.T.);
#8509 = EDGE_LOOP('',(#8510,#8518,#8519,#8520));
#8510 = ORIENTED_EDGE('',*,*,#8511,.F.);
#8511 = EDGE_CURVE('',#8487,#8512,#8514,.T.);
#8512 = VERTEX_POINT('',#8513);
#8513 = CARTESIAN_POINT('',(0.5,0.37,0.74));
#8514 = LINE('',#8515,#8516);
#8515 = CARTESIAN_POINT('',(0.5,0.37,3.E-02));
#8516 = VECTOR('',#8517,1.);
#8517 = DIRECTION('',(0.,0.,1.));
#8518 = ORIENTED_EDGE('',*,*,#8486,.F.);
#8519 = ORIENTED_EDGE('',*,*,#8399,.T.);
#8520 = ORIENTED_EDGE('',*,*,#8521,.T.);
#8521 = EDGE_CURVE('',#8391,#8512,#8522,.T.);
#8522 = LINE('',#8523,#8524);
#8523 = CARTESIAN_POINT('',(-0.5,0.37,0.74));
#8524 = VECTOR('',#8525,1.);
#8525 = DIRECTION('',(1.,0.,0.));
#8526 = PLANE('',#8527);
#8527 = AXIS2_PLACEMENT_3D('',#8528,#8529,#8530);
#8528 = CARTESIAN_POINT('',(-0.5,0.37,3.E-02));
#8529 = DIRECTION('',(0.,1.,0.));
#8530 = DIRECTION('',(0.,-0.,1.));
#8531 = ADVANCED_FACE('',(#8532),#8551,.T.);
#8532 = FACE_BOUND('',#8533,.T.);
#8533 = EDGE_LOOP('',(#8534,#8535,#8543,#8550));
#8534 = ORIENTED_EDGE('',*,*,#8390,.T.);
#8535 = ORIENTED_EDGE('',*,*,#8536,.T.);
#8536 = EDGE_CURVE('',#8383,#8537,#8539,.T.);
#8537 = VERTEX_POINT('',#8538);
#8538 = CARTESIAN_POINT('',(0.5,0.34,0.77));
#8539 = LINE('',#8540,#8541);
#8540 = CARTESIAN_POINT('',(-0.5,0.34,0.77));
#8541 = VECTOR('',#8542,1.);
#8542 = DIRECTION('',(1.,0.,0.));
#8543 = ORIENTED_EDGE('',*,*,#8544,.F.);
#8544 = EDGE_CURVE('',#8512,#8537,#8545,.T.);
#8545 = CIRCLE('',#8546,3.E-02);
#8546 = AXIS2_PLACEMENT_3D('',#8547,#8548,#8549);
#8547 = CARTESIAN_POINT('',(0.5,0.34,0.74));
#8548 = DIRECTION('',(1.,0.,-0.));
#8549 = DIRECTION('',(0.,0.,1.));
#8550 = ORIENTED_EDGE('',*,*,#8521,.F.);
#8551 = CYLINDRICAL_SURFACE('',#8552,3.E-02);
#8552 = AXIS2_PLACEMENT_3D('',#8553,#8554,#8555);
#8553 = CARTESIAN_POINT('',(-0.5,0.34,0.74));
#8554 = DIRECTION('',(1.,0.,0.));
#8555 = DIRECTION('',(-0.,1.,0.));
#8556 = ADVANCED_FACE('',(#8557),#8575,.T.);
#8557 = FACE_BOUND('',#8558,.T.);
#8558 = EDGE_LOOP('',(#8559,#8560,#8568,#8574));
#8559 = ORIENTED_EDGE('',*,*,#8382,.F.);
#8560 = ORIENTED_EDGE('',*,*,#8561,.T.);
#8561 = EDGE_CURVE('',#8374,#8562,#8564,.T.);
#8562 = VERTEX_POINT('',#8563);
#8563 = CARTESIAN_POINT('',(0.5,-0.34,0.77));
#8564 = LINE('',#8565,#8566);
#8565 = CARTESIAN_POINT('',(-0.5,-0.34,0.77));
#8566 = VECTOR('',#8567,1.);
#8567 = DIRECTION('',(1.,0.,0.));
#8568 = ORIENTED_EDGE('',*,*,#8569,.T.);
#8569 = EDGE_CURVE('',#8562,#8537,#8570,.T.);
#8570 = LINE('',#8571,#8572);
#8571 = CARTESIAN_POINT('',(0.5,-0.37,0.77));
#8572 = VECTOR('',#8573,1.);
#8573 = DIRECTION('',(0.,1.,0.));
#8574 = ORIENTED_EDGE('',*,*,#8536,.F.);
#8575 = PLANE('',#8576);
#8576 = AXIS2_PLACEMENT_3D('',#8577,#8578,#8579);
#8577 = CARTESIAN_POINT('',(-0.5,-0.37,0.77));
#8578 = DIRECTION('',(0.,0.,1.));
#8579 = DIRECTION('',(1.,0.,-0.));
#8580 = ADVANCED_FACE('',(#8581),#8600,.T.);
#8581 = FACE_BOUND('',#8582,.T.);
#8582 = EDGE_LOOP('',(#8583,#8591,#8598,#8599));
#8583 = ORIENTED_EDGE('',*,*,#8584,.T.);
#8584 = EDGE_CURVE('',#8366,#8585,#8587,.T.);
#8585 = VERTEX_POINT('',#8586);
#8586 = CARTESIAN_POINT('',(0.5,-0.37,0.74));
#8587 = LINE('',#8588,#8589);
#8588 = CARTESIAN_POINT('',(-0.5,-0.37,0.74));
#8589 = VECTOR('',#8590,1.);
#8590 = DIRECTION('',(1.,0.,0.));
#8591 = ORIENTED_EDGE('',*,*,#8592,.T.);
#8592 = EDGE_CURVE('',#8585,#8562,#8593,.T.);
#8593 = CIRCLE('',#8594,3.E-02);
#8594 = AXIS2_PLACEMENT_3D('',#8595,#8596,#8597);
#8595 = CARTESIAN_POINT('',(0.5,-0.34,0.74));
#8596 = DIRECTION('',(-1.,0.,0.));
#8597 = DIRECTION('',(0.,0.,1.));
#8598 = ORIENTED_EDGE('',*,*,#8561,.F.);
#8599 = ORIENTED_EDGE('',*,*,#8373,.F.);
#8600 = CYLINDRICAL_SURFACE('',#8601,3.E-02);
#8601 = AXIS2_PLACEMENT_3D('',#8602,#8603,#8604);
#8602 = CARTESIAN_POINT('',(-0.5,-0.34,0.74));
#8603 = DIRECTION('',(1.,0.,0.));
#8604 = DIRECTION('',(0.,-1.,0.));
#8605 = ADVANCED_FACE('',(#8606),#8617,.F.);
#8606 = FACE_BOUND('',#8607,.F.);
#8607 = EDGE_LOOP('',(#8608,#8614,#8615,#8616));
#8608 = ORIENTED_EDGE('',*,*,#8609,.F.);
#8609 = EDGE_CURVE('',#8440,#8585,#8610,.T.);
#8610 = LINE('',#8611,#8612);
#8611 = CARTESIAN_POINT('',(0.5,-0.37,3.E-02));
#8612 = VECTOR('',#8613,1.);
#8613 = DIRECTION('',(0.,0.,1.));
#8614 = ORIENTED_EDGE('',*,*,#8448,.F.);
#8615 = ORIENTED_EDGE('',*,*,#8365,.T.);
#8616 = ORIENTED_EDGE('',*,*,#8584,.T.);
#8617 = PLANE('',#8618);
#8618 = AXIS2_PLACEMENT_3D('',#8619,#8620,#8621);
#8619 = CARTESIAN_POINT('',(-0.5,-0.37,3.E-02));
#8620 = DIRECTION('',(0.,1.,0.));
#8621 = DIRECTION('',(0.,-0.,1.));
#8622 = ADVANCED_FACE('',(#8623,#8693),#8703,.F.);
#8623 = FACE_BOUND('',#8624,.F.);
#8624 = EDGE_LOOP('',(#8625,#8635,#8644,#8652,#8661,#8669,#8678,#8686));
#8625 = ORIENTED_EDGE('',*,*,#8626,.F.);
#8626 = EDGE_CURVE('',#8627,#8629,#8631,.T.);
#8627 = VERTEX_POINT('',#8628);
#8628 = CARTESIAN_POINT('',(0.5,-0.4,3.E-02));
#8629 = VERTEX_POINT('',#8630);
#8630 = CARTESIAN_POINT('',(0.5,-0.4,0.77));
#8631 = LINE('',#8632,#8633);
#8632 = CARTESIAN_POINT('',(0.5,-0.4,0.));
#8633 = VECTOR('',#8634,1.);
#8634 = DIRECTION('',(0.,0.,1.));
#8635 = ORIENTED_EDGE('',*,*,#8636,.T.);
#8636 = EDGE_CURVE('',#8627,#8637,#8639,.T.);
#8637 = VERTEX_POINT('',#8638);
#8638 = CARTESIAN_POINT('',(0.5,-0.37,0.));
#8639 = CIRCLE('',#8640,3.E-02);
#8640 = AXIS2_PLACEMENT_3D('',#8641,#8642,#8643);
#8641 = CARTESIAN_POINT('',(0.5,-0.37,3.E-02));
#8642 = DIRECTION('',(1.,0.,-0.));
#8643 = DIRECTION('',(0.,0.,1.));
#8644 = ORIENTED_EDGE('',*,*,#8645,.T.);
#8645 = EDGE_CURVE('',#8637,#8646,#8648,.T.);
#8646 = VERTEX_POINT('',#8647);
#8647 = CARTESIAN_POINT('',(0.5,0.37,0.));
#8648 = LINE('',#8649,#8650);
#8649 = CARTESIAN_POINT('',(0.5,-0.4,0.));
#8650 = VECTOR('',#8651,1.);
#8651 = DIRECTION('',(0.,1.,0.));
#8652 = ORIENTED_EDGE('',*,*,#8653,.F.);
#8653 = EDGE_CURVE('',#8654,#8646,#8656,.T.);
#8654 = VERTEX_POINT('',#8655);
#8655 = CARTESIAN_POINT('',(0.5,0.4,3.E-02));
#8656 = CIRCLE('',#8657,3.E-02);
#8657 = AXIS2_PLACEMENT_3D('',#8658,#8659,#8660);
#8658 = CARTESIAN_POINT('',(0.5,0.37,3.E-02));
#8659 = DIRECTION('',(-1.,0.,0.));
#8660 = DIRECTION('',(0.,0.,1.));
#8661 = ORIENTED_EDGE('',*,*,#8662,.T.);
#8662 = EDGE_CURVE('',#8654,#8663,#8665,.T.);
#8663 = VERTEX_POINT('',#8664);
#8664 = CARTESIAN_POINT('',(0.5,0.4,0.77));
#8665 = LINE('',#8666,#8667);
#8666 = CARTESIAN_POINT('',(0.5,0.4,0.));
#8667 = VECTOR('',#8668,1.);
#8668 = DIRECTION('',(0.,0.,1.));
#8669 = ORIENTED_EDGE('',*,*,#8670,.T.);
#8670 = EDGE_CURVE('',#8663,#8671,#8673,.T.);
#8671 = VERTEX_POINT('',#8672);
#8672 = CARTESIAN_POINT('',(0.5,0.37,0.8));
#8673 = CIRCLE('',#8674,3.E-02);
#8674 = AXIS2_PLACEMENT_3D('',#8675,#8676,#8677);
#8675 = CARTESIAN_POINT('',(0.5,0.37,0.77));
#8676 = DIRECTION('',(1.,0.,-0.));
#8677 = DIRECTION('',(0.,0.,1.));
#8678 = ORIENTED_EDGE('',*,*,#8679,.F.);
#8679 = EDGE_CURVE('',#8680,#8671,#8682,.T.);
#8680 = VERTEX_POINT('',#8681);
#8681 = CARTESIAN_POINT('',(0.5,-0.37,0.8));
#8682 = LINE('',#8683,#8684);
#8683 = CARTESIAN_POINT('',(0.5,-0.4,0.8));
#8684 = VECTOR('',#8685,1.);
#8685 = DIRECTION('',(0.,1.,0.));
#8686 = ORIENTED_EDGE('',*,*,#8687,.F.);
#8687 = EDGE_CURVE('',#8629,#8680,#8688,.T.);
#8688 = CIRCLE('',#8689,3.E-02);
#8689 = AXIS2_PLACEMENT_3D('',#8690,#8691,#8692);
#8690 = CARTESIAN_POINT('',(0.5,-0.37,0.77));
#8691 = DIRECTION('',(-1.,0.,0.));
#8692 = DIRECTION('',(0.,0.,1.));
#8693 = FACE_BOUND('',#8694,.F.);
#8694 = EDGE_LOOP('',(#8695,#8696,#8697,#8698,#8699,#8700,#8701,#8702));
#8695 = ORIENTED_EDGE('',*,*,#8439,.F.);
#8696 = ORIENTED_EDGE('',*,*,#8609,.T.);
#8697 = ORIENTED_EDGE('',*,*,#8592,.T.);
#8698 = ORIENTED_EDGE('',*,*,#8569,.T.);
#8699 = ORIENTED_EDGE('',*,*,#8544,.F.);
#8700 = ORIENTED_EDGE('',*,*,#8511,.F.);
#8701 = ORIENTED_EDGE('',*,*,#8494,.T.);
#8702 = ORIENTED_EDGE('',*,*,#8464,.F.);
#8703 = PLANE('',#8704);
#8704 = AXIS2_PLACEMENT_3D('',#8705,#8706,#8707);
#8705 = CARTESIAN_POINT('',(0.5,-0.4,0.));
#8706 = DIRECTION('',(1.,0.,0.));
#8707 = DIRECTION('',(0.,0.,1.));
#8708 = ADVANCED_FACE('',(#8709),#8734,.F.);
#8709 = FACE_BOUND('',#8710,.F.);
#8710 = EDGE_LOOP('',(#8711,#8721,#8727,#8728));
#8711 = ORIENTED_EDGE('',*,*,#8712,.F.);
#8712 = EDGE_CURVE('',#8713,#8715,#8717,.T.);
#8713 = VERTEX_POINT('',#8714);
#8714 = CARTESIAN_POINT('',(0.8,-0.4,3.E-02));
#8715 = VERTEX_POINT('',#8716);
#8716 = CARTESIAN_POINT('',(0.8,-0.4,0.77));
#8717 = LINE('',#8718,#8719);
#8718 = CARTESIAN_POINT('',(0.8,-0.4,0.));
#8719 = VECTOR('',#8720,1.);
#8720 = DIRECTION('',(0.,0.,1.));
#8721 = ORIENTED_EDGE('',*,*,#8722,.F.);
#8722 = EDGE_CURVE('',#8627,#8713,#8723,.T.);
#8723 = LINE('',#8724,#8725);
#8724 = CARTESIAN_POINT('',(0.5,-0.4,3.E-02));
#8725 = VECTOR('',#8726,1.);
#8726 = DIRECTION('',(1.,0.,0.));
#8727 = ORIENTED_EDGE('',*,*,#8626,.T.);
#8728 = ORIENTED_EDGE('',*,*,#8729,.T.);
#8729 = EDGE_CURVE('',#8629,#8715,#8730,.T.);
#8730 = LINE('',#8731,#8732);
#8731 = CARTESIAN_POINT('',(0.5,-0.4,0.77));
#8732 = VECTOR('',#8733,1.);
#8733 = DIRECTION('',(1.,0.,0.));
#8734 = PLANE('',#8735);
#8735 = AXIS2_PLACEMENT_3D('',#8736,#8737,#8738);
#8736 = CARTESIAN_POINT('',(0.5,-0.4,0.));
#8737 = DIRECTION('',(0.,1.,0.));
#8738 = DIRECTION('',(0.,-0.,1.));
#8739 = ADVANCED_FACE('',(#8740),#8759,.T.);
#8740 = FACE_BOUND('',#8741,.T.);
#8741 = EDGE_LOOP('',(#8742,#8743,#8751,#8758));
#8742 = ORIENTED_EDGE('',*,*,#8636,.T.);
#8743 = ORIENTED_EDGE('',*,*,#8744,.T.);
#8744 = EDGE_CURVE('',#8637,#8745,#8747,.T.);
#8745 = VERTEX_POINT('',#8746);
#8746 = CARTESIAN_POINT('',(0.8,-0.37,0.));
#8747 = LINE('',#8748,#8749);
#8748 = CARTESIAN_POINT('',(0.5,-0.37,0.));
#8749 = VECTOR('',#8750,1.);
#8750 = DIRECTION('',(1.,0.,0.));
#8751 = ORIENTED_EDGE('',*,*,#8752,.F.);
#8752 = EDGE_CURVE('',#8713,#8745,#8753,.T.);
#8753 = CIRCLE('',#8754,3.E-02);
#8754 = AXIS2_PLACEMENT_3D('',#8755,#8756,#8757);
#8755 = CARTESIAN_POINT('',(0.8,-0.37,3.E-02));
#8756 = DIRECTION('',(1.,0.,-0.));
#8757 = DIRECTION('',(0.,0.,1.));
#8758 = ORIENTED_EDGE('',*,*,#8722,.F.);
#8759 = CYLINDRICAL_SURFACE('',#8760,3.E-02);
#8760 = AXIS2_PLACEMENT_3D('',#8761,#8762,#8763);
#8761 = CARTESIAN_POINT('',(0.5,-0.37,3.E-02));
#8762 = DIRECTION('',(1.,0.,0.));
#8763 = DIRECTION('',(0.,-1.,0.));
#8764 = ADVANCED_FACE('',(#8765),#8784,.T.);
#8765 = FACE_BOUND('',#8766,.T.);
#8766 = EDGE_LOOP('',(#8767,#8768,#8777,#8783));
#8767 = ORIENTED_EDGE('',*,*,#8729,.T.);
#8768 = ORIENTED_EDGE('',*,*,#8769,.T.);
#8769 = EDGE_CURVE('',#8715,#8770,#8772,.T.);
#8770 = VERTEX_POINT('',#8771);
#8771 = CARTESIAN_POINT('',(0.8,-0.37,0.8));
#8772 = CIRCLE('',#8773,3.E-02);
#8773 = AXIS2_PLACEMENT_3D('',#8774,#8775,#8776);
#8774 = CARTESIAN_POINT('',(0.8,-0.37,0.77));
#8775 = DIRECTION('',(-1.,0.,0.));
#8776 = DIRECTION('',(0.,0.,1.));
#8777 = ORIENTED_EDGE('',*,*,#8778,.F.);
#8778 = EDGE_CURVE('',#8680,#8770,#8779,.T.);
#8779 = LINE('',#8780,#8781);
#8780 = CARTESIAN_POINT('',(0.5,-0.37,0.8));
#8781 = VECTOR('',#8782,1.);
#8782 = DIRECTION('',(1.,0.,0.));
#8783 = ORIENTED_EDGE('',*,*,#8687,.F.);
#8784 = CYLINDRICAL_SURFACE('',#8785,3.E-02);
#8785 = AXIS2_PLACEMENT_3D('',#8786,#8787,#8788);
#8786 = CARTESIAN_POINT('',(0.5,-0.37,0.77));
#8787 = DIRECTION('',(1.,0.,0.));
#8788 = DIRECTION('',(0.,-1.,0.));
#8789 = ADVANCED_FACE('',(#8790),#8808,.F.);
#8790 = FACE_BOUND('',#8791,.F.);
#8791 = EDGE_LOOP('',(#8792,#8793,#8794,#8802));
#8792 = ORIENTED_EDGE('',*,*,#8645,.F.);
#8793 = ORIENTED_EDGE('',*,*,#8744,.T.);
#8794 = ORIENTED_EDGE('',*,*,#8795,.T.);
#8795 = EDGE_CURVE('',#8745,#8796,#8798,.T.);
#8796 = VERTEX_POINT('',#8797);
#8797 = CARTESIAN_POINT('',(0.8,0.37,0.));
#8798 = LINE('',#8799,#8800);
#8799 = CARTESIAN_POINT('',(0.8,-0.4,0.));
#8800 = VECTOR('',#8801,1.);
#8801 = DIRECTION('',(0.,1.,0.));
#8802 = ORIENTED_EDGE('',*,*,#8803,.F.);
#8803 = EDGE_CURVE('',#8646,#8796,#8804,.T.);
#8804 = LINE('',#8805,#8806);
#8805 = CARTESIAN_POINT('',(0.5,0.37,0.));
#8806 = VECTOR('',#8807,1.);
#8807 = DIRECTION('',(1.,0.,0.));
#8808 = PLANE('',#8809);
#8809 = AXIS2_PLACEMENT_3D('',#8810,#8811,#8812);
#8810 = CARTESIAN_POINT('',(0.5,-0.4,0.));
#8811 = DIRECTION('',(0.,0.,1.));
#8812 = DIRECTION('',(1.,0.,-0.));
#8813 = ADVANCED_FACE('',(#8814),#8832,.T.);
#8814 = FACE_BOUND('',#8815,.T.);
#8815 = EDGE_LOOP('',(#8816,#8817,#8818,#8826));
#8816 = ORIENTED_EDGE('',*,*,#8679,.F.);
#8817 = ORIENTED_EDGE('',*,*,#8778,.T.);
#8818 = ORIENTED_EDGE('',*,*,#8819,.T.);
#8819 = EDGE_CURVE('',#8770,#8820,#8822,.T.);
#8820 = VERTEX_POINT('',#8821);
#8821 = CARTESIAN_POINT('',(0.8,0.37,0.8));
#8822 = LINE('',#8823,#8824);
#8823 = CARTESIAN_POINT('',(0.8,-0.4,0.8));
#8824 = VECTOR('',#8825,1.);
#8825 = DIRECTION('',(0.,1.,0.));
#8826 = ORIENTED_EDGE('',*,*,#8827,.F.);
#8827 = EDGE_CURVE('',#8671,#8820,#8828,.T.);
#8828 = LINE('',#8829,#8830);
#8829 = CARTESIAN_POINT('',(0.5,0.37,0.8));
#8830 = VECTOR('',#8831,1.);
#8831 = DIRECTION('',(1.,0.,0.));
#8832 = PLANE('',#8833);
#8833 = AXIS2_PLACEMENT_3D('',#8834,#8835,#8836);
#8834 = CARTESIAN_POINT('',(0.5,-0.4,0.8));
#8835 = DIRECTION('',(0.,0.,1.));
#8836 = DIRECTION('',(1.,0.,-0.));
#8837 = ADVANCED_FACE('',(#8838),#8857,.T.);
#8838 = FACE_BOUND('',#8839,.T.);
#8839 = EDGE_LOOP('',(#8840,#8848,#8855,#8856));
#8840 = ORIENTED_EDGE('',*,*,#8841,.T.);
#8841 = EDGE_CURVE('',#8654,#8842,#8844,.T.);
#8842 = VERTEX_POINT('',#8843);
#8843 = CARTESIAN_POINT('',(0.8,0.4,3.E-02));
#8844 = LINE('',#8845,#8846);
#8845 = CARTESIAN_POINT('',(0.5,0.4,3.E-02));
#8846 = VECTOR('',#8847,1.);
#8847 = DIRECTION('',(1.,0.,0.));
#8848 = ORIENTED_EDGE('',*,*,#8849,.T.);
#8849 = EDGE_CURVE('',#8842,#8796,#8850,.T.);
#8850 = CIRCLE('',#8851,3.E-02);
#8851 = AXIS2_PLACEMENT_3D('',#8852,#8853,#8854);
#8852 = CARTESIAN_POINT('',(0.8,0.37,3.E-02));
#8853 = DIRECTION('',(-1.,0.,0.));
#8854 = DIRECTION('',(0.,0.,1.));
#8855 = ORIENTED_EDGE('',*,*,#8803,.F.);
#8856 = ORIENTED_EDGE('',*,*,#8653,.F.);
#8857 = CYLINDRICAL_SURFACE('',#8858,3.E-02);
#8858 = AXIS2_PLACEMENT_3D('',#8859,#8860,#8861);
#8859 = CARTESIAN_POINT('',(0.5,0.37,3.E-02));
#8860 = DIRECTION('',(1.,0.,0.));
#8861 = DIRECTION('',(-0.,1.,0.));
#8862 = ADVANCED_FACE('',(#8863),#8882,.T.);
#8863 = FACE_BOUND('',#8864,.T.);
#8864 = EDGE_LOOP('',(#8865,#8866,#8867,#8876));
#8865 = ORIENTED_EDGE('',*,*,#8670,.T.);
#8866 = ORIENTED_EDGE('',*,*,#8827,.T.);
#8867 = ORIENTED_EDGE('',*,*,#8868,.F.);
#8868 = EDGE_CURVE('',#8869,#8820,#8871,.T.);
#8869 = VERTEX_POINT('',#8870);
#8870 = CARTESIAN_POINT('',(0.8,0.4,0.77));
#8871 = CIRCLE('',#8872,3.E-02);
#8872 = AXIS2_PLACEMENT_3D('',#8873,#8874,#8875);
#8873 = CARTESIAN_POINT('',(0.8,0.37,0.77));
#8874 = DIRECTION('',(1.,0.,-0.));
#8875 = DIRECTION('',(0.,0.,1.));
#8876 = ORIENTED_EDGE('',*,*,#8877,.F.);
#8877 = EDGE_CURVE('',#8663,#8869,#8878,.T.);
#8878 = LINE('',#8879,#8880);
#8879 = CARTESIAN_POINT('',(0.5,0.4,0.77));
#8880 = VECTOR('',#8881,1.);
#8881 = DIRECTION('',(1.,0.,0.));
#8882 = CYLINDRICAL_SURFACE('',#8883,3.E-02);
#8883 = AXIS2_PLACEMENT_3D('',#8884,#8885,#8886);
#8884 = CARTESIAN_POINT('',(0.5,0.37,0.77));
#8885 = DIRECTION('',(1.,0.,0.));
#8886 = DIRECTION('',(-0.,1.,0.));
#8887 = ADVANCED_FACE('',(#8888),#8899,.T.);
#8888 = FACE_BOUND('',#8889,.T.);
#8889 = EDGE_LOOP('',(#8890,#8896,#8897,#8898));
#8890 = ORIENTED_EDGE('',*,*,#8891,.F.);
#8891 = EDGE_CURVE('',#8842,#8869,#8892,.T.);
#8892 = LINE('',#8893,#8894);
#8893 = CARTESIAN_POINT('',(0.8,0.4,0.));
#8894 = VECTOR('',#8895,1.);
#8895 = DIRECTION('',(0.,0.,1.));
#8896 = ORIENTED_EDGE('',*,*,#8841,.F.);
#8897 = ORIENTED_EDGE('',*,*,#8662,.T.);
#8898 = ORIENTED_EDGE('',*,*,#8877,.T.);
#8899 = PLANE('',#8900);
#8900 = AXIS2_PLACEMENT_3D('',#8901,#8902,#8903);
#8901 = CARTESIAN_POINT('',(0.5,0.4,0.));
#8902 = DIRECTION('',(0.,1.,0.));
#8903 = DIRECTION('',(0.,-0.,1.));
#8904 = ADVANCED_FACE('',(#8905),#8915,.T.);
#8905 = FACE_BOUND('',#8906,.T.);
#8906 = EDGE_LOOP('',(#8907,#8908,#8909,#8910,#8911,#8912,#8913,#8914));
#8907 = ORIENTED_EDGE('',*,*,#8712,.F.);
#8908 = ORIENTED_EDGE('',*,*,#8752,.T.);
#8909 = ORIENTED_EDGE('',*,*,#8795,.T.);
#8910 = ORIENTED_EDGE('',*,*,#8849,.F.);
#8911 = ORIENTED_EDGE('',*,*,#8891,.T.);
#8912 = ORIENTED_EDGE('',*,*,#8868,.T.);
#8913 = ORIENTED_EDGE('',*,*,#8819,.F.);
#8914 = ORIENTED_EDGE('',*,*,#8769,.F.);
#8915 = PLANE('',#8916);
#8916 = AXIS2_PLACEMENT_3D('',#8917,#8918,#8919);
#8917 = CARTESIAN_POINT('',(0.8,-0.4,0.));
#8918 = DIRECTION('',(1.,0.,0.));
#8919 = DIRECTION('',(0.,0.,1.));
#8920 = ( GEOMETRIC_REPRESENTATION_CONTEXT(3) 
GLOBAL_UNCERTAINTY_ASSIGNED_CONTEXT((#8924)) 
GLOBAL_UNIT_ASSIGNED_CONTEXT((#8921,#8922,#8923)) REPRESENTATION_CONTEXT
('Context #1','3D Context with UNIT and UNCERTAINTY') );
#8921 = ( LENGTH_UNIT() NAMED_UNIT(*) SI_UNIT(.MILLI.,.METRE.) );
#8922 = ( NAMED_UNIT(*) PLANE_ANGLE_UNIT() SI_UNIT($,.RADIAN.) );
#8923 = ( NAMED_UNIT(*) SI_UNIT($,.STERADIAN.) SOLID_ANGLE_UNIT() );
#8924 = UNCERTAINTY_MEASURE_WITH_UNIT(LENGTH_MEASURE(1.E-07),#8921,
  'distance_accuracy_value','confusion accuracy');
#8925 = CONTEXT_DEPENDENT_SHAPE_REPRESENTATION(#8926,#8928);
#8926 = ( REPRESENTATION_RELATIONSHIP('','',#8065,#10) 
REPRESENTATION_RELATIONSHIP_WITH_TRANSFORMATION(#8927) 
SHAPE_REPRESENTATION_RELATIONSHIP() );
#8927 = ITEM_DEFINED_TRANSFORMATION('','',#11,#19);
#8928 = PRODUCT_DEFINITION_SHAPE('Placement','Placement of an item',
  #8929);
#8929 = NEXT_ASSEMBLY_USAGE_OCCURRENCE('2','C2','',#5,#8060,$);
#8930 = PRODUCT_RELATED_PRODUCT_CATEGORY('part',$,(#8062));
#8931 = CONTEXT_DEPENDENT_SHAPE_REPRESENTATION(#8932,#8934);
#8932 = ( REPRESENTATION_RELATIONSHIP('','',#8065,#10) 
REPRESENTATION_RELATIONSHIP_WITH_TRANSFORMATION(#8933) 
SHAPE_REPRESENTATION_RELATIONSHIP() );
#8933 = ITEM_DEFINED_TRANSFORMATION('','',#11,#23);
#8934 = PRODUCT_DEFINITION_SHAPE('Placement','Placement of an item',
  #8935);
#8935 = NEXT_ASSEMBLY_USAGE_OCCURRENCE('3','C5','',#5,#8060,$);
#8936 = CONTEXT_DEPENDENT_SHAPE_REPRESENTATION(#8937,#8939);
#8937 = ( REPRESENTATION_RELATIONSHIP('','',#8065,#10) 
REPRESENTATION_RELATIONSHIP_WITH_TRANSFORMATION(#8938) 
SHAPE_REPRESENTATION_RELATIONSHIP() );
#8938 = ITEM_DEFINED_TRANSFORMATION('','',#11,#27);
#8939 = PRODUCT_DEFINITION_SHAPE('Placement','Placement of an item',
  #8940);
#8940 = NEXT_ASSEMBLY_USAGE_OCCURRENCE('4','C3','',#5,#8060,$);
#8941 = SHAPE_DEFINITION_REPRESENTATION(#8942,#8948);
#8942 = PRODUCT_DEFINITION_SHAPE('','',#8943);
#8943 = PRODUCT_DEFINITION('design','',#8944,#8947);
#8944 = PRODUCT_DEFINITION_FORMATION('','',#8945);
#8945 = PRODUCT('D_DO-35_SOD27_P7.62mm_Horizontal',
  'D_DO-35_SOD27_P7.62mm_Horizontal','',(#8946));
#8946 = PRODUCT_CONTEXT('',#2,'mechanical');
#8947 = PRODUCT_DEFINITION_CONTEXT('part definition',#2,'design');
#8948 = SHAPE_REPRESENTATION('',(#11,#8949,#9104),#9299);
#8949 = MANIFOLD_SOLID_BREP('',#8950);
#8950 = CLOSED_SHELL('',(#8951,#8984,#9010,#9035,#9061,#9086,#9095));
#8951 = ADVANCED_FACE('',(#8952),#8979,.T.);
#8952 = FACE_BOUND('',#8953,.T.);
#8953 = EDGE_LOOP('',(#8954,#8964,#8971,#8972));
#8954 = ORIENTED_EDGE('',*,*,#8955,.T.);
#8955 = EDGE_CURVE('',#8956,#8958,#8960,.T.);
#8956 = VERTEX_POINT('',#8957);
#8957 = CARTESIAN_POINT('',(0.25,0.,-2.5));
#8958 = VERTEX_POINT('',#8959);
#8959 = CARTESIAN_POINT('',(0.25,1.E-15,1.));
#8960 = LINE('',#8961,#8962);
#8961 = CARTESIAN_POINT('',(0.25,6.7E-16,1.));
#8962 = VECTOR('',#8963,1.);
#8963 = DIRECTION('',(0.,2.2E-16,1.));
#8964 = ORIENTED_EDGE('',*,*,#8965,.F.);
#8965 = EDGE_CURVE('',#8958,#8958,#8966,.T.);
#8966 = CIRCLE('',#8967,0.25);
#8967 = AXIS2_PLACEMENT_3D('',#8968,#8969,#8970);
#8968 = CARTESIAN_POINT('',(0.,6.7E-16,1.));
#8969 = DIRECTION('',(-0.,2.2E-16,1.));
#8970 = DIRECTION('',(1.,0.,0.));
#8971 = ORIENTED_EDGE('',*,*,#8955,.F.);
#8972 = ORIENTED_EDGE('',*,*,#8973,.T.);
#8973 = EDGE_CURVE('',#8956,#8956,#8974,.T.);
#8974 = CIRCLE('',#8975,0.25);
#8975 = AXIS2_PLACEMENT_3D('',#8976,#8977,#8978);
#8976 = CARTESIAN_POINT('',(0.,-1.1E-16,-2.5));
#8977 = DIRECTION('',(-0.,2.2E-16,1.));
#8978 = DIRECTION('',(1.,0.,0.));
#8979 = CYLINDRICAL_SURFACE('',#8980,0.25);
#8980 = AXIS2_PLACEMENT_3D('',#8981,#8982,#8983);
#8981 = CARTESIAN_POINT('',(0.,6.7E-16,1.));
#8982 = DIRECTION('',(0.,2.2E-16,1.));
#8983 = DIRECTION('',(1.,0.,-0.));
#8984 = ADVANCED_FACE('',(#8985),#9005,.T.);
#8985 = FACE_BOUND('',#8986,.T.);
#8986 = EDGE_LOOP('',(#8987,#8996,#9003,#9004));
#8987 = ORIENTED_EDGE('',*,*,#8988,.T.);
#8988 = EDGE_CURVE('',#8958,#8989,#8991,.T.);
#8989 = VERTEX_POINT('',#8990);
#8990 = CARTESIAN_POINT('',(0.5,1.E-15,1.25));
#8991 = CIRCLE('',#8992,0.25);
#8992 = AXIS2_PLACEMENT_3D('',#8993,#8994,#8995);
#8993 = CARTESIAN_POINT('',(0.5,7.6E-16,1.));
#8994 = DIRECTION('',(0.,1.,-2.2E-16));
#8995 = DIRECTION('',(1.,0.,0.));
#8996 = ORIENTED_EDGE('',*,*,#8997,.T.);
#8997 = EDGE_CURVE('',#8989,#8989,#8998,.T.);
#8998 = CIRCLE('',#8999,0.25);
#8999 = AXIS2_PLACEMENT_3D('',#9000,#9001,#9002);
#9000 = CARTESIAN_POINT('',(0.5,7.8E-16,1.5));
#9001 = DIRECTION('',(-1.,0.,-1.8E-16));
#9002 = DIRECTION('',(-1.8E-16,2.2E-16,1.));
#9003 = ORIENTED_EDGE('',*,*,#8988,.F.);
#9004 = ORIENTED_EDGE('',*,*,#8965,.T.);
#9005 = TOROIDAL_SURFACE('',#9006,0.5,0.25);
#9006 = AXIS2_PLACEMENT_3D('',#9007,#9008,#9009);
#9007 = CARTESIAN_POINT('',(0.5,6.7E-16,1.));
#9008 = DIRECTION('',(0.,1.,-2.2E-16));
#9009 = DIRECTION('',(1.,0.,0.));
#9010 = ADVANCED_FACE('',(#9011),#9030,.T.);
#9011 = FACE_BOUND('',#9012,.T.);
#9012 = EDGE_LOOP('',(#9013,#9021,#9028,#9029));
#9013 = ORIENTED_EDGE('',*,*,#9014,.T.);
#9014 = EDGE_CURVE('',#8989,#9015,#9017,.T.);
#9015 = VERTEX_POINT('',#9016);
#9016 = CARTESIAN_POINT('',(7.12,1.E-15,1.25));
#9017 = LINE('',#9018,#9019);
#9018 = CARTESIAN_POINT('',(0.5,7.2E-16,1.25));
#9019 = VECTOR('',#9020,1.);
#9020 = DIRECTION('',(1.,0.,0.));
#9021 = ORIENTED_EDGE('',*,*,#9022,.F.);
#9022 = EDGE_CURVE('',#9015,#9015,#9023,.T.);
#9023 = CIRCLE('',#9024,0.25);
#9024 = AXIS2_PLACEMENT_3D('',#9025,#9026,#9027);
#9025 = CARTESIAN_POINT('',(7.12,7.8E-16,1.5));
#9026 = DIRECTION('',(1.,0.,0.));
#9027 = DIRECTION('',(0.,-2.2E-16,-1.));
#9028 = ORIENTED_EDGE('',*,*,#9014,.F.);
#9029 = ORIENTED_EDGE('',*,*,#8997,.F.);
#9030 = CYLINDRICAL_SURFACE('',#9031,0.25);
#9031 = AXIS2_PLACEMENT_3D('',#9032,#9033,#9034);
#9032 = CARTESIAN_POINT('',(0.5,7.8E-16,1.5));
#9033 = DIRECTION('',(1.,0.,0.));
#9034 = DIRECTION('',(0.,-2.2E-16,-1.));
#9035 = ADVANCED_FACE('',(#9036),#9056,.T.);
#9036 = FACE_BOUND('',#9037,.T.);
#9037 = EDGE_LOOP('',(#9038,#9047,#9054,#9055));
#9038 = ORIENTED_EDGE('',*,*,#9039,.T.);
#9039 = EDGE_CURVE('',#9015,#9040,#9042,.T.);
#9040 = VERTEX_POINT('',#9041);
#9041 = CARTESIAN_POINT('',(7.37,1.E-15,1.));
#9042 = CIRCLE('',#9043,0.25);
#9043 = AXIS2_PLACEMENT_3D('',#9044,#9045,#9046);
#9044 = CARTESIAN_POINT('',(7.12,7.6E-16,1.));
#9045 = DIRECTION('',(0.,1.,-2.2E-16));
#9046 = DIRECTION('',(1.,0.,0.));
#9047 = ORIENTED_EDGE('',*,*,#9048,.T.);
#9048 = EDGE_CURVE('',#9040,#9040,#9049,.T.);
#9049 = CIRCLE('',#9050,0.25);
#9050 = AXIS2_PLACEMENT_3D('',#9051,#9052,#9053);
#9051 = CARTESIAN_POINT('',(7.62,6.7E-16,1.));
#9052 = DIRECTION('',(-2.4E-16,2.2E-16,1.));
#9053 = DIRECTION('',(1.,0.,2.4E-16));
#9054 = ORIENTED_EDGE('',*,*,#9039,.F.);
#9055 = ORIENTED_EDGE('',*,*,#9022,.T.);
#9056 = TOROIDAL_SURFACE('',#9057,0.5,0.25);
#9057 = AXIS2_PLACEMENT_3D('',#9058,#9059,#9060);
#9058 = CARTESIAN_POINT('',(7.12,6.7E-16,1.));
#9059 = DIRECTION('',(0.,1.,-2.2E-16));
#9060 = DIRECTION('',(1.,0.,0.));
#9061 = ADVANCED_FACE('',(#9062),#9081,.T.);
#9062 = FACE_BOUND('',#9063,.T.);
#9063 = EDGE_LOOP('',(#9064,#9072,#9079,#9080));
#9064 = ORIENTED_EDGE('',*,*,#9065,.T.);
#9065 = EDGE_CURVE('',#9040,#9066,#9068,.T.);
#9066 = VERTEX_POINT('',#9067);
#9067 = CARTESIAN_POINT('',(7.37,0.,-2.5));
#9068 = LINE('',#9069,#9070);
#9069 = CARTESIAN_POINT('',(7.37,6.7E-16,1.));
#9070 = VECTOR('',#9071,1.);
#9071 = DIRECTION('',(0.,-2.2E-16,-1.));
#9072 = ORIENTED_EDGE('',*,*,#9073,.F.);
#9073 = EDGE_CURVE('',#9066,#9066,#9074,.T.);
#9074 = CIRCLE('',#9075,0.25);
#9075 = AXIS2_PLACEMENT_3D('',#9076,#9077,#9078);
#9076 = CARTESIAN_POINT('',(7.62,-1.1E-16,-2.5));
#9077 = DIRECTION('',(-0.,-2.2E-16,-1.));
#9078 = DIRECTION('',(-1.,0.,0.));
#9079 = ORIENTED_EDGE('',*,*,#9065,.F.);
#9080 = ORIENTED_EDGE('',*,*,#9048,.F.);
#9081 = CYLINDRICAL_SURFACE('',#9082,0.25);
#9082 = AXIS2_PLACEMENT_3D('',#9083,#9084,#9085);
#9083 = CARTESIAN_POINT('',(7.62,6.7E-16,1.));
#9084 = DIRECTION('',(0.,-2.2E-16,-1.));
#9085 = DIRECTION('',(-1.,-0.,0.));
#9086 = ADVANCED_FACE('',(#9087),#9090,.T.);
#9087 = FACE_BOUND('',#9088,.F.);
#9088 = EDGE_LOOP('',(#9089));
#9089 = ORIENTED_EDGE('',*,*,#8973,.T.);
#9090 = PLANE('',#9091);
#9091 = AXIS2_PLACEMENT_3D('',#9092,#9093,#9094);
#9092 = CARTESIAN_POINT('',(0.25,-1.1E-16,-2.5));
#9093 = DIRECTION('',(0.,0.,-1.));
#9094 = DIRECTION('',(-1.,0.,0.));
#9095 = ADVANCED_FACE('',(#9096),#9099,.F.);
#9096 = FACE_BOUND('',#9097,.T.);
#9097 = EDGE_LOOP('',(#9098));
#9098 = ORIENTED_EDGE('',*,*,#9073,.T.);
#9099 = PLANE('',#9100);
#9100 = AXIS2_PLACEMENT_3D('',#9101,#9102,#9103);
#9101 = CARTESIAN_POINT('',(7.37,-1.1E-16,-2.5));
#9102 = DIRECTION('',(0.,0.,1.));
#9103 = DIRECTION('',(1.,0.,-0.));
#9104 = MANIFOLD_SOLID_BREP('',#9105);
#9105 = CLOSED_SHELL('',(#9106,#9139,#9159,#9179,#9204,#9229,#9255,#9281
    ,#9290));
#9106 = ADVANCED_FACE('',(#9107),#9134,.T.);
#9107 = FACE_BOUND('',#9108,.T.);
#9108 = EDGE_LOOP('',(#9109,#9118,#9126,#9133));
#9109 = ORIENTED_EDGE('',*,*,#9110,.T.);
#9110 = EDGE_CURVE('',#9111,#9111,#9113,.T.);
#9111 = VERTEX_POINT('',#9112);
#9112 = CARTESIAN_POINT('',(2.41,3.557331958362E-15,2.51));
#9113 = CIRCLE('',#9114,1.01);
#9114 = AXIS2_PLACEMENT_3D('',#9115,#9116,#9117);
#9115 = CARTESIAN_POINT('',(2.41,6.630669073875E-16,1.5));
#9116 = DIRECTION('',(1.,0.,-0.));
#9117 = DIRECTION('',(0.,9.92044604925E-16,1.));
#9118 = ORIENTED_EDGE('',*,*,#9119,.T.);
#9119 = EDGE_CURVE('',#9111,#9120,#9122,.T.);
#9120 = VERTEX_POINT('',#9121);
#9121 = CARTESIAN_POINT('',(3.41,3.557331958362E-15,2.51));
#9122 = LINE('',#9123,#9124);
#9123 = CARTESIAN_POINT('',(2.41,5.573319583618E-16,2.51));
#9124 = VECTOR('',#9125,1.);
#9125 = DIRECTION('',(1.,0.,0.));
#9126 = ORIENTED_EDGE('',*,*,#9127,.F.);
#9127 = EDGE_CURVE('',#9120,#9120,#9128,.T.);
#9128 = CIRCLE('',#9129,1.01);
#9129 = AXIS2_PLACEMENT_3D('',#9130,#9131,#9132);
#9130 = CARTESIAN_POINT('',(3.41,6.630669073875E-16,1.5));
#9131 = DIRECTION('',(1.,0.,-0.));
#9132 = DIRECTION('',(0.,9.92044604925E-16,1.));
#9133 = ORIENTED_EDGE('',*,*,#9119,.F.);
#9134 = CYLINDRICAL_SURFACE('',#9135,1.01);
#9135 = AXIS2_PLACEMENT_3D('',#9136,#9137,#9138);
#9136 = CARTESIAN_POINT('',(2.41,6.630669073875E-16,1.5));
#9137 = DIRECTION('',(1.,0.,0.));
#9138 = DIRECTION('',(-0.,9.92044604925E-16,1.));
#9139 = ADVANCED_FACE('',(#9140,#9143),#9154,.F.);
#9140 = FACE_BOUND('',#9141,.T.);
#9141 = EDGE_LOOP('',(#9142));
#9142 = ORIENTED_EDGE('',*,*,#9110,.F.);
#9143 = FACE_BOUND('',#9144,.T.);
#9144 = EDGE_LOOP('',(#9145));
#9145 = ORIENTED_EDGE('',*,*,#9146,.T.);
#9146 = EDGE_CURVE('',#9147,#9147,#9149,.T.);
#9147 = VERTEX_POINT('',#9148);
#9148 = CARTESIAN_POINT('',(2.41,5.551115123126E-16,2.5));
#9149 = CIRCLE('',#9150,1.);
#9150 = AXIS2_PLACEMENT_3D('',#9151,#9152,#9153);
#9151 = CARTESIAN_POINT('',(2.41,6.630669073875E-16,1.5));
#9152 = DIRECTION('',(1.,0.,-0.));
#9153 = DIRECTION('',(0.,1.002044604925E-15,1.));
#9154 = PLANE('',#9155);
#9155 = AXIS2_PLACEMENT_3D('',#9156,#9157,#9158);
#9156 = CARTESIAN_POINT('',(2.41,6.630669073875E-16,1.5));
#9157 = DIRECTION('',(1.,0.,0.));
#9158 = DIRECTION('',(-0.,1.002044604925E-15,1.));
#9159 = ADVANCED_FACE('',(#9160,#9163),#9174,.T.);
#9160 = FACE_BOUND('',#9161,.T.);
#9161 = EDGE_LOOP('',(#9162));
#9162 = ORIENTED_EDGE('',*,*,#9127,.T.);
#9163 = FACE_BOUND('',#9164,.T.);
#9164 = EDGE_LOOP('',(#9165));
#9165 = ORIENTED_EDGE('',*,*,#9166,.F.);
#9166 = EDGE_CURVE('',#9167,#9167,#9169,.T.);
#9167 = VERTEX_POINT('',#9168);
#9168 = CARTESIAN_POINT('',(3.41,5.551115123126E-16,2.5));
#9169 = CIRCLE('',#9170,1.);
#9170 = AXIS2_PLACEMENT_3D('',#9171,#9172,#9173);
#9171 = CARTESIAN_POINT('',(3.41,6.630669073875E-16,1.5));
#9172 = DIRECTION('',(1.,0.,-0.));
#9173 = DIRECTION('',(0.,1.002044604925E-15,1.));
#9174 = PLANE('',#9175);
#9175 = AXIS2_PLACEMENT_3D('',#9176,#9177,#9178);
#9176 = CARTESIAN_POINT('',(3.41,6.630669073875E-16,1.5));
#9177 = DIRECTION('',(1.,0.,0.));
#9178 = DIRECTION('',(-0.,9.92044604925E-16,1.));
#9179 = ADVANCED_FACE('',(#9180),#9199,.T.);
#9180 = FACE_BOUND('',#9181,.T.);
#9181 = EDGE_LOOP('',(#9182,#9191,#9197,#9198));
#9182 = ORIENTED_EDGE('',*,*,#9183,.T.);
#9183 = EDGE_CURVE('',#9184,#9184,#9186,.T.);
#9184 = VERTEX_POINT('',#9185);
#9185 = CARTESIAN_POINT('',(2.21,3.555111512313E-15,2.5));
#9186 = CIRCLE('',#9187,1.);
#9187 = AXIS2_PLACEMENT_3D('',#9188,#9189,#9190);
#9188 = CARTESIAN_POINT('',(2.21,6.630669073875E-16,1.5));
#9189 = DIRECTION('',(1.,0.,-0.));
#9190 = DIRECTION('',(0.,1.002044604925E-15,1.));
#9191 = ORIENTED_EDGE('',*,*,#9192,.T.);
#9192 = EDGE_CURVE('',#9184,#9147,#9193,.T.);
#9193 = LINE('',#9194,#9195);
#9194 = CARTESIAN_POINT('',(1.81,5.551115123126E-16,2.5));
#9195 = VECTOR('',#9196,1.);
#9196 = DIRECTION('',(1.,0.,0.));
#9197 = ORIENTED_EDGE('',*,*,#9146,.F.);
#9198 = ORIENTED_EDGE('',*,*,#9192,.F.);
#9199 = CYLINDRICAL_SURFACE('',#9200,1.);
#9200 = AXIS2_PLACEMENT_3D('',#9201,#9202,#9203);
#9201 = CARTESIAN_POINT('',(1.81,6.630669073875E-16,1.5));
#9202 = DIRECTION('',(1.,0.,0.));
#9203 = DIRECTION('',(-0.,1.002044604925E-15,1.));
#9204 = ADVANCED_FACE('',(#9205),#9224,.T.);
#9205 = FACE_BOUND('',#9206,.T.);
#9206 = EDGE_LOOP('',(#9207,#9208,#9216,#9223));
#9207 = ORIENTED_EDGE('',*,*,#9166,.T.);
#9208 = ORIENTED_EDGE('',*,*,#9209,.T.);
#9209 = EDGE_CURVE('',#9167,#9210,#9212,.T.);
#9210 = VERTEX_POINT('',#9211);
#9211 = CARTESIAN_POINT('',(5.41,3.555111512313E-15,2.5));
#9212 = LINE('',#9213,#9214);
#9213 = CARTESIAN_POINT('',(1.81,5.551115123126E-16,2.5));
#9214 = VECTOR('',#9215,1.);
#9215 = DIRECTION('',(1.,0.,0.));
#9216 = ORIENTED_EDGE('',*,*,#9217,.F.);
#9217 = EDGE_CURVE('',#9210,#9210,#9218,.T.);
#9218 = CIRCLE('',#9219,1.);
#9219 = AXIS2_PLACEMENT_3D('',#9220,#9221,#9222);
#9220 = CARTESIAN_POINT('',(5.41,6.630669073875E-16,1.5));
#9221 = DIRECTION('',(1.,0.,-0.));
#9222 = DIRECTION('',(0.,1.002044604925E-15,1.));
#9223 = ORIENTED_EDGE('',*,*,#9209,.F.);
#9224 = CYLINDRICAL_SURFACE('',#9225,1.);
#9225 = AXIS2_PLACEMENT_3D('',#9226,#9227,#9228);
#9226 = CARTESIAN_POINT('',(1.81,6.630669073875E-16,1.5));
#9227 = DIRECTION('',(1.,0.,0.));
#9228 = DIRECTION('',(-0.,1.002044604925E-15,1.));
#9229 = ADVANCED_FACE('',(#9230),#9250,.T.);
#9230 = FACE_BOUND('',#9231,.T.);
#9231 = EDGE_LOOP('',(#9232,#9241,#9248,#9249));
#9232 = ORIENTED_EDGE('',*,*,#9233,.T.);
#9233 = EDGE_CURVE('',#9234,#9234,#9236,.T.);
#9234 = VERTEX_POINT('',#9235);
#9235 = CARTESIAN_POINT('',(1.81,1.466293670343E-15,2.1));
#9236 = CIRCLE('',#9237,0.6);
#9237 = AXIS2_PLACEMENT_3D('',#9238,#9239,#9240);
#9238 = CARTESIAN_POINT('',(1.81,6.630669073875E-16,1.5));
#9239 = DIRECTION('',(1.,0.,-0.));
#9240 = DIRECTION('',(0.,1.002044604925E-15,1.));
#9241 = ORIENTED_EDGE('',*,*,#9242,.F.);
#9242 = EDGE_CURVE('',#9184,#9234,#9243,.T.);
#9243 = CIRCLE('',#9244,0.4);
#9244 = AXIS2_PLACEMENT_3D('',#9245,#9246,#9247);
#9245 = CARTESIAN_POINT('',(2.21,1.266293670343E-15,2.1));
#9246 = DIRECTION('',(0.,-1.,1.002044604925E-15));
#9247 = DIRECTION('',(0.,1.002044604925E-15,1.));
#9248 = ORIENTED_EDGE('',*,*,#9183,.F.);
#9249 = ORIENTED_EDGE('',*,*,#9242,.T.);
#9250 = TOROIDAL_SURFACE('',#9251,0.6,0.4);
#9251 = AXIS2_PLACEMENT_3D('',#9252,#9253,#9254);
#9252 = CARTESIAN_POINT('',(2.21,6.630669073875E-16,1.5));
#9253 = DIRECTION('',(-1.,0.,0.));
#9254 = DIRECTION('',(0.,1.002044604925E-15,1.));
#9255 = ADVANCED_FACE('',(#9256),#9276,.T.);
#9256 = FACE_BOUND('',#9257,.T.);
#9257 = EDGE_LOOP('',(#9258,#9259,#9268,#9275));
#9258 = ORIENTED_EDGE('',*,*,#9217,.T.);
#9259 = ORIENTED_EDGE('',*,*,#9260,.F.);
#9260 = EDGE_CURVE('',#9261,#9210,#9263,.T.);
#9261 = VERTEX_POINT('',#9262);
#9262 = CARTESIAN_POINT('',(5.81,1.466293670343E-15,2.1));
#9263 = CIRCLE('',#9264,0.4);
#9264 = AXIS2_PLACEMENT_3D('',#9265,#9266,#9267);
#9265 = CARTESIAN_POINT('',(5.41,1.266293670343E-15,2.1));
#9266 = DIRECTION('',(0.,-1.,1.002044604925E-15));
#9267 = DIRECTION('',(0.,1.002044604925E-15,1.));
#9268 = ORIENTED_EDGE('',*,*,#9269,.F.);
#9269 = EDGE_CURVE('',#9261,#9261,#9270,.T.);
#9270 = CIRCLE('',#9271,0.6);
#9271 = AXIS2_PLACEMENT_3D('',#9272,#9273,#9274);
#9272 = CARTESIAN_POINT('',(5.81,6.630669073875E-16,1.5));
#9273 = DIRECTION('',(1.,0.,-0.));
#9274 = DIRECTION('',(0.,1.002044604925E-15,1.));
#9275 = ORIENTED_EDGE('',*,*,#9260,.T.);
#9276 = TOROIDAL_SURFACE('',#9277,0.6,0.4);
#9277 = AXIS2_PLACEMENT_3D('',#9278,#9279,#9280);
#9278 = CARTESIAN_POINT('',(5.41,6.630669073875E-16,1.5));
#9279 = DIRECTION('',(-1.,0.,0.));
#9280 = DIRECTION('',(0.,1.002044604925E-15,1.));
#9281 = ADVANCED_FACE('',(#9282),#9285,.F.);
#9282 = FACE_BOUND('',#9283,.T.);
#9283 = EDGE_LOOP('',(#9284));
#9284 = ORIENTED_EDGE('',*,*,#9233,.F.);
#9285 = PLANE('',#9286);
#9286 = AXIS2_PLACEMENT_3D('',#9287,#9288,#9289);
#9287 = CARTESIAN_POINT('',(1.81,6.630669073875E-16,1.5));
#9288 = DIRECTION('',(1.,0.,0.));
#9289 = DIRECTION('',(-0.,1.002044604925E-15,1.));
#9290 = ADVANCED_FACE('',(#9291),#9294,.T.);
#9291 = FACE_BOUND('',#9292,.F.);
#9292 = EDGE_LOOP('',(#9293));
#9293 = ORIENTED_EDGE('',*,*,#9269,.F.);
#9294 = PLANE('',#9295);
#9295 = AXIS2_PLACEMENT_3D('',#9296,#9297,#9298);
#9296 = CARTESIAN_POINT('',(5.81,6.630669073875E-16,1.5));
#9297 = DIRECTION('',(1.,0.,0.));
#9298 = DIRECTION('',(-0.,1.002044604925E-15,1.));
#9299 = ( GEOMETRIC_REPRESENTATION_CONTEXT(3) 
GLOBAL_UNCERTAINTY_ASSIGNED_CONTEXT((#9303)) 
GLOBAL_UNIT_ASSIGNED_CONTEXT((#9300,#9301,#9302)) REPRESENTATION_CONTEXT
('Context #1','3D Context with UNIT and UNCERTAINTY') );
#9300 = ( LENGTH_UNIT() NAMED_UNIT(*) SI_UNIT(.MILLI.,.METRE.) );
#9301 = ( NAMED_UNIT(*) PLANE_ANGLE_UNIT() SI_UNIT($,.RADIAN.) );
#9302 = ( NAMED_UNIT(*) SI_UNIT($,.STERADIAN.) SOLID_ANGLE_UNIT() );
#9303 = UNCERTAINTY_MEASURE_WITH_UNIT(LENGTH_MEASURE(1.E-07),#9300,
  'distance_accuracy_value','confusion accuracy');
#9304 = CONTEXT_DEPENDENT_SHAPE_REPRESENTATION(#9305,#9307);
#9305 = ( REPRESENTATION_RELATIONSHIP('','',#8948,#10) 
REPRESENTATION_RELATIONSHIP_WITH_TRANSFORMATION(#9306) 
SHAPE_REPRESENTATION_RELATIONSHIP() );
#9306 = ITEM_DEFINED_TRANSFORMATION('','',#11,#31);
#9307 = PRODUCT_DEFINITION_SHAPE('Placement','Placement of an item',
  #9308);
#9308 = NEXT_ASSEMBLY_USAGE_OCCURRENCE('5','D14','',#5,#8943,$);
#9309 = PRODUCT_RELATED_PRODUCT_CATEGORY('part',$,(#8945));
#9310 = CONTEXT_DEPENDENT_SHAPE_REPRESENTATION(#9311,#9313);
#9311 = ( REPRESENTATION_RELATIONSHIP('','',#8948,#10) 
REPRESENTATION_RELATIONSHIP_WITH_TRANSFORMATION(#9312) 
SHAPE_REPRESENTATION_RELATIONSHIP() );
#9312 = ITEM_DEFINED_TRANSFORMATION('','',#11,#35);
#9313 = PRODUCT_DEFINITION_SHAPE('Placement','Placement of an item',
  #9314);
#9314 = NEXT_ASSEMBLY_USAGE_OCCURRENCE('6','D13','',#5,#8943,$);
#9315 = CONTEXT_DEPENDENT_SHAPE_REPRESENTATION(#9316,#9318);
#9316 = ( REPRESENTATION_RELATIONSHIP('','',#8948,#10) 
REPRESENTATION_RELATIONSHIP_WITH_TRANSFORMATION(#9317) 
SHAPE_REPRESENTATION_RELATIONSHIP() );
#9317 = ITEM_DEFINED_TRANSFORMATION('','',#11,#39);
#9318 = PRODUCT_DEFINITION_SHAPE('Placement','Placement of an item',
  #9319);
#9319 = NEXT_ASSEMBLY_USAGE_OCCURRENCE('7','D12','',#5,#8943,$);
#9320 = CONTEXT_DEPENDENT_SHAPE_REPRESENTATION(#9321,#9323);
#9321 = ( REPRESENTATION_RELATIONSHIP('','',#8948,#10) 
REPRESENTATION_RELATIONSHIP_WITH_TRANSFORMATION(#9322) 
SHAPE_REPRESENTATION_RELATIONSHIP() );
#9322 = ITEM_DEFINED_TRANSFORMATION('','',#11,#43);
#9323 = PRODUCT_DEFINITION_SHAPE('Placement','Placement of an item',
  #9324);
#9324 = NEXT_ASSEMBLY_USAGE_OCCURRENCE('8','D15','',#5,#8943,$);
#9325 = CONTEXT_DEPENDENT_SHAPE_REPRESENTATION(#9326,#9328);
#9326 = ( REPRESENTATION_RELATIONSHIP('','',#8948,#10) 
REPRESENTATION_RELATIONSHIP_WITH_TRANSFORMATION(#9327) 
SHAPE_REPRESENTATION_RELATIONSHIP() );
#9327 = ITEM_DEFINED_TRANSFORMATION('','',#11,#47);
#9328 = PRODUCT_DEFINITION_SHAPE('Placement','Placement of an item',
  #9329);
#9329 = NEXT_ASSEMBLY_USAGE_OCCURRENCE('9','D19','',#5,#8943,$);
#9330 = CONTEXT_DEPENDENT_SHAPE_REPRESENTATION(#9331,#9333);
#9331 = ( REPRESENTATION_RELATIONSHIP('','',#8948,#10) 
REPRESENTATION_RELATIONSHIP_WITH_TRANSFORMATION(#9332) 
SHAPE_REPRESENTATION_RELATIONSHIP() );
#9332 = ITEM_DEFINED_TRANSFORMATION('','',#11,#51);
#9333 = PRODUCT_DEFINITION_SHAPE('Placement','Placement of an item',
  #9334);
#9334 = NEXT_ASSEMBLY_USAGE_OCCURRENCE('10','D18','',#5,#8943,$);
#9335 = CONTEXT_DEPENDENT_SHAPE_REPRESENTATION(#9336,#9338);
#9336 = ( REPRESENTATION_RELATIONSHIP('','',#8948,#10) 
REPRESENTATION_RELATIONSHIP_WITH_TRANSFORMATION(#9337) 
SHAPE_REPRESENTATION_RELATIONSHIP() );
#9337 = ITEM_DEFINED_TRANSFORMATION('','',#11,#55);
#9338 = PRODUCT_DEFINITION_SHAPE('Placement','Placement of an item',
  #9339);
#9339 = NEXT_ASSEMBLY_USAGE_OCCURRENCE('11','D16','',#5,#8943,$);
#9340 = CONTEXT_DEPENDENT_SHAPE_REPRESENTATION(#9341,#9343);
#9341 = ( REPRESENTATION_RELATIONSHIP('','',#8948,#10) 
REPRESENTATION_RELATIONSHIP_WITH_TRANSFORMATION(#9342) 
SHAPE_REPRESENTATION_RELATIONSHIP() );
#9342 = ITEM_DEFINED_TRANSFORMATION('','',#11,#59);
#9343 = PRODUCT_DEFINITION_SHAPE('Placement','Placement of an item',
  #9344);
#9344 = NEXT_ASSEMBLY_USAGE_OCCURRENCE('12','D17','',#5,#8943,$);
#9345 = CONTEXT_DEPENDENT_SHAPE_REPRESENTATION(#9346,#9348);
#9346 = ( REPRESENTATION_RELATIONSHIP('','',#8948,#10) 
REPRESENTATION_RELATIONSHIP_WITH_TRANSFORMATION(#9347) 
SHAPE_REPRESENTATION_RELATIONSHIP() );
#9347 = ITEM_DEFINED_TRANSFORMATION('','',#11,#63);
#9348 = PRODUCT_DEFINITION_SHAPE('Placement','Placement of an item',
  #9349);
#9349 = NEXT_ASSEMBLY_USAGE_OCCURRENCE('13','D20','',#5,#8943,$);
#9350 = CONTEXT_DEPENDENT_SHAPE_REPRESENTATION(#9351,#9353);
#9351 = ( REPRESENTATION_RELATIONSHIP('','',#8065,#10) 
REPRESENTATION_RELATIONSHIP_WITH_TRANSFORMATION(#9352) 
SHAPE_REPRESENTATION_RELATIONSHIP() );
#9352 = ITEM_DEFINED_TRANSFORMATION('','',#11,#67);
#9353 = PRODUCT_DEFINITION_SHAPE('Placement','Placement of an item',
  #9354);
#9354 = NEXT_ASSEMBLY_USAGE_OCCURRENCE('14','C1','',#5,#8060,$);
#9355 = CONTEXT_DEPENDENT_SHAPE_REPRESENTATION(#9356,#9358);
#9356 = ( REPRESENTATION_RELATIONSHIP('','',#8948,#10) 
REPRESENTATION_RELATIONSHIP_WITH_TRANSFORMATION(#9357) 
SHAPE_REPRESENTATION_RELATIONSHIP() );
#9357 = ITEM_DEFINED_TRANSFORMATION('','',#11,#71);
#9358 = PRODUCT_DEFINITION_SHAPE('Placement','Placement of an item',
  #9359);
#9359 = NEXT_ASSEMBLY_USAGE_OCCURRENCE('15','D11','',#5,#8943,$);
#9360 = CONTEXT_DEPENDENT_SHAPE_REPRESENTATION(#9361,#9363);
#9361 = ( REPRESENTATION_RELATIONSHIP('','',#8065,#10) 
REPRESENTATION_RELATIONSHIP_WITH_TRANSFORMATION(#9362) 
SHAPE_REPRESENTATION_RELATIONSHIP() );
#9362 = ITEM_DEFINED_TRANSFORMATION('','',#11,#75);
#9363 = PRODUCT_DEFINITION_SHAPE('Placement','Placement of an item',
  #9364);
#9364 = NEXT_ASSEMBLY_USAGE_OCCURRENCE('16','C6','',#5,#8060,$);
#9365 = CONTEXT_DEPENDENT_SHAPE_REPRESENTATION(#9366,#9368);
#9366 = ( REPRESENTATION_RELATIONSHIP('','',#8065,#10) 
REPRESENTATION_RELATIONSHIP_WITH_TRANSFORMATION(#9367) 
SHAPE_REPRESENTATION_RELATIONSHIP() );
#9367 = ITEM_DEFINED_TRANSFORMATION('','',#11,#79);
#9368 = PRODUCT_DEFINITION_SHAPE('Placement','Placement of an item',
  #9369);
#9369 = NEXT_ASSEMBLY_USAGE_OCCURRENCE('17','C4','',#5,#8060,$);
#9370 = SHAPE_DEFINITION_REPRESENTATION(#9371,#9377);
#9371 = PRODUCT_DEFINITION_SHAPE('','',#9372);
#9372 = PRODUCT_DEFINITION('design','',#9373,#9376);
#9373 = PRODUCT_DEFINITION_FORMATION('','',#9374);
#9374 = PRODUCT('KiCAD_project_PCB','KiCAD_project_PCB','',(#9375));
#9375 = PRODUCT_CONTEXT('',#2,'mechanical');
#9376 = PRODUCT_DEFINITION_CONTEXT('part definition',#2,'design');
#9377 = ADVANCED_BREP_SHAPE_REPRESENTATION('',(#11,#9378),#17122);
#9378 = MANIFOLD_SOLID_BREP('',#9379);
#9379 = CLOSED_SHELL('',(#9380,#9420,#9451,#9482,#11545,#13608,#13620,
    #13637,#13654,#13671,#13688,#13705,#13722,#13739,#13756,#13773,
    #13790,#13807,#13824,#13841,#13863,#13880,#13897,#13914,#13931,
    #13948,#13965,#13982,#13999,#14016,#14033,#14050,#14067,#14084,
    #14101,#14113,#14130,#14147,#14164,#14181,#14198,#14215,#14232,
    #14249,#14266,#14283,#14300,#14317,#14334,#14351,#14368,#14385,
    #14402,#14419,#14436,#14453,#14470,#14492,#14509,#14526,#14543,
    #14560,#14577,#14594,#14611,#14628,#14645,#14662,#14679,#14696,
    #14713,#14730,#14742,#14759,#14776,#14793,#14810,#14827,#14844,
    #14861,#14883,#14900,#14917,#14934,#14951,#14968,#14985,#15002,
    #15019,#15036,#15053,#15070,#15087,#15104,#15121,#15133,#15150,
    #15167,#15184,#15201,#15223,#15240,#15257,#15274,#15291,#15308,
    #15325,#15342,#15359,#15376,#15393,#15410,#15427,#15444,#15461,
    #15473,#15490,#15507,#15524,#15541,#15558,#15575,#15597,#15614,
    #15631,#15648,#15665,#15682,#15699,#15716,#15733,#15750,#15767,
    #15784,#15801,#15818,#15835,#15847,#15864,#15881,#15898,#15915,
    #15932,#15949,#15966,#15983,#16000,#16017,#16034,#16051,#16068,
    #16085,#16102,#16119,#16136,#16153,#16170,#16187,#16204,#16221,
    #16238,#16255,#16272,#16289,#16306,#16323,#16340,#16357,#16374,
    #16391,#16408,#16430,#16447,#16464,#16481,#16498,#16515,#16532,
    #16549,#16566,#16583,#16600,#16617,#16634,#16651,#16668,#16680,
    #16697,#16714,#16731,#16748,#16765,#16782,#16799,#16816,#16833,
    #16850,#16872,#16889,#16906,#16918,#16935,#16952,#16969,#16986,
    #17003,#17025,#17042,#17059,#17071,#17088,#17105));
#9380 = ADVANCED_FACE('',(#9381),#9415,.T.);
#9381 = FACE_BOUND('',#9382,.T.);
#9382 = EDGE_LOOP('',(#9383,#9393,#9401,#9409));
#9383 = ORIENTED_EDGE('',*,*,#9384,.T.);
#9384 = EDGE_CURVE('',#9385,#9387,#9389,.T.);
#9385 = VERTEX_POINT('',#9386);
#9386 = CARTESIAN_POINT('',(174.8,-146.6,0.));
#9387 = VERTEX_POINT('',#9388);
#9388 = CARTESIAN_POINT('',(174.8,-146.6,1.51));
#9389 = LINE('',#9390,#9391);
#9390 = CARTESIAN_POINT('',(174.8,-146.6,0.));
#9391 = VECTOR('',#9392,1.);
#9392 = DIRECTION('',(0.,0.,1.));
#9393 = ORIENTED_EDGE('',*,*,#9394,.T.);
#9394 = EDGE_CURVE('',#9387,#9395,#9397,.T.);
#9395 = VERTEX_POINT('',#9396);
#9396 = CARTESIAN_POINT('',(96.45,-146.6,1.51));
#9397 = LINE('',#9398,#9399);
#9398 = CARTESIAN_POINT('',(174.8,-146.6,1.51));
#9399 = VECTOR('',#9400,1.);
#9400 = DIRECTION('',(-1.,0.,0.));
#9401 = ORIENTED_EDGE('',*,*,#9402,.F.);
#9402 = EDGE_CURVE('',#9403,#9395,#9405,.T.);
#9403 = VERTEX_POINT('',#9404);
#9404 = CARTESIAN_POINT('',(96.45,-146.6,0.));
#9405 = LINE('',#9406,#9407);
#9406 = CARTESIAN_POINT('',(96.45,-146.6,0.));
#9407 = VECTOR('',#9408,1.);
#9408 = DIRECTION('',(0.,0.,1.));
#9409 = ORIENTED_EDGE('',*,*,#9410,.F.);
#9410 = EDGE_CURVE('',#9385,#9403,#9411,.T.);
#9411 = LINE('',#9412,#9413);
#9412 = CARTESIAN_POINT('',(174.8,-146.6,0.));
#9413 = VECTOR('',#9414,1.);
#9414 = DIRECTION('',(-1.,0.,0.));
#9415 = PLANE('',#9416);
#9416 = AXIS2_PLACEMENT_3D('',#9417,#9418,#9419);
#9417 = CARTESIAN_POINT('',(174.8,-146.6,0.));
#9418 = DIRECTION('',(0.,-1.,0.));
#9419 = DIRECTION('',(-1.,0.,0.));
#9420 = ADVANCED_FACE('',(#9421),#9446,.T.);
#9421 = FACE_BOUND('',#9422,.T.);
#9422 = EDGE_LOOP('',(#9423,#9433,#9439,#9440));
#9423 = ORIENTED_EDGE('',*,*,#9424,.T.);
#9424 = EDGE_CURVE('',#9425,#9427,#9429,.T.);
#9425 = VERTEX_POINT('',#9426);
#9426 = CARTESIAN_POINT('',(174.8,-60.35,0.));
#9427 = VERTEX_POINT('',#9428);
#9428 = CARTESIAN_POINT('',(174.8,-60.35,1.51));
#9429 = LINE('',#9430,#9431);
#9430 = CARTESIAN_POINT('',(174.8,-60.35,0.));
#9431 = VECTOR('',#9432,1.);
#9432 = DIRECTION('',(0.,0.,1.));
#9433 = ORIENTED_EDGE('',*,*,#9434,.T.);
#9434 = EDGE_CURVE('',#9427,#9387,#9435,.T.);
#9435 = LINE('',#9436,#9437);
#9436 = CARTESIAN_POINT('',(174.8,-60.35,1.51));
#9437 = VECTOR('',#9438,1.);
#9438 = DIRECTION('',(0.,-1.,0.));
#9439 = ORIENTED_EDGE('',*,*,#9384,.F.);
#9440 = ORIENTED_EDGE('',*,*,#9441,.F.);
#9441 = EDGE_CURVE('',#9425,#9385,#9442,.T.);
#9442 = LINE('',#9443,#9444);
#9443 = CARTESIAN_POINT('',(174.8,-60.35,0.));
#9444 = VECTOR('',#9445,1.);
#9445 = DIRECTION('',(0.,-1.,0.));
#9446 = PLANE('',#9447);
#9447 = AXIS2_PLACEMENT_3D('',#9448,#9449,#9450);
#9448 = CARTESIAN_POINT('',(174.8,-60.35,0.));
#9449 = DIRECTION('',(1.,0.,-0.));
#9450 = DIRECTION('',(0.,-1.,0.));
#9451 = ADVANCED_FACE('',(#9452),#9477,.T.);
#9452 = FACE_BOUND('',#9453,.T.);
#9453 = EDGE_LOOP('',(#9454,#9455,#9463,#9471));
#9454 = ORIENTED_EDGE('',*,*,#9402,.T.);
#9455 = ORIENTED_EDGE('',*,*,#9456,.T.);
#9456 = EDGE_CURVE('',#9395,#9457,#9459,.T.);
#9457 = VERTEX_POINT('',#9458);
#9458 = CARTESIAN_POINT('',(96.45,-60.35,1.51));
#9459 = LINE('',#9460,#9461);
#9460 = CARTESIAN_POINT('',(96.45,-146.6,1.51));
#9461 = VECTOR('',#9462,1.);
#9462 = DIRECTION('',(0.,1.,0.));
#9463 = ORIENTED_EDGE('',*,*,#9464,.F.);
#9464 = EDGE_CURVE('',#9465,#9457,#9467,.T.);
#9465 = VERTEX_POINT('',#9466);
#9466 = CARTESIAN_POINT('',(96.45,-60.35,0.));
#9467 = LINE('',#9468,#9469);
#9468 = CARTESIAN_POINT('',(96.45,-60.35,0.));
#9469 = VECTOR('',#9470,1.);
#9470 = DIRECTION('',(0.,0.,1.));
#9471 = ORIENTED_EDGE('',*,*,#9472,.F.);
#9472 = EDGE_CURVE('',#9403,#9465,#9473,.T.);
#9473 = LINE('',#9474,#9475);
#9474 = CARTESIAN_POINT('',(96.45,-146.6,0.));
#9475 = VECTOR('',#9476,1.);
#9476 = DIRECTION('',(0.,1.,0.));
#9477 = PLANE('',#9478);
#9478 = AXIS2_PLACEMENT_3D('',#9479,#9480,#9481);
#9479 = CARTESIAN_POINT('',(96.45,-146.6,0.));
#9480 = DIRECTION('',(-1.,0.,0.));
#9481 = DIRECTION('',(0.,1.,0.));
#9482 = ADVANCED_FACE('',(#9483,#9494,#9505,#9516,#9527,#9538,#9549,
    #9560,#9571,#9582,#9593,#9604,#9615,#9626,#9637,#9779,#9790,#9801,
    #9812,#9823,#9834,#9845,#9856,#9867,#9878,#9889,#9900,#9911,#9922,
    #9933,#9944,#9955,#9966,#9977,#9988,#9999,#10010,#10152,#10163,
    #10174,#10185,#10196,#10207,#10218,#10229,#10371,#10382,#10393,
    #10404,#10415,#10557,#10568,#10579,#10590,#10601,#10612,#10623,
    #10765,#10776,#10787,#10798,#10809,#10820,#10831,#10842,#10853,
    #10864,#10875,#10886,#10897,#10908,#10919,#10930,#10941,#10952,
    #10963,#10974,#10985,#10996,#11007,#11018,#11029,#11040,#11051,
    #11062,#11073,#11084,#11095,#11106,#11117,#11128,#11270,#11281,
    #11292,#11303,#11314,#11325,#11336,#11347,#11358,#11369,#11380,
    #11416,#11427,#11438,#11449,#11460,#11471,#11507,#11518,#11529),
  #11540,.F.);
#9483 = FACE_BOUND('',#9484,.F.);
#9484 = EDGE_LOOP('',(#9485,#9486,#9487,#9493));
#9485 = ORIENTED_EDGE('',*,*,#9410,.F.);
#9486 = ORIENTED_EDGE('',*,*,#9441,.F.);
#9487 = ORIENTED_EDGE('',*,*,#9488,.F.);
#9488 = EDGE_CURVE('',#9465,#9425,#9489,.T.);
#9489 = LINE('',#9490,#9491);
#9490 = CARTESIAN_POINT('',(96.45,-60.35,0.));
#9491 = VECTOR('',#9492,1.);
#9492 = DIRECTION('',(1.,0.,0.));
#9493 = ORIENTED_EDGE('',*,*,#9472,.F.);
#9494 = FACE_BOUND('',#9495,.F.);
#9495 = EDGE_LOOP('',(#9496));
#9496 = ORIENTED_EDGE('',*,*,#9497,.T.);
#9497 = EDGE_CURVE('',#9498,#9498,#9500,.T.);
#9498 = VERTEX_POINT('',#9499);
#9499 = CARTESIAN_POINT('',(104.85,-143.05,0.));
#9500 = CIRCLE('',#9501,1.6);
#9501 = AXIS2_PLACEMENT_3D('',#9502,#9503,#9504);
#9502 = CARTESIAN_POINT('',(104.85,-141.45,0.));
#9503 = DIRECTION('',(-0.,0.,-1.));
#9504 = DIRECTION('',(-0.,-1.,0.));
#9505 = FACE_BOUND('',#9506,.F.);
#9506 = EDGE_LOOP('',(#9507));
#9507 = ORIENTED_EDGE('',*,*,#9508,.T.);
#9508 = EDGE_CURVE('',#9509,#9509,#9511,.T.);
#9509 = VERTEX_POINT('',#9510);
#9510 = CARTESIAN_POINT('',(107.75,-136.76,0.));
#9511 = CIRCLE('',#9512,0.4);
#9512 = AXIS2_PLACEMENT_3D('',#9513,#9514,#9515);
#9513 = CARTESIAN_POINT('',(107.75,-136.36,0.));
#9514 = DIRECTION('',(-0.,0.,-1.));
#9515 = DIRECTION('',(-0.,-1.,0.));
#9516 = FACE_BOUND('',#9517,.F.);
#9517 = EDGE_LOOP('',(#9518));
#9518 = ORIENTED_EDGE('',*,*,#9519,.T.);
#9519 = EDGE_CURVE('',#9520,#9520,#9522,.T.);
#9520 = VERTEX_POINT('',#9521);
#9521 = CARTESIAN_POINT('',(107.75,-129.14,0.));
#9522 = CIRCLE('',#9523,0.4);
#9523 = AXIS2_PLACEMENT_3D('',#9524,#9525,#9526);
#9524 = CARTESIAN_POINT('',(107.75,-128.74,0.));
#9525 = DIRECTION('',(-0.,0.,-1.));
#9526 = DIRECTION('',(-0.,-1.,0.));
#9527 = FACE_BOUND('',#9528,.F.);
#9528 = EDGE_LOOP('',(#9529));
#9529 = ORIENTED_EDGE('',*,*,#9530,.T.);
#9530 = EDGE_CURVE('',#9531,#9531,#9533,.T.);
#9531 = VERTEX_POINT('',#9532);
#9532 = CARTESIAN_POINT('',(113.6185,-131.875,0.));
#9533 = CIRCLE('',#9534,0.85);
#9534 = AXIS2_PLACEMENT_3D('',#9535,#9536,#9537);
#9535 = CARTESIAN_POINT('',(113.6185,-131.025,0.));
#9536 = DIRECTION('',(-0.,0.,-1.));
#9537 = DIRECTION('',(-1.671865260612E-14,-1.,0.));
#9538 = FACE_BOUND('',#9539,.F.);
#9539 = EDGE_LOOP('',(#9540));
#9540 = ORIENTED_EDGE('',*,*,#9541,.T.);
#9541 = EDGE_CURVE('',#9542,#9542,#9544,.T.);
#9542 = VERTEX_POINT('',#9543);
#9543 = CARTESIAN_POINT('',(114.8885,-129.235,0.));
#9544 = CIRCLE('',#9545,0.75);
#9545 = AXIS2_PLACEMENT_3D('',#9546,#9547,#9548);
#9546 = CARTESIAN_POINT('',(114.8885,-128.485,0.));
#9547 = DIRECTION('',(-0.,0.,-1.));
#9548 = DIRECTION('',(-0.,-1.,0.));
#9549 = FACE_BOUND('',#9550,.F.);
#9550 = EDGE_LOOP('',(#9551));
#9551 = ORIENTED_EDGE('',*,*,#9552,.T.);
#9552 = EDGE_CURVE('',#9553,#9553,#9555,.T.);
#9553 = VERTEX_POINT('',#9554);
#9554 = CARTESIAN_POINT('',(118.6985,-133.025,0.));
#9555 = CIRCLE('',#9556,2.);
#9556 = AXIS2_PLACEMENT_3D('',#9557,#9558,#9559);
#9557 = CARTESIAN_POINT('',(118.6985,-131.025,0.));
#9558 = DIRECTION('',(-0.,0.,-1.));
#9559 = DIRECTION('',(-0.,-1.,0.));
#9560 = FACE_BOUND('',#9561,.F.);
#9561 = EDGE_LOOP('',(#9562));
#9562 = ORIENTED_EDGE('',*,*,#9563,.T.);
#9563 = EDGE_CURVE('',#9564,#9564,#9566,.T.);
#9564 = VERTEX_POINT('',#9565);
#9565 = CARTESIAN_POINT('',(128.3,-136.77,0.));
#9566 = CIRCLE('',#9567,0.4);
#9567 = AXIS2_PLACEMENT_3D('',#9568,#9569,#9570);
#9568 = CARTESIAN_POINT('',(128.3,-136.37,0.));
#9569 = DIRECTION('',(-0.,0.,-1.));
#9570 = DIRECTION('',(-0.,-1.,0.));
#9571 = FACE_BOUND('',#9572,.F.);
#9572 = EDGE_LOOP('',(#9573));
#9573 = ORIENTED_EDGE('',*,*,#9574,.T.);
#9574 = EDGE_CURVE('',#9575,#9575,#9577,.T.);
#9575 = VERTEX_POINT('',#9576);
#9576 = CARTESIAN_POINT('',(123.7785,-131.875,0.));
#9577 = CIRCLE('',#9578,0.85);
#9578 = AXIS2_PLACEMENT_3D('',#9579,#9580,#9581);
#9579 = CARTESIAN_POINT('',(123.7785,-131.025,0.));
#9580 = DIRECTION('',(-0.,0.,-1.));
#9581 = DIRECTION('',(-1.671865260612E-14,-1.,0.));
#9582 = FACE_BOUND('',#9583,.F.);
#9583 = EDGE_LOOP('',(#9584));
#9584 = ORIENTED_EDGE('',*,*,#9585,.T.);
#9585 = EDGE_CURVE('',#9586,#9586,#9588,.T.);
#9586 = VERTEX_POINT('',#9587);
#9587 = CARTESIAN_POINT('',(128.3,-129.15,0.));
#9588 = CIRCLE('',#9589,0.4);
#9589 = AXIS2_PLACEMENT_3D('',#9590,#9591,#9592);
#9590 = CARTESIAN_POINT('',(128.3,-128.75,0.));
#9591 = DIRECTION('',(-0.,0.,-1.));
#9592 = DIRECTION('',(-0.,-1.,0.));
#9593 = FACE_BOUND('',#9594,.F.);
#9594 = EDGE_LOOP('',(#9595));
#9595 = ORIENTED_EDGE('',*,*,#9596,.T.);
#9596 = EDGE_CURVE('',#9597,#9597,#9599,.T.);
#9597 = VERTEX_POINT('',#9598);
#9598 = CARTESIAN_POINT('',(121.2385,-126.695,0.));
#9599 = CIRCLE('',#9600,0.75);
#9600 = AXIS2_PLACEMENT_3D('',#9601,#9602,#9603);
#9601 = CARTESIAN_POINT('',(121.2385,-125.945,0.));
#9602 = DIRECTION('',(-0.,0.,-1.));
#9603 = DIRECTION('',(-0.,-1.,0.));
#9604 = FACE_BOUND('',#9605,.F.);
#9605 = EDGE_LOOP('',(#9606));
#9606 = ORIENTED_EDGE('',*,*,#9607,.T.);
#9607 = EDGE_CURVE('',#9608,#9608,#9610,.T.);
#9608 = VERTEX_POINT('',#9609);
#9609 = CARTESIAN_POINT('',(132.6685,-131.875,0.));
#9610 = CIRCLE('',#9611,0.85);
#9611 = AXIS2_PLACEMENT_3D('',#9612,#9613,#9614);
#9612 = CARTESIAN_POINT('',(132.6685,-131.025,0.));
#9613 = DIRECTION('',(-0.,0.,-1.));
#9614 = DIRECTION('',(-0.,-1.,0.));
#9615 = FACE_BOUND('',#9616,.F.);
#9616 = EDGE_LOOP('',(#9617));
#9617 = ORIENTED_EDGE('',*,*,#9618,.T.);
#9618 = EDGE_CURVE('',#9619,#9619,#9621,.T.);
#9619 = VERTEX_POINT('',#9620);
#9620 = CARTESIAN_POINT('',(133.9385,-129.235,0.));
#9621 = CIRCLE('',#9622,0.75);
#9622 = AXIS2_PLACEMENT_3D('',#9623,#9624,#9625);
#9623 = CARTESIAN_POINT('',(133.9385,-128.485,0.));
#9624 = DIRECTION('',(-0.,0.,-1.));
#9625 = DIRECTION('',(-0.,-1.,0.));
#9626 = FACE_BOUND('',#9627,.F.);
#9627 = EDGE_LOOP('',(#9628));
#9628 = ORIENTED_EDGE('',*,*,#9629,.T.);
#9629 = EDGE_CURVE('',#9630,#9630,#9632,.T.);
#9630 = VERTEX_POINT('',#9631);
#9631 = CARTESIAN_POINT('',(107.8,-117.31,0.));
#9632 = CIRCLE('',#9633,0.4);
#9633 = AXIS2_PLACEMENT_3D('',#9634,#9635,#9636);
#9634 = CARTESIAN_POINT('',(107.8,-116.91,0.));
#9635 = DIRECTION('',(-0.,0.,-1.));
#9636 = DIRECTION('',(-3.552713678801E-14,-1.,0.));
#9637 = FACE_BOUND('',#9638,.F.);
#9638 = EDGE_LOOP('',(#9639,#9650,#9659,#9667,#9676,#9685,#9694,#9702,
    #9711,#9720,#9729,#9737,#9746,#9755,#9764,#9772));
#9639 = ORIENTED_EDGE('',*,*,#9640,.F.);
#9640 = EDGE_CURVE('',#9641,#9643,#9645,.T.);
#9641 = VERTEX_POINT('',#9642);
#9642 = CARTESIAN_POINT('',(120.137985,-120.872438,0.));
#9643 = VERTEX_POINT('',#9644);
#9644 = CARTESIAN_POINT('',(119.435212,-120.22386,0.));
#9645 = CIRCLE('',#9646,0.499999422661);
#9646 = AXIS2_PLACEMENT_3D('',#9647,#9648,#9649);
#9647 = CARTESIAN_POINT('',(119.68747029551,-120.65556033,0.));
#9648 = DIRECTION('',(0.,0.,1.));
#9649 = DIRECTION('',(0.901030449374,-0.433755840654,0.));
#9650 = ORIENTED_EDGE('',*,*,#9651,.F.);
#9651 = EDGE_CURVE('',#9652,#9641,#9654,.T.);
#9652 = VERTEX_POINT('',#9653);
#9653 = CARTESIAN_POINT('',(120.0885,-121.089315,0.));
#9654 = CIRCLE('',#9655,0.499989884978);
#9655 = AXIS2_PLACEMENT_3D('',#9656,#9657,#9658);
#9656 = CARTESIAN_POINT('',(120.58848988497,-121.0893140791,0.));
#9657 = DIRECTION('',(0.,0.,-1.));
#9658 = DIRECTION('',(-0.999999999998,-1.841808624623E-06,-0.));
#9659 = ORIENTED_EDGE('',*,*,#9660,.F.);
#9660 = EDGE_CURVE('',#9661,#9652,#9663,.T.);
#9661 = VERTEX_POINT('',#9662);
#9662 = CARTESIAN_POINT('',(120.0885,-122.495,0.));
#9663 = LINE('',#9664,#9665);
#9664 = CARTESIAN_POINT('',(120.0885,-122.495,0.));
#9665 = VECTOR('',#9666,1.);
#9666 = DIRECTION('',(0.,1.,0.));
#9667 = ORIENTED_EDGE('',*,*,#9668,.F.);
#9668 = EDGE_CURVE('',#9669,#9661,#9671,.T.);
#9669 = VERTEX_POINT('',#9670);
#9670 = CARTESIAN_POINT('',(120.137985,-122.711878,0.));
#9671 = CIRCLE('',#9672,0.499989885034);
#9672 = AXIS2_PLACEMENT_3D('',#9673,#9674,#9675);
#9673 = CARTESIAN_POINT('',(120.58848988503,-122.4950019208,0.));
#9674 = DIRECTION('',(0.,0.,-1.));
#9675 = DIRECTION('',(-0.901027997796,-0.43376093322,-0.));
#9676 = ORIENTED_EDGE('',*,*,#9677,.F.);
#9677 = EDGE_CURVE('',#9678,#9669,#9680,.T.);
#9678 = VERTEX_POINT('',#9679);
#9679 = CARTESIAN_POINT('',(119.435212,-123.360457,0.));
#9680 = CIRCLE('',#9681,0.499999448976);
#9681 = AXIS2_PLACEMENT_3D('',#9682,#9683,#9684);
#9682 = CARTESIAN_POINT('',(119.68747090428,-122.9287569951,0.));
#9683 = DIRECTION('',(0.,0.,1.));
#9684 = DIRECTION('',(-0.504518364574,-0.863400961204,0.));
#9685 = ORIENTED_EDGE('',*,*,#9686,.F.);
#9686 = EDGE_CURVE('',#9687,#9678,#9689,.T.);
#9687 = VERTEX_POINT('',#9688);
#9688 = CARTESIAN_POINT('',(119.182953,-123.292158,0.));
#9689 = CIRCLE('',#9690,0.500008729226);
#9690 = AXIS2_PLACEMENT_3D('',#9691,#9692,#9693);
#9691 = CARTESIAN_POINT('',(119.18295134314,-123.7921667292,0.));
#9692 = DIRECTION('',(0.,0.,-1.));
#9693 = DIRECTION('',(3.313649260187E-06,0.999999999995,0.));
#9694 = ORIENTED_EDGE('',*,*,#9695,.F.);
#9695 = EDGE_CURVE('',#9696,#9687,#9698,.T.);
#9696 = VERTEX_POINT('',#9697);
#9697 = CARTESIAN_POINT('',(117.594049,-123.292158,0.));
#9698 = LINE('',#9699,#9700);
#9699 = CARTESIAN_POINT('',(117.594049,-123.292158,0.));
#9700 = VECTOR('',#9701,1.);
#9701 = DIRECTION('',(1.,0.,0.));
#9702 = ORIENTED_EDGE('',*,*,#9703,.F.);
#9703 = EDGE_CURVE('',#9704,#9696,#9706,.T.);
#9704 = VERTEX_POINT('',#9705);
#9705 = CARTESIAN_POINT('',(117.341791,-123.360457,0.));
#9706 = CIRCLE('',#9707,0.500008729288);
#9707 = AXIS2_PLACEMENT_3D('',#9708,#9709,#9710);
#9708 = CARTESIAN_POINT('',(117.59405165687,-123.7921667292,0.));
#9709 = DIRECTION('',(0.,0.,-1.));
#9710 = DIRECTION('',(-0.504512505685,0.863404384751,0.));
#9711 = ORIENTED_EDGE('',*,*,#9712,.F.);
#9712 = EDGE_CURVE('',#9713,#9704,#9715,.T.);
#9713 = VERTEX_POINT('',#9714);
#9714 = CARTESIAN_POINT('',(116.639017,-122.711878,0.));
#9715 = CIRCLE('',#9716,0.500000669307);
#9716 = AXIS2_PLACEMENT_3D('',#9717,#9718,#9719);
#9717 = CARTESIAN_POINT('',(117.0895335355,-122.9287547404,0.));
#9718 = DIRECTION('',(0.,0.,1.));
#9719 = DIRECTION('',(-0.901031864884,0.433752900236,0.));
#9720 = ORIENTED_EDGE('',*,*,#9721,.F.);
#9721 = EDGE_CURVE('',#9722,#9713,#9724,.T.);
#9722 = VERTEX_POINT('',#9723);
#9723 = CARTESIAN_POINT('',(116.688502,-122.495001,0.));
#9724 = CIRCLE('',#9725,0.499989884978);
#9725 = AXIS2_PLACEMENT_3D('',#9726,#9727,#9728);
#9726 = CARTESIAN_POINT('',(116.18851211502,-122.4950019208,0.));
#9727 = DIRECTION('',(0.,0.,-1.));
#9728 = DIRECTION('',(0.999999999998,1.841808624623E-06,0.));
#9729 = ORIENTED_EDGE('',*,*,#9730,.F.);
#9730 = EDGE_CURVE('',#9731,#9722,#9733,.T.);
#9731 = VERTEX_POINT('',#9732);
#9732 = CARTESIAN_POINT('',(116.688502,-121.089316,0.));
#9733 = LINE('',#9734,#9735);
#9734 = CARTESIAN_POINT('',(116.688502,-121.089316,0.));
#9735 = VECTOR('',#9736,1.);
#9736 = DIRECTION('',(0.,-1.,0.));
#9737 = ORIENTED_EDGE('',*,*,#9738,.F.);
#9738 = EDGE_CURVE('',#9739,#9731,#9741,.T.);
#9739 = VERTEX_POINT('',#9740);
#9740 = CARTESIAN_POINT('',(116.639017,-120.872438,0.));
#9741 = CIRCLE('',#9742,0.499989885034);
#9742 = AXIS2_PLACEMENT_3D('',#9743,#9744,#9745);
#9743 = CARTESIAN_POINT('',(116.18851211496,-121.0893140791,0.));
#9744 = DIRECTION('',(0.,0.,-1.));
#9745 = DIRECTION('',(0.901027997796,0.43376093322,0.));
#9746 = ORIENTED_EDGE('',*,*,#9747,.F.);
#9747 = EDGE_CURVE('',#9748,#9739,#9750,.T.);
#9748 = VERTEX_POINT('',#9749);
#9749 = CARTESIAN_POINT('',(117.34179,-120.223859,0.));
#9750 = CIRCLE('',#9751,0.499999729127);
#9751 = AXIS2_PLACEMENT_3D('',#9752,#9753,#9754);
#9752 = CARTESIAN_POINT('',(117.08953174567,-120.6555597091,0.));
#9753 = DIRECTION('',(0.,0.,1.));
#9754 = DIRECTION('',(0.504516781969,0.863401885979,-0.));
#9755 = ORIENTED_EDGE('',*,*,#9756,.F.);
#9756 = EDGE_CURVE('',#9757,#9748,#9759,.T.);
#9757 = VERTEX_POINT('',#9758);
#9758 = CARTESIAN_POINT('',(117.594048,-120.292158,0.));
#9759 = CIRCLE('',#9760,0.500008729288);
#9760 = AXIS2_PLACEMENT_3D('',#9761,#9762,#9763);
#9761 = CARTESIAN_POINT('',(117.59405065687,-119.7921492707,0.));
#9762 = DIRECTION('',(0.,0.,-1.));
#9763 = DIRECTION('',(-5.31366276793E-06,-0.999999999986,-0.));
#9764 = ORIENTED_EDGE('',*,*,#9765,.F.);
#9765 = EDGE_CURVE('',#9766,#9757,#9768,.T.);
#9766 = VERTEX_POINT('',#9767);
#9767 = CARTESIAN_POINT('',(119.182954,-120.292159,0.));
#9768 = LINE('',#9769,#9770);
#9769 = CARTESIAN_POINT('',(119.182954,-120.292159,0.));
#9770 = VECTOR('',#9771,1.);
#9771 = DIRECTION('',(-1.,6.29363850017E-07,0.));
#9772 = ORIENTED_EDGE('',*,*,#9773,.F.);
#9773 = EDGE_CURVE('',#9643,#9766,#9774,.T.);
#9774 = CIRCLE('',#9775,0.500008729288);
#9775 = AXIS2_PLACEMENT_3D('',#9776,#9777,#9778);
#9776 = CARTESIAN_POINT('',(119.18295134312,-119.7921502707,0.));
#9777 = DIRECTION('',(0.,0.,-1.));
#9778 = DIRECTION('',(0.504512505685,-0.863404384751,0.));
#9779 = FACE_BOUND('',#9780,.F.);
#9780 = EDGE_LOOP('',(#9781));
#9781 = ORIENTED_EDGE('',*,*,#9782,.T.);
#9782 = EDGE_CURVE('',#9783,#9783,#9785,.T.);
#9783 = VERTEX_POINT('',#9784);
#9784 = CARTESIAN_POINT('',(107.8,-109.69,0.));
#9785 = CIRCLE('',#9786,0.4);
#9786 = AXIS2_PLACEMENT_3D('',#9787,#9788,#9789);
#9787 = CARTESIAN_POINT('',(107.8,-109.29,0.));
#9788 = DIRECTION('',(-0.,0.,-1.));
#9789 = DIRECTION('',(-3.552713678801E-14,-1.,0.));
#9790 = FACE_BOUND('',#9791,.F.);
#9791 = EDGE_LOOP('',(#9792));
#9792 = ORIENTED_EDGE('',*,*,#9793,.T.);
#9793 = EDGE_CURVE('',#9794,#9794,#9796,.T.);
#9794 = VERTEX_POINT('',#9795);
#9795 = CARTESIAN_POINT('',(113.6185,-112.835,0.));
#9796 = CIRCLE('',#9797,0.85);
#9797 = AXIS2_PLACEMENT_3D('',#9798,#9799,#9800);
#9798 = CARTESIAN_POINT('',(113.6185,-111.985,0.));
#9799 = DIRECTION('',(-0.,0.,-1.));
#9800 = DIRECTION('',(-1.671865260612E-14,-1.,0.));
#9801 = FACE_BOUND('',#9802,.F.);
#9802 = EDGE_LOOP('',(#9803));
#9803 = ORIENTED_EDGE('',*,*,#9804,.T.);
#9804 = EDGE_CURVE('',#9805,#9805,#9807,.T.);
#9805 = VERTEX_POINT('',#9806);
#9806 = CARTESIAN_POINT('',(114.8885,-110.195,0.));
#9807 = CIRCLE('',#9808,0.75);
#9808 = AXIS2_PLACEMENT_3D('',#9809,#9810,#9811);
#9809 = CARTESIAN_POINT('',(114.8885,-109.445,0.));
#9810 = DIRECTION('',(-0.,0.,-1.));
#9811 = DIRECTION('',(-0.,-1.,0.));
#9812 = FACE_BOUND('',#9813,.F.);
#9813 = EDGE_LOOP('',(#9814));
#9814 = ORIENTED_EDGE('',*,*,#9815,.T.);
#9815 = EDGE_CURVE('',#9816,#9816,#9818,.T.);
#9816 = VERTEX_POINT('',#9817);
#9817 = CARTESIAN_POINT('',(118.6985,-113.985,0.));
#9818 = CIRCLE('',#9819,2.);
#9819 = AXIS2_PLACEMENT_3D('',#9820,#9821,#9822);
#9820 = CARTESIAN_POINT('',(118.6985,-111.985,0.));
#9821 = DIRECTION('',(-0.,0.,-1.));
#9822 = DIRECTION('',(-0.,-1.,0.));
#9823 = FACE_BOUND('',#9824,.F.);
#9824 = EDGE_LOOP('',(#9825));
#9825 = ORIENTED_EDGE('',*,*,#9826,.T.);
#9826 = EDGE_CURVE('',#9827,#9827,#9829,.T.);
#9827 = VERTEX_POINT('',#9828);
#9828 = CARTESIAN_POINT('',(128.25,-117.61,0.));
#9829 = CIRCLE('',#9830,0.4);
#9830 = AXIS2_PLACEMENT_3D('',#9831,#9832,#9833);
#9831 = CARTESIAN_POINT('',(128.25,-117.21,0.));
#9832 = DIRECTION('',(-0.,0.,-1.));
#9833 = DIRECTION('',(-0.,-1.,0.));
#9834 = FACE_BOUND('',#9835,.F.);
#9835 = EDGE_LOOP('',(#9836));
#9836 = ORIENTED_EDGE('',*,*,#9837,.T.);
#9837 = EDGE_CURVE('',#9838,#9838,#9840,.T.);
#9838 = VERTEX_POINT('',#9839);
#9839 = CARTESIAN_POINT('',(123.7785,-112.835,0.));
#9840 = CIRCLE('',#9841,0.85);
#9841 = AXIS2_PLACEMENT_3D('',#9842,#9843,#9844);
#9842 = CARTESIAN_POINT('',(123.7785,-111.985,0.));
#9843 = DIRECTION('',(-0.,0.,-1.));
#9844 = DIRECTION('',(-1.671865260612E-14,-1.,0.));
#9845 = FACE_BOUND('',#9846,.F.);
#9846 = EDGE_LOOP('',(#9847));
#9847 = ORIENTED_EDGE('',*,*,#9848,.T.);
#9848 = EDGE_CURVE('',#9849,#9849,#9851,.T.);
#9849 = VERTEX_POINT('',#9850);
#9850 = CARTESIAN_POINT('',(128.25,-109.99,0.));
#9851 = CIRCLE('',#9852,0.4);
#9852 = AXIS2_PLACEMENT_3D('',#9853,#9854,#9855);
#9853 = CARTESIAN_POINT('',(128.25,-109.59,0.));
#9854 = DIRECTION('',(-0.,0.,-1.));
#9855 = DIRECTION('',(-0.,-1.,0.));
#9856 = FACE_BOUND('',#9857,.F.);
#9857 = EDGE_LOOP('',(#9858));
#9858 = ORIENTED_EDGE('',*,*,#9859,.T.);
#9859 = EDGE_CURVE('',#9860,#9860,#9862,.T.);
#9860 = VERTEX_POINT('',#9861);
#9861 = CARTESIAN_POINT('',(121.2385,-107.655,0.));
#9862 = CIRCLE('',#9863,0.75);
#9863 = AXIS2_PLACEMENT_3D('',#9864,#9865,#9866);
#9864 = CARTESIAN_POINT('',(121.2385,-106.905,0.));
#9865 = DIRECTION('',(-0.,0.,-1.));
#9866 = DIRECTION('',(-0.,-1.,0.));
#9867 = FACE_BOUND('',#9868,.F.);
#9868 = EDGE_LOOP('',(#9869));
#9869 = ORIENTED_EDGE('',*,*,#9870,.T.);
#9870 = EDGE_CURVE('',#9871,#9871,#9873,.T.);
#9871 = VERTEX_POINT('',#9872);
#9872 = CARTESIAN_POINT('',(132.6185,-112.825,0.));
#9873 = CIRCLE('',#9874,0.85);
#9874 = AXIS2_PLACEMENT_3D('',#9875,#9876,#9877);
#9875 = CARTESIAN_POINT('',(132.6185,-111.975,0.));
#9876 = DIRECTION('',(-0.,0.,-1.));
#9877 = DIRECTION('',(3.343730521224E-14,-1.,-0.));
#9878 = FACE_BOUND('',#9879,.F.);
#9879 = EDGE_LOOP('',(#9880));
#9880 = ORIENTED_EDGE('',*,*,#9881,.T.);
#9881 = EDGE_CURVE('',#9882,#9882,#9884,.T.);
#9882 = VERTEX_POINT('',#9883);
#9883 = CARTESIAN_POINT('',(133.8885,-110.185,0.));
#9884 = CIRCLE('',#9885,0.75);
#9885 = AXIS2_PLACEMENT_3D('',#9886,#9887,#9888);
#9886 = CARTESIAN_POINT('',(133.8885,-109.435,0.));
#9887 = DIRECTION('',(-0.,0.,-1.));
#9888 = DIRECTION('',(-0.,-1.,0.));
#9889 = FACE_BOUND('',#9890,.F.);
#9890 = EDGE_LOOP('',(#9891));
#9891 = ORIENTED_EDGE('',*,*,#9892,.T.);
#9892 = EDGE_CURVE('',#9893,#9893,#9895,.T.);
#9893 = VERTEX_POINT('',#9894);
#9894 = CARTESIAN_POINT('',(147.4,-136.62,0.));
#9895 = CIRCLE('',#9896,0.4);
#9896 = AXIS2_PLACEMENT_3D('',#9897,#9898,#9899);
#9897 = CARTESIAN_POINT('',(147.4,-136.22,0.));
#9898 = DIRECTION('',(-0.,0.,-1.));
#9899 = DIRECTION('',(-0.,-1.,0.));
#9900 = FACE_BOUND('',#9901,.F.);
#9901 = EDGE_LOOP('',(#9902));
#9902 = ORIENTED_EDGE('',*,*,#9903,.T.);
#9903 = EDGE_CURVE('',#9904,#9904,#9906,.T.);
#9904 = VERTEX_POINT('',#9905);
#9905 = CARTESIAN_POINT('',(137.7485,-133.025,0.));
#9906 = CIRCLE('',#9907,2.);
#9907 = AXIS2_PLACEMENT_3D('',#9908,#9909,#9910);
#9908 = CARTESIAN_POINT('',(137.7485,-131.025,0.));
#9909 = DIRECTION('',(-0.,0.,-1.));
#9910 = DIRECTION('',(-0.,-1.,0.));
#9911 = FACE_BOUND('',#9912,.F.);
#9912 = EDGE_LOOP('',(#9913));
#9913 = ORIENTED_EDGE('',*,*,#9914,.T.);
#9914 = EDGE_CURVE('',#9915,#9915,#9917,.T.);
#9915 = VERTEX_POINT('',#9916);
#9916 = CARTESIAN_POINT('',(142.8285,-131.875,0.));
#9917 = CIRCLE('',#9918,0.85);
#9918 = AXIS2_PLACEMENT_3D('',#9919,#9920,#9921);
#9919 = CARTESIAN_POINT('',(142.8285,-131.025,0.));
#9920 = DIRECTION('',(-0.,0.,-1.));
#9921 = DIRECTION('',(-3.343730521224E-14,-1.,0.));
#9922 = FACE_BOUND('',#9923,.F.);
#9923 = EDGE_LOOP('',(#9924));
#9924 = ORIENTED_EDGE('',*,*,#9925,.T.);
#9925 = EDGE_CURVE('',#9926,#9926,#9928,.T.);
#9926 = VERTEX_POINT('',#9927);
#9927 = CARTESIAN_POINT('',(140.2885,-126.695,0.));
#9928 = CIRCLE('',#9929,0.75);
#9929 = AXIS2_PLACEMENT_3D('',#9930,#9931,#9932);
#9930 = CARTESIAN_POINT('',(140.2885,-125.945,0.));
#9931 = DIRECTION('',(-0.,0.,-1.));
#9932 = DIRECTION('',(-0.,-1.,0.));
#9933 = FACE_BOUND('',#9934,.F.);
#9934 = EDGE_LOOP('',(#9935));
#9935 = ORIENTED_EDGE('',*,*,#9936,.T.);
#9936 = EDGE_CURVE('',#9937,#9937,#9939,.T.);
#9937 = VERTEX_POINT('',#9938);
#9938 = CARTESIAN_POINT('',(147.4,-129.,0.));
#9939 = CIRCLE('',#9940,0.4);
#9940 = AXIS2_PLACEMENT_3D('',#9941,#9942,#9943);
#9941 = CARTESIAN_POINT('',(147.4,-128.6,0.));
#9942 = DIRECTION('',(-0.,0.,-1.));
#9943 = DIRECTION('',(-0.,-1.,0.));
#9944 = FACE_BOUND('',#9945,.F.);
#9945 = EDGE_LOOP('',(#9946));
#9946 = ORIENTED_EDGE('',*,*,#9947,.T.);
#9947 = EDGE_CURVE('',#9948,#9948,#9950,.T.);
#9948 = VERTEX_POINT('',#9949);
#9949 = CARTESIAN_POINT('',(151.7185,-131.875,0.));
#9950 = CIRCLE('',#9951,0.85);
#9951 = AXIS2_PLACEMENT_3D('',#9952,#9953,#9954);
#9952 = CARTESIAN_POINT('',(151.7185,-131.025,0.));
#9953 = DIRECTION('',(-0.,0.,-1.));
#9954 = DIRECTION('',(-0.,-1.,0.));
#9955 = FACE_BOUND('',#9956,.F.);
#9956 = EDGE_LOOP('',(#9957));
#9957 = ORIENTED_EDGE('',*,*,#9958,.T.);
#9958 = EDGE_CURVE('',#9959,#9959,#9961,.T.);
#9959 = VERTEX_POINT('',#9960);
#9960 = CARTESIAN_POINT('',(152.9885,-129.235,0.));
#9961 = CIRCLE('',#9962,0.75);
#9962 = AXIS2_PLACEMENT_3D('',#9963,#9964,#9965);
#9963 = CARTESIAN_POINT('',(152.9885,-128.485,0.));
#9964 = DIRECTION('',(-0.,0.,-1.));
#9965 = DIRECTION('',(-0.,-1.,0.));
#9966 = FACE_BOUND('',#9967,.F.);
#9967 = EDGE_LOOP('',(#9968));
#9968 = ORIENTED_EDGE('',*,*,#9969,.T.);
#9969 = EDGE_CURVE('',#9970,#9970,#9972,.T.);
#9970 = VERTEX_POINT('',#9971);
#9971 = CARTESIAN_POINT('',(170.15,-143.05,0.));
#9972 = CIRCLE('',#9973,1.6);
#9973 = AXIS2_PLACEMENT_3D('',#9974,#9975,#9976);
#9974 = CARTESIAN_POINT('',(170.15,-141.45,0.));
#9975 = DIRECTION('',(-0.,0.,-1.));
#9976 = DIRECTION('',(-0.,-1.,0.));
#9977 = FACE_BOUND('',#9978,.F.);
#9978 = EDGE_LOOP('',(#9979));
#9979 = ORIENTED_EDGE('',*,*,#9980,.T.);
#9980 = EDGE_CURVE('',#9981,#9981,#9983,.T.);
#9981 = VERTEX_POINT('',#9982);
#9982 = CARTESIAN_POINT('',(156.7985,-133.025,0.));
#9983 = CIRCLE('',#9984,2.);
#9984 = AXIS2_PLACEMENT_3D('',#9985,#9986,#9987);
#9985 = CARTESIAN_POINT('',(156.7985,-131.025,0.));
#9986 = DIRECTION('',(-0.,0.,-1.));
#9987 = DIRECTION('',(-0.,-1.,0.));
#9988 = FACE_BOUND('',#9989,.F.);
#9989 = EDGE_LOOP('',(#9990));
#9990 = ORIENTED_EDGE('',*,*,#9991,.T.);
#9991 = EDGE_CURVE('',#9992,#9992,#9994,.T.);
#9992 = VERTEX_POINT('',#9993);
#9993 = CARTESIAN_POINT('',(161.8785,-131.875,0.));
#9994 = CIRCLE('',#9995,0.85);
#9995 = AXIS2_PLACEMENT_3D('',#9996,#9997,#9998);
#9996 = CARTESIAN_POINT('',(161.8785,-131.025,0.));
#9997 = DIRECTION('',(-0.,0.,-1.));
#9998 = DIRECTION('',(-0.,-1.,0.));
#9999 = FACE_BOUND('',#10000,.F.);
#10000 = EDGE_LOOP('',(#10001));
#10001 = ORIENTED_EDGE('',*,*,#10002,.T.);
#10002 = EDGE_CURVE('',#10003,#10003,#10005,.T.);
#10003 = VERTEX_POINT('',#10004);
#10004 = CARTESIAN_POINT('',(159.3385,-126.695,0.));
#10005 = CIRCLE('',#10006,0.75);
#10006 = AXIS2_PLACEMENT_3D('',#10007,#10008,#10009);
#10007 = CARTESIAN_POINT('',(159.3385,-125.945,0.));
#10008 = DIRECTION('',(-0.,0.,-1.));
#10009 = DIRECTION('',(-0.,-1.,0.));
#10010 = FACE_BOUND('',#10011,.F.);
#10011 = EDGE_LOOP('',(#10012,#10023,#10032,#10040,#10049,#10058,#10067,
    #10075,#10084,#10093,#10102,#10110,#10119,#10128,#10137,#10145));
#10012 = ORIENTED_EDGE('',*,*,#10013,.F.);
#10013 = EDGE_CURVE('',#10014,#10016,#10018,.T.);
#10014 = VERTEX_POINT('',#10015);
#10015 = CARTESIAN_POINT('',(139.825482,-120.880964,0.));
#10016 = VERTEX_POINT('',#10017);
#10017 = CARTESIAN_POINT('',(139.122708,-120.232385,0.));
#10018 = CIRCLE('',#10019,0.500000669307);
#10019 = AXIS2_PLACEMENT_3D('',#10020,#10021,#10022);
#10020 = CARTESIAN_POINT('',(139.37496546449,-120.6640872595,0.));
#10021 = DIRECTION('',(0.,0.,1.));
#10022 = DIRECTION('',(0.901031864884,-0.433752900236,0.));
#10023 = ORIENTED_EDGE('',*,*,#10024,.F.);
#10024 = EDGE_CURVE('',#10025,#10014,#10027,.T.);
#10025 = VERTEX_POINT('',#10026);
#10026 = CARTESIAN_POINT('',(139.775997,-121.097841,0.));
#10027 = CIRCLE('',#10028,0.499989884978);
#10028 = AXIS2_PLACEMENT_3D('',#10029,#10030,#10031);
#10029 = CARTESIAN_POINT('',(140.27598688497,-121.0978400791,0.));
#10030 = DIRECTION('',(0.,0.,-1.));
#10031 = DIRECTION('',(-0.999999999998,-1.841808653046E-06,-0.));
#10032 = ORIENTED_EDGE('',*,*,#10033,.F.);
#10033 = EDGE_CURVE('',#10034,#10025,#10036,.T.);
#10034 = VERTEX_POINT('',#10035);
#10035 = CARTESIAN_POINT('',(139.775997,-122.503526,0.));
#10036 = LINE('',#10037,#10038);
#10037 = CARTESIAN_POINT('',(139.775997,-122.503526,0.));
#10038 = VECTOR('',#10039,1.);
#10039 = DIRECTION('',(0.,1.,0.));
#10040 = ORIENTED_EDGE('',*,*,#10041,.F.);
#10041 = EDGE_CURVE('',#10042,#10034,#10044,.T.);
#10042 = VERTEX_POINT('',#10043);
#10043 = CARTESIAN_POINT('',(139.825482,-122.720404,0.));
#10044 = CIRCLE('',#10045,0.499989885034);
#10045 = AXIS2_PLACEMENT_3D('',#10046,#10047,#10048);
#10046 = CARTESIAN_POINT('',(140.27598688503,-122.5035279208,0.));
#10047 = DIRECTION('',(0.,0.,-1.));
#10048 = DIRECTION('',(-0.901027997796,-0.43376093322,-0.));
#10049 = ORIENTED_EDGE('',*,*,#10050,.F.);
#10050 = EDGE_CURVE('',#10051,#10042,#10053,.T.);
#10051 = VERTEX_POINT('',#10052);
#10052 = CARTESIAN_POINT('',(139.122709,-123.368983,0.));
#10053 = CIRCLE('',#10054,0.499999729127);
#10054 = AXIS2_PLACEMENT_3D('',#10055,#10056,#10057);
#10055 = CARTESIAN_POINT('',(139.37496725432,-122.9372822908,0.));
#10056 = DIRECTION('',(0.,0.,1.));
#10057 = DIRECTION('',(-0.504516781969,-0.863401885979,0.));
#10058 = ORIENTED_EDGE('',*,*,#10059,.F.);
#10059 = EDGE_CURVE('',#10060,#10051,#10062,.T.);
#10060 = VERTEX_POINT('',#10061);
#10061 = CARTESIAN_POINT('',(138.870451,-123.300684,0.));
#10062 = CIRCLE('',#10063,0.500008729288);
#10063 = AXIS2_PLACEMENT_3D('',#10064,#10065,#10066);
#10064 = CARTESIAN_POINT('',(138.87044834312,-123.8006927292,0.));
#10065 = DIRECTION('',(0.,0.,-1.));
#10066 = DIRECTION('',(5.313662654248E-06,0.999999999986,0.));
#10067 = ORIENTED_EDGE('',*,*,#10068,.F.);
#10068 = EDGE_CURVE('',#10069,#10060,#10071,.T.);
#10069 = VERTEX_POINT('',#10070);
#10070 = CARTESIAN_POINT('',(137.281545,-123.300683,0.));
#10071 = LINE('',#10072,#10073);
#10072 = CARTESIAN_POINT('',(137.281545,-123.300683,0.));
#10073 = VECTOR('',#10074,1.);
#10074 = DIRECTION('',(1.,-6.29363850017E-07,0.));
#10075 = ORIENTED_EDGE('',*,*,#10076,.F.);
#10076 = EDGE_CURVE('',#10077,#10069,#10079,.T.);
#10077 = VERTEX_POINT('',#10078);
#10078 = CARTESIAN_POINT('',(137.029287,-123.368982,0.));
#10079 = CIRCLE('',#10080,0.500008729288);
#10080 = AXIS2_PLACEMENT_3D('',#10081,#10082,#10083);
#10081 = CARTESIAN_POINT('',(137.28154765687,-123.8006917292,0.));
#10082 = DIRECTION('',(0.,0.,-1.));
#10083 = DIRECTION('',(-0.504512505685,0.863404384751,0.));
#10084 = ORIENTED_EDGE('',*,*,#10085,.F.);
#10085 = EDGE_CURVE('',#10086,#10077,#10088,.T.);
#10086 = VERTEX_POINT('',#10087);
#10087 = CARTESIAN_POINT('',(136.326514,-122.720404,0.));
#10088 = CIRCLE('',#10089,0.499999422661);
#10089 = AXIS2_PLACEMENT_3D('',#10090,#10091,#10092);
#10090 = CARTESIAN_POINT('',(136.77702870448,-122.9372816699,0.));
#10091 = DIRECTION('',(0.,0.,1.));
#10092 = DIRECTION('',(-0.901030449374,0.433755840654,0.));
#10093 = ORIENTED_EDGE('',*,*,#10094,.F.);
#10094 = EDGE_CURVE('',#10095,#10086,#10097,.T.);
#10095 = VERTEX_POINT('',#10096);
#10096 = CARTESIAN_POINT('',(136.375999,-122.503527,0.));
#10097 = CIRCLE('',#10098,0.499989884978);
#10098 = AXIS2_PLACEMENT_3D('',#10099,#10100,#10101);
#10099 = CARTESIAN_POINT('',(135.87600911502,-122.5035279208,0.));
#10100 = DIRECTION('',(0.,0.,-1.));
#10101 = DIRECTION('',(0.999999999998,1.841808596201E-06,0.));
#10102 = ORIENTED_EDGE('',*,*,#10103,.F.);
#10103 = EDGE_CURVE('',#10104,#10095,#10106,.T.);
#10104 = VERTEX_POINT('',#10105);
#10105 = CARTESIAN_POINT('',(136.375999,-121.097842,0.));
#10106 = LINE('',#10107,#10108);
#10107 = CARTESIAN_POINT('',(136.375999,-121.097842,0.));
#10108 = VECTOR('',#10109,1.);
#10109 = DIRECTION('',(0.,-1.,0.));
#10110 = ORIENTED_EDGE('',*,*,#10111,.F.);
#10111 = EDGE_CURVE('',#10112,#10104,#10114,.T.);
#10112 = VERTEX_POINT('',#10113);
#10113 = CARTESIAN_POINT('',(136.326514,-120.880964,0.));
#10114 = CIRCLE('',#10115,0.499989885034);
#10115 = AXIS2_PLACEMENT_3D('',#10116,#10117,#10118);
#10116 = CARTESIAN_POINT('',(135.87600911496,-121.0978400791,0.));
#10117 = DIRECTION('',(0.,0.,-1.));
#10118 = DIRECTION('',(0.901027997796,0.43376093322,0.));
#10119 = ORIENTED_EDGE('',*,*,#10120,.F.);
#10120 = EDGE_CURVE('',#10121,#10112,#10123,.T.);
#10121 = VERTEX_POINT('',#10122);
#10122 = CARTESIAN_POINT('',(137.029287,-120.232385,0.));
#10123 = CIRCLE('',#10124,0.499999448976);
#10124 = AXIS2_PLACEMENT_3D('',#10125,#10126,#10127);
#10125 = CARTESIAN_POINT('',(136.77702809571,-120.6640850048,0.));
#10126 = DIRECTION('',(0.,0.,1.));
#10127 = DIRECTION('',(0.504518364574,0.863400961204,-0.));
#10128 = ORIENTED_EDGE('',*,*,#10129,.F.);
#10129 = EDGE_CURVE('',#10130,#10121,#10132,.T.);
#10130 = VERTEX_POINT('',#10131);
#10131 = CARTESIAN_POINT('',(137.281546,-120.300684,0.));
#10132 = CIRCLE('',#10133,0.500008729226);
#10133 = AXIS2_PLACEMENT_3D('',#10134,#10135,#10136);
#10134 = CARTESIAN_POINT('',(137.28154765685,-119.8006752707,0.));
#10135 = DIRECTION('',(0.,0.,-1.));
#10136 = DIRECTION('',(-3.313649430713E-06,-0.999999999995,-0.));
#10137 = ORIENTED_EDGE('',*,*,#10138,.F.);
#10138 = EDGE_CURVE('',#10139,#10130,#10141,.T.);
#10139 = VERTEX_POINT('',#10140);
#10140 = CARTESIAN_POINT('',(138.87045,-120.300684,0.));
#10141 = LINE('',#10142,#10143);
#10142 = CARTESIAN_POINT('',(138.87045,-120.300684,0.));
#10143 = VECTOR('',#10144,1.);
#10144 = DIRECTION('',(-1.,0.,0.));
#10145 = ORIENTED_EDGE('',*,*,#10146,.F.);
#10146 = EDGE_CURVE('',#10016,#10139,#10147,.T.);
#10147 = CIRCLE('',#10148,0.500008729288);
#10148 = AXIS2_PLACEMENT_3D('',#10149,#10150,#10151);
#10149 = CARTESIAN_POINT('',(138.87044734312,-119.8006752707,0.));
#10150 = DIRECTION('',(0.,0.,-1.));
#10151 = DIRECTION('',(0.504512505685,-0.863404384751,0.));
#10152 = FACE_BOUND('',#10153,.F.);
#10153 = EDGE_LOOP('',(#10154));
#10154 = ORIENTED_EDGE('',*,*,#10155,.T.);
#10155 = EDGE_CURVE('',#10156,#10156,#10158,.T.);
#10156 = VERTEX_POINT('',#10157);
#10157 = CARTESIAN_POINT('',(147.35,-117.51,0.));
#10158 = CIRCLE('',#10159,0.4);
#10159 = AXIS2_PLACEMENT_3D('',#10160,#10161,#10162);
#10160 = CARTESIAN_POINT('',(147.35,-117.11,0.));
#10161 = DIRECTION('',(-0.,0.,-1.));
#10162 = DIRECTION('',(-0.,-1.,0.));
#10163 = FACE_BOUND('',#10164,.F.);
#10164 = EDGE_LOOP('',(#10165));
#10165 = ORIENTED_EDGE('',*,*,#10166,.T.);
#10166 = EDGE_CURVE('',#10167,#10167,#10169,.T.);
#10167 = VERTEX_POINT('',#10168);
#10168 = CARTESIAN_POINT('',(137.6985,-113.975,0.));
#10169 = CIRCLE('',#10170,2.);
#10170 = AXIS2_PLACEMENT_3D('',#10171,#10172,#10173);
#10171 = CARTESIAN_POINT('',(137.6985,-111.975,0.));
#10172 = DIRECTION('',(-0.,0.,-1.));
#10173 = DIRECTION('',(-0.,-1.,0.));
#10174 = FACE_BOUND('',#10175,.F.);
#10175 = EDGE_LOOP('',(#10176));
#10176 = ORIENTED_EDGE('',*,*,#10177,.T.);
#10177 = EDGE_CURVE('',#10178,#10178,#10180,.T.);
#10178 = VERTEX_POINT('',#10179);
#10179 = CARTESIAN_POINT('',(142.7785,-112.825,0.));
#10180 = CIRCLE('',#10181,0.85);
#10181 = AXIS2_PLACEMENT_3D('',#10182,#10183,#10184);
#10182 = CARTESIAN_POINT('',(142.7785,-111.975,0.));
#10183 = DIRECTION('',(-0.,0.,-1.));
#10184 = DIRECTION('',(-0.,-1.,0.));
#10185 = FACE_BOUND('',#10186,.F.);
#10186 = EDGE_LOOP('',(#10187));
#10187 = ORIENTED_EDGE('',*,*,#10188,.T.);
#10188 = EDGE_CURVE('',#10189,#10189,#10191,.T.);
#10189 = VERTEX_POINT('',#10190);
#10190 = CARTESIAN_POINT('',(140.2385,-107.645,0.));
#10191 = CIRCLE('',#10192,0.75);
#10192 = AXIS2_PLACEMENT_3D('',#10193,#10194,#10195);
#10193 = CARTESIAN_POINT('',(140.2385,-106.895,0.));
#10194 = DIRECTION('',(-0.,0.,-1.));
#10195 = DIRECTION('',(-0.,-1.,0.));
#10196 = FACE_BOUND('',#10197,.F.);
#10197 = EDGE_LOOP('',(#10198));
#10198 = ORIENTED_EDGE('',*,*,#10199,.T.);
#10199 = EDGE_CURVE('',#10200,#10200,#10202,.T.);
#10200 = VERTEX_POINT('',#10201);
#10201 = CARTESIAN_POINT('',(147.35,-109.89,0.));
#10202 = CIRCLE('',#10203,0.4);
#10203 = AXIS2_PLACEMENT_3D('',#10204,#10205,#10206);
#10204 = CARTESIAN_POINT('',(147.35,-109.49,0.));
#10205 = DIRECTION('',(-0.,0.,-1.));
#10206 = DIRECTION('',(-0.,-1.,0.));
#10207 = FACE_BOUND('',#10208,.F.);
#10208 = EDGE_LOOP('',(#10209));
#10209 = ORIENTED_EDGE('',*,*,#10210,.T.);
#10210 = EDGE_CURVE('',#10211,#10211,#10213,.T.);
#10211 = VERTEX_POINT('',#10212);
#10212 = CARTESIAN_POINT('',(151.7185,-112.825,0.));
#10213 = CIRCLE('',#10214,0.85);
#10214 = AXIS2_PLACEMENT_3D('',#10215,#10216,#10217);
#10215 = CARTESIAN_POINT('',(151.7185,-111.975,0.));
#10216 = DIRECTION('',(-0.,0.,-1.));
#10217 = DIRECTION('',(-0.,-1.,0.));
#10218 = FACE_BOUND('',#10219,.F.);
#10219 = EDGE_LOOP('',(#10220));
#10220 = ORIENTED_EDGE('',*,*,#10221,.T.);
#10221 = EDGE_CURVE('',#10222,#10222,#10224,.T.);
#10222 = VERTEX_POINT('',#10223);
#10223 = CARTESIAN_POINT('',(152.9885,-110.185,0.));
#10224 = CIRCLE('',#10225,0.75);
#10225 = AXIS2_PLACEMENT_3D('',#10226,#10227,#10228);
#10226 = CARTESIAN_POINT('',(152.9885,-109.435,0.));
#10227 = DIRECTION('',(-0.,0.,-1.));
#10228 = DIRECTION('',(-0.,-1.,0.));
#10229 = FACE_BOUND('',#10230,.F.);
#10230 = EDGE_LOOP('',(#10231,#10242,#10251,#10259,#10268,#10277,#10286,
    #10294,#10303,#10312,#10321,#10329,#10338,#10347,#10356,#10364));
#10231 = ORIENTED_EDGE('',*,*,#10232,.F.);
#10232 = EDGE_CURVE('',#10233,#10235,#10237,.T.);
#10233 = VERTEX_POINT('',#10234);
#10234 = CARTESIAN_POINT('',(158.375484,-120.82528,0.));
#10235 = VERTEX_POINT('',#10236);
#10236 = CARTESIAN_POINT('',(157.672711,-120.176702,0.));
#10237 = CIRCLE('',#10238,0.499999422661);
#10238 = AXIS2_PLACEMENT_3D('',#10239,#10240,#10241);
#10239 = CARTESIAN_POINT('',(157.92496929551,-120.60840233,0.));
#10240 = DIRECTION('',(0.,0.,1.));
#10241 = DIRECTION('',(0.901030449374,-0.433755840654,0.));
#10242 = ORIENTED_EDGE('',*,*,#10243,.F.);
#10243 = EDGE_CURVE('',#10244,#10233,#10246,.T.);
#10244 = VERTEX_POINT('',#10245);
#10245 = CARTESIAN_POINT('',(158.325999,-121.042157,0.));
#10246 = CIRCLE('',#10247,0.499989884978);
#10247 = AXIS2_PLACEMENT_3D('',#10248,#10249,#10250);
#10248 = CARTESIAN_POINT('',(158.82598888497,-121.0421560791,0.));
#10249 = DIRECTION('',(0.,0.,-1.));
#10250 = DIRECTION('',(-0.999999999998,-1.841808624623E-06,-0.));
#10251 = ORIENTED_EDGE('',*,*,#10252,.F.);
#10252 = EDGE_CURVE('',#10253,#10244,#10255,.T.);
#10253 = VERTEX_POINT('',#10254);
#10254 = CARTESIAN_POINT('',(158.325999,-122.447842,0.));
#10255 = LINE('',#10256,#10257);
#10256 = CARTESIAN_POINT('',(158.325999,-122.447842,0.));
#10257 = VECTOR('',#10258,1.);
#10258 = DIRECTION('',(0.,1.,0.));
#10259 = ORIENTED_EDGE('',*,*,#10260,.F.);
#10260 = EDGE_CURVE('',#10261,#10253,#10263,.T.);
#10261 = VERTEX_POINT('',#10262);
#10262 = CARTESIAN_POINT('',(158.375484,-122.66472,0.));
#10263 = CIRCLE('',#10264,0.499989885034);
#10264 = AXIS2_PLACEMENT_3D('',#10265,#10266,#10267);
#10265 = CARTESIAN_POINT('',(158.82598888503,-122.4478439208,0.));
#10266 = DIRECTION('',(0.,0.,-1.));
#10267 = DIRECTION('',(-0.901027997796,-0.43376093322,-0.));
#10268 = ORIENTED_EDGE('',*,*,#10269,.F.);
#10269 = EDGE_CURVE('',#10270,#10261,#10272,.T.);
#10270 = VERTEX_POINT('',#10271);
#10271 = CARTESIAN_POINT('',(157.672711,-123.313299,0.));
#10272 = CIRCLE('',#10273,0.499999448976);
#10273 = AXIS2_PLACEMENT_3D('',#10274,#10275,#10276);
#10274 = CARTESIAN_POINT('',(157.92496990428,-122.8815989951,0.));
#10275 = DIRECTION('',(0.,0.,1.));
#10276 = DIRECTION('',(-0.504518364574,-0.863400961204,0.));
#10277 = ORIENTED_EDGE('',*,*,#10278,.F.);
#10278 = EDGE_CURVE('',#10279,#10270,#10281,.T.);
#10279 = VERTEX_POINT('',#10280);
#10280 = CARTESIAN_POINT('',(157.420452,-123.245,0.));
#10281 = CIRCLE('',#10282,0.500008729226);
#10282 = AXIS2_PLACEMENT_3D('',#10283,#10284,#10285);
#10283 = CARTESIAN_POINT('',(157.42045034314,-123.7450087292,0.));
#10284 = DIRECTION('',(0.,0.,-1.));
#10285 = DIRECTION('',(3.313649317029E-06,0.999999999995,0.));
#10286 = ORIENTED_EDGE('',*,*,#10287,.F.);
#10287 = EDGE_CURVE('',#10288,#10279,#10290,.T.);
#10288 = VERTEX_POINT('',#10289);
#10289 = CARTESIAN_POINT('',(155.831548,-123.245,0.));
#10290 = LINE('',#10291,#10292);
#10291 = CARTESIAN_POINT('',(155.831548,-123.245,0.));
#10292 = VECTOR('',#10293,1.);
#10293 = DIRECTION('',(1.,0.,0.));
#10294 = ORIENTED_EDGE('',*,*,#10295,.F.);
#10295 = EDGE_CURVE('',#10296,#10288,#10298,.T.);
#10296 = VERTEX_POINT('',#10297);
#10297 = CARTESIAN_POINT('',(155.57929,-123.313299,0.));
#10298 = CIRCLE('',#10299,0.500008729288);
#10299 = AXIS2_PLACEMENT_3D('',#10300,#10301,#10302);
#10300 = CARTESIAN_POINT('',(155.83155065687,-123.7450087292,0.));
#10301 = DIRECTION('',(0.,0.,-1.));
#10302 = DIRECTION('',(-0.504512505685,0.863404384751,0.));
#10303 = ORIENTED_EDGE('',*,*,#10304,.F.);
#10304 = EDGE_CURVE('',#10305,#10296,#10307,.T.);
#10305 = VERTEX_POINT('',#10306);
#10306 = CARTESIAN_POINT('',(154.876516,-122.66472,0.));
#10307 = CIRCLE('',#10308,0.500000669307);
#10308 = AXIS2_PLACEMENT_3D('',#10309,#10310,#10311);
#10309 = CARTESIAN_POINT('',(155.3270325355,-122.8815967404,0.));
#10310 = DIRECTION('',(0.,0.,1.));
#10311 = DIRECTION('',(-0.901031864884,0.433752900236,0.));
#10312 = ORIENTED_EDGE('',*,*,#10313,.F.);
#10313 = EDGE_CURVE('',#10314,#10305,#10316,.T.);
#10314 = VERTEX_POINT('',#10315);
#10315 = CARTESIAN_POINT('',(154.926001,-122.447843,0.));
#10316 = CIRCLE('',#10317,0.499989884978);
#10317 = AXIS2_PLACEMENT_3D('',#10318,#10319,#10320);
#10318 = CARTESIAN_POINT('',(154.42601111502,-122.4478439208,0.));
#10319 = DIRECTION('',(0.,0.,-1.));
#10320 = DIRECTION('',(0.999999999998,1.841808567778E-06,0.));
#10321 = ORIENTED_EDGE('',*,*,#10322,.F.);
#10322 = EDGE_CURVE('',#10323,#10314,#10325,.T.);
#10323 = VERTEX_POINT('',#10324);
#10324 = CARTESIAN_POINT('',(154.926001,-121.042158,0.));
#10325 = LINE('',#10326,#10327);
#10326 = CARTESIAN_POINT('',(154.926001,-121.042158,0.));
#10327 = VECTOR('',#10328,1.);
#10328 = DIRECTION('',(0.,-1.,0.));
#10329 = ORIENTED_EDGE('',*,*,#10330,.F.);
#10330 = EDGE_CURVE('',#10331,#10323,#10333,.T.);
#10331 = VERTEX_POINT('',#10332);
#10332 = CARTESIAN_POINT('',(154.876516,-120.82528,0.));
#10333 = CIRCLE('',#10334,0.499989885034);
#10334 = AXIS2_PLACEMENT_3D('',#10335,#10336,#10337);
#10335 = CARTESIAN_POINT('',(154.42601111496,-121.0421560791,0.));
#10336 = DIRECTION('',(0.,0.,-1.));
#10337 = DIRECTION('',(0.901027997796,0.43376093322,0.));
#10338 = ORIENTED_EDGE('',*,*,#10339,.F.);
#10339 = EDGE_CURVE('',#10340,#10331,#10342,.T.);
#10340 = VERTEX_POINT('',#10341);
#10341 = CARTESIAN_POINT('',(155.579289,-120.176701,0.));
#10342 = CIRCLE('',#10343,0.499999729127);
#10343 = AXIS2_PLACEMENT_3D('',#10344,#10345,#10346);
#10344 = CARTESIAN_POINT('',(155.32703074567,-120.6084017091,0.));
#10345 = DIRECTION('',(0.,0.,1.));
#10346 = DIRECTION('',(0.504516781968,0.863401885979,-0.));
#10347 = ORIENTED_EDGE('',*,*,#10348,.F.);
#10348 = EDGE_CURVE('',#10349,#10340,#10351,.T.);
#10349 = VERTEX_POINT('',#10350);
#10350 = CARTESIAN_POINT('',(155.831547,-120.245,0.));
#10351 = CIRCLE('',#10352,0.500008729288);
#10352 = AXIS2_PLACEMENT_3D('',#10353,#10354,#10355);
#10353 = CARTESIAN_POINT('',(155.83154965687,-119.7449912707,0.));
#10354 = DIRECTION('',(0.,0.,-1.));
#10355 = DIRECTION('',(-5.313662881614E-06,-0.999999999986,-0.));
#10356 = ORIENTED_EDGE('',*,*,#10357,.F.);
#10357 = EDGE_CURVE('',#10358,#10349,#10360,.T.);
#10358 = VERTEX_POINT('',#10359);
#10359 = CARTESIAN_POINT('',(157.420453,-120.245001,0.));
#10360 = LINE('',#10361,#10362);
#10361 = CARTESIAN_POINT('',(157.420453,-120.245001,0.));
#10362 = VECTOR('',#10363,1.);
#10363 = DIRECTION('',(-1.,6.29363850017E-07,0.));
#10364 = ORIENTED_EDGE('',*,*,#10365,.F.);
#10365 = EDGE_CURVE('',#10235,#10358,#10366,.T.);
#10366 = CIRCLE('',#10367,0.500008729288);
#10367 = AXIS2_PLACEMENT_3D('',#10368,#10369,#10370);
#10368 = CARTESIAN_POINT('',(157.42045034312,-119.7449922707,0.));
#10369 = DIRECTION('',(0.,0.,-1.));
#10370 = DIRECTION('',(0.504512505685,-0.863404384751,0.));
#10371 = FACE_BOUND('',#10372,.F.);
#10372 = EDGE_LOOP('',(#10373));
#10373 = ORIENTED_EDGE('',*,*,#10374,.T.);
#10374 = EDGE_CURVE('',#10375,#10375,#10377,.T.);
#10375 = VERTEX_POINT('',#10376);
#10376 = CARTESIAN_POINT('',(156.7985,-113.975,0.));
#10377 = CIRCLE('',#10378,2.);
#10378 = AXIS2_PLACEMENT_3D('',#10379,#10380,#10381);
#10379 = CARTESIAN_POINT('',(156.7985,-111.975,0.));
#10380 = DIRECTION('',(-0.,0.,-1.));
#10381 = DIRECTION('',(-0.,-1.,0.));
#10382 = FACE_BOUND('',#10383,.F.);
#10383 = EDGE_LOOP('',(#10384));
#10384 = ORIENTED_EDGE('',*,*,#10385,.T.);
#10385 = EDGE_CURVE('',#10386,#10386,#10388,.T.);
#10386 = VERTEX_POINT('',#10387);
#10387 = CARTESIAN_POINT('',(161.8785,-112.825,0.));
#10388 = CIRCLE('',#10389,0.85);
#10389 = AXIS2_PLACEMENT_3D('',#10390,#10391,#10392);
#10390 = CARTESIAN_POINT('',(161.8785,-111.975,0.));
#10391 = DIRECTION('',(-0.,0.,-1.));
#10392 = DIRECTION('',(-0.,-1.,0.));
#10393 = FACE_BOUND('',#10394,.F.);
#10394 = EDGE_LOOP('',(#10395));
#10395 = ORIENTED_EDGE('',*,*,#10396,.T.);
#10396 = EDGE_CURVE('',#10397,#10397,#10399,.T.);
#10397 = VERTEX_POINT('',#10398);
#10398 = CARTESIAN_POINT('',(159.3385,-107.645,0.));
#10399 = CIRCLE('',#10400,0.75);
#10400 = AXIS2_PLACEMENT_3D('',#10401,#10402,#10403);
#10401 = CARTESIAN_POINT('',(159.3385,-106.895,0.));
#10402 = DIRECTION('',(-0.,0.,-1.));
#10403 = DIRECTION('',(-0.,-1.,0.));
#10404 = FACE_BOUND('',#10405,.F.);
#10405 = EDGE_LOOP('',(#10406));
#10406 = ORIENTED_EDGE('',*,*,#10407,.T.);
#10407 = EDGE_CURVE('',#10408,#10408,#10410,.T.);
#10408 = VERTEX_POINT('',#10409);
#10409 = CARTESIAN_POINT('',(107.9,-98.11,0.));
#10410 = CIRCLE('',#10411,0.4);
#10411 = AXIS2_PLACEMENT_3D('',#10412,#10413,#10414);
#10412 = CARTESIAN_POINT('',(107.9,-97.71,0.));
#10413 = DIRECTION('',(-0.,0.,-1.));
#10414 = DIRECTION('',(-0.,-1.,0.));
#10415 = FACE_BOUND('',#10416,.F.);
#10416 = EDGE_LOOP('',(#10417,#10428,#10437,#10445,#10454,#10463,#10472,
    #10480,#10489,#10498,#10507,#10515,#10524,#10533,#10542,#10550));
#10417 = ORIENTED_EDGE('',*,*,#10418,.F.);
#10418 = EDGE_CURVE('',#10419,#10421,#10423,.T.);
#10419 = VERTEX_POINT('',#10420);
#10420 = CARTESIAN_POINT('',(120.675484,-101.57528,0.));
#10421 = VERTEX_POINT('',#10422);
#10422 = CARTESIAN_POINT('',(119.972711,-100.926702,0.));
#10423 = CIRCLE('',#10424,0.499999422661);
#10424 = AXIS2_PLACEMENT_3D('',#10425,#10426,#10427);
#10425 = CARTESIAN_POINT('',(120.22496929551,-101.35840233,0.));
#10426 = DIRECTION('',(0.,0.,1.));
#10427 = DIRECTION('',(0.901030449374,-0.433755840654,0.));
#10428 = ORIENTED_EDGE('',*,*,#10429,.F.);
#10429 = EDGE_CURVE('',#10430,#10419,#10432,.T.);
#10430 = VERTEX_POINT('',#10431);
#10431 = CARTESIAN_POINT('',(120.625999,-101.792157,0.));
#10432 = CIRCLE('',#10433,0.499989884978);
#10433 = AXIS2_PLACEMENT_3D('',#10434,#10435,#10436);
#10434 = CARTESIAN_POINT('',(121.12598888497,-101.7921560791,0.));
#10435 = DIRECTION('',(0.,0.,-1.));
#10436 = DIRECTION('',(-0.999999999998,-1.841808624623E-06,-0.));
#10437 = ORIENTED_EDGE('',*,*,#10438,.F.);
#10438 = EDGE_CURVE('',#10439,#10430,#10441,.T.);
#10439 = VERTEX_POINT('',#10440);
#10440 = CARTESIAN_POINT('',(120.625999,-103.197842,0.));
#10441 = LINE('',#10442,#10443);
#10442 = CARTESIAN_POINT('',(120.625999,-103.197842,0.));
#10443 = VECTOR('',#10444,1.);
#10444 = DIRECTION('',(0.,1.,0.));
#10445 = ORIENTED_EDGE('',*,*,#10446,.F.);
#10446 = EDGE_CURVE('',#10447,#10439,#10449,.T.);
#10447 = VERTEX_POINT('',#10448);
#10448 = CARTESIAN_POINT('',(120.675484,-103.41472,0.));
#10449 = CIRCLE('',#10450,0.499989885034);
#10450 = AXIS2_PLACEMENT_3D('',#10451,#10452,#10453);
#10451 = CARTESIAN_POINT('',(121.12598888503,-103.1978439208,0.));
#10452 = DIRECTION('',(0.,0.,-1.));
#10453 = DIRECTION('',(-0.901027997796,-0.43376093322,-0.));
#10454 = ORIENTED_EDGE('',*,*,#10455,.F.);
#10455 = EDGE_CURVE('',#10456,#10447,#10458,.T.);
#10456 = VERTEX_POINT('',#10457);
#10457 = CARTESIAN_POINT('',(119.972711,-104.063299,0.));
#10458 = CIRCLE('',#10459,0.499999448976);
#10459 = AXIS2_PLACEMENT_3D('',#10460,#10461,#10462);
#10460 = CARTESIAN_POINT('',(120.22496990428,-103.6315989951,0.));
#10461 = DIRECTION('',(0.,0.,1.));
#10462 = DIRECTION('',(-0.504518364574,-0.863400961204,0.));
#10463 = ORIENTED_EDGE('',*,*,#10464,.F.);
#10464 = EDGE_CURVE('',#10465,#10456,#10467,.T.);
#10465 = VERTEX_POINT('',#10466);
#10466 = CARTESIAN_POINT('',(119.720452,-103.995,0.));
#10467 = CIRCLE('',#10468,0.500008729226);
#10468 = AXIS2_PLACEMENT_3D('',#10469,#10470,#10471);
#10469 = CARTESIAN_POINT('',(119.72045034314,-104.4950087292,0.));
#10470 = DIRECTION('',(0.,0.,-1.));
#10471 = DIRECTION('',(3.313649260187E-06,0.999999999995,0.));
#10472 = ORIENTED_EDGE('',*,*,#10473,.F.);
#10473 = EDGE_CURVE('',#10474,#10465,#10476,.T.);
#10474 = VERTEX_POINT('',#10475);
#10475 = CARTESIAN_POINT('',(118.131548,-103.995,0.));
#10476 = LINE('',#10477,#10478);
#10477 = CARTESIAN_POINT('',(118.131548,-103.995,0.));
#10478 = VECTOR('',#10479,1.);
#10479 = DIRECTION('',(1.,0.,0.));
#10480 = ORIENTED_EDGE('',*,*,#10481,.F.);
#10481 = EDGE_CURVE('',#10482,#10474,#10484,.T.);
#10482 = VERTEX_POINT('',#10483);
#10483 = CARTESIAN_POINT('',(117.87929,-104.063299,0.));
#10484 = CIRCLE('',#10485,0.500008729288);
#10485 = AXIS2_PLACEMENT_3D('',#10486,#10487,#10488);
#10486 = CARTESIAN_POINT('',(118.13155065687,-104.4950087292,0.));
#10487 = DIRECTION('',(0.,0.,-1.));
#10488 = DIRECTION('',(-0.504512505685,0.863404384751,0.));
#10489 = ORIENTED_EDGE('',*,*,#10490,.F.);
#10490 = EDGE_CURVE('',#10491,#10482,#10493,.T.);
#10491 = VERTEX_POINT('',#10492);
#10492 = CARTESIAN_POINT('',(117.176516,-103.41472,0.));
#10493 = CIRCLE('',#10494,0.500000669307);
#10494 = AXIS2_PLACEMENT_3D('',#10495,#10496,#10497);
#10495 = CARTESIAN_POINT('',(117.6270325355,-103.6315967404,0.));
#10496 = DIRECTION('',(0.,0.,1.));
#10497 = DIRECTION('',(-0.901031864884,0.433752900236,0.));
#10498 = ORIENTED_EDGE('',*,*,#10499,.F.);
#10499 = EDGE_CURVE('',#10500,#10491,#10502,.T.);
#10500 = VERTEX_POINT('',#10501);
#10501 = CARTESIAN_POINT('',(117.226001,-103.197843,0.));
#10502 = CIRCLE('',#10503,0.499989884978);
#10503 = AXIS2_PLACEMENT_3D('',#10504,#10505,#10506);
#10504 = CARTESIAN_POINT('',(116.72601111502,-103.1978439208,0.));
#10505 = DIRECTION('',(0.,0.,-1.));
#10506 = DIRECTION('',(0.999999999998,1.841808510933E-06,0.));
#10507 = ORIENTED_EDGE('',*,*,#10508,.F.);
#10508 = EDGE_CURVE('',#10509,#10500,#10511,.T.);
#10509 = VERTEX_POINT('',#10510);
#10510 = CARTESIAN_POINT('',(117.226001,-101.792158,0.));
#10511 = LINE('',#10512,#10513);
#10512 = CARTESIAN_POINT('',(117.226001,-101.792158,0.));
#10513 = VECTOR('',#10514,1.);
#10514 = DIRECTION('',(0.,-1.,0.));
#10515 = ORIENTED_EDGE('',*,*,#10516,.F.);
#10516 = EDGE_CURVE('',#10517,#10509,#10519,.T.);
#10517 = VERTEX_POINT('',#10518);
#10518 = CARTESIAN_POINT('',(117.176516,-101.57528,0.));
#10519 = CIRCLE('',#10520,0.499989885035);
#10520 = AXIS2_PLACEMENT_3D('',#10521,#10522,#10523);
#10521 = CARTESIAN_POINT('',(116.72601111496,-101.7921560791,0.));
#10522 = DIRECTION('',(0.,0.,-1.));
#10523 = DIRECTION('',(0.901027997796,0.43376093322,0.));
#10524 = ORIENTED_EDGE('',*,*,#10525,.F.);
#10525 = EDGE_CURVE('',#10526,#10517,#10528,.T.);
#10526 = VERTEX_POINT('',#10527);
#10527 = CARTESIAN_POINT('',(117.879289,-100.926701,0.));
#10528 = CIRCLE('',#10529,0.499999729127);
#10529 = AXIS2_PLACEMENT_3D('',#10530,#10531,#10532);
#10530 = CARTESIAN_POINT('',(117.62703074567,-101.3584017091,0.));
#10531 = DIRECTION('',(0.,0.,1.));
#10532 = DIRECTION('',(0.504516781969,0.863401885979,-0.));
#10533 = ORIENTED_EDGE('',*,*,#10534,.F.);
#10534 = EDGE_CURVE('',#10535,#10526,#10537,.T.);
#10535 = VERTEX_POINT('',#10536);
#10536 = CARTESIAN_POINT('',(118.131547,-100.995,0.));
#10537 = CIRCLE('',#10538,0.500008729288);
#10538 = AXIS2_PLACEMENT_3D('',#10539,#10540,#10541);
#10539 = CARTESIAN_POINT('',(118.13154965687,-100.4949912707,0.));
#10540 = DIRECTION('',(0.,0.,-1.));
#10541 = DIRECTION('',(-5.313662938455E-06,-0.999999999986,-0.));
#10542 = ORIENTED_EDGE('',*,*,#10543,.F.);
#10543 = EDGE_CURVE('',#10544,#10535,#10546,.T.);
#10544 = VERTEX_POINT('',#10545);
#10545 = CARTESIAN_POINT('',(119.720453,-100.995001,0.));
#10546 = LINE('',#10547,#10548);
#10547 = CARTESIAN_POINT('',(119.720453,-100.995001,0.));
#10548 = VECTOR('',#10549,1.);
#10549 = DIRECTION('',(-1.,6.29363850017E-07,0.));
#10550 = ORIENTED_EDGE('',*,*,#10551,.F.);
#10551 = EDGE_CURVE('',#10421,#10544,#10552,.T.);
#10552 = CIRCLE('',#10553,0.500008729288);
#10553 = AXIS2_PLACEMENT_3D('',#10554,#10555,#10556);
#10554 = CARTESIAN_POINT('',(119.72045034312,-100.4949922707,0.));
#10555 = DIRECTION('',(0.,0.,-1.));
#10556 = DIRECTION('',(0.504512505685,-0.863404384751,0.));
#10557 = FACE_BOUND('',#10558,.F.);
#10558 = EDGE_LOOP('',(#10559));
#10559 = ORIENTED_EDGE('',*,*,#10560,.T.);
#10560 = EDGE_CURVE('',#10561,#10561,#10563,.T.);
#10561 = VERTEX_POINT('',#10562);
#10562 = CARTESIAN_POINT('',(113.6185,-93.775,0.));
#10563 = CIRCLE('',#10564,0.85);
#10564 = AXIS2_PLACEMENT_3D('',#10565,#10566,#10567);
#10565 = CARTESIAN_POINT('',(113.6185,-92.925,0.));
#10566 = DIRECTION('',(-0.,0.,-1.));
#10567 = DIRECTION('',(-1.671865260612E-14,-1.,0.));
#10568 = FACE_BOUND('',#10569,.F.);
#10569 = EDGE_LOOP('',(#10570));
#10570 = ORIENTED_EDGE('',*,*,#10571,.T.);
#10571 = EDGE_CURVE('',#10572,#10572,#10574,.T.);
#10572 = VERTEX_POINT('',#10573);
#10573 = CARTESIAN_POINT('',(118.6985,-94.925,0.));
#10574 = CIRCLE('',#10575,2.);
#10575 = AXIS2_PLACEMENT_3D('',#10576,#10577,#10578);
#10576 = CARTESIAN_POINT('',(118.6985,-92.925,0.));
#10577 = DIRECTION('',(-0.,0.,-1.));
#10578 = DIRECTION('',(-0.,-1.,0.));
#10579 = FACE_BOUND('',#10580,.F.);
#10580 = EDGE_LOOP('',(#10581));
#10581 = ORIENTED_EDGE('',*,*,#10582,.T.);
#10582 = EDGE_CURVE('',#10583,#10583,#10585,.T.);
#10583 = VERTEX_POINT('',#10584);
#10584 = CARTESIAN_POINT('',(107.9,-90.49,0.));
#10585 = CIRCLE('',#10586,0.4);
#10586 = AXIS2_PLACEMENT_3D('',#10587,#10588,#10589);
#10587 = CARTESIAN_POINT('',(107.9,-90.09,0.));
#10588 = DIRECTION('',(-0.,0.,-1.));
#10589 = DIRECTION('',(-0.,-1.,0.));
#10590 = FACE_BOUND('',#10591,.F.);
#10591 = EDGE_LOOP('',(#10592));
#10592 = ORIENTED_EDGE('',*,*,#10593,.T.);
#10593 = EDGE_CURVE('',#10594,#10594,#10596,.T.);
#10594 = VERTEX_POINT('',#10595);
#10595 = CARTESIAN_POINT('',(114.8885,-91.135,0.));
#10596 = CIRCLE('',#10597,0.75);
#10597 = AXIS2_PLACEMENT_3D('',#10598,#10599,#10600);
#10598 = CARTESIAN_POINT('',(114.8885,-90.385,0.));
#10599 = DIRECTION('',(-0.,0.,-1.));
#10600 = DIRECTION('',(-0.,-1.,0.));
#10601 = FACE_BOUND('',#10602,.F.);
#10602 = EDGE_LOOP('',(#10603));
#10603 = ORIENTED_EDGE('',*,*,#10604,.T.);
#10604 = EDGE_CURVE('',#10605,#10605,#10607,.T.);
#10605 = VERTEX_POINT('',#10606);
#10606 = CARTESIAN_POINT('',(128.35,-98.52,0.));
#10607 = CIRCLE('',#10608,0.4);
#10608 = AXIS2_PLACEMENT_3D('',#10609,#10610,#10611);
#10609 = CARTESIAN_POINT('',(128.35,-98.12,0.));
#10610 = DIRECTION('',(-0.,0.,-1.));
#10611 = DIRECTION('',(-0.,-1.,0.));
#10612 = FACE_BOUND('',#10613,.F.);
#10613 = EDGE_LOOP('',(#10614));
#10614 = ORIENTED_EDGE('',*,*,#10615,.T.);
#10615 = EDGE_CURVE('',#10616,#10616,#10618,.T.);
#10616 = VERTEX_POINT('',#10617);
#10617 = CARTESIAN_POINT('',(123.7785,-93.775,0.));
#10618 = CIRCLE('',#10619,0.85);
#10619 = AXIS2_PLACEMENT_3D('',#10620,#10621,#10622);
#10620 = CARTESIAN_POINT('',(123.7785,-92.925,0.));
#10621 = DIRECTION('',(-0.,0.,-1.));
#10622 = DIRECTION('',(-1.671865260612E-14,-1.,0.));
#10623 = FACE_BOUND('',#10624,.F.);
#10624 = EDGE_LOOP('',(#10625,#10636,#10645,#10653,#10662,#10671,#10680,
    #10688,#10697,#10706,#10715,#10723,#10732,#10741,#10750,#10758));
#10625 = ORIENTED_EDGE('',*,*,#10626,.F.);
#10626 = EDGE_CURVE('',#10627,#10629,#10631,.T.);
#10627 = VERTEX_POINT('',#10628);
#10628 = CARTESIAN_POINT('',(136.24179,-100.973859,0.));
#10629 = VERTEX_POINT('',#10630);
#10630 = CARTESIAN_POINT('',(135.539017,-101.622438,0.));
#10631 = CIRCLE('',#10632,0.499999729127);
#10632 = AXIS2_PLACEMENT_3D('',#10633,#10634,#10635);
#10633 = CARTESIAN_POINT('',(135.98953174567,-101.4055597091,0.));
#10634 = DIRECTION('',(0.,0.,1.));
#10635 = DIRECTION('',(0.504516781969,0.863401885979,-0.));
#10636 = ORIENTED_EDGE('',*,*,#10637,.F.);
#10637 = EDGE_CURVE('',#10638,#10627,#10640,.T.);
#10638 = VERTEX_POINT('',#10639);
#10639 = CARTESIAN_POINT('',(136.494049,-101.042159,0.));
#10640 = CIRCLE('',#10641,0.50002311711);
#10641 = AXIS2_PLACEMENT_3D('',#10642,#10643,#10644);
#10642 = CARTESIAN_POINT('',(136.49405626378,-100.5421358829,0.));
#10643 = DIRECTION('',(0.,0.,-1.));
#10644 = DIRECTION('',(-1.452689328924E-05,-0.999999999894,-0.));
#10645 = ORIENTED_EDGE('',*,*,#10646,.F.);
#10646 = EDGE_CURVE('',#10647,#10638,#10649,.T.);
#10647 = VERTEX_POINT('',#10648);
#10648 = CARTESIAN_POINT('',(138.082954,-101.042159,0.));
#10649 = LINE('',#10650,#10651);
#10650 = CARTESIAN_POINT('',(138.082954,-101.042159,0.));
#10651 = VECTOR('',#10652,1.);
#10652 = DIRECTION('',(-1.,0.,0.));
#10653 = ORIENTED_EDGE('',*,*,#10654,.F.);
#10654 = EDGE_CURVE('',#10655,#10647,#10657,.T.);
#10655 = VERTEX_POINT('',#10656);
#10656 = CARTESIAN_POINT('',(138.335212,-100.97386,0.));
#10657 = CIRCLE('',#10658,0.500008729288);
#10658 = AXIS2_PLACEMENT_3D('',#10659,#10660,#10661);
#10659 = CARTESIAN_POINT('',(138.08295134312,-100.5421502707,0.));
#10660 = DIRECTION('',(0.,0.,-1.));
#10661 = DIRECTION('',(0.504512505685,-0.863404384751,0.));
#10662 = ORIENTED_EDGE('',*,*,#10663,.F.);
#10663 = EDGE_CURVE('',#10664,#10655,#10666,.T.);
#10664 = VERTEX_POINT('',#10665);
#10665 = CARTESIAN_POINT('',(139.037985,-101.622438,0.));
#10666 = CIRCLE('',#10667,0.499999422661);
#10667 = AXIS2_PLACEMENT_3D('',#10668,#10669,#10670);
#10668 = CARTESIAN_POINT('',(138.58747029551,-101.40556033,0.));
#10669 = DIRECTION('',(0.,0.,1.));
#10670 = DIRECTION('',(0.901030449374,-0.433755840654,0.));
#10671 = ORIENTED_EDGE('',*,*,#10672,.F.);
#10672 = EDGE_CURVE('',#10673,#10664,#10675,.T.);
#10673 = VERTEX_POINT('',#10674);
#10674 = CARTESIAN_POINT('',(138.9885,-101.839316,0.));
#10675 = CIRCLE('',#10676,0.499989885034);
#10676 = AXIS2_PLACEMENT_3D('',#10677,#10678,#10679);
#10677 = CARTESIAN_POINT('',(139.48848988503,-101.8393140791,0.));
#10678 = DIRECTION('',(0.,0.,-1.));
#10679 = DIRECTION('',(-0.999999999993,-3.841811392097E-06,-0.));
#10680 = ORIENTED_EDGE('',*,*,#10681,.F.);
#10681 = EDGE_CURVE('',#10682,#10673,#10684,.T.);
#10682 = VERTEX_POINT('',#10683);
#10683 = CARTESIAN_POINT('',(138.9885,-103.245,0.));
#10684 = LINE('',#10685,#10686);
#10685 = CARTESIAN_POINT('',(138.9885,-103.245,0.));
#10686 = VECTOR('',#10687,1.);
#10687 = DIRECTION('',(0.,1.,0.));
#10688 = ORIENTED_EDGE('',*,*,#10689,.F.);
#10689 = EDGE_CURVE('',#10690,#10682,#10692,.T.);
#10690 = VERTEX_POINT('',#10691);
#10691 = CARTESIAN_POINT('',(139.037985,-103.461877,0.));
#10692 = CIRCLE('',#10693,0.49998122973);
#10693 = AXIS2_PLACEMENT_3D('',#10694,#10695,#10696);
#10694 = CARTESIAN_POINT('',(139.48848122972,-103.2450028957,0.));
#10695 = DIRECTION('',(0.,0.,-1.));
#10696 = DIRECTION('',(-0.901026284457,-0.433764492229,-0.));
#10697 = ORIENTED_EDGE('',*,*,#10698,.F.);
#10698 = EDGE_CURVE('',#10699,#10690,#10701,.T.);
#10699 = VERTEX_POINT('',#10700);
#10700 = CARTESIAN_POINT('',(138.335212,-104.110457,0.));
#10701 = CIRCLE('',#10702,0.499999755443);
#10702 = AXIS2_PLACEMENT_3D('',#10703,#10704,#10705);
#10703 = CARTESIAN_POINT('',(138.58747086309,-103.6787566161,0.));
#10704 = DIRECTION('',(0.,0.,1.));
#10705 = DIRECTION('',(-0.50451797296,-0.863401190039,0.));
#10706 = ORIENTED_EDGE('',*,*,#10707,.F.);
#10707 = EDGE_CURVE('',#10708,#10699,#10710,.T.);
#10708 = VERTEX_POINT('',#10709);
#10709 = CARTESIAN_POINT('',(138.082953,-104.042158,0.));
#10710 = CIRCLE('',#10711,0.500008729226);
#10711 = AXIS2_PLACEMENT_3D('',#10712,#10713,#10714);
#10712 = CARTESIAN_POINT('',(138.08295134314,-104.5421667292,0.));
#10713 = DIRECTION('',(0.,0.,-1.));
#10714 = DIRECTION('',(3.313649260187E-06,0.999999999995,0.));
#10715 = ORIENTED_EDGE('',*,*,#10716,.F.);
#10716 = EDGE_CURVE('',#10717,#10708,#10719,.T.);
#10717 = VERTEX_POINT('',#10718);
#10718 = CARTESIAN_POINT('',(136.494049,-104.042158,0.));
#10719 = LINE('',#10720,#10721);
#10720 = CARTESIAN_POINT('',(136.494049,-104.042158,0.));
#10721 = VECTOR('',#10722,1.);
#10722 = DIRECTION('',(1.,0.,0.));
#10723 = ORIENTED_EDGE('',*,*,#10724,.F.);
#10724 = EDGE_CURVE('',#10725,#10717,#10727,.T.);
#10725 = VERTEX_POINT('',#10726);
#10726 = CARTESIAN_POINT('',(136.24179,-104.110455,0.));
#10727 = CIRCLE('',#10728,0.500040834725);
#10728 = AXIS2_PLACEMENT_3D('',#10729,#10730,#10731);
#10729 = CARTESIAN_POINT('',(136.49405592637,-104.5421988346,0.));
#10730 = DIRECTION('',(0.,0.,-1.));
#10731 = DIRECTION('',(-0.50449065128,0.86341715455,0.));
#10732 = ORIENTED_EDGE('',*,*,#10733,.F.);
#10733 = EDGE_CURVE('',#10734,#10725,#10736,.T.);
#10734 = VERTEX_POINT('',#10735);
#10735 = CARTESIAN_POINT('',(135.539017,-103.461878,0.));
#10736 = CIRCLE('',#10737,0.499999092786);
#10737 = AXIS2_PLACEMENT_3D('',#10738,#10739,#10740);
#10738 = CARTESIAN_POINT('',(135.98953160898,-103.6787551077,0.));
#10739 = DIRECTION('',(0.,0.,1.));
#10740 = DIRECTION('',(-0.901030852831,0.43375500256,0.));
#10741 = ORIENTED_EDGE('',*,*,#10742,.F.);
#10742 = EDGE_CURVE('',#10743,#10734,#10745,.T.);
#10743 = VERTEX_POINT('',#10744);
#10744 = CARTESIAN_POINT('',(135.588502,-103.245,0.));
#10745 = CIRCLE('',#10746,0.499989885034);
#10746 = AXIS2_PLACEMENT_3D('',#10747,#10748,#10749);
#10747 = CARTESIAN_POINT('',(135.08851211496,-103.2450019208,0.));
#10748 = DIRECTION('',(0.,0.,-1.));
#10749 = DIRECTION('',(0.999999999993,3.841811392097E-06,0.));
#10750 = ORIENTED_EDGE('',*,*,#10751,.F.);
#10751 = EDGE_CURVE('',#10752,#10743,#10754,.T.);
#10752 = VERTEX_POINT('',#10753);
#10753 = CARTESIAN_POINT('',(135.588502,-101.839316,0.));
#10754 = LINE('',#10755,#10756);
#10755 = CARTESIAN_POINT('',(135.588502,-101.839316,0.));
#10756 = VECTOR('',#10757,1.);
#10757 = DIRECTION('',(0.,-1.,0.));
#10758 = ORIENTED_EDGE('',*,*,#10759,.F.);
#10759 = EDGE_CURVE('',#10629,#10752,#10760,.T.);
#10760 = CIRCLE('',#10761,0.499989885034);
#10761 = AXIS2_PLACEMENT_3D('',#10762,#10763,#10764);
#10762 = CARTESIAN_POINT('',(135.08851211496,-101.8393140791,0.));
#10763 = DIRECTION('',(0.,0.,-1.));
#10764 = DIRECTION('',(0.901027997796,0.43376093322,0.));
#10765 = FACE_BOUND('',#10766,.F.);
#10766 = EDGE_LOOP('',(#10767));
#10767 = ORIENTED_EDGE('',*,*,#10768,.T.);
#10768 = EDGE_CURVE('',#10769,#10769,#10771,.T.);
#10769 = VERTEX_POINT('',#10770);
#10770 = CARTESIAN_POINT('',(132.6685,-93.775,0.));
#10771 = CIRCLE('',#10772,0.85);
#10772 = AXIS2_PLACEMENT_3D('',#10773,#10774,#10775);
#10773 = CARTESIAN_POINT('',(132.6685,-92.925,0.));
#10774 = DIRECTION('',(-0.,0.,-1.));
#10775 = DIRECTION('',(-0.,-1.,0.));
#10776 = FACE_BOUND('',#10777,.F.);
#10777 = EDGE_LOOP('',(#10778));
#10778 = ORIENTED_EDGE('',*,*,#10779,.T.);
#10779 = EDGE_CURVE('',#10780,#10780,#10782,.T.);
#10780 = VERTEX_POINT('',#10781);
#10781 = CARTESIAN_POINT('',(121.2385,-88.595,0.));
#10782 = CIRCLE('',#10783,0.75);
#10783 = AXIS2_PLACEMENT_3D('',#10784,#10785,#10786);
#10784 = CARTESIAN_POINT('',(121.2385,-87.845,0.));
#10785 = DIRECTION('',(-0.,0.,-1.));
#10786 = DIRECTION('',(-0.,-1.,0.));
#10787 = FACE_BOUND('',#10788,.F.);
#10788 = EDGE_LOOP('',(#10789));
#10789 = ORIENTED_EDGE('',*,*,#10790,.T.);
#10790 = EDGE_CURVE('',#10791,#10791,#10793,.T.);
#10791 = VERTEX_POINT('',#10792);
#10792 = CARTESIAN_POINT('',(128.35,-90.9,0.));
#10793 = CIRCLE('',#10794,0.4);
#10794 = AXIS2_PLACEMENT_3D('',#10795,#10796,#10797);
#10795 = CARTESIAN_POINT('',(128.35,-90.5,0.));
#10796 = DIRECTION('',(-0.,0.,-1.));
#10797 = DIRECTION('',(-0.,-1.,0.));
#10798 = FACE_BOUND('',#10799,.F.);
#10799 = EDGE_LOOP('',(#10800));
#10800 = ORIENTED_EDGE('',*,*,#10801,.T.);
#10801 = EDGE_CURVE('',#10802,#10802,#10804,.T.);
#10802 = VERTEX_POINT('',#10803);
#10803 = CARTESIAN_POINT('',(133.9385,-91.135,0.));
#10804 = CIRCLE('',#10805,0.75);
#10805 = AXIS2_PLACEMENT_3D('',#10806,#10807,#10808);
#10806 = CARTESIAN_POINT('',(133.9385,-90.385,0.));
#10807 = DIRECTION('',(-0.,0.,-1.));
#10808 = DIRECTION('',(-0.,-1.,0.));
#10809 = FACE_BOUND('',#10810,.F.);
#10810 = EDGE_LOOP('',(#10811));
#10811 = ORIENTED_EDGE('',*,*,#10812,.T.);
#10812 = EDGE_CURVE('',#10813,#10813,#10815,.T.);
#10813 = VERTEX_POINT('',#10814);
#10814 = CARTESIAN_POINT('',(110.73,-80.1645,0.));
#10815 = CIRCLE('',#10816,0.4445);
#10816 = AXIS2_PLACEMENT_3D('',#10817,#10818,#10819);
#10817 = CARTESIAN_POINT('',(110.73,-79.72,0.));
#10818 = DIRECTION('',(-0.,0.,-1.));
#10819 = DIRECTION('',(3.197042680585E-14,-1.,-0.));
#10820 = FACE_BOUND('',#10821,.F.);
#10821 = EDGE_LOOP('',(#10822));
#10822 = ORIENTED_EDGE('',*,*,#10823,.T.);
#10823 = EDGE_CURVE('',#10824,#10824,#10826,.T.);
#10824 = VERTEX_POINT('',#10825);
#10825 = CARTESIAN_POINT('',(110.73,-77.6245,0.));
#10826 = CIRCLE('',#10827,0.4445);
#10827 = AXIS2_PLACEMENT_3D('',#10828,#10829,#10830);
#10828 = CARTESIAN_POINT('',(110.73,-77.18,0.));
#10829 = DIRECTION('',(-0.,0.,-1.));
#10830 = DIRECTION('',(3.197042680585E-14,-1.,-0.));
#10831 = FACE_BOUND('',#10832,.F.);
#10832 = EDGE_LOOP('',(#10833));
#10833 = ORIENTED_EDGE('',*,*,#10834,.T.);
#10834 = EDGE_CURVE('',#10835,#10835,#10837,.T.);
#10835 = VERTEX_POINT('',#10836);
#10836 = CARTESIAN_POINT('',(110.73,-75.0845,0.));
#10837 = CIRCLE('',#10838,0.4445);
#10838 = AXIS2_PLACEMENT_3D('',#10839,#10840,#10841);
#10839 = CARTESIAN_POINT('',(110.73,-74.64,0.));
#10840 = DIRECTION('',(-0.,0.,-1.));
#10841 = DIRECTION('',(3.197042680585E-14,-1.,-0.));
#10842 = FACE_BOUND('',#10843,.F.);
#10843 = EDGE_LOOP('',(#10844));
#10844 = ORIENTED_EDGE('',*,*,#10845,.T.);
#10845 = EDGE_CURVE('',#10846,#10846,#10848,.T.);
#10846 = VERTEX_POINT('',#10847);
#10847 = CARTESIAN_POINT('',(110.73,-72.5445,0.));
#10848 = CIRCLE('',#10849,0.4445);
#10849 = AXIS2_PLACEMENT_3D('',#10850,#10851,#10852);
#10850 = CARTESIAN_POINT('',(110.73,-72.1,0.));
#10851 = DIRECTION('',(-0.,0.,-1.));
#10852 = DIRECTION('',(3.197042680585E-14,-1.,-0.));
#10853 = FACE_BOUND('',#10854,.F.);
#10854 = EDGE_LOOP('',(#10855));
#10855 = ORIENTED_EDGE('',*,*,#10856,.T.);
#10856 = EDGE_CURVE('',#10857,#10857,#10859,.T.);
#10857 = VERTEX_POINT('',#10858);
#10858 = CARTESIAN_POINT('',(110.73,-70.0045,0.));
#10859 = CIRCLE('',#10860,0.4445);
#10860 = AXIS2_PLACEMENT_3D('',#10861,#10862,#10863);
#10861 = CARTESIAN_POINT('',(110.73,-69.56,0.));
#10862 = DIRECTION('',(-0.,0.,-1.));
#10863 = DIRECTION('',(3.197042680585E-14,-1.,-0.));
#10864 = FACE_BOUND('',#10865,.F.);
#10865 = EDGE_LOOP('',(#10866));
#10866 = ORIENTED_EDGE('',*,*,#10867,.T.);
#10867 = EDGE_CURVE('',#10868,#10868,#10870,.T.);
#10868 = VERTEX_POINT('',#10869);
#10869 = CARTESIAN_POINT('',(104.65,-65.85,0.));
#10870 = CIRCLE('',#10871,1.6);
#10871 = AXIS2_PLACEMENT_3D('',#10872,#10873,#10874);
#10872 = CARTESIAN_POINT('',(104.65,-64.25,0.));
#10873 = DIRECTION('',(-0.,0.,-1.));
#10874 = DIRECTION('',(-0.,-1.,0.));
#10875 = FACE_BOUND('',#10876,.F.);
#10876 = EDGE_LOOP('',(#10877));
#10877 = ORIENTED_EDGE('',*,*,#10878,.T.);
#10878 = EDGE_CURVE('',#10879,#10879,#10881,.T.);
#10879 = VERTEX_POINT('',#10880);
#10880 = CARTESIAN_POINT('',(110.73,-67.4645,0.));
#10881 = CIRCLE('',#10882,0.4445);
#10882 = AXIS2_PLACEMENT_3D('',#10883,#10884,#10885);
#10883 = CARTESIAN_POINT('',(110.73,-67.02,0.));
#10884 = DIRECTION('',(-0.,0.,-1.));
#10885 = DIRECTION('',(3.197042680585E-14,-1.,-0.));
#10886 = FACE_BOUND('',#10887,.F.);
#10887 = EDGE_LOOP('',(#10888));
#10888 = ORIENTED_EDGE('',*,*,#10889,.T.);
#10889 = EDGE_CURVE('',#10890,#10890,#10892,.T.);
#10890 = VERTEX_POINT('',#10891);
#10891 = CARTESIAN_POINT('',(110.73,-64.9245,0.));
#10892 = CIRCLE('',#10893,0.4445);
#10893 = AXIS2_PLACEMENT_3D('',#10894,#10895,#10896);
#10894 = CARTESIAN_POINT('',(110.73,-64.48,0.));
#10895 = DIRECTION('',(-0.,0.,-1.));
#10896 = DIRECTION('',(3.197042680585E-14,-1.,-0.));
#10897 = FACE_BOUND('',#10898,.F.);
#10898 = EDGE_LOOP('',(#10899));
#10899 = ORIENTED_EDGE('',*,*,#10900,.T.);
#10900 = EDGE_CURVE('',#10901,#10901,#10903,.T.);
#10901 = VERTEX_POINT('',#10902);
#10902 = CARTESIAN_POINT('',(125.97,-80.1645,0.));
#10903 = CIRCLE('',#10904,0.4445);
#10904 = AXIS2_PLACEMENT_3D('',#10905,#10906,#10907);
#10905 = CARTESIAN_POINT('',(125.97,-79.72,0.));
#10906 = DIRECTION('',(-0.,0.,-1.));
#10907 = DIRECTION('',(-0.,-1.,0.));
#10908 = FACE_BOUND('',#10909,.F.);
#10909 = EDGE_LOOP('',(#10910));
#10910 = ORIENTED_EDGE('',*,*,#10911,.T.);
#10911 = EDGE_CURVE('',#10912,#10912,#10914,.T.);
#10912 = VERTEX_POINT('',#10913);
#10913 = CARTESIAN_POINT('',(125.97,-77.6245,0.));
#10914 = CIRCLE('',#10915,0.4445);
#10915 = AXIS2_PLACEMENT_3D('',#10916,#10917,#10918);
#10916 = CARTESIAN_POINT('',(125.97,-77.18,0.));
#10917 = DIRECTION('',(-0.,0.,-1.));
#10918 = DIRECTION('',(-0.,-1.,0.));
#10919 = FACE_BOUND('',#10920,.F.);
#10920 = EDGE_LOOP('',(#10921));
#10921 = ORIENTED_EDGE('',*,*,#10922,.T.);
#10922 = EDGE_CURVE('',#10923,#10923,#10925,.T.);
#10923 = VERTEX_POINT('',#10924);
#10924 = CARTESIAN_POINT('',(125.97,-75.0845,0.));
#10925 = CIRCLE('',#10926,0.4445);
#10926 = AXIS2_PLACEMENT_3D('',#10927,#10928,#10929);
#10927 = CARTESIAN_POINT('',(125.97,-74.64,0.));
#10928 = DIRECTION('',(-0.,0.,-1.));
#10929 = DIRECTION('',(-0.,-1.,0.));
#10930 = FACE_BOUND('',#10931,.F.);
#10931 = EDGE_LOOP('',(#10932));
#10932 = ORIENTED_EDGE('',*,*,#10933,.T.);
#10933 = EDGE_CURVE('',#10934,#10934,#10936,.T.);
#10934 = VERTEX_POINT('',#10935);
#10935 = CARTESIAN_POINT('',(134.23,-81.2,0.));
#10936 = CIRCLE('',#10937,0.4);
#10937 = AXIS2_PLACEMENT_3D('',#10938,#10939,#10940);
#10938 = CARTESIAN_POINT('',(134.23,-80.8,0.));
#10939 = DIRECTION('',(-0.,0.,-1.));
#10940 = DIRECTION('',(-7.105427357601E-14,-1.,0.));
#10941 = FACE_BOUND('',#10942,.F.);
#10942 = EDGE_LOOP('',(#10943));
#10943 = ORIENTED_EDGE('',*,*,#10944,.T.);
#10944 = EDGE_CURVE('',#10945,#10945,#10947,.T.);
#10945 = VERTEX_POINT('',#10946);
#10946 = CARTESIAN_POINT('',(134.23,-78.66,0.));
#10947 = CIRCLE('',#10948,0.4);
#10948 = AXIS2_PLACEMENT_3D('',#10949,#10950,#10951);
#10949 = CARTESIAN_POINT('',(134.23,-78.26,0.));
#10950 = DIRECTION('',(-0.,0.,-1.));
#10951 = DIRECTION('',(-7.105427357601E-14,-1.,0.));
#10952 = FACE_BOUND('',#10953,.F.);
#10953 = EDGE_LOOP('',(#10954));
#10954 = ORIENTED_EDGE('',*,*,#10955,.T.);
#10955 = EDGE_CURVE('',#10956,#10956,#10958,.T.);
#10956 = VERTEX_POINT('',#10957);
#10957 = CARTESIAN_POINT('',(134.23,-76.12,0.));
#10958 = CIRCLE('',#10959,0.4);
#10959 = AXIS2_PLACEMENT_3D('',#10960,#10961,#10962);
#10960 = CARTESIAN_POINT('',(134.23,-75.72,0.));
#10961 = DIRECTION('',(-0.,0.,-1.));
#10962 = DIRECTION('',(-7.105427357601E-14,-1.,0.));
#10963 = FACE_BOUND('',#10964,.F.);
#10964 = EDGE_LOOP('',(#10965));
#10965 = ORIENTED_EDGE('',*,*,#10966,.T.);
#10966 = EDGE_CURVE('',#10967,#10967,#10969,.T.);
#10967 = VERTEX_POINT('',#10968);
#10968 = CARTESIAN_POINT('',(134.23,-73.58,0.));
#10969 = CIRCLE('',#10970,0.4);
#10970 = AXIS2_PLACEMENT_3D('',#10971,#10972,#10973);
#10971 = CARTESIAN_POINT('',(134.23,-73.18,0.));
#10972 = DIRECTION('',(-0.,0.,-1.));
#10973 = DIRECTION('',(-7.105427357601E-14,-1.,0.));
#10974 = FACE_BOUND('',#10975,.F.);
#10975 = EDGE_LOOP('',(#10976));
#10976 = ORIENTED_EDGE('',*,*,#10977,.T.);
#10977 = EDGE_CURVE('',#10978,#10978,#10980,.T.);
#10978 = VERTEX_POINT('',#10979);
#10979 = CARTESIAN_POINT('',(125.97,-72.5445,0.));
#10980 = CIRCLE('',#10981,0.4445);
#10981 = AXIS2_PLACEMENT_3D('',#10982,#10983,#10984);
#10982 = CARTESIAN_POINT('',(125.97,-72.1,0.));
#10983 = DIRECTION('',(-0.,0.,-1.));
#10984 = DIRECTION('',(-0.,-1.,0.));
#10985 = FACE_BOUND('',#10986,.F.);
#10986 = EDGE_LOOP('',(#10987));
#10987 = ORIENTED_EDGE('',*,*,#10988,.T.);
#10988 = EDGE_CURVE('',#10989,#10989,#10991,.T.);
#10989 = VERTEX_POINT('',#10990);
#10990 = CARTESIAN_POINT('',(125.97,-70.0045,0.));
#10991 = CIRCLE('',#10992,0.4445);
#10992 = AXIS2_PLACEMENT_3D('',#10993,#10994,#10995);
#10993 = CARTESIAN_POINT('',(125.97,-69.56,0.));
#10994 = DIRECTION('',(-0.,0.,-1.));
#10995 = DIRECTION('',(-0.,-1.,0.));
#10996 = FACE_BOUND('',#10997,.F.);
#10997 = EDGE_LOOP('',(#10998));
#10998 = ORIENTED_EDGE('',*,*,#10999,.T.);
#10999 = EDGE_CURVE('',#11000,#11000,#11002,.T.);
#11000 = VERTEX_POINT('',#11001);
#11001 = CARTESIAN_POINT('',(125.97,-67.4645,0.));
#11002 = CIRCLE('',#11003,0.4445);
#11003 = AXIS2_PLACEMENT_3D('',#11004,#11005,#11006);
#11004 = CARTESIAN_POINT('',(125.97,-67.02,0.));
#11005 = DIRECTION('',(-0.,0.,-1.));
#11006 = DIRECTION('',(-0.,-1.,0.));
#11007 = FACE_BOUND('',#11008,.F.);
#11008 = EDGE_LOOP('',(#11009));
#11009 = ORIENTED_EDGE('',*,*,#11010,.T.);
#11010 = EDGE_CURVE('',#11011,#11011,#11013,.T.);
#11011 = VERTEX_POINT('',#11012);
#11012 = CARTESIAN_POINT('',(125.97,-64.9245,0.));
#11013 = CIRCLE('',#11014,0.4445);
#11014 = AXIS2_PLACEMENT_3D('',#11015,#11016,#11017);
#11015 = CARTESIAN_POINT('',(125.97,-64.48,0.));
#11016 = DIRECTION('',(-0.,0.,-1.));
#11017 = DIRECTION('',(-0.,-1.,0.));
#11018 = FACE_BOUND('',#11019,.F.);
#11019 = EDGE_LOOP('',(#11020));
#11020 = ORIENTED_EDGE('',*,*,#11021,.T.);
#11021 = EDGE_CURVE('',#11022,#11022,#11024,.T.);
#11022 = VERTEX_POINT('',#11023);
#11023 = CARTESIAN_POINT('',(134.23,-71.04,0.));
#11024 = CIRCLE('',#11025,0.4);
#11025 = AXIS2_PLACEMENT_3D('',#11026,#11027,#11028);
#11026 = CARTESIAN_POINT('',(134.23,-70.64,0.));
#11027 = DIRECTION('',(-0.,0.,-1.));
#11028 = DIRECTION('',(-7.105427357601E-14,-1.,0.));
#11029 = FACE_BOUND('',#11030,.F.);
#11030 = EDGE_LOOP('',(#11031));
#11031 = ORIENTED_EDGE('',*,*,#11032,.T.);
#11032 = EDGE_CURVE('',#11033,#11033,#11035,.T.);
#11033 = VERTEX_POINT('',#11034);
#11034 = CARTESIAN_POINT('',(134.23,-68.5,0.));
#11035 = CIRCLE('',#11036,0.4);
#11036 = AXIS2_PLACEMENT_3D('',#11037,#11038,#11039);
#11037 = CARTESIAN_POINT('',(134.23,-68.1,0.));
#11038 = DIRECTION('',(-0.,0.,-1.));
#11039 = DIRECTION('',(-7.105427357601E-14,-1.,0.));
#11040 = FACE_BOUND('',#11041,.F.);
#11041 = EDGE_LOOP('',(#11042));
#11042 = ORIENTED_EDGE('',*,*,#11043,.T.);
#11043 = EDGE_CURVE('',#11044,#11044,#11046,.T.);
#11044 = VERTEX_POINT('',#11045);
#11045 = CARTESIAN_POINT('',(134.23,-65.96,0.));
#11046 = CIRCLE('',#11047,0.4);
#11047 = AXIS2_PLACEMENT_3D('',#11048,#11049,#11050);
#11048 = CARTESIAN_POINT('',(134.23,-65.56,0.));
#11049 = DIRECTION('',(-0.,0.,-1.));
#11050 = DIRECTION('',(-7.105427357601E-14,-1.,0.));
#11051 = FACE_BOUND('',#11052,.F.);
#11052 = EDGE_LOOP('',(#11053));
#11053 = ORIENTED_EDGE('',*,*,#11054,.T.);
#11054 = EDGE_CURVE('',#11055,#11055,#11057,.T.);
#11055 = VERTEX_POINT('',#11056);
#11056 = CARTESIAN_POINT('',(137.7485,-94.925,0.));
#11057 = CIRCLE('',#11058,2.);
#11058 = AXIS2_PLACEMENT_3D('',#11059,#11060,#11061);
#11059 = CARTESIAN_POINT('',(137.7485,-92.925,0.));
#11060 = DIRECTION('',(-0.,0.,-1.));
#11061 = DIRECTION('',(-0.,-1.,0.));
#11062 = FACE_BOUND('',#11063,.F.);
#11063 = EDGE_LOOP('',(#11064));
#11064 = ORIENTED_EDGE('',*,*,#11065,.T.);
#11065 = EDGE_CURVE('',#11066,#11066,#11068,.T.);
#11066 = VERTEX_POINT('',#11067);
#11067 = CARTESIAN_POINT('',(142.8285,-93.775,0.));
#11068 = CIRCLE('',#11069,0.85);
#11069 = AXIS2_PLACEMENT_3D('',#11070,#11071,#11072);
#11070 = CARTESIAN_POINT('',(142.8285,-92.925,0.));
#11071 = DIRECTION('',(-0.,0.,-1.));
#11072 = DIRECTION('',(-3.343730521224E-14,-1.,0.));
#11073 = FACE_BOUND('',#11074,.F.);
#11074 = EDGE_LOOP('',(#11075));
#11075 = ORIENTED_EDGE('',*,*,#11076,.T.);
#11076 = EDGE_CURVE('',#11077,#11077,#11079,.T.);
#11077 = VERTEX_POINT('',#11078);
#11078 = CARTESIAN_POINT('',(151.7185,-93.775,0.));
#11079 = CIRCLE('',#11080,0.85);
#11080 = AXIS2_PLACEMENT_3D('',#11081,#11082,#11083);
#11081 = CARTESIAN_POINT('',(151.7185,-92.925,0.));
#11082 = DIRECTION('',(-0.,0.,-1.));
#11083 = DIRECTION('',(-0.,-1.,0.));
#11084 = FACE_BOUND('',#11085,.F.);
#11085 = EDGE_LOOP('',(#11086));
#11086 = ORIENTED_EDGE('',*,*,#11087,.T.);
#11087 = EDGE_CURVE('',#11088,#11088,#11090,.T.);
#11088 = VERTEX_POINT('',#11089);
#11089 = CARTESIAN_POINT('',(140.2885,-88.595,0.));
#11090 = CIRCLE('',#11091,0.75);
#11091 = AXIS2_PLACEMENT_3D('',#11092,#11093,#11094);
#11092 = CARTESIAN_POINT('',(140.2885,-87.845,0.));
#11093 = DIRECTION('',(-0.,0.,-1.));
#11094 = DIRECTION('',(-0.,-1.,0.));
#11095 = FACE_BOUND('',#11096,.F.);
#11096 = EDGE_LOOP('',(#11097));
#11097 = ORIENTED_EDGE('',*,*,#11098,.T.);
#11098 = EDGE_CURVE('',#11099,#11099,#11101,.T.);
#11099 = VERTEX_POINT('',#11100);
#11100 = CARTESIAN_POINT('',(147.05,-92.76,0.));
#11101 = CIRCLE('',#11102,0.4);
#11102 = AXIS2_PLACEMENT_3D('',#11103,#11104,#11105);
#11103 = CARTESIAN_POINT('',(147.05,-92.36,0.));
#11104 = DIRECTION('',(-0.,0.,-1.));
#11105 = DIRECTION('',(-0.,-1.,0.));
#11106 = FACE_BOUND('',#11107,.F.);
#11107 = EDGE_LOOP('',(#11108));
#11108 = ORIENTED_EDGE('',*,*,#11109,.T.);
#11109 = EDGE_CURVE('',#11110,#11110,#11112,.T.);
#11110 = VERTEX_POINT('',#11111);
#11111 = CARTESIAN_POINT('',(152.9885,-91.135,0.));
#11112 = CIRCLE('',#11113,0.75);
#11113 = AXIS2_PLACEMENT_3D('',#11114,#11115,#11116);
#11114 = CARTESIAN_POINT('',(152.9885,-90.385,0.));
#11115 = DIRECTION('',(-0.,0.,-1.));
#11116 = DIRECTION('',(-0.,-1.,0.));
#11117 = FACE_BOUND('',#11118,.F.);
#11118 = EDGE_LOOP('',(#11119));
#11119 = ORIENTED_EDGE('',*,*,#11120,.T.);
#11120 = EDGE_CURVE('',#11121,#11121,#11123,.T.);
#11121 = VERTEX_POINT('',#11122);
#11122 = CARTESIAN_POINT('',(147.05,-85.14,0.));
#11123 = CIRCLE('',#11124,0.4);
#11124 = AXIS2_PLACEMENT_3D('',#11125,#11126,#11127);
#11125 = CARTESIAN_POINT('',(147.05,-84.74,0.));
#11126 = DIRECTION('',(-0.,0.,-1.));
#11127 = DIRECTION('',(-0.,-1.,0.));
#11128 = FACE_BOUND('',#11129,.F.);
#11129 = EDGE_LOOP('',(#11130,#11141,#11150,#11158,#11167,#11176,#11185,
    #11193,#11202,#11211,#11220,#11228,#11237,#11246,#11255,#11263));
#11130 = ORIENTED_EDGE('',*,*,#11131,.F.);
#11131 = EDGE_CURVE('',#11132,#11134,#11136,.T.);
#11132 = VERTEX_POINT('',#11133);
#11133 = CARTESIAN_POINT('',(155.491789,-100.926701,0.));
#11134 = VERTEX_POINT('',#11135);
#11135 = CARTESIAN_POINT('',(154.789016,-101.57528,0.));
#11136 = CIRCLE('',#11137,0.499999729127);
#11137 = AXIS2_PLACEMENT_3D('',#11138,#11139,#11140);
#11138 = CARTESIAN_POINT('',(155.23953074567,-101.3584017091,0.));
#11139 = DIRECTION('',(0.,0.,1.));
#11140 = DIRECTION('',(0.504516781969,0.863401885979,-0.));
#11141 = ORIENTED_EDGE('',*,*,#11142,.F.);
#11142 = EDGE_CURVE('',#11143,#11132,#11145,.T.);
#11143 = VERTEX_POINT('',#11144);
#11144 = CARTESIAN_POINT('',(155.744048,-100.995001,0.));
#11145 = CIRCLE('',#11146,0.50002311711);
#11146 = AXIS2_PLACEMENT_3D('',#11147,#11148,#11149);
#11147 = CARTESIAN_POINT('',(155.74405526378,-100.4949778829,0.));
#11148 = DIRECTION('',(0.,0.,-1.));
#11149 = DIRECTION('',(-1.452689345975E-05,-0.999999999894,-0.));
#11150 = ORIENTED_EDGE('',*,*,#11151,.F.);
#11151 = EDGE_CURVE('',#11152,#11143,#11154,.T.);
#11152 = VERTEX_POINT('',#11153);
#11153 = CARTESIAN_POINT('',(157.332953,-100.995001,0.));
#11154 = LINE('',#11155,#11156);
#11155 = CARTESIAN_POINT('',(157.332953,-100.995001,0.));
#11156 = VECTOR('',#11157,1.);
#11157 = DIRECTION('',(-1.,0.,0.));
#11158 = ORIENTED_EDGE('',*,*,#11159,.F.);
#11159 = EDGE_CURVE('',#11160,#11152,#11162,.T.);
#11160 = VERTEX_POINT('',#11161);
#11161 = CARTESIAN_POINT('',(157.585211,-100.926702,0.));
#11162 = CIRCLE('',#11163,0.500008729288);
#11163 = AXIS2_PLACEMENT_3D('',#11164,#11165,#11166);
#11164 = CARTESIAN_POINT('',(157.33295034312,-100.4949922707,0.));
#11165 = DIRECTION('',(0.,0.,-1.));
#11166 = DIRECTION('',(0.504512505686,-0.863404384751,0.));
#11167 = ORIENTED_EDGE('',*,*,#11168,.F.);
#11168 = EDGE_CURVE('',#11169,#11160,#11171,.T.);
#11169 = VERTEX_POINT('',#11170);
#11170 = CARTESIAN_POINT('',(158.287984,-101.57528,0.));
#11171 = CIRCLE('',#11172,0.499999422661);
#11172 = AXIS2_PLACEMENT_3D('',#11173,#11174,#11175);
#11173 = CARTESIAN_POINT('',(157.83746929551,-101.35840233,0.));
#11174 = DIRECTION('',(0.,0.,1.));
#11175 = DIRECTION('',(0.901030449374,-0.433755840654,0.));
#11176 = ORIENTED_EDGE('',*,*,#11177,.F.);
#11177 = EDGE_CURVE('',#11178,#11169,#11180,.T.);
#11178 = VERTEX_POINT('',#11179);
#11179 = CARTESIAN_POINT('',(158.238499,-101.792158,0.));
#11180 = CIRCLE('',#11181,0.499989885034);
#11181 = AXIS2_PLACEMENT_3D('',#11182,#11183,#11184);
#11182 = CARTESIAN_POINT('',(158.73848888503,-101.7921560791,0.));
#11183 = DIRECTION('',(0.,0.,-1.));
#11184 = DIRECTION('',(-0.999999999993,-3.841811392097E-06,-0.));
#11185 = ORIENTED_EDGE('',*,*,#11186,.F.);
#11186 = EDGE_CURVE('',#11187,#11178,#11189,.T.);
#11187 = VERTEX_POINT('',#11188);
#11188 = CARTESIAN_POINT('',(158.238499,-103.197842,0.));
#11189 = LINE('',#11190,#11191);
#11190 = CARTESIAN_POINT('',(158.238499,-103.197842,0.));
#11191 = VECTOR('',#11192,1.);
#11192 = DIRECTION('',(0.,1.,0.));
#11193 = ORIENTED_EDGE('',*,*,#11194,.F.);
#11194 = EDGE_CURVE('',#11195,#11187,#11197,.T.);
#11195 = VERTEX_POINT('',#11196);
#11196 = CARTESIAN_POINT('',(158.287984,-103.414719,0.));
#11197 = CIRCLE('',#11198,0.49998122973);
#11198 = AXIS2_PLACEMENT_3D('',#11199,#11200,#11201);
#11199 = CARTESIAN_POINT('',(158.73848022972,-103.1978448957,0.));
#11200 = DIRECTION('',(0.,0.,-1.));
#11201 = DIRECTION('',(-0.901026284457,-0.433764492229,-0.));
#11202 = ORIENTED_EDGE('',*,*,#11203,.F.);
#11203 = EDGE_CURVE('',#11204,#11195,#11206,.T.);
#11204 = VERTEX_POINT('',#11205);
#11205 = CARTESIAN_POINT('',(157.585211,-104.063299,0.));
#11206 = CIRCLE('',#11207,0.499999755443);
#11207 = AXIS2_PLACEMENT_3D('',#11208,#11209,#11210);
#11208 = CARTESIAN_POINT('',(157.83746986309,-103.6315986161,0.));
#11209 = DIRECTION('',(0.,0.,1.));
#11210 = DIRECTION('',(-0.50451797296,-0.863401190039,0.));
#11211 = ORIENTED_EDGE('',*,*,#11212,.F.);
#11212 = EDGE_CURVE('',#11213,#11204,#11215,.T.);
#11213 = VERTEX_POINT('',#11214);
#11214 = CARTESIAN_POINT('',(157.332952,-103.995,0.));
#11215 = CIRCLE('',#11216,0.500008729226);
#11216 = AXIS2_PLACEMENT_3D('',#11217,#11218,#11219);
#11217 = CARTESIAN_POINT('',(157.33295034314,-104.4950087292,0.));
#11218 = DIRECTION('',(0.,0.,-1.));
#11219 = DIRECTION('',(3.313649203346E-06,0.999999999995,0.));
#11220 = ORIENTED_EDGE('',*,*,#11221,.F.);
#11221 = EDGE_CURVE('',#11222,#11213,#11224,.T.);
#11222 = VERTEX_POINT('',#11223);
#11223 = CARTESIAN_POINT('',(155.744048,-103.995,0.));
#11224 = LINE('',#11225,#11226);
#11225 = CARTESIAN_POINT('',(155.744048,-103.995,0.));
#11226 = VECTOR('',#11227,1.);
#11227 = DIRECTION('',(1.,0.,0.));
#11228 = ORIENTED_EDGE('',*,*,#11229,.F.);
#11229 = EDGE_CURVE('',#11230,#11222,#11232,.T.);
#11230 = VERTEX_POINT('',#11231);
#11231 = CARTESIAN_POINT('',(155.491789,-104.063297,0.));
#11232 = CIRCLE('',#11233,0.500040834725);
#11233 = AXIS2_PLACEMENT_3D('',#11234,#11235,#11236);
#11234 = CARTESIAN_POINT('',(155.74405492637,-104.4950408346,0.));
#11235 = DIRECTION('',(0.,0.,-1.));
#11236 = DIRECTION('',(-0.50449065128,0.86341715455,0.));
#11237 = ORIENTED_EDGE('',*,*,#11238,.F.);
#11238 = EDGE_CURVE('',#11239,#11230,#11241,.T.);
#11239 = VERTEX_POINT('',#11240);
#11240 = CARTESIAN_POINT('',(154.789016,-103.41472,0.));
#11241 = CIRCLE('',#11242,0.499999092786);
#11242 = AXIS2_PLACEMENT_3D('',#11243,#11244,#11245);
#11243 = CARTESIAN_POINT('',(155.23953060898,-103.6315971077,0.));
#11244 = DIRECTION('',(0.,0.,1.));
#11245 = DIRECTION('',(-0.901030852831,0.43375500256,0.));
#11246 = ORIENTED_EDGE('',*,*,#11247,.F.);
#11247 = EDGE_CURVE('',#11248,#11239,#11250,.T.);
#11248 = VERTEX_POINT('',#11249);
#11249 = CARTESIAN_POINT('',(154.838501,-103.197842,0.));
#11250 = CIRCLE('',#11251,0.499989885034);
#11251 = AXIS2_PLACEMENT_3D('',#11252,#11253,#11254);
#11252 = CARTESIAN_POINT('',(154.33851111496,-103.1978439208,0.));
#11253 = DIRECTION('',(0.,0.,-1.));
#11254 = DIRECTION('',(0.999999999993,3.841811392097E-06,0.));
#11255 = ORIENTED_EDGE('',*,*,#11256,.F.);
#11256 = EDGE_CURVE('',#11257,#11248,#11259,.T.);
#11257 = VERTEX_POINT('',#11258);
#11258 = CARTESIAN_POINT('',(154.838501,-101.792158,0.));
#11259 = LINE('',#11260,#11261);
#11260 = CARTESIAN_POINT('',(154.838501,-101.792158,0.));
#11261 = VECTOR('',#11262,1.);
#11262 = DIRECTION('',(0.,-1.,0.));
#11263 = ORIENTED_EDGE('',*,*,#11264,.F.);
#11264 = EDGE_CURVE('',#11134,#11257,#11265,.T.);
#11265 = CIRCLE('',#11266,0.499989885034);
#11266 = AXIS2_PLACEMENT_3D('',#11267,#11268,#11269);
#11267 = CARTESIAN_POINT('',(154.33851111496,-101.7921560791,0.));
#11268 = DIRECTION('',(0.,0.,-1.));
#11269 = DIRECTION('',(0.901027997796,0.43376093322,0.));
#11270 = FACE_BOUND('',#11271,.F.);
#11271 = EDGE_LOOP('',(#11272));
#11272 = ORIENTED_EDGE('',*,*,#11273,.T.);
#11273 = EDGE_CURVE('',#11274,#11274,#11276,.T.);
#11274 = VERTEX_POINT('',#11275);
#11275 = CARTESIAN_POINT('',(156.7985,-94.925,0.));
#11276 = CIRCLE('',#11277,2.);
#11277 = AXIS2_PLACEMENT_3D('',#11278,#11279,#11280);
#11278 = CARTESIAN_POINT('',(156.7985,-92.925,0.));
#11279 = DIRECTION('',(-0.,0.,-1.));
#11280 = DIRECTION('',(-0.,-1.,0.));
#11281 = FACE_BOUND('',#11282,.F.);
#11282 = EDGE_LOOP('',(#11283));
#11283 = ORIENTED_EDGE('',*,*,#11284,.T.);
#11284 = EDGE_CURVE('',#11285,#11285,#11287,.T.);
#11285 = VERTEX_POINT('',#11286);
#11286 = CARTESIAN_POINT('',(161.8785,-93.775,0.));
#11287 = CIRCLE('',#11288,0.85);
#11288 = AXIS2_PLACEMENT_3D('',#11289,#11290,#11291);
#11289 = CARTESIAN_POINT('',(161.8785,-92.925,0.));
#11290 = DIRECTION('',(-0.,0.,-1.));
#11291 = DIRECTION('',(-0.,-1.,0.));
#11292 = FACE_BOUND('',#11293,.F.);
#11293 = EDGE_LOOP('',(#11294));
#11294 = ORIENTED_EDGE('',*,*,#11295,.T.);
#11295 = EDGE_CURVE('',#11296,#11296,#11298,.T.);
#11296 = VERTEX_POINT('',#11297);
#11297 = CARTESIAN_POINT('',(159.3385,-88.595,0.));
#11298 = CIRCLE('',#11299,0.75);
#11299 = AXIS2_PLACEMENT_3D('',#11300,#11301,#11302);
#11300 = CARTESIAN_POINT('',(159.3385,-87.845,0.));
#11301 = DIRECTION('',(-0.,0.,-1.));
#11302 = DIRECTION('',(-0.,-1.,0.));
#11303 = FACE_BOUND('',#11304,.F.);
#11304 = EDGE_LOOP('',(#11305));
#11305 = ORIENTED_EDGE('',*,*,#11306,.T.);
#11306 = EDGE_CURVE('',#11307,#11307,#11309,.T.);
#11307 = VERTEX_POINT('',#11308);
#11308 = CARTESIAN_POINT('',(141.85,-81.2,0.));
#11309 = CIRCLE('',#11310,0.4);
#11310 = AXIS2_PLACEMENT_3D('',#11311,#11312,#11313);
#11311 = CARTESIAN_POINT('',(141.85,-80.8,0.));
#11312 = DIRECTION('',(-0.,0.,-1.));
#11313 = DIRECTION('',(-0.,-1.,0.));
#11314 = FACE_BOUND('',#11315,.F.);
#11315 = EDGE_LOOP('',(#11316));
#11316 = ORIENTED_EDGE('',*,*,#11317,.T.);
#11317 = EDGE_CURVE('',#11318,#11318,#11320,.T.);
#11318 = VERTEX_POINT('',#11319);
#11319 = CARTESIAN_POINT('',(141.85,-78.66,0.));
#11320 = CIRCLE('',#11321,0.4);
#11321 = AXIS2_PLACEMENT_3D('',#11322,#11323,#11324);
#11322 = CARTESIAN_POINT('',(141.85,-78.26,0.));
#11323 = DIRECTION('',(-0.,0.,-1.));
#11324 = DIRECTION('',(-0.,-1.,0.));
#11325 = FACE_BOUND('',#11326,.F.);
#11326 = EDGE_LOOP('',(#11327));
#11327 = ORIENTED_EDGE('',*,*,#11328,.T.);
#11328 = EDGE_CURVE('',#11329,#11329,#11331,.T.);
#11329 = VERTEX_POINT('',#11330);
#11330 = CARTESIAN_POINT('',(141.85,-76.12,0.));
#11331 = CIRCLE('',#11332,0.4);
#11332 = AXIS2_PLACEMENT_3D('',#11333,#11334,#11335);
#11333 = CARTESIAN_POINT('',(141.85,-75.72,0.));
#11334 = DIRECTION('',(-0.,0.,-1.));
#11335 = DIRECTION('',(-0.,-1.,0.));
#11336 = FACE_BOUND('',#11337,.F.);
#11337 = EDGE_LOOP('',(#11338));
#11338 = ORIENTED_EDGE('',*,*,#11339,.T.);
#11339 = EDGE_CURVE('',#11340,#11340,#11342,.T.);
#11340 = VERTEX_POINT('',#11341);
#11341 = CARTESIAN_POINT('',(141.85,-73.58,0.));
#11342 = CIRCLE('',#11343,0.4);
#11343 = AXIS2_PLACEMENT_3D('',#11344,#11345,#11346);
#11344 = CARTESIAN_POINT('',(141.85,-73.18,0.));
#11345 = DIRECTION('',(-0.,0.,-1.));
#11346 = DIRECTION('',(-0.,-1.,0.));
#11347 = FACE_BOUND('',#11348,.F.);
#11348 = EDGE_LOOP('',(#11349));
#11349 = ORIENTED_EDGE('',*,*,#11350,.T.);
#11350 = EDGE_CURVE('',#11351,#11351,#11353,.T.);
#11351 = VERTEX_POINT('',#11352);
#11352 = CARTESIAN_POINT('',(147.05,-81.81,0.));
#11353 = CIRCLE('',#11354,0.4);
#11354 = AXIS2_PLACEMENT_3D('',#11355,#11356,#11357);
#11355 = CARTESIAN_POINT('',(147.05,-81.41,0.));
#11356 = DIRECTION('',(-0.,0.,-1.));
#11357 = DIRECTION('',(-0.,-1.,0.));
#11358 = FACE_BOUND('',#11359,.F.);
#11359 = EDGE_LOOP('',(#11360));
#11360 = ORIENTED_EDGE('',*,*,#11361,.T.);
#11361 = EDGE_CURVE('',#11362,#11362,#11364,.T.);
#11362 = VERTEX_POINT('',#11363);
#11363 = CARTESIAN_POINT('',(154.35,-81.8,0.));
#11364 = CIRCLE('',#11365,0.5);
#11365 = AXIS2_PLACEMENT_3D('',#11366,#11367,#11368);
#11366 = CARTESIAN_POINT('',(154.35,-81.3,0.));
#11367 = DIRECTION('',(-0.,0.,-1.));
#11368 = DIRECTION('',(-0.,-1.,0.));
#11369 = FACE_BOUND('',#11370,.F.);
#11370 = EDGE_LOOP('',(#11371));
#11371 = ORIENTED_EDGE('',*,*,#11372,.T.);
#11372 = EDGE_CURVE('',#11373,#11373,#11375,.T.);
#11373 = VERTEX_POINT('',#11374);
#11374 = CARTESIAN_POINT('',(147.05,-74.19,0.));
#11375 = CIRCLE('',#11376,0.4);
#11376 = AXIS2_PLACEMENT_3D('',#11377,#11378,#11379);
#11377 = CARTESIAN_POINT('',(147.05,-73.79,0.));
#11378 = DIRECTION('',(-0.,0.,-1.));
#11379 = DIRECTION('',(-0.,-1.,0.));
#11380 = FACE_BOUND('',#11381,.F.);
#11381 = EDGE_LOOP('',(#11382,#11393,#11401,#11410));
#11382 = ORIENTED_EDGE('',*,*,#11383,.T.);
#11383 = EDGE_CURVE('',#11384,#11386,#11388,.T.);
#11384 = VERTEX_POINT('',#11385);
#11385 = CARTESIAN_POINT('',(152.,-74.95,0.));
#11386 = VERTEX_POINT('',#11387);
#11387 = CARTESIAN_POINT('',(150.5,-74.95,0.));
#11388 = CIRCLE('',#11389,0.75);
#11389 = AXIS2_PLACEMENT_3D('',#11390,#11391,#11392);
#11390 = CARTESIAN_POINT('',(151.25,-74.95,0.));
#11391 = DIRECTION('',(-0.,0.,-1.));
#11392 = DIRECTION('',(-1.,0.,0.));
#11393 = ORIENTED_EDGE('',*,*,#11394,.T.);
#11394 = EDGE_CURVE('',#11386,#11395,#11397,.T.);
#11395 = VERTEX_POINT('',#11396);
#11396 = CARTESIAN_POINT('',(150.5,-73.65,0.));
#11397 = LINE('',#11398,#11399);
#11398 = CARTESIAN_POINT('',(150.5,-36.825,0.));
#11399 = VECTOR('',#11400,1.);
#11400 = DIRECTION('',(-0.,1.,0.));
#11401 = ORIENTED_EDGE('',*,*,#11402,.T.);
#11402 = EDGE_CURVE('',#11395,#11403,#11405,.T.);
#11403 = VERTEX_POINT('',#11404);
#11404 = CARTESIAN_POINT('',(152.,-73.65,0.));
#11405 = CIRCLE('',#11406,0.75);
#11406 = AXIS2_PLACEMENT_3D('',#11407,#11408,#11409);
#11407 = CARTESIAN_POINT('',(151.25,-73.65,0.));
#11408 = DIRECTION('',(0.,-0.,-1.));
#11409 = DIRECTION('',(1.,0.,-0.));
#11410 = ORIENTED_EDGE('',*,*,#11411,.T.);
#11411 = EDGE_CURVE('',#11403,#11384,#11412,.T.);
#11412 = LINE('',#11413,#11414);
#11413 = CARTESIAN_POINT('',(152.,-37.475,0.));
#11414 = VECTOR('',#11415,1.);
#11415 = DIRECTION('',(0.,-1.,0.));
#11416 = FACE_BOUND('',#11417,.F.);
#11417 = EDGE_LOOP('',(#11418));
#11418 = ORIENTED_EDGE('',*,*,#11419,.T.);
#11419 = EDGE_CURVE('',#11420,#11420,#11422,.T.);
#11420 = VERTEX_POINT('',#11421);
#11421 = CARTESIAN_POINT('',(141.85,-71.04,0.));
#11422 = CIRCLE('',#11423,0.4);
#11423 = AXIS2_PLACEMENT_3D('',#11424,#11425,#11426);
#11424 = CARTESIAN_POINT('',(141.85,-70.64,0.));
#11425 = DIRECTION('',(-0.,0.,-1.));
#11426 = DIRECTION('',(-0.,-1.,0.));
#11427 = FACE_BOUND('',#11428,.F.);
#11428 = EDGE_LOOP('',(#11429));
#11429 = ORIENTED_EDGE('',*,*,#11430,.T.);
#11430 = EDGE_CURVE('',#11431,#11431,#11433,.T.);
#11431 = VERTEX_POINT('',#11432);
#11432 = CARTESIAN_POINT('',(141.85,-68.5,0.));
#11433 = CIRCLE('',#11434,0.4);
#11434 = AXIS2_PLACEMENT_3D('',#11435,#11436,#11437);
#11435 = CARTESIAN_POINT('',(141.85,-68.1,0.));
#11436 = DIRECTION('',(-0.,0.,-1.));
#11437 = DIRECTION('',(-0.,-1.,0.));
#11438 = FACE_BOUND('',#11439,.F.);
#11439 = EDGE_LOOP('',(#11440));
#11440 = ORIENTED_EDGE('',*,*,#11441,.T.);
#11441 = EDGE_CURVE('',#11442,#11442,#11444,.T.);
#11442 = VERTEX_POINT('',#11443);
#11443 = CARTESIAN_POINT('',(141.85,-65.96,0.));
#11444 = CIRCLE('',#11445,0.4);
#11445 = AXIS2_PLACEMENT_3D('',#11446,#11447,#11448);
#11446 = CARTESIAN_POINT('',(141.85,-65.56,0.));
#11447 = DIRECTION('',(-0.,0.,-1.));
#11448 = DIRECTION('',(-0.,-1.,0.));
#11449 = FACE_BOUND('',#11450,.F.);
#11450 = EDGE_LOOP('',(#11451));
#11451 = ORIENTED_EDGE('',*,*,#11452,.T.);
#11452 = EDGE_CURVE('',#11453,#11453,#11455,.T.);
#11453 = VERTEX_POINT('',#11454);
#11454 = CARTESIAN_POINT('',(154.35,-67.3,0.));
#11455 = CIRCLE('',#11456,0.5);
#11456 = AXIS2_PLACEMENT_3D('',#11457,#11458,#11459);
#11457 = CARTESIAN_POINT('',(154.35,-66.8,0.));
#11458 = DIRECTION('',(-0.,0.,-1.));
#11459 = DIRECTION('',(-0.,-1.,0.));
#11460 = FACE_BOUND('',#11461,.F.);
#11461 = EDGE_LOOP('',(#11462));
#11462 = ORIENTED_EDGE('',*,*,#11463,.T.);
#11463 = EDGE_CURVE('',#11464,#11464,#11466,.T.);
#11464 = VERTEX_POINT('',#11465);
#11465 = CARTESIAN_POINT('',(159.35,-81.8,0.));
#11466 = CIRCLE('',#11467,0.5);
#11467 = AXIS2_PLACEMENT_3D('',#11468,#11469,#11470);
#11468 = CARTESIAN_POINT('',(159.35,-81.3,0.));
#11469 = DIRECTION('',(-0.,0.,-1.));
#11470 = DIRECTION('',(-0.,-1.,0.));
#11471 = FACE_BOUND('',#11472,.F.);
#11472 = EDGE_LOOP('',(#11473,#11484,#11492,#11501));
#11473 = ORIENTED_EDGE('',*,*,#11474,.T.);
#11474 = EDGE_CURVE('',#11475,#11477,#11479,.T.);
#11475 = VERTEX_POINT('',#11476);
#11476 = CARTESIAN_POINT('',(163.2,-74.95,0.));
#11477 = VERTEX_POINT('',#11478);
#11478 = CARTESIAN_POINT('',(161.7,-74.95,0.));
#11479 = CIRCLE('',#11480,0.75);
#11480 = AXIS2_PLACEMENT_3D('',#11481,#11482,#11483);
#11481 = CARTESIAN_POINT('',(162.45,-74.95,0.));
#11482 = DIRECTION('',(-0.,0.,-1.));
#11483 = DIRECTION('',(-1.,0.,0.));
#11484 = ORIENTED_EDGE('',*,*,#11485,.T.);
#11485 = EDGE_CURVE('',#11477,#11486,#11488,.T.);
#11486 = VERTEX_POINT('',#11487);
#11487 = CARTESIAN_POINT('',(161.7,-73.65,0.));
#11488 = LINE('',#11489,#11490);
#11489 = CARTESIAN_POINT('',(161.7,-36.825,0.));
#11490 = VECTOR('',#11491,1.);
#11491 = DIRECTION('',(-0.,1.,0.));
#11492 = ORIENTED_EDGE('',*,*,#11493,.T.);
#11493 = EDGE_CURVE('',#11486,#11494,#11496,.T.);
#11494 = VERTEX_POINT('',#11495);
#11495 = CARTESIAN_POINT('',(163.2,-73.65,0.));
#11496 = CIRCLE('',#11497,0.75);
#11497 = AXIS2_PLACEMENT_3D('',#11498,#11499,#11500);
#11498 = CARTESIAN_POINT('',(162.45,-73.65,0.));
#11499 = DIRECTION('',(0.,-0.,-1.));
#11500 = DIRECTION('',(1.,0.,-0.));
#11501 = ORIENTED_EDGE('',*,*,#11502,.T.);
#11502 = EDGE_CURVE('',#11494,#11475,#11503,.T.);
#11503 = LINE('',#11504,#11505);
#11504 = CARTESIAN_POINT('',(163.2,-37.475,0.));
#11505 = VECTOR('',#11506,1.);
#11506 = DIRECTION('',(0.,-1.,0.));
#11507 = FACE_BOUND('',#11508,.F.);
#11508 = EDGE_LOOP('',(#11509));
#11509 = ORIENTED_EDGE('',*,*,#11510,.T.);
#11510 = EDGE_CURVE('',#11511,#11511,#11513,.T.);
#11511 = VERTEX_POINT('',#11512);
#11512 = CARTESIAN_POINT('',(156.85,-67.3,0.));
#11513 = CIRCLE('',#11514,0.5);
#11514 = AXIS2_PLACEMENT_3D('',#11515,#11516,#11517);
#11515 = CARTESIAN_POINT('',(156.85,-66.8,0.));
#11516 = DIRECTION('',(-0.,0.,-1.));
#11517 = DIRECTION('',(-0.,-1.,0.));
#11518 = FACE_BOUND('',#11519,.F.);
#11519 = EDGE_LOOP('',(#11520));
#11520 = ORIENTED_EDGE('',*,*,#11521,.T.);
#11521 = EDGE_CURVE('',#11522,#11522,#11524,.T.);
#11522 = VERTEX_POINT('',#11523);
#11523 = CARTESIAN_POINT('',(159.35,-67.3,0.));
#11524 = CIRCLE('',#11525,0.5);
#11525 = AXIS2_PLACEMENT_3D('',#11526,#11527,#11528);
#11526 = CARTESIAN_POINT('',(159.35,-66.8,0.));
#11527 = DIRECTION('',(-0.,0.,-1.));
#11528 = DIRECTION('',(-0.,-1.,0.));
#11529 = FACE_BOUND('',#11530,.F.);
#11530 = EDGE_LOOP('',(#11531));
#11531 = ORIENTED_EDGE('',*,*,#11532,.T.);
#11532 = EDGE_CURVE('',#11533,#11533,#11535,.T.);
#11533 = VERTEX_POINT('',#11534);
#11534 = CARTESIAN_POINT('',(170.2,-65.85,0.));
#11535 = CIRCLE('',#11536,1.6);
#11536 = AXIS2_PLACEMENT_3D('',#11537,#11538,#11539);
#11537 = CARTESIAN_POINT('',(170.2,-64.25,0.));
#11538 = DIRECTION('',(-0.,0.,-1.));
#11539 = DIRECTION('',(-0.,-1.,0.));
#11540 = PLANE('',#11541);
#11541 = AXIS2_PLACEMENT_3D('',#11542,#11543,#11544);
#11542 = CARTESIAN_POINT('',(0.,0.,0.));
#11543 = DIRECTION('',(0.,0.,1.));
#11544 = DIRECTION('',(1.,0.,-0.));
#11545 = ADVANCED_FACE('',(#11546,#11557,#11568,#11579,#11590,#11601,
    #11612,#11623,#11634,#11645,#11656,#11667,#11678,#11689,#11700,
    #11842,#11853,#11864,#11875,#11886,#11897,#11908,#11919,#11930,
    #11941,#11952,#11963,#11974,#11985,#11996,#12007,#12018,#12029,
    #12040,#12051,#12062,#12073,#12215,#12226,#12237,#12248,#12259,
    #12270,#12281,#12292,#12434,#12445,#12456,#12467,#12478,#12620,
    #12631,#12642,#12653,#12664,#12675,#12686,#12828,#12839,#12850,
    #12861,#12872,#12883,#12894,#12905,#12916,#12927,#12938,#12949,
    #12960,#12971,#12982,#12993,#13004,#13015,#13026,#13037,#13048,
    #13059,#13070,#13081,#13092,#13103,#13114,#13125,#13136,#13147,
    #13158,#13169,#13180,#13191,#13333,#13344,#13355,#13366,#13377,
    #13388,#13399,#13410,#13421,#13432,#13443,#13479,#13490,#13501,
    #13512,#13523,#13534,#13570,#13581,#13592),#13603,.T.);
#11546 = FACE_BOUND('',#11547,.T.);
#11547 = EDGE_LOOP('',(#11548,#11549,#11550,#11556));
#11548 = ORIENTED_EDGE('',*,*,#9394,.F.);
#11549 = ORIENTED_EDGE('',*,*,#9434,.F.);
#11550 = ORIENTED_EDGE('',*,*,#11551,.F.);
#11551 = EDGE_CURVE('',#9457,#9427,#11552,.T.);
#11552 = LINE('',#11553,#11554);
#11553 = CARTESIAN_POINT('',(96.45,-60.35,1.51));
#11554 = VECTOR('',#11555,1.);
#11555 = DIRECTION('',(1.,0.,0.));
#11556 = ORIENTED_EDGE('',*,*,#9456,.F.);
#11557 = FACE_BOUND('',#11558,.T.);
#11558 = EDGE_LOOP('',(#11559));
#11559 = ORIENTED_EDGE('',*,*,#11560,.T.);
#11560 = EDGE_CURVE('',#11561,#11561,#11563,.T.);
#11561 = VERTEX_POINT('',#11562);
#11562 = CARTESIAN_POINT('',(104.85,-143.05,1.51));
#11563 = CIRCLE('',#11564,1.6);
#11564 = AXIS2_PLACEMENT_3D('',#11565,#11566,#11567);
#11565 = CARTESIAN_POINT('',(104.85,-141.45,1.51));
#11566 = DIRECTION('',(-0.,0.,-1.));
#11567 = DIRECTION('',(-0.,-1.,0.));
#11568 = FACE_BOUND('',#11569,.T.);
#11569 = EDGE_LOOP('',(#11570));
#11570 = ORIENTED_EDGE('',*,*,#11571,.T.);
#11571 = EDGE_CURVE('',#11572,#11572,#11574,.T.);
#11572 = VERTEX_POINT('',#11573);
#11573 = CARTESIAN_POINT('',(107.75,-136.76,1.51));
#11574 = CIRCLE('',#11575,0.4);
#11575 = AXIS2_PLACEMENT_3D('',#11576,#11577,#11578);
#11576 = CARTESIAN_POINT('',(107.75,-136.36,1.51));
#11577 = DIRECTION('',(-0.,0.,-1.));
#11578 = DIRECTION('',(-0.,-1.,0.));
#11579 = FACE_BOUND('',#11580,.T.);
#11580 = EDGE_LOOP('',(#11581));
#11581 = ORIENTED_EDGE('',*,*,#11582,.T.);
#11582 = EDGE_CURVE('',#11583,#11583,#11585,.T.);
#11583 = VERTEX_POINT('',#11584);
#11584 = CARTESIAN_POINT('',(107.75,-129.14,1.51));
#11585 = CIRCLE('',#11586,0.4);
#11586 = AXIS2_PLACEMENT_3D('',#11587,#11588,#11589);
#11587 = CARTESIAN_POINT('',(107.75,-128.74,1.51));
#11588 = DIRECTION('',(-0.,0.,-1.));
#11589 = DIRECTION('',(-0.,-1.,0.));
#11590 = FACE_BOUND('',#11591,.T.);
#11591 = EDGE_LOOP('',(#11592));
#11592 = ORIENTED_EDGE('',*,*,#11593,.T.);
#11593 = EDGE_CURVE('',#11594,#11594,#11596,.T.);
#11594 = VERTEX_POINT('',#11595);
#11595 = CARTESIAN_POINT('',(113.6185,-131.875,1.51));
#11596 = CIRCLE('',#11597,0.85);
#11597 = AXIS2_PLACEMENT_3D('',#11598,#11599,#11600);
#11598 = CARTESIAN_POINT('',(113.6185,-131.025,1.51));
#11599 = DIRECTION('',(-0.,0.,-1.));
#11600 = DIRECTION('',(-1.671865260612E-14,-1.,0.));
#11601 = FACE_BOUND('',#11602,.T.);
#11602 = EDGE_LOOP('',(#11603));
#11603 = ORIENTED_EDGE('',*,*,#11604,.T.);
#11604 = EDGE_CURVE('',#11605,#11605,#11607,.T.);
#11605 = VERTEX_POINT('',#11606);
#11606 = CARTESIAN_POINT('',(114.8885,-129.235,1.51));
#11607 = CIRCLE('',#11608,0.75);
#11608 = AXIS2_PLACEMENT_3D('',#11609,#11610,#11611);
#11609 = CARTESIAN_POINT('',(114.8885,-128.485,1.51));
#11610 = DIRECTION('',(-0.,0.,-1.));
#11611 = DIRECTION('',(-0.,-1.,0.));
#11612 = FACE_BOUND('',#11613,.T.);
#11613 = EDGE_LOOP('',(#11614));
#11614 = ORIENTED_EDGE('',*,*,#11615,.T.);
#11615 = EDGE_CURVE('',#11616,#11616,#11618,.T.);
#11616 = VERTEX_POINT('',#11617);
#11617 = CARTESIAN_POINT('',(118.6985,-133.025,1.51));
#11618 = CIRCLE('',#11619,2.);
#11619 = AXIS2_PLACEMENT_3D('',#11620,#11621,#11622);
#11620 = CARTESIAN_POINT('',(118.6985,-131.025,1.51));
#11621 = DIRECTION('',(-0.,0.,-1.));
#11622 = DIRECTION('',(-0.,-1.,0.));
#11623 = FACE_BOUND('',#11624,.T.);
#11624 = EDGE_LOOP('',(#11625));
#11625 = ORIENTED_EDGE('',*,*,#11626,.T.);
#11626 = EDGE_CURVE('',#11627,#11627,#11629,.T.);
#11627 = VERTEX_POINT('',#11628);
#11628 = CARTESIAN_POINT('',(128.3,-136.77,1.51));
#11629 = CIRCLE('',#11630,0.4);
#11630 = AXIS2_PLACEMENT_3D('',#11631,#11632,#11633);
#11631 = CARTESIAN_POINT('',(128.3,-136.37,1.51));
#11632 = DIRECTION('',(-0.,0.,-1.));
#11633 = DIRECTION('',(-0.,-1.,0.));
#11634 = FACE_BOUND('',#11635,.T.);
#11635 = EDGE_LOOP('',(#11636));
#11636 = ORIENTED_EDGE('',*,*,#11637,.T.);
#11637 = EDGE_CURVE('',#11638,#11638,#11640,.T.);
#11638 = VERTEX_POINT('',#11639);
#11639 = CARTESIAN_POINT('',(123.7785,-131.875,1.51));
#11640 = CIRCLE('',#11641,0.85);
#11641 = AXIS2_PLACEMENT_3D('',#11642,#11643,#11644);
#11642 = CARTESIAN_POINT('',(123.7785,-131.025,1.51));
#11643 = DIRECTION('',(-0.,0.,-1.));
#11644 = DIRECTION('',(-1.671865260612E-14,-1.,0.));
#11645 = FACE_BOUND('',#11646,.T.);
#11646 = EDGE_LOOP('',(#11647));
#11647 = ORIENTED_EDGE('',*,*,#11648,.T.);
#11648 = EDGE_CURVE('',#11649,#11649,#11651,.T.);
#11649 = VERTEX_POINT('',#11650);
#11650 = CARTESIAN_POINT('',(128.3,-129.15,1.51));
#11651 = CIRCLE('',#11652,0.4);
#11652 = AXIS2_PLACEMENT_3D('',#11653,#11654,#11655);
#11653 = CARTESIAN_POINT('',(128.3,-128.75,1.51));
#11654 = DIRECTION('',(-0.,0.,-1.));
#11655 = DIRECTION('',(-0.,-1.,0.));
#11656 = FACE_BOUND('',#11657,.T.);
#11657 = EDGE_LOOP('',(#11658));
#11658 = ORIENTED_EDGE('',*,*,#11659,.T.);
#11659 = EDGE_CURVE('',#11660,#11660,#11662,.T.);
#11660 = VERTEX_POINT('',#11661);
#11661 = CARTESIAN_POINT('',(121.2385,-126.695,1.51));
#11662 = CIRCLE('',#11663,0.75);
#11663 = AXIS2_PLACEMENT_3D('',#11664,#11665,#11666);
#11664 = CARTESIAN_POINT('',(121.2385,-125.945,1.51));
#11665 = DIRECTION('',(-0.,0.,-1.));
#11666 = DIRECTION('',(-0.,-1.,0.));
#11667 = FACE_BOUND('',#11668,.T.);
#11668 = EDGE_LOOP('',(#11669));
#11669 = ORIENTED_EDGE('',*,*,#11670,.T.);
#11670 = EDGE_CURVE('',#11671,#11671,#11673,.T.);
#11671 = VERTEX_POINT('',#11672);
#11672 = CARTESIAN_POINT('',(132.6685,-131.875,1.51));
#11673 = CIRCLE('',#11674,0.85);
#11674 = AXIS2_PLACEMENT_3D('',#11675,#11676,#11677);
#11675 = CARTESIAN_POINT('',(132.6685,-131.025,1.51));
#11676 = DIRECTION('',(-0.,0.,-1.));
#11677 = DIRECTION('',(-0.,-1.,0.));
#11678 = FACE_BOUND('',#11679,.T.);
#11679 = EDGE_LOOP('',(#11680));
#11680 = ORIENTED_EDGE('',*,*,#11681,.T.);
#11681 = EDGE_CURVE('',#11682,#11682,#11684,.T.);
#11682 = VERTEX_POINT('',#11683);
#11683 = CARTESIAN_POINT('',(133.9385,-129.235,1.51));
#11684 = CIRCLE('',#11685,0.75);
#11685 = AXIS2_PLACEMENT_3D('',#11686,#11687,#11688);
#11686 = CARTESIAN_POINT('',(133.9385,-128.485,1.51));
#11687 = DIRECTION('',(-0.,0.,-1.));
#11688 = DIRECTION('',(-0.,-1.,0.));
#11689 = FACE_BOUND('',#11690,.T.);
#11690 = EDGE_LOOP('',(#11691));
#11691 = ORIENTED_EDGE('',*,*,#11692,.T.);
#11692 = EDGE_CURVE('',#11693,#11693,#11695,.T.);
#11693 = VERTEX_POINT('',#11694);
#11694 = CARTESIAN_POINT('',(107.8,-117.31,1.51));
#11695 = CIRCLE('',#11696,0.4);
#11696 = AXIS2_PLACEMENT_3D('',#11697,#11698,#11699);
#11697 = CARTESIAN_POINT('',(107.8,-116.91,1.51));
#11698 = DIRECTION('',(-0.,0.,-1.));
#11699 = DIRECTION('',(-3.552713678801E-14,-1.,0.));
#11700 = FACE_BOUND('',#11701,.T.);
#11701 = EDGE_LOOP('',(#11702,#11713,#11722,#11730,#11739,#11748,#11757,
    #11765,#11774,#11783,#11792,#11800,#11809,#11818,#11827,#11835));
#11702 = ORIENTED_EDGE('',*,*,#11703,.F.);
#11703 = EDGE_CURVE('',#11704,#11706,#11708,.T.);
#11704 = VERTEX_POINT('',#11705);
#11705 = CARTESIAN_POINT('',(120.137985,-120.872438,1.51));
#11706 = VERTEX_POINT('',#11707);
#11707 = CARTESIAN_POINT('',(119.435212,-120.22386,1.51));
#11708 = CIRCLE('',#11709,0.499999422661);
#11709 = AXIS2_PLACEMENT_3D('',#11710,#11711,#11712);
#11710 = CARTESIAN_POINT('',(119.68747029551,-120.65556033,1.51));
#11711 = DIRECTION('',(0.,0.,1.));
#11712 = DIRECTION('',(0.901030449374,-0.433755840654,0.));
#11713 = ORIENTED_EDGE('',*,*,#11714,.F.);
#11714 = EDGE_CURVE('',#11715,#11704,#11717,.T.);
#11715 = VERTEX_POINT('',#11716);
#11716 = CARTESIAN_POINT('',(120.0885,-121.089315,1.51));
#11717 = CIRCLE('',#11718,0.499989884978);
#11718 = AXIS2_PLACEMENT_3D('',#11719,#11720,#11721);
#11719 = CARTESIAN_POINT('',(120.58848988497,-121.0893140791,1.51));
#11720 = DIRECTION('',(0.,0.,-1.));
#11721 = DIRECTION('',(-0.999999999998,-1.841808624623E-06,-0.));
#11722 = ORIENTED_EDGE('',*,*,#11723,.F.);
#11723 = EDGE_CURVE('',#11724,#11715,#11726,.T.);
#11724 = VERTEX_POINT('',#11725);
#11725 = CARTESIAN_POINT('',(120.0885,-122.495,1.51));
#11726 = LINE('',#11727,#11728);
#11727 = CARTESIAN_POINT('',(120.0885,-122.495,1.51));
#11728 = VECTOR('',#11729,1.);
#11729 = DIRECTION('',(0.,1.,0.));
#11730 = ORIENTED_EDGE('',*,*,#11731,.F.);
#11731 = EDGE_CURVE('',#11732,#11724,#11734,.T.);
#11732 = VERTEX_POINT('',#11733);
#11733 = CARTESIAN_POINT('',(120.137985,-122.711878,1.51));
#11734 = CIRCLE('',#11735,0.499989885034);
#11735 = AXIS2_PLACEMENT_3D('',#11736,#11737,#11738);
#11736 = CARTESIAN_POINT('',(120.58848988503,-122.4950019208,1.51));
#11737 = DIRECTION('',(0.,0.,-1.));
#11738 = DIRECTION('',(-0.901027997796,-0.43376093322,-0.));
#11739 = ORIENTED_EDGE('',*,*,#11740,.F.);
#11740 = EDGE_CURVE('',#11741,#11732,#11743,.T.);
#11741 = VERTEX_POINT('',#11742);
#11742 = CARTESIAN_POINT('',(119.435212,-123.360457,1.51));
#11743 = CIRCLE('',#11744,0.499999448976);
#11744 = AXIS2_PLACEMENT_3D('',#11745,#11746,#11747);
#11745 = CARTESIAN_POINT('',(119.68747090428,-122.9287569951,1.51));
#11746 = DIRECTION('',(0.,0.,1.));
#11747 = DIRECTION('',(-0.504518364574,-0.863400961204,0.));
#11748 = ORIENTED_EDGE('',*,*,#11749,.F.);
#11749 = EDGE_CURVE('',#11750,#11741,#11752,.T.);
#11750 = VERTEX_POINT('',#11751);
#11751 = CARTESIAN_POINT('',(119.182953,-123.292158,1.51));
#11752 = CIRCLE('',#11753,0.500008729226);
#11753 = AXIS2_PLACEMENT_3D('',#11754,#11755,#11756);
#11754 = CARTESIAN_POINT('',(119.18295134314,-123.7921667292,1.51));
#11755 = DIRECTION('',(0.,0.,-1.));
#11756 = DIRECTION('',(3.313649260187E-06,0.999999999995,0.));
#11757 = ORIENTED_EDGE('',*,*,#11758,.F.);
#11758 = EDGE_CURVE('',#11759,#11750,#11761,.T.);
#11759 = VERTEX_POINT('',#11760);
#11760 = CARTESIAN_POINT('',(117.594049,-123.292158,1.51));
#11761 = LINE('',#11762,#11763);
#11762 = CARTESIAN_POINT('',(117.594049,-123.292158,1.51));
#11763 = VECTOR('',#11764,1.);
#11764 = DIRECTION('',(1.,0.,0.));
#11765 = ORIENTED_EDGE('',*,*,#11766,.F.);
#11766 = EDGE_CURVE('',#11767,#11759,#11769,.T.);
#11767 = VERTEX_POINT('',#11768);
#11768 = CARTESIAN_POINT('',(117.341791,-123.360457,1.51));
#11769 = CIRCLE('',#11770,0.500008729288);
#11770 = AXIS2_PLACEMENT_3D('',#11771,#11772,#11773);
#11771 = CARTESIAN_POINT('',(117.59405165687,-123.7921667292,1.51));
#11772 = DIRECTION('',(0.,0.,-1.));
#11773 = DIRECTION('',(-0.504512505685,0.863404384751,0.));
#11774 = ORIENTED_EDGE('',*,*,#11775,.F.);
#11775 = EDGE_CURVE('',#11776,#11767,#11778,.T.);
#11776 = VERTEX_POINT('',#11777);
#11777 = CARTESIAN_POINT('',(116.639017,-122.711878,1.51));
#11778 = CIRCLE('',#11779,0.500000669307);
#11779 = AXIS2_PLACEMENT_3D('',#11780,#11781,#11782);
#11780 = CARTESIAN_POINT('',(117.0895335355,-122.9287547404,1.51));
#11781 = DIRECTION('',(0.,0.,1.));
#11782 = DIRECTION('',(-0.901031864884,0.433752900236,0.));
#11783 = ORIENTED_EDGE('',*,*,#11784,.F.);
#11784 = EDGE_CURVE('',#11785,#11776,#11787,.T.);
#11785 = VERTEX_POINT('',#11786);
#11786 = CARTESIAN_POINT('',(116.688502,-122.495001,1.51));
#11787 = CIRCLE('',#11788,0.499989884978);
#11788 = AXIS2_PLACEMENT_3D('',#11789,#11790,#11791);
#11789 = CARTESIAN_POINT('',(116.18851211502,-122.4950019208,1.51));
#11790 = DIRECTION('',(0.,0.,-1.));
#11791 = DIRECTION('',(0.999999999998,1.841808624623E-06,0.));
#11792 = ORIENTED_EDGE('',*,*,#11793,.F.);
#11793 = EDGE_CURVE('',#11794,#11785,#11796,.T.);
#11794 = VERTEX_POINT('',#11795);
#11795 = CARTESIAN_POINT('',(116.688502,-121.089316,1.51));
#11796 = LINE('',#11797,#11798);
#11797 = CARTESIAN_POINT('',(116.688502,-121.089316,1.51));
#11798 = VECTOR('',#11799,1.);
#11799 = DIRECTION('',(0.,-1.,0.));
#11800 = ORIENTED_EDGE('',*,*,#11801,.F.);
#11801 = EDGE_CURVE('',#11802,#11794,#11804,.T.);
#11802 = VERTEX_POINT('',#11803);
#11803 = CARTESIAN_POINT('',(116.639017,-120.872438,1.51));
#11804 = CIRCLE('',#11805,0.499989885034);
#11805 = AXIS2_PLACEMENT_3D('',#11806,#11807,#11808);
#11806 = CARTESIAN_POINT('',(116.18851211496,-121.0893140791,1.51));
#11807 = DIRECTION('',(0.,0.,-1.));
#11808 = DIRECTION('',(0.901027997796,0.43376093322,0.));
#11809 = ORIENTED_EDGE('',*,*,#11810,.F.);
#11810 = EDGE_CURVE('',#11811,#11802,#11813,.T.);
#11811 = VERTEX_POINT('',#11812);
#11812 = CARTESIAN_POINT('',(117.34179,-120.223859,1.51));
#11813 = CIRCLE('',#11814,0.499999729127);
#11814 = AXIS2_PLACEMENT_3D('',#11815,#11816,#11817);
#11815 = CARTESIAN_POINT('',(117.08953174567,-120.6555597091,1.51));
#11816 = DIRECTION('',(0.,0.,1.));
#11817 = DIRECTION('',(0.504516781969,0.863401885979,-0.));
#11818 = ORIENTED_EDGE('',*,*,#11819,.F.);
#11819 = EDGE_CURVE('',#11820,#11811,#11822,.T.);
#11820 = VERTEX_POINT('',#11821);
#11821 = CARTESIAN_POINT('',(117.594048,-120.292158,1.51));
#11822 = CIRCLE('',#11823,0.500008729288);
#11823 = AXIS2_PLACEMENT_3D('',#11824,#11825,#11826);
#11824 = CARTESIAN_POINT('',(117.59405065687,-119.7921492707,1.51));
#11825 = DIRECTION('',(0.,0.,-1.));
#11826 = DIRECTION('',(-5.31366276793E-06,-0.999999999986,-0.));
#11827 = ORIENTED_EDGE('',*,*,#11828,.F.);
#11828 = EDGE_CURVE('',#11829,#11820,#11831,.T.);
#11829 = VERTEX_POINT('',#11830);
#11830 = CARTESIAN_POINT('',(119.182954,-120.292159,1.51));
#11831 = LINE('',#11832,#11833);
#11832 = CARTESIAN_POINT('',(119.182954,-120.292159,1.51));
#11833 = VECTOR('',#11834,1.);
#11834 = DIRECTION('',(-1.,6.29363850017E-07,0.));
#11835 = ORIENTED_EDGE('',*,*,#11836,.F.);
#11836 = EDGE_CURVE('',#11706,#11829,#11837,.T.);
#11837 = CIRCLE('',#11838,0.500008729288);
#11838 = AXIS2_PLACEMENT_3D('',#11839,#11840,#11841);
#11839 = CARTESIAN_POINT('',(119.18295134312,-119.7921502707,1.51));
#11840 = DIRECTION('',(0.,0.,-1.));
#11841 = DIRECTION('',(0.504512505685,-0.863404384751,0.));
#11842 = FACE_BOUND('',#11843,.T.);
#11843 = EDGE_LOOP('',(#11844));
#11844 = ORIENTED_EDGE('',*,*,#11845,.T.);
#11845 = EDGE_CURVE('',#11846,#11846,#11848,.T.);
#11846 = VERTEX_POINT('',#11847);
#11847 = CARTESIAN_POINT('',(107.8,-109.69,1.51));
#11848 = CIRCLE('',#11849,0.4);
#11849 = AXIS2_PLACEMENT_3D('',#11850,#11851,#11852);
#11850 = CARTESIAN_POINT('',(107.8,-109.29,1.51));
#11851 = DIRECTION('',(-0.,0.,-1.));
#11852 = DIRECTION('',(-3.552713678801E-14,-1.,0.));
#11853 = FACE_BOUND('',#11854,.T.);
#11854 = EDGE_LOOP('',(#11855));
#11855 = ORIENTED_EDGE('',*,*,#11856,.T.);
#11856 = EDGE_CURVE('',#11857,#11857,#11859,.T.);
#11857 = VERTEX_POINT('',#11858);
#11858 = CARTESIAN_POINT('',(113.6185,-112.835,1.51));
#11859 = CIRCLE('',#11860,0.85);
#11860 = AXIS2_PLACEMENT_3D('',#11861,#11862,#11863);
#11861 = CARTESIAN_POINT('',(113.6185,-111.985,1.51));
#11862 = DIRECTION('',(-0.,0.,-1.));
#11863 = DIRECTION('',(-1.671865260612E-14,-1.,0.));
#11864 = FACE_BOUND('',#11865,.T.);
#11865 = EDGE_LOOP('',(#11866));
#11866 = ORIENTED_EDGE('',*,*,#11867,.T.);
#11867 = EDGE_CURVE('',#11868,#11868,#11870,.T.);
#11868 = VERTEX_POINT('',#11869);
#11869 = CARTESIAN_POINT('',(114.8885,-110.195,1.51));
#11870 = CIRCLE('',#11871,0.75);
#11871 = AXIS2_PLACEMENT_3D('',#11872,#11873,#11874);
#11872 = CARTESIAN_POINT('',(114.8885,-109.445,1.51));
#11873 = DIRECTION('',(-0.,0.,-1.));
#11874 = DIRECTION('',(-0.,-1.,0.));
#11875 = FACE_BOUND('',#11876,.T.);
#11876 = EDGE_LOOP('',(#11877));
#11877 = ORIENTED_EDGE('',*,*,#11878,.T.);
#11878 = EDGE_CURVE('',#11879,#11879,#11881,.T.);
#11879 = VERTEX_POINT('',#11880);
#11880 = CARTESIAN_POINT('',(118.6985,-113.985,1.51));
#11881 = CIRCLE('',#11882,2.);
#11882 = AXIS2_PLACEMENT_3D('',#11883,#11884,#11885);
#11883 = CARTESIAN_POINT('',(118.6985,-111.985,1.51));
#11884 = DIRECTION('',(-0.,0.,-1.));
#11885 = DIRECTION('',(-0.,-1.,0.));
#11886 = FACE_BOUND('',#11887,.T.);
#11887 = EDGE_LOOP('',(#11888));
#11888 = ORIENTED_EDGE('',*,*,#11889,.T.);
#11889 = EDGE_CURVE('',#11890,#11890,#11892,.T.);
#11890 = VERTEX_POINT('',#11891);
#11891 = CARTESIAN_POINT('',(128.25,-117.61,1.51));
#11892 = CIRCLE('',#11893,0.4);
#11893 = AXIS2_PLACEMENT_3D('',#11894,#11895,#11896);
#11894 = CARTESIAN_POINT('',(128.25,-117.21,1.51));
#11895 = DIRECTION('',(-0.,0.,-1.));
#11896 = DIRECTION('',(-0.,-1.,0.));
#11897 = FACE_BOUND('',#11898,.T.);
#11898 = EDGE_LOOP('',(#11899));
#11899 = ORIENTED_EDGE('',*,*,#11900,.T.);
#11900 = EDGE_CURVE('',#11901,#11901,#11903,.T.);
#11901 = VERTEX_POINT('',#11902);
#11902 = CARTESIAN_POINT('',(123.7785,-112.835,1.51));
#11903 = CIRCLE('',#11904,0.85);
#11904 = AXIS2_PLACEMENT_3D('',#11905,#11906,#11907);
#11905 = CARTESIAN_POINT('',(123.7785,-111.985,1.51));
#11906 = DIRECTION('',(-0.,0.,-1.));
#11907 = DIRECTION('',(-1.671865260612E-14,-1.,0.));
#11908 = FACE_BOUND('',#11909,.T.);
#11909 = EDGE_LOOP('',(#11910));
#11910 = ORIENTED_EDGE('',*,*,#11911,.T.);
#11911 = EDGE_CURVE('',#11912,#11912,#11914,.T.);
#11912 = VERTEX_POINT('',#11913);
#11913 = CARTESIAN_POINT('',(128.25,-109.99,1.51));
#11914 = CIRCLE('',#11915,0.4);
#11915 = AXIS2_PLACEMENT_3D('',#11916,#11917,#11918);
#11916 = CARTESIAN_POINT('',(128.25,-109.59,1.51));
#11917 = DIRECTION('',(-0.,0.,-1.));
#11918 = DIRECTION('',(-0.,-1.,0.));
#11919 = FACE_BOUND('',#11920,.T.);
#11920 = EDGE_LOOP('',(#11921));
#11921 = ORIENTED_EDGE('',*,*,#11922,.T.);
#11922 = EDGE_CURVE('',#11923,#11923,#11925,.T.);
#11923 = VERTEX_POINT('',#11924);
#11924 = CARTESIAN_POINT('',(121.2385,-107.655,1.51));
#11925 = CIRCLE('',#11926,0.75);
#11926 = AXIS2_PLACEMENT_3D('',#11927,#11928,#11929);
#11927 = CARTESIAN_POINT('',(121.2385,-106.905,1.51));
#11928 = DIRECTION('',(-0.,0.,-1.));
#11929 = DIRECTION('',(-0.,-1.,0.));
#11930 = FACE_BOUND('',#11931,.T.);
#11931 = EDGE_LOOP('',(#11932));
#11932 = ORIENTED_EDGE('',*,*,#11933,.T.);
#11933 = EDGE_CURVE('',#11934,#11934,#11936,.T.);
#11934 = VERTEX_POINT('',#11935);
#11935 = CARTESIAN_POINT('',(132.6185,-112.825,1.51));
#11936 = CIRCLE('',#11937,0.85);
#11937 = AXIS2_PLACEMENT_3D('',#11938,#11939,#11940);
#11938 = CARTESIAN_POINT('',(132.6185,-111.975,1.51));
#11939 = DIRECTION('',(-0.,0.,-1.));
#11940 = DIRECTION('',(3.343730521224E-14,-1.,-0.));
#11941 = FACE_BOUND('',#11942,.T.);
#11942 = EDGE_LOOP('',(#11943));
#11943 = ORIENTED_EDGE('',*,*,#11944,.T.);
#11944 = EDGE_CURVE('',#11945,#11945,#11947,.T.);
#11945 = VERTEX_POINT('',#11946);
#11946 = CARTESIAN_POINT('',(133.8885,-110.185,1.51));
#11947 = CIRCLE('',#11948,0.75);
#11948 = AXIS2_PLACEMENT_3D('',#11949,#11950,#11951);
#11949 = CARTESIAN_POINT('',(133.8885,-109.435,1.51));
#11950 = DIRECTION('',(-0.,0.,-1.));
#11951 = DIRECTION('',(-0.,-1.,0.));
#11952 = FACE_BOUND('',#11953,.T.);
#11953 = EDGE_LOOP('',(#11954));
#11954 = ORIENTED_EDGE('',*,*,#11955,.T.);
#11955 = EDGE_CURVE('',#11956,#11956,#11958,.T.);
#11956 = VERTEX_POINT('',#11957);
#11957 = CARTESIAN_POINT('',(147.4,-136.62,1.51));
#11958 = CIRCLE('',#11959,0.4);
#11959 = AXIS2_PLACEMENT_3D('',#11960,#11961,#11962);
#11960 = CARTESIAN_POINT('',(147.4,-136.22,1.51));
#11961 = DIRECTION('',(-0.,0.,-1.));
#11962 = DIRECTION('',(-0.,-1.,0.));
#11963 = FACE_BOUND('',#11964,.T.);
#11964 = EDGE_LOOP('',(#11965));
#11965 = ORIENTED_EDGE('',*,*,#11966,.T.);
#11966 = EDGE_CURVE('',#11967,#11967,#11969,.T.);
#11967 = VERTEX_POINT('',#11968);
#11968 = CARTESIAN_POINT('',(137.7485,-133.025,1.51));
#11969 = CIRCLE('',#11970,2.);
#11970 = AXIS2_PLACEMENT_3D('',#11971,#11972,#11973);
#11971 = CARTESIAN_POINT('',(137.7485,-131.025,1.51));
#11972 = DIRECTION('',(-0.,0.,-1.));
#11973 = DIRECTION('',(-0.,-1.,0.));
#11974 = FACE_BOUND('',#11975,.T.);
#11975 = EDGE_LOOP('',(#11976));
#11976 = ORIENTED_EDGE('',*,*,#11977,.T.);
#11977 = EDGE_CURVE('',#11978,#11978,#11980,.T.);
#11978 = VERTEX_POINT('',#11979);
#11979 = CARTESIAN_POINT('',(142.8285,-131.875,1.51));
#11980 = CIRCLE('',#11981,0.85);
#11981 = AXIS2_PLACEMENT_3D('',#11982,#11983,#11984);
#11982 = CARTESIAN_POINT('',(142.8285,-131.025,1.51));
#11983 = DIRECTION('',(-0.,0.,-1.));
#11984 = DIRECTION('',(-3.343730521224E-14,-1.,0.));
#11985 = FACE_BOUND('',#11986,.T.);
#11986 = EDGE_LOOP('',(#11987));
#11987 = ORIENTED_EDGE('',*,*,#11988,.T.);
#11988 = EDGE_CURVE('',#11989,#11989,#11991,.T.);
#11989 = VERTEX_POINT('',#11990);
#11990 = CARTESIAN_POINT('',(140.2885,-126.695,1.51));
#11991 = CIRCLE('',#11992,0.75);
#11992 = AXIS2_PLACEMENT_3D('',#11993,#11994,#11995);
#11993 = CARTESIAN_POINT('',(140.2885,-125.945,1.51));
#11994 = DIRECTION('',(-0.,0.,-1.));
#11995 = DIRECTION('',(-0.,-1.,0.));
#11996 = FACE_BOUND('',#11997,.T.);
#11997 = EDGE_LOOP('',(#11998));
#11998 = ORIENTED_EDGE('',*,*,#11999,.T.);
#11999 = EDGE_CURVE('',#12000,#12000,#12002,.T.);
#12000 = VERTEX_POINT('',#12001);
#12001 = CARTESIAN_POINT('',(147.4,-129.,1.51));
#12002 = CIRCLE('',#12003,0.4);
#12003 = AXIS2_PLACEMENT_3D('',#12004,#12005,#12006);
#12004 = CARTESIAN_POINT('',(147.4,-128.6,1.51));
#12005 = DIRECTION('',(-0.,0.,-1.));
#12006 = DIRECTION('',(-0.,-1.,0.));
#12007 = FACE_BOUND('',#12008,.T.);
#12008 = EDGE_LOOP('',(#12009));
#12009 = ORIENTED_EDGE('',*,*,#12010,.T.);
#12010 = EDGE_CURVE('',#12011,#12011,#12013,.T.);
#12011 = VERTEX_POINT('',#12012);
#12012 = CARTESIAN_POINT('',(151.7185,-131.875,1.51));
#12013 = CIRCLE('',#12014,0.85);
#12014 = AXIS2_PLACEMENT_3D('',#12015,#12016,#12017);
#12015 = CARTESIAN_POINT('',(151.7185,-131.025,1.51));
#12016 = DIRECTION('',(-0.,0.,-1.));
#12017 = DIRECTION('',(-0.,-1.,0.));
#12018 = FACE_BOUND('',#12019,.T.);
#12019 = EDGE_LOOP('',(#12020));
#12020 = ORIENTED_EDGE('',*,*,#12021,.T.);
#12021 = EDGE_CURVE('',#12022,#12022,#12024,.T.);
#12022 = VERTEX_POINT('',#12023);
#12023 = CARTESIAN_POINT('',(152.9885,-129.235,1.51));
#12024 = CIRCLE('',#12025,0.75);
#12025 = AXIS2_PLACEMENT_3D('',#12026,#12027,#12028);
#12026 = CARTESIAN_POINT('',(152.9885,-128.485,1.51));
#12027 = DIRECTION('',(-0.,0.,-1.));
#12028 = DIRECTION('',(-0.,-1.,0.));
#12029 = FACE_BOUND('',#12030,.T.);
#12030 = EDGE_LOOP('',(#12031));
#12031 = ORIENTED_EDGE('',*,*,#12032,.T.);
#12032 = EDGE_CURVE('',#12033,#12033,#12035,.T.);
#12033 = VERTEX_POINT('',#12034);
#12034 = CARTESIAN_POINT('',(170.15,-143.05,1.51));
#12035 = CIRCLE('',#12036,1.6);
#12036 = AXIS2_PLACEMENT_3D('',#12037,#12038,#12039);
#12037 = CARTESIAN_POINT('',(170.15,-141.45,1.51));
#12038 = DIRECTION('',(-0.,0.,-1.));
#12039 = DIRECTION('',(-0.,-1.,0.));
#12040 = FACE_BOUND('',#12041,.T.);
#12041 = EDGE_LOOP('',(#12042));
#12042 = ORIENTED_EDGE('',*,*,#12043,.T.);
#12043 = EDGE_CURVE('',#12044,#12044,#12046,.T.);
#12044 = VERTEX_POINT('',#12045);
#12045 = CARTESIAN_POINT('',(156.7985,-133.025,1.51));
#12046 = CIRCLE('',#12047,2.);
#12047 = AXIS2_PLACEMENT_3D('',#12048,#12049,#12050);
#12048 = CARTESIAN_POINT('',(156.7985,-131.025,1.51));
#12049 = DIRECTION('',(-0.,0.,-1.));
#12050 = DIRECTION('',(-0.,-1.,0.));
#12051 = FACE_BOUND('',#12052,.T.);
#12052 = EDGE_LOOP('',(#12053));
#12053 = ORIENTED_EDGE('',*,*,#12054,.T.);
#12054 = EDGE_CURVE('',#12055,#12055,#12057,.T.);
#12055 = VERTEX_POINT('',#12056);
#12056 = CARTESIAN_POINT('',(161.8785,-131.875,1.51));
#12057 = CIRCLE('',#12058,0.85);
#12058 = AXIS2_PLACEMENT_3D('',#12059,#12060,#12061);
#12059 = CARTESIAN_POINT('',(161.8785,-131.025,1.51));
#12060 = DIRECTION('',(-0.,0.,-1.));
#12061 = DIRECTION('',(-0.,-1.,0.));
#12062 = FACE_BOUND('',#12063,.T.);
#12063 = EDGE_LOOP('',(#12064));
#12064 = ORIENTED_EDGE('',*,*,#12065,.T.);
#12065 = EDGE_CURVE('',#12066,#12066,#12068,.T.);
#12066 = VERTEX_POINT('',#12067);
#12067 = CARTESIAN_POINT('',(159.3385,-126.695,1.51));
#12068 = CIRCLE('',#12069,0.75);
#12069 = AXIS2_PLACEMENT_3D('',#12070,#12071,#12072);
#12070 = CARTESIAN_POINT('',(159.3385,-125.945,1.51));
#12071 = DIRECTION('',(-0.,0.,-1.));
#12072 = DIRECTION('',(-0.,-1.,0.));
#12073 = FACE_BOUND('',#12074,.T.);
#12074 = EDGE_LOOP('',(#12075,#12086,#12095,#12103,#12112,#12121,#12130,
    #12138,#12147,#12156,#12165,#12173,#12182,#12191,#12200,#12208));
#12075 = ORIENTED_EDGE('',*,*,#12076,.F.);
#12076 = EDGE_CURVE('',#12077,#12079,#12081,.T.);
#12077 = VERTEX_POINT('',#12078);
#12078 = CARTESIAN_POINT('',(139.825482,-120.880964,1.51));
#12079 = VERTEX_POINT('',#12080);
#12080 = CARTESIAN_POINT('',(139.122708,-120.232385,1.51));
#12081 = CIRCLE('',#12082,0.500000669307);
#12082 = AXIS2_PLACEMENT_3D('',#12083,#12084,#12085);
#12083 = CARTESIAN_POINT('',(139.37496546449,-120.6640872595,1.51));
#12084 = DIRECTION('',(0.,0.,1.));
#12085 = DIRECTION('',(0.901031864884,-0.433752900236,0.));
#12086 = ORIENTED_EDGE('',*,*,#12087,.F.);
#12087 = EDGE_CURVE('',#12088,#12077,#12090,.T.);
#12088 = VERTEX_POINT('',#12089);
#12089 = CARTESIAN_POINT('',(139.775997,-121.097841,1.51));
#12090 = CIRCLE('',#12091,0.499989884978);
#12091 = AXIS2_PLACEMENT_3D('',#12092,#12093,#12094);
#12092 = CARTESIAN_POINT('',(140.27598688497,-121.0978400791,1.51));
#12093 = DIRECTION('',(0.,0.,-1.));
#12094 = DIRECTION('',(-0.999999999998,-1.841808653046E-06,-0.));
#12095 = ORIENTED_EDGE('',*,*,#12096,.F.);
#12096 = EDGE_CURVE('',#12097,#12088,#12099,.T.);
#12097 = VERTEX_POINT('',#12098);
#12098 = CARTESIAN_POINT('',(139.775997,-122.503526,1.51));
#12099 = LINE('',#12100,#12101);
#12100 = CARTESIAN_POINT('',(139.775997,-122.503526,1.51));
#12101 = VECTOR('',#12102,1.);
#12102 = DIRECTION('',(0.,1.,0.));
#12103 = ORIENTED_EDGE('',*,*,#12104,.F.);
#12104 = EDGE_CURVE('',#12105,#12097,#12107,.T.);
#12105 = VERTEX_POINT('',#12106);
#12106 = CARTESIAN_POINT('',(139.825482,-122.720404,1.51));
#12107 = CIRCLE('',#12108,0.499989885034);
#12108 = AXIS2_PLACEMENT_3D('',#12109,#12110,#12111);
#12109 = CARTESIAN_POINT('',(140.27598688503,-122.5035279208,1.51));
#12110 = DIRECTION('',(0.,0.,-1.));
#12111 = DIRECTION('',(-0.901027997796,-0.43376093322,-0.));
#12112 = ORIENTED_EDGE('',*,*,#12113,.F.);
#12113 = EDGE_CURVE('',#12114,#12105,#12116,.T.);
#12114 = VERTEX_POINT('',#12115);
#12115 = CARTESIAN_POINT('',(139.122709,-123.368983,1.51));
#12116 = CIRCLE('',#12117,0.499999729127);
#12117 = AXIS2_PLACEMENT_3D('',#12118,#12119,#12120);
#12118 = CARTESIAN_POINT('',(139.37496725432,-122.9372822908,1.51));
#12119 = DIRECTION('',(0.,0.,1.));
#12120 = DIRECTION('',(-0.504516781969,-0.863401885979,0.));
#12121 = ORIENTED_EDGE('',*,*,#12122,.F.);
#12122 = EDGE_CURVE('',#12123,#12114,#12125,.T.);
#12123 = VERTEX_POINT('',#12124);
#12124 = CARTESIAN_POINT('',(138.870451,-123.300684,1.51));
#12125 = CIRCLE('',#12126,0.500008729288);
#12126 = AXIS2_PLACEMENT_3D('',#12127,#12128,#12129);
#12127 = CARTESIAN_POINT('',(138.87044834312,-123.8006927292,1.51));
#12128 = DIRECTION('',(0.,0.,-1.));
#12129 = DIRECTION('',(5.313662654248E-06,0.999999999986,0.));
#12130 = ORIENTED_EDGE('',*,*,#12131,.F.);
#12131 = EDGE_CURVE('',#12132,#12123,#12134,.T.);
#12132 = VERTEX_POINT('',#12133);
#12133 = CARTESIAN_POINT('',(137.281545,-123.300683,1.51));
#12134 = LINE('',#12135,#12136);
#12135 = CARTESIAN_POINT('',(137.281545,-123.300683,1.51));
#12136 = VECTOR('',#12137,1.);
#12137 = DIRECTION('',(1.,-6.29363850017E-07,0.));
#12138 = ORIENTED_EDGE('',*,*,#12139,.F.);
#12139 = EDGE_CURVE('',#12140,#12132,#12142,.T.);
#12140 = VERTEX_POINT('',#12141);
#12141 = CARTESIAN_POINT('',(137.029287,-123.368982,1.51));
#12142 = CIRCLE('',#12143,0.500008729288);
#12143 = AXIS2_PLACEMENT_3D('',#12144,#12145,#12146);
#12144 = CARTESIAN_POINT('',(137.28154765687,-123.8006917292,1.51));
#12145 = DIRECTION('',(0.,0.,-1.));
#12146 = DIRECTION('',(-0.504512505685,0.863404384751,0.));
#12147 = ORIENTED_EDGE('',*,*,#12148,.F.);
#12148 = EDGE_CURVE('',#12149,#12140,#12151,.T.);
#12149 = VERTEX_POINT('',#12150);
#12150 = CARTESIAN_POINT('',(136.326514,-122.720404,1.51));
#12151 = CIRCLE('',#12152,0.499999422661);
#12152 = AXIS2_PLACEMENT_3D('',#12153,#12154,#12155);
#12153 = CARTESIAN_POINT('',(136.77702870448,-122.9372816699,1.51));
#12154 = DIRECTION('',(0.,0.,1.));
#12155 = DIRECTION('',(-0.901030449374,0.433755840654,0.));
#12156 = ORIENTED_EDGE('',*,*,#12157,.F.);
#12157 = EDGE_CURVE('',#12158,#12149,#12160,.T.);
#12158 = VERTEX_POINT('',#12159);
#12159 = CARTESIAN_POINT('',(136.375999,-122.503527,1.51));
#12160 = CIRCLE('',#12161,0.499989884978);
#12161 = AXIS2_PLACEMENT_3D('',#12162,#12163,#12164);
#12162 = CARTESIAN_POINT('',(135.87600911502,-122.5035279208,1.51));
#12163 = DIRECTION('',(0.,0.,-1.));
#12164 = DIRECTION('',(0.999999999998,1.841808596201E-06,0.));
#12165 = ORIENTED_EDGE('',*,*,#12166,.F.);
#12166 = EDGE_CURVE('',#12167,#12158,#12169,.T.);
#12167 = VERTEX_POINT('',#12168);
#12168 = CARTESIAN_POINT('',(136.375999,-121.097842,1.51));
#12169 = LINE('',#12170,#12171);
#12170 = CARTESIAN_POINT('',(136.375999,-121.097842,1.51));
#12171 = VECTOR('',#12172,1.);
#12172 = DIRECTION('',(0.,-1.,0.));
#12173 = ORIENTED_EDGE('',*,*,#12174,.F.);
#12174 = EDGE_CURVE('',#12175,#12167,#12177,.T.);
#12175 = VERTEX_POINT('',#12176);
#12176 = CARTESIAN_POINT('',(136.326514,-120.880964,1.51));
#12177 = CIRCLE('',#12178,0.499989885034);
#12178 = AXIS2_PLACEMENT_3D('',#12179,#12180,#12181);
#12179 = CARTESIAN_POINT('',(135.87600911496,-121.0978400791,1.51));
#12180 = DIRECTION('',(0.,0.,-1.));
#12181 = DIRECTION('',(0.901027997796,0.43376093322,0.));
#12182 = ORIENTED_EDGE('',*,*,#12183,.F.);
#12183 = EDGE_CURVE('',#12184,#12175,#12186,.T.);
#12184 = VERTEX_POINT('',#12185);
#12185 = CARTESIAN_POINT('',(137.029287,-120.232385,1.51));
#12186 = CIRCLE('',#12187,0.499999448976);
#12187 = AXIS2_PLACEMENT_3D('',#12188,#12189,#12190);
#12188 = CARTESIAN_POINT('',(136.77702809571,-120.6640850048,1.51));
#12189 = DIRECTION('',(0.,0.,1.));
#12190 = DIRECTION('',(0.504518364574,0.863400961204,-0.));
#12191 = ORIENTED_EDGE('',*,*,#12192,.F.);
#12192 = EDGE_CURVE('',#12193,#12184,#12195,.T.);
#12193 = VERTEX_POINT('',#12194);
#12194 = CARTESIAN_POINT('',(137.281546,-120.300684,1.51));
#12195 = CIRCLE('',#12196,0.500008729226);
#12196 = AXIS2_PLACEMENT_3D('',#12197,#12198,#12199);
#12197 = CARTESIAN_POINT('',(137.28154765685,-119.8006752707,1.51));
#12198 = DIRECTION('',(0.,0.,-1.));
#12199 = DIRECTION('',(-3.313649430713E-06,-0.999999999995,-0.));
#12200 = ORIENTED_EDGE('',*,*,#12201,.F.);
#12201 = EDGE_CURVE('',#12202,#12193,#12204,.T.);
#12202 = VERTEX_POINT('',#12203);
#12203 = CARTESIAN_POINT('',(138.87045,-120.300684,1.51));
#12204 = LINE('',#12205,#12206);
#12205 = CARTESIAN_POINT('',(138.87045,-120.300684,1.51));
#12206 = VECTOR('',#12207,1.);
#12207 = DIRECTION('',(-1.,0.,0.));
#12208 = ORIENTED_EDGE('',*,*,#12209,.F.);
#12209 = EDGE_CURVE('',#12079,#12202,#12210,.T.);
#12210 = CIRCLE('',#12211,0.500008729288);
#12211 = AXIS2_PLACEMENT_3D('',#12212,#12213,#12214);
#12212 = CARTESIAN_POINT('',(138.87044734312,-119.8006752707,1.51));
#12213 = DIRECTION('',(0.,0.,-1.));
#12214 = DIRECTION('',(0.504512505685,-0.863404384751,0.));
#12215 = FACE_BOUND('',#12216,.T.);
#12216 = EDGE_LOOP('',(#12217));
#12217 = ORIENTED_EDGE('',*,*,#12218,.T.);
#12218 = EDGE_CURVE('',#12219,#12219,#12221,.T.);
#12219 = VERTEX_POINT('',#12220);
#12220 = CARTESIAN_POINT('',(147.35,-117.51,1.51));
#12221 = CIRCLE('',#12222,0.4);
#12222 = AXIS2_PLACEMENT_3D('',#12223,#12224,#12225);
#12223 = CARTESIAN_POINT('',(147.35,-117.11,1.51));
#12224 = DIRECTION('',(-0.,0.,-1.));
#12225 = DIRECTION('',(-0.,-1.,0.));
#12226 = FACE_BOUND('',#12227,.T.);
#12227 = EDGE_LOOP('',(#12228));
#12228 = ORIENTED_EDGE('',*,*,#12229,.T.);
#12229 = EDGE_CURVE('',#12230,#12230,#12232,.T.);
#12230 = VERTEX_POINT('',#12231);
#12231 = CARTESIAN_POINT('',(137.6985,-113.975,1.51));
#12232 = CIRCLE('',#12233,2.);
#12233 = AXIS2_PLACEMENT_3D('',#12234,#12235,#12236);
#12234 = CARTESIAN_POINT('',(137.6985,-111.975,1.51));
#12235 = DIRECTION('',(-0.,0.,-1.));
#12236 = DIRECTION('',(-0.,-1.,0.));
#12237 = FACE_BOUND('',#12238,.T.);
#12238 = EDGE_LOOP('',(#12239));
#12239 = ORIENTED_EDGE('',*,*,#12240,.T.);
#12240 = EDGE_CURVE('',#12241,#12241,#12243,.T.);
#12241 = VERTEX_POINT('',#12242);
#12242 = CARTESIAN_POINT('',(142.7785,-112.825,1.51));
#12243 = CIRCLE('',#12244,0.85);
#12244 = AXIS2_PLACEMENT_3D('',#12245,#12246,#12247);
#12245 = CARTESIAN_POINT('',(142.7785,-111.975,1.51));
#12246 = DIRECTION('',(-0.,0.,-1.));
#12247 = DIRECTION('',(-0.,-1.,0.));
#12248 = FACE_BOUND('',#12249,.T.);
#12249 = EDGE_LOOP('',(#12250));
#12250 = ORIENTED_EDGE('',*,*,#12251,.T.);
#12251 = EDGE_CURVE('',#12252,#12252,#12254,.T.);
#12252 = VERTEX_POINT('',#12253);
#12253 = CARTESIAN_POINT('',(140.2385,-107.645,1.51));
#12254 = CIRCLE('',#12255,0.75);
#12255 = AXIS2_PLACEMENT_3D('',#12256,#12257,#12258);
#12256 = CARTESIAN_POINT('',(140.2385,-106.895,1.51));
#12257 = DIRECTION('',(-0.,0.,-1.));
#12258 = DIRECTION('',(-0.,-1.,0.));
#12259 = FACE_BOUND('',#12260,.T.);
#12260 = EDGE_LOOP('',(#12261));
#12261 = ORIENTED_EDGE('',*,*,#12262,.T.);
#12262 = EDGE_CURVE('',#12263,#12263,#12265,.T.);
#12263 = VERTEX_POINT('',#12264);
#12264 = CARTESIAN_POINT('',(147.35,-109.89,1.51));
#12265 = CIRCLE('',#12266,0.4);
#12266 = AXIS2_PLACEMENT_3D('',#12267,#12268,#12269);
#12267 = CARTESIAN_POINT('',(147.35,-109.49,1.51));
#12268 = DIRECTION('',(-0.,0.,-1.));
#12269 = DIRECTION('',(-0.,-1.,0.));
#12270 = FACE_BOUND('',#12271,.T.);
#12271 = EDGE_LOOP('',(#12272));
#12272 = ORIENTED_EDGE('',*,*,#12273,.T.);
#12273 = EDGE_CURVE('',#12274,#12274,#12276,.T.);
#12274 = VERTEX_POINT('',#12275);
#12275 = CARTESIAN_POINT('',(151.7185,-112.825,1.51));
#12276 = CIRCLE('',#12277,0.85);
#12277 = AXIS2_PLACEMENT_3D('',#12278,#12279,#12280);
#12278 = CARTESIAN_POINT('',(151.7185,-111.975,1.51));
#12279 = DIRECTION('',(-0.,0.,-1.));
#12280 = DIRECTION('',(-0.,-1.,0.));
#12281 = FACE_BOUND('',#12282,.T.);
#12282 = EDGE_LOOP('',(#12283));
#12283 = ORIENTED_EDGE('',*,*,#12284,.T.);
#12284 = EDGE_CURVE('',#12285,#12285,#12287,.T.);
#12285 = VERTEX_POINT('',#12286);
#12286 = CARTESIAN_POINT('',(152.9885,-110.185,1.51));
#12287 = CIRCLE('',#12288,0.75);
#12288 = AXIS2_PLACEMENT_3D('',#12289,#12290,#12291);
#12289 = CARTESIAN_POINT('',(152.9885,-109.435,1.51));
#12290 = DIRECTION('',(-0.,0.,-1.));
#12291 = DIRECTION('',(-0.,-1.,0.));
#12292 = FACE_BOUND('',#12293,.T.);
#12293 = EDGE_LOOP('',(#12294,#12305,#12314,#12322,#12331,#12340,#12349,
    #12357,#12366,#12375,#12384,#12392,#12401,#12410,#12419,#12427));
#12294 = ORIENTED_EDGE('',*,*,#12295,.F.);
#12295 = EDGE_CURVE('',#12296,#12298,#12300,.T.);
#12296 = VERTEX_POINT('',#12297);
#12297 = CARTESIAN_POINT('',(158.375484,-120.82528,1.51));
#12298 = VERTEX_POINT('',#12299);
#12299 = CARTESIAN_POINT('',(157.672711,-120.176702,1.51));
#12300 = CIRCLE('',#12301,0.499999422661);
#12301 = AXIS2_PLACEMENT_3D('',#12302,#12303,#12304);
#12302 = CARTESIAN_POINT('',(157.92496929551,-120.60840233,1.51));
#12303 = DIRECTION('',(0.,0.,1.));
#12304 = DIRECTION('',(0.901030449374,-0.433755840654,0.));
#12305 = ORIENTED_EDGE('',*,*,#12306,.F.);
#12306 = EDGE_CURVE('',#12307,#12296,#12309,.T.);
#12307 = VERTEX_POINT('',#12308);
#12308 = CARTESIAN_POINT('',(158.325999,-121.042157,1.51));
#12309 = CIRCLE('',#12310,0.499989884978);
#12310 = AXIS2_PLACEMENT_3D('',#12311,#12312,#12313);
#12311 = CARTESIAN_POINT('',(158.82598888497,-121.0421560791,1.51));
#12312 = DIRECTION('',(0.,0.,-1.));
#12313 = DIRECTION('',(-0.999999999998,-1.841808624623E-06,-0.));
#12314 = ORIENTED_EDGE('',*,*,#12315,.F.);
#12315 = EDGE_CURVE('',#12316,#12307,#12318,.T.);
#12316 = VERTEX_POINT('',#12317);
#12317 = CARTESIAN_POINT('',(158.325999,-122.447842,1.51));
#12318 = LINE('',#12319,#12320);
#12319 = CARTESIAN_POINT('',(158.325999,-122.447842,1.51));
#12320 = VECTOR('',#12321,1.);
#12321 = DIRECTION('',(0.,1.,0.));
#12322 = ORIENTED_EDGE('',*,*,#12323,.F.);
#12323 = EDGE_CURVE('',#12324,#12316,#12326,.T.);
#12324 = VERTEX_POINT('',#12325);
#12325 = CARTESIAN_POINT('',(158.375484,-122.66472,1.51));
#12326 = CIRCLE('',#12327,0.499989885034);
#12327 = AXIS2_PLACEMENT_3D('',#12328,#12329,#12330);
#12328 = CARTESIAN_POINT('',(158.82598888503,-122.4478439208,1.51));
#12329 = DIRECTION('',(0.,0.,-1.));
#12330 = DIRECTION('',(-0.901027997796,-0.43376093322,-0.));
#12331 = ORIENTED_EDGE('',*,*,#12332,.F.);
#12332 = EDGE_CURVE('',#12333,#12324,#12335,.T.);
#12333 = VERTEX_POINT('',#12334);
#12334 = CARTESIAN_POINT('',(157.672711,-123.313299,1.51));
#12335 = CIRCLE('',#12336,0.499999448976);
#12336 = AXIS2_PLACEMENT_3D('',#12337,#12338,#12339);
#12337 = CARTESIAN_POINT('',(157.92496990428,-122.8815989951,1.51));
#12338 = DIRECTION('',(0.,0.,1.));
#12339 = DIRECTION('',(-0.504518364574,-0.863400961204,0.));
#12340 = ORIENTED_EDGE('',*,*,#12341,.F.);
#12341 = EDGE_CURVE('',#12342,#12333,#12344,.T.);
#12342 = VERTEX_POINT('',#12343);
#12343 = CARTESIAN_POINT('',(157.420452,-123.245,1.51));
#12344 = CIRCLE('',#12345,0.500008729226);
#12345 = AXIS2_PLACEMENT_3D('',#12346,#12347,#12348);
#12346 = CARTESIAN_POINT('',(157.42045034314,-123.7450087292,1.51));
#12347 = DIRECTION('',(0.,0.,-1.));
#12348 = DIRECTION('',(3.313649317029E-06,0.999999999995,0.));
#12349 = ORIENTED_EDGE('',*,*,#12350,.F.);
#12350 = EDGE_CURVE('',#12351,#12342,#12353,.T.);
#12351 = VERTEX_POINT('',#12352);
#12352 = CARTESIAN_POINT('',(155.831548,-123.245,1.51));
#12353 = LINE('',#12354,#12355);
#12354 = CARTESIAN_POINT('',(155.831548,-123.245,1.51));
#12355 = VECTOR('',#12356,1.);
#12356 = DIRECTION('',(1.,0.,0.));
#12357 = ORIENTED_EDGE('',*,*,#12358,.F.);
#12358 = EDGE_CURVE('',#12359,#12351,#12361,.T.);
#12359 = VERTEX_POINT('',#12360);
#12360 = CARTESIAN_POINT('',(155.57929,-123.313299,1.51));
#12361 = CIRCLE('',#12362,0.500008729288);
#12362 = AXIS2_PLACEMENT_3D('',#12363,#12364,#12365);
#12363 = CARTESIAN_POINT('',(155.83155065687,-123.7450087292,1.51));
#12364 = DIRECTION('',(0.,0.,-1.));
#12365 = DIRECTION('',(-0.504512505685,0.863404384751,0.));
#12366 = ORIENTED_EDGE('',*,*,#12367,.F.);
#12367 = EDGE_CURVE('',#12368,#12359,#12370,.T.);
#12368 = VERTEX_POINT('',#12369);
#12369 = CARTESIAN_POINT('',(154.876516,-122.66472,1.51));
#12370 = CIRCLE('',#12371,0.500000669307);
#12371 = AXIS2_PLACEMENT_3D('',#12372,#12373,#12374);
#12372 = CARTESIAN_POINT('',(155.3270325355,-122.8815967404,1.51));
#12373 = DIRECTION('',(0.,0.,1.));
#12374 = DIRECTION('',(-0.901031864884,0.433752900236,0.));
#12375 = ORIENTED_EDGE('',*,*,#12376,.F.);
#12376 = EDGE_CURVE('',#12377,#12368,#12379,.T.);
#12377 = VERTEX_POINT('',#12378);
#12378 = CARTESIAN_POINT('',(154.926001,-122.447843,1.51));
#12379 = CIRCLE('',#12380,0.499989884978);
#12380 = AXIS2_PLACEMENT_3D('',#12381,#12382,#12383);
#12381 = CARTESIAN_POINT('',(154.42601111502,-122.4478439208,1.51));
#12382 = DIRECTION('',(0.,0.,-1.));
#12383 = DIRECTION('',(0.999999999998,1.841808567778E-06,0.));
#12384 = ORIENTED_EDGE('',*,*,#12385,.F.);
#12385 = EDGE_CURVE('',#12386,#12377,#12388,.T.);
#12386 = VERTEX_POINT('',#12387);
#12387 = CARTESIAN_POINT('',(154.926001,-121.042158,1.51));
#12388 = LINE('',#12389,#12390);
#12389 = CARTESIAN_POINT('',(154.926001,-121.042158,1.51));
#12390 = VECTOR('',#12391,1.);
#12391 = DIRECTION('',(0.,-1.,0.));
#12392 = ORIENTED_EDGE('',*,*,#12393,.F.);
#12393 = EDGE_CURVE('',#12394,#12386,#12396,.T.);
#12394 = VERTEX_POINT('',#12395);
#12395 = CARTESIAN_POINT('',(154.876516,-120.82528,1.51));
#12396 = CIRCLE('',#12397,0.499989885034);
#12397 = AXIS2_PLACEMENT_3D('',#12398,#12399,#12400);
#12398 = CARTESIAN_POINT('',(154.42601111496,-121.0421560791,1.51));
#12399 = DIRECTION('',(0.,0.,-1.));
#12400 = DIRECTION('',(0.901027997796,0.43376093322,0.));
#12401 = ORIENTED_EDGE('',*,*,#12402,.F.);
#12402 = EDGE_CURVE('',#12403,#12394,#12405,.T.);
#12403 = VERTEX_POINT('',#12404);
#12404 = CARTESIAN_POINT('',(155.579289,-120.176701,1.51));
#12405 = CIRCLE('',#12406,0.499999729127);
#12406 = AXIS2_PLACEMENT_3D('',#12407,#12408,#12409);
#12407 = CARTESIAN_POINT('',(155.32703074567,-120.6084017091,1.51));
#12408 = DIRECTION('',(0.,0.,1.));
#12409 = DIRECTION('',(0.504516781968,0.863401885979,-0.));
#12410 = ORIENTED_EDGE('',*,*,#12411,.F.);
#12411 = EDGE_CURVE('',#12412,#12403,#12414,.T.);
#12412 = VERTEX_POINT('',#12413);
#12413 = CARTESIAN_POINT('',(155.831547,-120.245,1.51));
#12414 = CIRCLE('',#12415,0.500008729288);
#12415 = AXIS2_PLACEMENT_3D('',#12416,#12417,#12418);
#12416 = CARTESIAN_POINT('',(155.83154965687,-119.7449912707,1.51));
#12417 = DIRECTION('',(0.,0.,-1.));
#12418 = DIRECTION('',(-5.313662881614E-06,-0.999999999986,-0.));
#12419 = ORIENTED_EDGE('',*,*,#12420,.F.);
#12420 = EDGE_CURVE('',#12421,#12412,#12423,.T.);
#12421 = VERTEX_POINT('',#12422);
#12422 = CARTESIAN_POINT('',(157.420453,-120.245001,1.51));
#12423 = LINE('',#12424,#12425);
#12424 = CARTESIAN_POINT('',(157.420453,-120.245001,1.51));
#12425 = VECTOR('',#12426,1.);
#12426 = DIRECTION('',(-1.,6.29363850017E-07,0.));
#12427 = ORIENTED_EDGE('',*,*,#12428,.F.);
#12428 = EDGE_CURVE('',#12298,#12421,#12429,.T.);
#12429 = CIRCLE('',#12430,0.500008729288);
#12430 = AXIS2_PLACEMENT_3D('',#12431,#12432,#12433);
#12431 = CARTESIAN_POINT('',(157.42045034312,-119.7449922707,1.51));
#12432 = DIRECTION('',(0.,0.,-1.));
#12433 = DIRECTION('',(0.504512505685,-0.863404384751,0.));
#12434 = FACE_BOUND('',#12435,.T.);
#12435 = EDGE_LOOP('',(#12436));
#12436 = ORIENTED_EDGE('',*,*,#12437,.T.);
#12437 = EDGE_CURVE('',#12438,#12438,#12440,.T.);
#12438 = VERTEX_POINT('',#12439);
#12439 = CARTESIAN_POINT('',(156.7985,-113.975,1.51));
#12440 = CIRCLE('',#12441,2.);
#12441 = AXIS2_PLACEMENT_3D('',#12442,#12443,#12444);
#12442 = CARTESIAN_POINT('',(156.7985,-111.975,1.51));
#12443 = DIRECTION('',(-0.,0.,-1.));
#12444 = DIRECTION('',(-0.,-1.,0.));
#12445 = FACE_BOUND('',#12446,.T.);
#12446 = EDGE_LOOP('',(#12447));
#12447 = ORIENTED_EDGE('',*,*,#12448,.T.);
#12448 = EDGE_CURVE('',#12449,#12449,#12451,.T.);
#12449 = VERTEX_POINT('',#12450);
#12450 = CARTESIAN_POINT('',(161.8785,-112.825,1.51));
#12451 = CIRCLE('',#12452,0.85);
#12452 = AXIS2_PLACEMENT_3D('',#12453,#12454,#12455);
#12453 = CARTESIAN_POINT('',(161.8785,-111.975,1.51));
#12454 = DIRECTION('',(-0.,0.,-1.));
#12455 = DIRECTION('',(-0.,-1.,0.));
#12456 = FACE_BOUND('',#12457,.T.);
#12457 = EDGE_LOOP('',(#12458));
#12458 = ORIENTED_EDGE('',*,*,#12459,.T.);
#12459 = EDGE_CURVE('',#12460,#12460,#12462,.T.);
#12460 = VERTEX_POINT('',#12461);
#12461 = CARTESIAN_POINT('',(159.3385,-107.645,1.51));
#12462 = CIRCLE('',#12463,0.75);
#12463 = AXIS2_PLACEMENT_3D('',#12464,#12465,#12466);
#12464 = CARTESIAN_POINT('',(159.3385,-106.895,1.51));
#12465 = DIRECTION('',(-0.,0.,-1.));
#12466 = DIRECTION('',(-0.,-1.,0.));
#12467 = FACE_BOUND('',#12468,.T.);
#12468 = EDGE_LOOP('',(#12469));
#12469 = ORIENTED_EDGE('',*,*,#12470,.T.);
#12470 = EDGE_CURVE('',#12471,#12471,#12473,.T.);
#12471 = VERTEX_POINT('',#12472);
#12472 = CARTESIAN_POINT('',(107.9,-98.11,1.51));
#12473 = CIRCLE('',#12474,0.4);
#12474 = AXIS2_PLACEMENT_3D('',#12475,#12476,#12477);
#12475 = CARTESIAN_POINT('',(107.9,-97.71,1.51));
#12476 = DIRECTION('',(-0.,0.,-1.));
#12477 = DIRECTION('',(-0.,-1.,0.));
#12478 = FACE_BOUND('',#12479,.T.);
#12479 = EDGE_LOOP('',(#12480,#12491,#12500,#12508,#12517,#12526,#12535,
    #12543,#12552,#12561,#12570,#12578,#12587,#12596,#12605,#12613));
#12480 = ORIENTED_EDGE('',*,*,#12481,.F.);
#12481 = EDGE_CURVE('',#12482,#12484,#12486,.T.);
#12482 = VERTEX_POINT('',#12483);
#12483 = CARTESIAN_POINT('',(120.675484,-101.57528,1.51));
#12484 = VERTEX_POINT('',#12485);
#12485 = CARTESIAN_POINT('',(119.972711,-100.926702,1.51));
#12486 = CIRCLE('',#12487,0.499999422661);
#12487 = AXIS2_PLACEMENT_3D('',#12488,#12489,#12490);
#12488 = CARTESIAN_POINT('',(120.22496929551,-101.35840233,1.51));
#12489 = DIRECTION('',(0.,0.,1.));
#12490 = DIRECTION('',(0.901030449374,-0.433755840654,0.));
#12491 = ORIENTED_EDGE('',*,*,#12492,.F.);
#12492 = EDGE_CURVE('',#12493,#12482,#12495,.T.);
#12493 = VERTEX_POINT('',#12494);
#12494 = CARTESIAN_POINT('',(120.625999,-101.792157,1.51));
#12495 = CIRCLE('',#12496,0.499989884978);
#12496 = AXIS2_PLACEMENT_3D('',#12497,#12498,#12499);
#12497 = CARTESIAN_POINT('',(121.12598888497,-101.7921560791,1.51));
#12498 = DIRECTION('',(0.,0.,-1.));
#12499 = DIRECTION('',(-0.999999999998,-1.841808624623E-06,-0.));
#12500 = ORIENTED_EDGE('',*,*,#12501,.F.);
#12501 = EDGE_CURVE('',#12502,#12493,#12504,.T.);
#12502 = VERTEX_POINT('',#12503);
#12503 = CARTESIAN_POINT('',(120.625999,-103.197842,1.51));
#12504 = LINE('',#12505,#12506);
#12505 = CARTESIAN_POINT('',(120.625999,-103.197842,1.51));
#12506 = VECTOR('',#12507,1.);
#12507 = DIRECTION('',(0.,1.,0.));
#12508 = ORIENTED_EDGE('',*,*,#12509,.F.);
#12509 = EDGE_CURVE('',#12510,#12502,#12512,.T.);
#12510 = VERTEX_POINT('',#12511);
#12511 = CARTESIAN_POINT('',(120.675484,-103.41472,1.51));
#12512 = CIRCLE('',#12513,0.499989885034);
#12513 = AXIS2_PLACEMENT_3D('',#12514,#12515,#12516);
#12514 = CARTESIAN_POINT('',(121.12598888503,-103.1978439208,1.51));
#12515 = DIRECTION('',(0.,0.,-1.));
#12516 = DIRECTION('',(-0.901027997796,-0.43376093322,-0.));
#12517 = ORIENTED_EDGE('',*,*,#12518,.F.);
#12518 = EDGE_CURVE('',#12519,#12510,#12521,.T.);
#12519 = VERTEX_POINT('',#12520);
#12520 = CARTESIAN_POINT('',(119.972711,-104.063299,1.51));
#12521 = CIRCLE('',#12522,0.499999448976);
#12522 = AXIS2_PLACEMENT_3D('',#12523,#12524,#12525);
#12523 = CARTESIAN_POINT('',(120.22496990428,-103.6315989951,1.51));
#12524 = DIRECTION('',(0.,0.,1.));
#12525 = DIRECTION('',(-0.504518364574,-0.863400961204,0.));
#12526 = ORIENTED_EDGE('',*,*,#12527,.F.);
#12527 = EDGE_CURVE('',#12528,#12519,#12530,.T.);
#12528 = VERTEX_POINT('',#12529);
#12529 = CARTESIAN_POINT('',(119.720452,-103.995,1.51));
#12530 = CIRCLE('',#12531,0.500008729226);
#12531 = AXIS2_PLACEMENT_3D('',#12532,#12533,#12534);
#12532 = CARTESIAN_POINT('',(119.72045034314,-104.4950087292,1.51));
#12533 = DIRECTION('',(0.,0.,-1.));
#12534 = DIRECTION('',(3.313649260187E-06,0.999999999995,0.));
#12535 = ORIENTED_EDGE('',*,*,#12536,.F.);
#12536 = EDGE_CURVE('',#12537,#12528,#12539,.T.);
#12537 = VERTEX_POINT('',#12538);
#12538 = CARTESIAN_POINT('',(118.131548,-103.995,1.51));
#12539 = LINE('',#12540,#12541);
#12540 = CARTESIAN_POINT('',(118.131548,-103.995,1.51));
#12541 = VECTOR('',#12542,1.);
#12542 = DIRECTION('',(1.,0.,0.));
#12543 = ORIENTED_EDGE('',*,*,#12544,.F.);
#12544 = EDGE_CURVE('',#12545,#12537,#12547,.T.);
#12545 = VERTEX_POINT('',#12546);
#12546 = CARTESIAN_POINT('',(117.87929,-104.063299,1.51));
#12547 = CIRCLE('',#12548,0.500008729288);
#12548 = AXIS2_PLACEMENT_3D('',#12549,#12550,#12551);
#12549 = CARTESIAN_POINT('',(118.13155065687,-104.4950087292,1.51));
#12550 = DIRECTION('',(0.,0.,-1.));
#12551 = DIRECTION('',(-0.504512505685,0.863404384751,0.));
#12552 = ORIENTED_EDGE('',*,*,#12553,.F.);
#12553 = EDGE_CURVE('',#12554,#12545,#12556,.T.);
#12554 = VERTEX_POINT('',#12555);
#12555 = CARTESIAN_POINT('',(117.176516,-103.41472,1.51));
#12556 = CIRCLE('',#12557,0.500000669307);
#12557 = AXIS2_PLACEMENT_3D('',#12558,#12559,#12560);
#12558 = CARTESIAN_POINT('',(117.6270325355,-103.6315967404,1.51));
#12559 = DIRECTION('',(0.,0.,1.));
#12560 = DIRECTION('',(-0.901031864884,0.433752900236,0.));
#12561 = ORIENTED_EDGE('',*,*,#12562,.F.);
#12562 = EDGE_CURVE('',#12563,#12554,#12565,.T.);
#12563 = VERTEX_POINT('',#12564);
#12564 = CARTESIAN_POINT('',(117.226001,-103.197843,1.51));
#12565 = CIRCLE('',#12566,0.499989884978);
#12566 = AXIS2_PLACEMENT_3D('',#12567,#12568,#12569);
#12567 = CARTESIAN_POINT('',(116.72601111502,-103.1978439208,1.51));
#12568 = DIRECTION('',(0.,0.,-1.));
#12569 = DIRECTION('',(0.999999999998,1.841808510933E-06,0.));
#12570 = ORIENTED_EDGE('',*,*,#12571,.F.);
#12571 = EDGE_CURVE('',#12572,#12563,#12574,.T.);
#12572 = VERTEX_POINT('',#12573);
#12573 = CARTESIAN_POINT('',(117.226001,-101.792158,1.51));
#12574 = LINE('',#12575,#12576);
#12575 = CARTESIAN_POINT('',(117.226001,-101.792158,1.51));
#12576 = VECTOR('',#12577,1.);
#12577 = DIRECTION('',(0.,-1.,0.));
#12578 = ORIENTED_EDGE('',*,*,#12579,.F.);
#12579 = EDGE_CURVE('',#12580,#12572,#12582,.T.);
#12580 = VERTEX_POINT('',#12581);
#12581 = CARTESIAN_POINT('',(117.176516,-101.57528,1.51));
#12582 = CIRCLE('',#12583,0.499989885035);
#12583 = AXIS2_PLACEMENT_3D('',#12584,#12585,#12586);
#12584 = CARTESIAN_POINT('',(116.72601111496,-101.7921560791,1.51));
#12585 = DIRECTION('',(0.,0.,-1.));
#12586 = DIRECTION('',(0.901027997796,0.43376093322,0.));
#12587 = ORIENTED_EDGE('',*,*,#12588,.F.);
#12588 = EDGE_CURVE('',#12589,#12580,#12591,.T.);
#12589 = VERTEX_POINT('',#12590);
#12590 = CARTESIAN_POINT('',(117.879289,-100.926701,1.51));
#12591 = CIRCLE('',#12592,0.499999729127);
#12592 = AXIS2_PLACEMENT_3D('',#12593,#12594,#12595);
#12593 = CARTESIAN_POINT('',(117.62703074567,-101.3584017091,1.51));
#12594 = DIRECTION('',(0.,0.,1.));
#12595 = DIRECTION('',(0.504516781969,0.863401885979,-0.));
#12596 = ORIENTED_EDGE('',*,*,#12597,.F.);
#12597 = EDGE_CURVE('',#12598,#12589,#12600,.T.);
#12598 = VERTEX_POINT('',#12599);
#12599 = CARTESIAN_POINT('',(118.131547,-100.995,1.51));
#12600 = CIRCLE('',#12601,0.500008729288);
#12601 = AXIS2_PLACEMENT_3D('',#12602,#12603,#12604);
#12602 = CARTESIAN_POINT('',(118.13154965687,-100.4949912707,1.51));
#12603 = DIRECTION('',(0.,0.,-1.));
#12604 = DIRECTION('',(-5.313662938455E-06,-0.999999999986,-0.));
#12605 = ORIENTED_EDGE('',*,*,#12606,.F.);
#12606 = EDGE_CURVE('',#12607,#12598,#12609,.T.);
#12607 = VERTEX_POINT('',#12608);
#12608 = CARTESIAN_POINT('',(119.720453,-100.995001,1.51));
#12609 = LINE('',#12610,#12611);
#12610 = CARTESIAN_POINT('',(119.720453,-100.995001,1.51));
#12611 = VECTOR('',#12612,1.);
#12612 = DIRECTION('',(-1.,6.29363850017E-07,0.));
#12613 = ORIENTED_EDGE('',*,*,#12614,.F.);
#12614 = EDGE_CURVE('',#12484,#12607,#12615,.T.);
#12615 = CIRCLE('',#12616,0.500008729288);
#12616 = AXIS2_PLACEMENT_3D('',#12617,#12618,#12619);
#12617 = CARTESIAN_POINT('',(119.72045034312,-100.4949922707,1.51));
#12618 = DIRECTION('',(0.,0.,-1.));
#12619 = DIRECTION('',(0.504512505685,-0.863404384751,0.));
#12620 = FACE_BOUND('',#12621,.T.);
#12621 = EDGE_LOOP('',(#12622));
#12622 = ORIENTED_EDGE('',*,*,#12623,.T.);
#12623 = EDGE_CURVE('',#12624,#12624,#12626,.T.);
#12624 = VERTEX_POINT('',#12625);
#12625 = CARTESIAN_POINT('',(113.6185,-93.775,1.51));
#12626 = CIRCLE('',#12627,0.85);
#12627 = AXIS2_PLACEMENT_3D('',#12628,#12629,#12630);
#12628 = CARTESIAN_POINT('',(113.6185,-92.925,1.51));
#12629 = DIRECTION('',(-0.,0.,-1.));
#12630 = DIRECTION('',(-1.671865260612E-14,-1.,0.));
#12631 = FACE_BOUND('',#12632,.T.);
#12632 = EDGE_LOOP('',(#12633));
#12633 = ORIENTED_EDGE('',*,*,#12634,.T.);
#12634 = EDGE_CURVE('',#12635,#12635,#12637,.T.);
#12635 = VERTEX_POINT('',#12636);
#12636 = CARTESIAN_POINT('',(118.6985,-94.925,1.51));
#12637 = CIRCLE('',#12638,2.);
#12638 = AXIS2_PLACEMENT_3D('',#12639,#12640,#12641);
#12639 = CARTESIAN_POINT('',(118.6985,-92.925,1.51));
#12640 = DIRECTION('',(-0.,0.,-1.));
#12641 = DIRECTION('',(-0.,-1.,0.));
#12642 = FACE_BOUND('',#12643,.T.);
#12643 = EDGE_LOOP('',(#12644));
#12644 = ORIENTED_EDGE('',*,*,#12645,.T.);
#12645 = EDGE_CURVE('',#12646,#12646,#12648,.T.);
#12646 = VERTEX_POINT('',#12647);
#12647 = CARTESIAN_POINT('',(107.9,-90.49,1.51));
#12648 = CIRCLE('',#12649,0.4);
#12649 = AXIS2_PLACEMENT_3D('',#12650,#12651,#12652);
#12650 = CARTESIAN_POINT('',(107.9,-90.09,1.51));
#12651 = DIRECTION('',(-0.,0.,-1.));
#12652 = DIRECTION('',(-0.,-1.,0.));
#12653 = FACE_BOUND('',#12654,.T.);
#12654 = EDGE_LOOP('',(#12655));
#12655 = ORIENTED_EDGE('',*,*,#12656,.T.);
#12656 = EDGE_CURVE('',#12657,#12657,#12659,.T.);
#12657 = VERTEX_POINT('',#12658);
#12658 = CARTESIAN_POINT('',(114.8885,-91.135,1.51));
#12659 = CIRCLE('',#12660,0.75);
#12660 = AXIS2_PLACEMENT_3D('',#12661,#12662,#12663);
#12661 = CARTESIAN_POINT('',(114.8885,-90.385,1.51));
#12662 = DIRECTION('',(-0.,0.,-1.));
#12663 = DIRECTION('',(-0.,-1.,0.));
#12664 = FACE_BOUND('',#12665,.T.);
#12665 = EDGE_LOOP('',(#12666));
#12666 = ORIENTED_EDGE('',*,*,#12667,.T.);
#12667 = EDGE_CURVE('',#12668,#12668,#12670,.T.);
#12668 = VERTEX_POINT('',#12669);
#12669 = CARTESIAN_POINT('',(128.35,-98.52,1.51));
#12670 = CIRCLE('',#12671,0.4);
#12671 = AXIS2_PLACEMENT_3D('',#12672,#12673,#12674);
#12672 = CARTESIAN_POINT('',(128.35,-98.12,1.51));
#12673 = DIRECTION('',(-0.,0.,-1.));
#12674 = DIRECTION('',(-0.,-1.,0.));
#12675 = FACE_BOUND('',#12676,.T.);
#12676 = EDGE_LOOP('',(#12677));
#12677 = ORIENTED_EDGE('',*,*,#12678,.T.);
#12678 = EDGE_CURVE('',#12679,#12679,#12681,.T.);
#12679 = VERTEX_POINT('',#12680);
#12680 = CARTESIAN_POINT('',(123.7785,-93.775,1.51));
#12681 = CIRCLE('',#12682,0.85);
#12682 = AXIS2_PLACEMENT_3D('',#12683,#12684,#12685);
#12683 = CARTESIAN_POINT('',(123.7785,-92.925,1.51));
#12684 = DIRECTION('',(-0.,0.,-1.));
#12685 = DIRECTION('',(-1.671865260612E-14,-1.,0.));
#12686 = FACE_BOUND('',#12687,.T.);
#12687 = EDGE_LOOP('',(#12688,#12699,#12708,#12716,#12725,#12734,#12743,
    #12751,#12760,#12769,#12778,#12786,#12795,#12804,#12813,#12821));
#12688 = ORIENTED_EDGE('',*,*,#12689,.F.);
#12689 = EDGE_CURVE('',#12690,#12692,#12694,.T.);
#12690 = VERTEX_POINT('',#12691);
#12691 = CARTESIAN_POINT('',(136.24179,-100.973859,1.51));
#12692 = VERTEX_POINT('',#12693);
#12693 = CARTESIAN_POINT('',(135.539017,-101.622438,1.51));
#12694 = CIRCLE('',#12695,0.499999729127);
#12695 = AXIS2_PLACEMENT_3D('',#12696,#12697,#12698);
#12696 = CARTESIAN_POINT('',(135.98953174567,-101.4055597091,1.51));
#12697 = DIRECTION('',(0.,0.,1.));
#12698 = DIRECTION('',(0.504516781969,0.863401885979,-0.));
#12699 = ORIENTED_EDGE('',*,*,#12700,.F.);
#12700 = EDGE_CURVE('',#12701,#12690,#12703,.T.);
#12701 = VERTEX_POINT('',#12702);
#12702 = CARTESIAN_POINT('',(136.494049,-101.042159,1.51));
#12703 = CIRCLE('',#12704,0.50002311711);
#12704 = AXIS2_PLACEMENT_3D('',#12705,#12706,#12707);
#12705 = CARTESIAN_POINT('',(136.49405626378,-100.5421358829,1.51));
#12706 = DIRECTION('',(0.,0.,-1.));
#12707 = DIRECTION('',(-1.452689328924E-05,-0.999999999894,-0.));
#12708 = ORIENTED_EDGE('',*,*,#12709,.F.);
#12709 = EDGE_CURVE('',#12710,#12701,#12712,.T.);
#12710 = VERTEX_POINT('',#12711);
#12711 = CARTESIAN_POINT('',(138.082954,-101.042159,1.51));
#12712 = LINE('',#12713,#12714);
#12713 = CARTESIAN_POINT('',(138.082954,-101.042159,1.51));
#12714 = VECTOR('',#12715,1.);
#12715 = DIRECTION('',(-1.,0.,0.));
#12716 = ORIENTED_EDGE('',*,*,#12717,.F.);
#12717 = EDGE_CURVE('',#12718,#12710,#12720,.T.);
#12718 = VERTEX_POINT('',#12719);
#12719 = CARTESIAN_POINT('',(138.335212,-100.97386,1.51));
#12720 = CIRCLE('',#12721,0.500008729288);
#12721 = AXIS2_PLACEMENT_3D('',#12722,#12723,#12724);
#12722 = CARTESIAN_POINT('',(138.08295134312,-100.5421502707,1.51));
#12723 = DIRECTION('',(0.,0.,-1.));
#12724 = DIRECTION('',(0.504512505685,-0.863404384751,0.));
#12725 = ORIENTED_EDGE('',*,*,#12726,.F.);
#12726 = EDGE_CURVE('',#12727,#12718,#12729,.T.);
#12727 = VERTEX_POINT('',#12728);
#12728 = CARTESIAN_POINT('',(139.037985,-101.622438,1.51));
#12729 = CIRCLE('',#12730,0.499999422661);
#12730 = AXIS2_PLACEMENT_3D('',#12731,#12732,#12733);
#12731 = CARTESIAN_POINT('',(138.58747029551,-101.40556033,1.51));
#12732 = DIRECTION('',(0.,0.,1.));
#12733 = DIRECTION('',(0.901030449374,-0.433755840654,0.));
#12734 = ORIENTED_EDGE('',*,*,#12735,.F.);
#12735 = EDGE_CURVE('',#12736,#12727,#12738,.T.);
#12736 = VERTEX_POINT('',#12737);
#12737 = CARTESIAN_POINT('',(138.9885,-101.839316,1.51));
#12738 = CIRCLE('',#12739,0.499989885034);
#12739 = AXIS2_PLACEMENT_3D('',#12740,#12741,#12742);
#12740 = CARTESIAN_POINT('',(139.48848988503,-101.8393140791,1.51));
#12741 = DIRECTION('',(0.,0.,-1.));
#12742 = DIRECTION('',(-0.999999999993,-3.841811392097E-06,-0.));
#12743 = ORIENTED_EDGE('',*,*,#12744,.F.);
#12744 = EDGE_CURVE('',#12745,#12736,#12747,.T.);
#12745 = VERTEX_POINT('',#12746);
#12746 = CARTESIAN_POINT('',(138.9885,-103.245,1.51));
#12747 = LINE('',#12748,#12749);
#12748 = CARTESIAN_POINT('',(138.9885,-103.245,1.51));
#12749 = VECTOR('',#12750,1.);
#12750 = DIRECTION('',(0.,1.,0.));
#12751 = ORIENTED_EDGE('',*,*,#12752,.F.);
#12752 = EDGE_CURVE('',#12753,#12745,#12755,.T.);
#12753 = VERTEX_POINT('',#12754);
#12754 = CARTESIAN_POINT('',(139.037985,-103.461877,1.51));
#12755 = CIRCLE('',#12756,0.49998122973);
#12756 = AXIS2_PLACEMENT_3D('',#12757,#12758,#12759);
#12757 = CARTESIAN_POINT('',(139.48848122972,-103.2450028957,1.51));
#12758 = DIRECTION('',(0.,0.,-1.));
#12759 = DIRECTION('',(-0.901026284457,-0.433764492229,-0.));
#12760 = ORIENTED_EDGE('',*,*,#12761,.F.);
#12761 = EDGE_CURVE('',#12762,#12753,#12764,.T.);
#12762 = VERTEX_POINT('',#12763);
#12763 = CARTESIAN_POINT('',(138.335212,-104.110457,1.51));
#12764 = CIRCLE('',#12765,0.499999755443);
#12765 = AXIS2_PLACEMENT_3D('',#12766,#12767,#12768);
#12766 = CARTESIAN_POINT('',(138.58747086309,-103.6787566161,1.51));
#12767 = DIRECTION('',(0.,0.,1.));
#12768 = DIRECTION('',(-0.50451797296,-0.863401190039,0.));
#12769 = ORIENTED_EDGE('',*,*,#12770,.F.);
#12770 = EDGE_CURVE('',#12771,#12762,#12773,.T.);
#12771 = VERTEX_POINT('',#12772);
#12772 = CARTESIAN_POINT('',(138.082953,-104.042158,1.51));
#12773 = CIRCLE('',#12774,0.500008729226);
#12774 = AXIS2_PLACEMENT_3D('',#12775,#12776,#12777);
#12775 = CARTESIAN_POINT('',(138.08295134314,-104.5421667292,1.51));
#12776 = DIRECTION('',(0.,0.,-1.));
#12777 = DIRECTION('',(3.313649260187E-06,0.999999999995,0.));
#12778 = ORIENTED_EDGE('',*,*,#12779,.F.);
#12779 = EDGE_CURVE('',#12780,#12771,#12782,.T.);
#12780 = VERTEX_POINT('',#12781);
#12781 = CARTESIAN_POINT('',(136.494049,-104.042158,1.51));
#12782 = LINE('',#12783,#12784);
#12783 = CARTESIAN_POINT('',(136.494049,-104.042158,1.51));
#12784 = VECTOR('',#12785,1.);
#12785 = DIRECTION('',(1.,0.,0.));
#12786 = ORIENTED_EDGE('',*,*,#12787,.F.);
#12787 = EDGE_CURVE('',#12788,#12780,#12790,.T.);
#12788 = VERTEX_POINT('',#12789);
#12789 = CARTESIAN_POINT('',(136.24179,-104.110455,1.51));
#12790 = CIRCLE('',#12791,0.500040834725);
#12791 = AXIS2_PLACEMENT_3D('',#12792,#12793,#12794);
#12792 = CARTESIAN_POINT('',(136.49405592637,-104.5421988346,1.51));
#12793 = DIRECTION('',(0.,0.,-1.));
#12794 = DIRECTION('',(-0.50449065128,0.86341715455,0.));
#12795 = ORIENTED_EDGE('',*,*,#12796,.F.);
#12796 = EDGE_CURVE('',#12797,#12788,#12799,.T.);
#12797 = VERTEX_POINT('',#12798);
#12798 = CARTESIAN_POINT('',(135.539017,-103.461878,1.51));
#12799 = CIRCLE('',#12800,0.499999092786);
#12800 = AXIS2_PLACEMENT_3D('',#12801,#12802,#12803);
#12801 = CARTESIAN_POINT('',(135.98953160898,-103.6787551077,1.51));
#12802 = DIRECTION('',(0.,0.,1.));
#12803 = DIRECTION('',(-0.901030852831,0.43375500256,0.));
#12804 = ORIENTED_EDGE('',*,*,#12805,.F.);
#12805 = EDGE_CURVE('',#12806,#12797,#12808,.T.);
#12806 = VERTEX_POINT('',#12807);
#12807 = CARTESIAN_POINT('',(135.588502,-103.245,1.51));
#12808 = CIRCLE('',#12809,0.499989885034);
#12809 = AXIS2_PLACEMENT_3D('',#12810,#12811,#12812);
#12810 = CARTESIAN_POINT('',(135.08851211496,-103.2450019208,1.51));
#12811 = DIRECTION('',(0.,0.,-1.));
#12812 = DIRECTION('',(0.999999999993,3.841811392097E-06,0.));
#12813 = ORIENTED_EDGE('',*,*,#12814,.F.);
#12814 = EDGE_CURVE('',#12815,#12806,#12817,.T.);
#12815 = VERTEX_POINT('',#12816);
#12816 = CARTESIAN_POINT('',(135.588502,-101.839316,1.51));
#12817 = LINE('',#12818,#12819);
#12818 = CARTESIAN_POINT('',(135.588502,-101.839316,1.51));
#12819 = VECTOR('',#12820,1.);
#12820 = DIRECTION('',(0.,-1.,0.));
#12821 = ORIENTED_EDGE('',*,*,#12822,.F.);
#12822 = EDGE_CURVE('',#12692,#12815,#12823,.T.);
#12823 = CIRCLE('',#12824,0.499989885034);
#12824 = AXIS2_PLACEMENT_3D('',#12825,#12826,#12827);
#12825 = CARTESIAN_POINT('',(135.08851211496,-101.8393140791,1.51));
#12826 = DIRECTION('',(0.,0.,-1.));
#12827 = DIRECTION('',(0.901027997796,0.43376093322,0.));
#12828 = FACE_BOUND('',#12829,.T.);
#12829 = EDGE_LOOP('',(#12830));
#12830 = ORIENTED_EDGE('',*,*,#12831,.T.);
#12831 = EDGE_CURVE('',#12832,#12832,#12834,.T.);
#12832 = VERTEX_POINT('',#12833);
#12833 = CARTESIAN_POINT('',(132.6685,-93.775,1.51));
#12834 = CIRCLE('',#12835,0.85);
#12835 = AXIS2_PLACEMENT_3D('',#12836,#12837,#12838);
#12836 = CARTESIAN_POINT('',(132.6685,-92.925,1.51));
#12837 = DIRECTION('',(-0.,0.,-1.));
#12838 = DIRECTION('',(-0.,-1.,0.));
#12839 = FACE_BOUND('',#12840,.T.);
#12840 = EDGE_LOOP('',(#12841));
#12841 = ORIENTED_EDGE('',*,*,#12842,.T.);
#12842 = EDGE_CURVE('',#12843,#12843,#12845,.T.);
#12843 = VERTEX_POINT('',#12844);
#12844 = CARTESIAN_POINT('',(121.2385,-88.595,1.51));
#12845 = CIRCLE('',#12846,0.75);
#12846 = AXIS2_PLACEMENT_3D('',#12847,#12848,#12849);
#12847 = CARTESIAN_POINT('',(121.2385,-87.845,1.51));
#12848 = DIRECTION('',(-0.,0.,-1.));
#12849 = DIRECTION('',(-0.,-1.,0.));
#12850 = FACE_BOUND('',#12851,.T.);
#12851 = EDGE_LOOP('',(#12852));
#12852 = ORIENTED_EDGE('',*,*,#12853,.T.);
#12853 = EDGE_CURVE('',#12854,#12854,#12856,.T.);
#12854 = VERTEX_POINT('',#12855);
#12855 = CARTESIAN_POINT('',(128.35,-90.9,1.51));
#12856 = CIRCLE('',#12857,0.4);
#12857 = AXIS2_PLACEMENT_3D('',#12858,#12859,#12860);
#12858 = CARTESIAN_POINT('',(128.35,-90.5,1.51));
#12859 = DIRECTION('',(-0.,0.,-1.));
#12860 = DIRECTION('',(-0.,-1.,0.));
#12861 = FACE_BOUND('',#12862,.T.);
#12862 = EDGE_LOOP('',(#12863));
#12863 = ORIENTED_EDGE('',*,*,#12864,.T.);
#12864 = EDGE_CURVE('',#12865,#12865,#12867,.T.);
#12865 = VERTEX_POINT('',#12866);
#12866 = CARTESIAN_POINT('',(133.9385,-91.135,1.51));
#12867 = CIRCLE('',#12868,0.75);
#12868 = AXIS2_PLACEMENT_3D('',#12869,#12870,#12871);
#12869 = CARTESIAN_POINT('',(133.9385,-90.385,1.51));
#12870 = DIRECTION('',(-0.,0.,-1.));
#12871 = DIRECTION('',(-0.,-1.,0.));
#12872 = FACE_BOUND('',#12873,.T.);
#12873 = EDGE_LOOP('',(#12874));
#12874 = ORIENTED_EDGE('',*,*,#12875,.T.);
#12875 = EDGE_CURVE('',#12876,#12876,#12878,.T.);
#12876 = VERTEX_POINT('',#12877);
#12877 = CARTESIAN_POINT('',(110.73,-80.1645,1.51));
#12878 = CIRCLE('',#12879,0.4445);
#12879 = AXIS2_PLACEMENT_3D('',#12880,#12881,#12882);
#12880 = CARTESIAN_POINT('',(110.73,-79.72,1.51));
#12881 = DIRECTION('',(-0.,0.,-1.));
#12882 = DIRECTION('',(3.197042680585E-14,-1.,-0.));
#12883 = FACE_BOUND('',#12884,.T.);
#12884 = EDGE_LOOP('',(#12885));
#12885 = ORIENTED_EDGE('',*,*,#12886,.T.);
#12886 = EDGE_CURVE('',#12887,#12887,#12889,.T.);
#12887 = VERTEX_POINT('',#12888);
#12888 = CARTESIAN_POINT('',(110.73,-77.6245,1.51));
#12889 = CIRCLE('',#12890,0.4445);
#12890 = AXIS2_PLACEMENT_3D('',#12891,#12892,#12893);
#12891 = CARTESIAN_POINT('',(110.73,-77.18,1.51));
#12892 = DIRECTION('',(-0.,0.,-1.));
#12893 = DIRECTION('',(3.197042680585E-14,-1.,-0.));
#12894 = FACE_BOUND('',#12895,.T.);
#12895 = EDGE_LOOP('',(#12896));
#12896 = ORIENTED_EDGE('',*,*,#12897,.T.);
#12897 = EDGE_CURVE('',#12898,#12898,#12900,.T.);
#12898 = VERTEX_POINT('',#12899);
#12899 = CARTESIAN_POINT('',(110.73,-75.0845,1.51));
#12900 = CIRCLE('',#12901,0.4445);
#12901 = AXIS2_PLACEMENT_3D('',#12902,#12903,#12904);
#12902 = CARTESIAN_POINT('',(110.73,-74.64,1.51));
#12903 = DIRECTION('',(-0.,0.,-1.));
#12904 = DIRECTION('',(3.197042680585E-14,-1.,-0.));
#12905 = FACE_BOUND('',#12906,.T.);
#12906 = EDGE_LOOP('',(#12907));
#12907 = ORIENTED_EDGE('',*,*,#12908,.T.);
#12908 = EDGE_CURVE('',#12909,#12909,#12911,.T.);
#12909 = VERTEX_POINT('',#12910);
#12910 = CARTESIAN_POINT('',(110.73,-72.5445,1.51));
#12911 = CIRCLE('',#12912,0.4445);
#12912 = AXIS2_PLACEMENT_3D('',#12913,#12914,#12915);
#12913 = CARTESIAN_POINT('',(110.73,-72.1,1.51));
#12914 = DIRECTION('',(-0.,0.,-1.));
#12915 = DIRECTION('',(3.197042680585E-14,-1.,-0.));
#12916 = FACE_BOUND('',#12917,.T.);
#12917 = EDGE_LOOP('',(#12918));
#12918 = ORIENTED_EDGE('',*,*,#12919,.T.);
#12919 = EDGE_CURVE('',#12920,#12920,#12922,.T.);
#12920 = VERTEX_POINT('',#12921);
#12921 = CARTESIAN_POINT('',(110.73,-70.0045,1.51));
#12922 = CIRCLE('',#12923,0.4445);
#12923 = AXIS2_PLACEMENT_3D('',#12924,#12925,#12926);
#12924 = CARTESIAN_POINT('',(110.73,-69.56,1.51));
#12925 = DIRECTION('',(-0.,0.,-1.));
#12926 = DIRECTION('',(3.197042680585E-14,-1.,-0.));
#12927 = FACE_BOUND('',#12928,.T.);
#12928 = EDGE_LOOP('',(#12929));
#12929 = ORIENTED_EDGE('',*,*,#12930,.T.);
#12930 = EDGE_CURVE('',#12931,#12931,#12933,.T.);
#12931 = VERTEX_POINT('',#12932);
#12932 = CARTESIAN_POINT('',(104.65,-65.85,1.51));
#12933 = CIRCLE('',#12934,1.6);
#12934 = AXIS2_PLACEMENT_3D('',#12935,#12936,#12937);
#12935 = CARTESIAN_POINT('',(104.65,-64.25,1.51));
#12936 = DIRECTION('',(-0.,0.,-1.));
#12937 = DIRECTION('',(-0.,-1.,0.));
#12938 = FACE_BOUND('',#12939,.T.);
#12939 = EDGE_LOOP('',(#12940));
#12940 = ORIENTED_EDGE('',*,*,#12941,.T.);
#12941 = EDGE_CURVE('',#12942,#12942,#12944,.T.);
#12942 = VERTEX_POINT('',#12943);
#12943 = CARTESIAN_POINT('',(110.73,-67.4645,1.51));
#12944 = CIRCLE('',#12945,0.4445);
#12945 = AXIS2_PLACEMENT_3D('',#12946,#12947,#12948);
#12946 = CARTESIAN_POINT('',(110.73,-67.02,1.51));
#12947 = DIRECTION('',(-0.,0.,-1.));
#12948 = DIRECTION('',(3.197042680585E-14,-1.,-0.));
#12949 = FACE_BOUND('',#12950,.T.);
#12950 = EDGE_LOOP('',(#12951));
#12951 = ORIENTED_EDGE('',*,*,#12952,.T.);
#12952 = EDGE_CURVE('',#12953,#12953,#12955,.T.);
#12953 = VERTEX_POINT('',#12954);
#12954 = CARTESIAN_POINT('',(110.73,-64.9245,1.51));
#12955 = CIRCLE('',#12956,0.4445);
#12956 = AXIS2_PLACEMENT_3D('',#12957,#12958,#12959);
#12957 = CARTESIAN_POINT('',(110.73,-64.48,1.51));
#12958 = DIRECTION('',(-0.,0.,-1.));
#12959 = DIRECTION('',(3.197042680585E-14,-1.,-0.));
#12960 = FACE_BOUND('',#12961,.T.);
#12961 = EDGE_LOOP('',(#12962));
#12962 = ORIENTED_EDGE('',*,*,#12963,.T.);
#12963 = EDGE_CURVE('',#12964,#12964,#12966,.T.);
#12964 = VERTEX_POINT('',#12965);
#12965 = CARTESIAN_POINT('',(125.97,-80.1645,1.51));
#12966 = CIRCLE('',#12967,0.4445);
#12967 = AXIS2_PLACEMENT_3D('',#12968,#12969,#12970);
#12968 = CARTESIAN_POINT('',(125.97,-79.72,1.51));
#12969 = DIRECTION('',(-0.,0.,-1.));
#12970 = DIRECTION('',(-0.,-1.,0.));
#12971 = FACE_BOUND('',#12972,.T.);
#12972 = EDGE_LOOP('',(#12973));
#12973 = ORIENTED_EDGE('',*,*,#12974,.T.);
#12974 = EDGE_CURVE('',#12975,#12975,#12977,.T.);
#12975 = VERTEX_POINT('',#12976);
#12976 = CARTESIAN_POINT('',(125.97,-77.6245,1.51));
#12977 = CIRCLE('',#12978,0.4445);
#12978 = AXIS2_PLACEMENT_3D('',#12979,#12980,#12981);
#12979 = CARTESIAN_POINT('',(125.97,-77.18,1.51));
#12980 = DIRECTION('',(-0.,0.,-1.));
#12981 = DIRECTION('',(-0.,-1.,0.));
#12982 = FACE_BOUND('',#12983,.T.);
#12983 = EDGE_LOOP('',(#12984));
#12984 = ORIENTED_EDGE('',*,*,#12985,.T.);
#12985 = EDGE_CURVE('',#12986,#12986,#12988,.T.);
#12986 = VERTEX_POINT('',#12987);
#12987 = CARTESIAN_POINT('',(125.97,-75.0845,1.51));
#12988 = CIRCLE('',#12989,0.4445);
#12989 = AXIS2_PLACEMENT_3D('',#12990,#12991,#12992);
#12990 = CARTESIAN_POINT('',(125.97,-74.64,1.51));
#12991 = DIRECTION('',(-0.,0.,-1.));
#12992 = DIRECTION('',(-0.,-1.,0.));
#12993 = FACE_BOUND('',#12994,.T.);
#12994 = EDGE_LOOP('',(#12995));
#12995 = ORIENTED_EDGE('',*,*,#12996,.T.);
#12996 = EDGE_CURVE('',#12997,#12997,#12999,.T.);
#12997 = VERTEX_POINT('',#12998);
#12998 = CARTESIAN_POINT('',(134.23,-81.2,1.51));
#12999 = CIRCLE('',#13000,0.4);
#13000 = AXIS2_PLACEMENT_3D('',#13001,#13002,#13003);
#13001 = CARTESIAN_POINT('',(134.23,-80.8,1.51));
#13002 = DIRECTION('',(-0.,0.,-1.));
#13003 = DIRECTION('',(-7.105427357601E-14,-1.,0.));
#13004 = FACE_BOUND('',#13005,.T.);
#13005 = EDGE_LOOP('',(#13006));
#13006 = ORIENTED_EDGE('',*,*,#13007,.T.);
#13007 = EDGE_CURVE('',#13008,#13008,#13010,.T.);
#13008 = VERTEX_POINT('',#13009);
#13009 = CARTESIAN_POINT('',(134.23,-78.66,1.51));
#13010 = CIRCLE('',#13011,0.4);
#13011 = AXIS2_PLACEMENT_3D('',#13012,#13013,#13014);
#13012 = CARTESIAN_POINT('',(134.23,-78.26,1.51));
#13013 = DIRECTION('',(-0.,0.,-1.));
#13014 = DIRECTION('',(-7.105427357601E-14,-1.,0.));
#13015 = FACE_BOUND('',#13016,.T.);
#13016 = EDGE_LOOP('',(#13017));
#13017 = ORIENTED_EDGE('',*,*,#13018,.T.);
#13018 = EDGE_CURVE('',#13019,#13019,#13021,.T.);
#13019 = VERTEX_POINT('',#13020);
#13020 = CARTESIAN_POINT('',(134.23,-76.12,1.51));
#13021 = CIRCLE('',#13022,0.4);
#13022 = AXIS2_PLACEMENT_3D('',#13023,#13024,#13025);
#13023 = CARTESIAN_POINT('',(134.23,-75.72,1.51));
#13024 = DIRECTION('',(-0.,0.,-1.));
#13025 = DIRECTION('',(-7.105427357601E-14,-1.,0.));
#13026 = FACE_BOUND('',#13027,.T.);
#13027 = EDGE_LOOP('',(#13028));
#13028 = ORIENTED_EDGE('',*,*,#13029,.T.);
#13029 = EDGE_CURVE('',#13030,#13030,#13032,.T.);
#13030 = VERTEX_POINT('',#13031);
#13031 = CARTESIAN_POINT('',(134.23,-73.58,1.51));
#13032 = CIRCLE('',#13033,0.4);
#13033 = AXIS2_PLACEMENT_3D('',#13034,#13035,#13036);
#13034 = CARTESIAN_POINT('',(134.23,-73.18,1.51));
#13035 = DIRECTION('',(-0.,0.,-1.));
#13036 = DIRECTION('',(-7.105427357601E-14,-1.,0.));
#13037 = FACE_BOUND('',#13038,.T.);
#13038 = EDGE_LOOP('',(#13039));
#13039 = ORIENTED_EDGE('',*,*,#13040,.T.);
#13040 = EDGE_CURVE('',#13041,#13041,#13043,.T.);
#13041 = VERTEX_POINT('',#13042);
#13042 = CARTESIAN_POINT('',(125.97,-72.5445,1.51));
#13043 = CIRCLE('',#13044,0.4445);
#13044 = AXIS2_PLACEMENT_3D('',#13045,#13046,#13047);
#13045 = CARTESIAN_POINT('',(125.97,-72.1,1.51));
#13046 = DIRECTION('',(-0.,0.,-1.));
#13047 = DIRECTION('',(-0.,-1.,0.));
#13048 = FACE_BOUND('',#13049,.T.);
#13049 = EDGE_LOOP('',(#13050));
#13050 = ORIENTED_EDGE('',*,*,#13051,.T.);
#13051 = EDGE_CURVE('',#13052,#13052,#13054,.T.);
#13052 = VERTEX_POINT('',#13053);
#13053 = CARTESIAN_POINT('',(125.97,-70.0045,1.51));
#13054 = CIRCLE('',#13055,0.4445);
#13055 = AXIS2_PLACEMENT_3D('',#13056,#13057,#13058);
#13056 = CARTESIAN_POINT('',(125.97,-69.56,1.51));
#13057 = DIRECTION('',(-0.,0.,-1.));
#13058 = DIRECTION('',(-0.,-1.,0.));
#13059 = FACE_BOUND('',#13060,.T.);
#13060 = EDGE_LOOP('',(#13061));
#13061 = ORIENTED_EDGE('',*,*,#13062,.T.);
#13062 = EDGE_CURVE('',#13063,#13063,#13065,.T.);
#13063 = VERTEX_POINT('',#13064);
#13064 = CARTESIAN_POINT('',(125.97,-67.4645,1.51));
#13065 = CIRCLE('',#13066,0.4445);
#13066 = AXIS2_PLACEMENT_3D('',#13067,#13068,#13069);
#13067 = CARTESIAN_POINT('',(125.97,-67.02,1.51));
#13068 = DIRECTION('',(-0.,0.,-1.));
#13069 = DIRECTION('',(-0.,-1.,0.));
#13070 = FACE_BOUND('',#13071,.T.);
#13071 = EDGE_LOOP('',(#13072));
#13072 = ORIENTED_EDGE('',*,*,#13073,.T.);
#13073 = EDGE_CURVE('',#13074,#13074,#13076,.T.);
#13074 = VERTEX_POINT('',#13075);
#13075 = CARTESIAN_POINT('',(125.97,-64.9245,1.51));
#13076 = CIRCLE('',#13077,0.4445);
#13077 = AXIS2_PLACEMENT_3D('',#13078,#13079,#13080);
#13078 = CARTESIAN_POINT('',(125.97,-64.48,1.51));
#13079 = DIRECTION('',(-0.,0.,-1.));
#13080 = DIRECTION('',(-0.,-1.,0.));
#13081 = FACE_BOUND('',#13082,.T.);
#13082 = EDGE_LOOP('',(#13083));
#13083 = ORIENTED_EDGE('',*,*,#13084,.T.);
#13084 = EDGE_CURVE('',#13085,#13085,#13087,.T.);
#13085 = VERTEX_POINT('',#13086);
#13086 = CARTESIAN_POINT('',(134.23,-71.04,1.51));
#13087 = CIRCLE('',#13088,0.4);
#13088 = AXIS2_PLACEMENT_3D('',#13089,#13090,#13091);
#13089 = CARTESIAN_POINT('',(134.23,-70.64,1.51));
#13090 = DIRECTION('',(-0.,0.,-1.));
#13091 = DIRECTION('',(-7.105427357601E-14,-1.,0.));
#13092 = FACE_BOUND('',#13093,.T.);
#13093 = EDGE_LOOP('',(#13094));
#13094 = ORIENTED_EDGE('',*,*,#13095,.T.);
#13095 = EDGE_CURVE('',#13096,#13096,#13098,.T.);
#13096 = VERTEX_POINT('',#13097);
#13097 = CARTESIAN_POINT('',(134.23,-68.5,1.51));
#13098 = CIRCLE('',#13099,0.4);
#13099 = AXIS2_PLACEMENT_3D('',#13100,#13101,#13102);
#13100 = CARTESIAN_POINT('',(134.23,-68.1,1.51));
#13101 = DIRECTION('',(-0.,0.,-1.));
#13102 = DIRECTION('',(-7.105427357601E-14,-1.,0.));
#13103 = FACE_BOUND('',#13104,.T.);
#13104 = EDGE_LOOP('',(#13105));
#13105 = ORIENTED_EDGE('',*,*,#13106,.T.);
#13106 = EDGE_CURVE('',#13107,#13107,#13109,.T.);
#13107 = VERTEX_POINT('',#13108);
#13108 = CARTESIAN_POINT('',(134.23,-65.96,1.51));
#13109 = CIRCLE('',#13110,0.4);
#13110 = AXIS2_PLACEMENT_3D('',#13111,#13112,#13113);
#13111 = CARTESIAN_POINT('',(134.23,-65.56,1.51));
#13112 = DIRECTION('',(-0.,0.,-1.));
#13113 = DIRECTION('',(-7.105427357601E-14,-1.,0.));
#13114 = FACE_BOUND('',#13115,.T.);
#13115 = EDGE_LOOP('',(#13116));
#13116 = ORIENTED_EDGE('',*,*,#13117,.T.);
#13117 = EDGE_CURVE('',#13118,#13118,#13120,.T.);
#13118 = VERTEX_POINT('',#13119);
#13119 = CARTESIAN_POINT('',(137.7485,-94.925,1.51));
#13120 = CIRCLE('',#13121,2.);
#13121 = AXIS2_PLACEMENT_3D('',#13122,#13123,#13124);
#13122 = CARTESIAN_POINT('',(137.7485,-92.925,1.51));
#13123 = DIRECTION('',(-0.,0.,-1.));
#13124 = DIRECTION('',(-0.,-1.,0.));
#13125 = FACE_BOUND('',#13126,.T.);
#13126 = EDGE_LOOP('',(#13127));
#13127 = ORIENTED_EDGE('',*,*,#13128,.T.);
#13128 = EDGE_CURVE('',#13129,#13129,#13131,.T.);
#13129 = VERTEX_POINT('',#13130);
#13130 = CARTESIAN_POINT('',(142.8285,-93.775,1.51));
#13131 = CIRCLE('',#13132,0.85);
#13132 = AXIS2_PLACEMENT_3D('',#13133,#13134,#13135);
#13133 = CARTESIAN_POINT('',(142.8285,-92.925,1.51));
#13134 = DIRECTION('',(-0.,0.,-1.));
#13135 = DIRECTION('',(-3.343730521224E-14,-1.,0.));
#13136 = FACE_BOUND('',#13137,.T.);
#13137 = EDGE_LOOP('',(#13138));
#13138 = ORIENTED_EDGE('',*,*,#13139,.T.);
#13139 = EDGE_CURVE('',#13140,#13140,#13142,.T.);
#13140 = VERTEX_POINT('',#13141);
#13141 = CARTESIAN_POINT('',(151.7185,-93.775,1.51));
#13142 = CIRCLE('',#13143,0.85);
#13143 = AXIS2_PLACEMENT_3D('',#13144,#13145,#13146);
#13144 = CARTESIAN_POINT('',(151.7185,-92.925,1.51));
#13145 = DIRECTION('',(-0.,0.,-1.));
#13146 = DIRECTION('',(-0.,-1.,0.));
#13147 = FACE_BOUND('',#13148,.T.);
#13148 = EDGE_LOOP('',(#13149));
#13149 = ORIENTED_EDGE('',*,*,#13150,.T.);
#13150 = EDGE_CURVE('',#13151,#13151,#13153,.T.);
#13151 = VERTEX_POINT('',#13152);
#13152 = CARTESIAN_POINT('',(140.2885,-88.595,1.51));
#13153 = CIRCLE('',#13154,0.75);
#13154 = AXIS2_PLACEMENT_3D('',#13155,#13156,#13157);
#13155 = CARTESIAN_POINT('',(140.2885,-87.845,1.51));
#13156 = DIRECTION('',(-0.,0.,-1.));
#13157 = DIRECTION('',(-0.,-1.,0.));
#13158 = FACE_BOUND('',#13159,.T.);
#13159 = EDGE_LOOP('',(#13160));
#13160 = ORIENTED_EDGE('',*,*,#13161,.T.);
#13161 = EDGE_CURVE('',#13162,#13162,#13164,.T.);
#13162 = VERTEX_POINT('',#13163);
#13163 = CARTESIAN_POINT('',(147.05,-92.76,1.51));
#13164 = CIRCLE('',#13165,0.4);
#13165 = AXIS2_PLACEMENT_3D('',#13166,#13167,#13168);
#13166 = CARTESIAN_POINT('',(147.05,-92.36,1.51));
#13167 = DIRECTION('',(-0.,0.,-1.));
#13168 = DIRECTION('',(-0.,-1.,0.));
#13169 = FACE_BOUND('',#13170,.T.);
#13170 = EDGE_LOOP('',(#13171));
#13171 = ORIENTED_EDGE('',*,*,#13172,.T.);
#13172 = EDGE_CURVE('',#13173,#13173,#13175,.T.);
#13173 = VERTEX_POINT('',#13174);
#13174 = CARTESIAN_POINT('',(152.9885,-91.135,1.51));
#13175 = CIRCLE('',#13176,0.75);
#13176 = AXIS2_PLACEMENT_3D('',#13177,#13178,#13179);
#13177 = CARTESIAN_POINT('',(152.9885,-90.385,1.51));
#13178 = DIRECTION('',(-0.,0.,-1.));
#13179 = DIRECTION('',(-0.,-1.,0.));
#13180 = FACE_BOUND('',#13181,.T.);
#13181 = EDGE_LOOP('',(#13182));
#13182 = ORIENTED_EDGE('',*,*,#13183,.T.);
#13183 = EDGE_CURVE('',#13184,#13184,#13186,.T.);
#13184 = VERTEX_POINT('',#13185);
#13185 = CARTESIAN_POINT('',(147.05,-85.14,1.51));
#13186 = CIRCLE('',#13187,0.4);
#13187 = AXIS2_PLACEMENT_3D('',#13188,#13189,#13190);
#13188 = CARTESIAN_POINT('',(147.05,-84.74,1.51));
#13189 = DIRECTION('',(-0.,0.,-1.));
#13190 = DIRECTION('',(-0.,-1.,0.));
#13191 = FACE_BOUND('',#13192,.T.);
#13192 = EDGE_LOOP('',(#13193,#13204,#13213,#13221,#13230,#13239,#13248,
    #13256,#13265,#13274,#13283,#13291,#13300,#13309,#13318,#13326));
#13193 = ORIENTED_EDGE('',*,*,#13194,.F.);
#13194 = EDGE_CURVE('',#13195,#13197,#13199,.T.);
#13195 = VERTEX_POINT('',#13196);
#13196 = CARTESIAN_POINT('',(155.491789,-100.926701,1.51));
#13197 = VERTEX_POINT('',#13198);
#13198 = CARTESIAN_POINT('',(154.789016,-101.57528,1.51));
#13199 = CIRCLE('',#13200,0.499999729127);
#13200 = AXIS2_PLACEMENT_3D('',#13201,#13202,#13203);
#13201 = CARTESIAN_POINT('',(155.23953074567,-101.3584017091,1.51));
#13202 = DIRECTION('',(0.,0.,1.));
#13203 = DIRECTION('',(0.504516781969,0.863401885979,-0.));
#13204 = ORIENTED_EDGE('',*,*,#13205,.F.);
#13205 = EDGE_CURVE('',#13206,#13195,#13208,.T.);
#13206 = VERTEX_POINT('',#13207);
#13207 = CARTESIAN_POINT('',(155.744048,-100.995001,1.51));
#13208 = CIRCLE('',#13209,0.50002311711);
#13209 = AXIS2_PLACEMENT_3D('',#13210,#13211,#13212);
#13210 = CARTESIAN_POINT('',(155.74405526378,-100.4949778829,1.51));
#13211 = DIRECTION('',(0.,0.,-1.));
#13212 = DIRECTION('',(-1.452689345975E-05,-0.999999999894,-0.));
#13213 = ORIENTED_EDGE('',*,*,#13214,.F.);
#13214 = EDGE_CURVE('',#13215,#13206,#13217,.T.);
#13215 = VERTEX_POINT('',#13216);
#13216 = CARTESIAN_POINT('',(157.332953,-100.995001,1.51));
#13217 = LINE('',#13218,#13219);
#13218 = CARTESIAN_POINT('',(157.332953,-100.995001,1.51));
#13219 = VECTOR('',#13220,1.);
#13220 = DIRECTION('',(-1.,0.,0.));
#13221 = ORIENTED_EDGE('',*,*,#13222,.F.);
#13222 = EDGE_CURVE('',#13223,#13215,#13225,.T.);
#13223 = VERTEX_POINT('',#13224);
#13224 = CARTESIAN_POINT('',(157.585211,-100.926702,1.51));
#13225 = CIRCLE('',#13226,0.500008729288);
#13226 = AXIS2_PLACEMENT_3D('',#13227,#13228,#13229);
#13227 = CARTESIAN_POINT('',(157.33295034312,-100.4949922707,1.51));
#13228 = DIRECTION('',(0.,0.,-1.));
#13229 = DIRECTION('',(0.504512505686,-0.863404384751,0.));
#13230 = ORIENTED_EDGE('',*,*,#13231,.F.);
#13231 = EDGE_CURVE('',#13232,#13223,#13234,.T.);
#13232 = VERTEX_POINT('',#13233);
#13233 = CARTESIAN_POINT('',(158.287984,-101.57528,1.51));
#13234 = CIRCLE('',#13235,0.499999422661);
#13235 = AXIS2_PLACEMENT_3D('',#13236,#13237,#13238);
#13236 = CARTESIAN_POINT('',(157.83746929551,-101.35840233,1.51));
#13237 = DIRECTION('',(0.,0.,1.));
#13238 = DIRECTION('',(0.901030449374,-0.433755840654,0.));
#13239 = ORIENTED_EDGE('',*,*,#13240,.F.);
#13240 = EDGE_CURVE('',#13241,#13232,#13243,.T.);
#13241 = VERTEX_POINT('',#13242);
#13242 = CARTESIAN_POINT('',(158.238499,-101.792158,1.51));
#13243 = CIRCLE('',#13244,0.499989885034);
#13244 = AXIS2_PLACEMENT_3D('',#13245,#13246,#13247);
#13245 = CARTESIAN_POINT('',(158.73848888503,-101.7921560791,1.51));
#13246 = DIRECTION('',(0.,0.,-1.));
#13247 = DIRECTION('',(-0.999999999993,-3.841811392097E-06,-0.));
#13248 = ORIENTED_EDGE('',*,*,#13249,.F.);
#13249 = EDGE_CURVE('',#13250,#13241,#13252,.T.);
#13250 = VERTEX_POINT('',#13251);
#13251 = CARTESIAN_POINT('',(158.238499,-103.197842,1.51));
#13252 = LINE('',#13253,#13254);
#13253 = CARTESIAN_POINT('',(158.238499,-103.197842,1.51));
#13254 = VECTOR('',#13255,1.);
#13255 = DIRECTION('',(0.,1.,0.));
#13256 = ORIENTED_EDGE('',*,*,#13257,.F.);
#13257 = EDGE_CURVE('',#13258,#13250,#13260,.T.);
#13258 = VERTEX_POINT('',#13259);
#13259 = CARTESIAN_POINT('',(158.287984,-103.414719,1.51));
#13260 = CIRCLE('',#13261,0.49998122973);
#13261 = AXIS2_PLACEMENT_3D('',#13262,#13263,#13264);
#13262 = CARTESIAN_POINT('',(158.73848022972,-103.1978448957,1.51));
#13263 = DIRECTION('',(0.,0.,-1.));
#13264 = DIRECTION('',(-0.901026284457,-0.433764492229,-0.));
#13265 = ORIENTED_EDGE('',*,*,#13266,.F.);
#13266 = EDGE_CURVE('',#13267,#13258,#13269,.T.);
#13267 = VERTEX_POINT('',#13268);
#13268 = CARTESIAN_POINT('',(157.585211,-104.063299,1.51));
#13269 = CIRCLE('',#13270,0.499999755443);
#13270 = AXIS2_PLACEMENT_3D('',#13271,#13272,#13273);
#13271 = CARTESIAN_POINT('',(157.83746986309,-103.6315986161,1.51));
#13272 = DIRECTION('',(0.,0.,1.));
#13273 = DIRECTION('',(-0.50451797296,-0.863401190039,0.));
#13274 = ORIENTED_EDGE('',*,*,#13275,.F.);
#13275 = EDGE_CURVE('',#13276,#13267,#13278,.T.);
#13276 = VERTEX_POINT('',#13277);
#13277 = CARTESIAN_POINT('',(157.332952,-103.995,1.51));
#13278 = CIRCLE('',#13279,0.500008729226);
#13279 = AXIS2_PLACEMENT_3D('',#13280,#13281,#13282);
#13280 = CARTESIAN_POINT('',(157.33295034314,-104.4950087292,1.51));
#13281 = DIRECTION('',(0.,0.,-1.));
#13282 = DIRECTION('',(3.313649203346E-06,0.999999999995,0.));
#13283 = ORIENTED_EDGE('',*,*,#13284,.F.);
#13284 = EDGE_CURVE('',#13285,#13276,#13287,.T.);
#13285 = VERTEX_POINT('',#13286);
#13286 = CARTESIAN_POINT('',(155.744048,-103.995,1.51));
#13287 = LINE('',#13288,#13289);
#13288 = CARTESIAN_POINT('',(155.744048,-103.995,1.51));
#13289 = VECTOR('',#13290,1.);
#13290 = DIRECTION('',(1.,0.,0.));
#13291 = ORIENTED_EDGE('',*,*,#13292,.F.);
#13292 = EDGE_CURVE('',#13293,#13285,#13295,.T.);
#13293 = VERTEX_POINT('',#13294);
#13294 = CARTESIAN_POINT('',(155.491789,-104.063297,1.51));
#13295 = CIRCLE('',#13296,0.500040834725);
#13296 = AXIS2_PLACEMENT_3D('',#13297,#13298,#13299);
#13297 = CARTESIAN_POINT('',(155.74405492637,-104.4950408346,1.51));
#13298 = DIRECTION('',(0.,0.,-1.));
#13299 = DIRECTION('',(-0.50449065128,0.86341715455,0.));
#13300 = ORIENTED_EDGE('',*,*,#13301,.F.);
#13301 = EDGE_CURVE('',#13302,#13293,#13304,.T.);
#13302 = VERTEX_POINT('',#13303);
#13303 = CARTESIAN_POINT('',(154.789016,-103.41472,1.51));
#13304 = CIRCLE('',#13305,0.499999092786);
#13305 = AXIS2_PLACEMENT_3D('',#13306,#13307,#13308);
#13306 = CARTESIAN_POINT('',(155.23953060898,-103.6315971077,1.51));
#13307 = DIRECTION('',(0.,0.,1.));
#13308 = DIRECTION('',(-0.901030852831,0.43375500256,0.));
#13309 = ORIENTED_EDGE('',*,*,#13310,.F.);
#13310 = EDGE_CURVE('',#13311,#13302,#13313,.T.);
#13311 = VERTEX_POINT('',#13312);
#13312 = CARTESIAN_POINT('',(154.838501,-103.197842,1.51));
#13313 = CIRCLE('',#13314,0.499989885034);
#13314 = AXIS2_PLACEMENT_3D('',#13315,#13316,#13317);
#13315 = CARTESIAN_POINT('',(154.33851111496,-103.1978439208,1.51));
#13316 = DIRECTION('',(0.,0.,-1.));
#13317 = DIRECTION('',(0.999999999993,3.841811392097E-06,0.));
#13318 = ORIENTED_EDGE('',*,*,#13319,.F.);
#13319 = EDGE_CURVE('',#13320,#13311,#13322,.T.);
#13320 = VERTEX_POINT('',#13321);
#13321 = CARTESIAN_POINT('',(154.838501,-101.792158,1.51));
#13322 = LINE('',#13323,#13324);
#13323 = CARTESIAN_POINT('',(154.838501,-101.792158,1.51));
#13324 = VECTOR('',#13325,1.);
#13325 = DIRECTION('',(0.,-1.,0.));
#13326 = ORIENTED_EDGE('',*,*,#13327,.F.);
#13327 = EDGE_CURVE('',#13197,#13320,#13328,.T.);
#13328 = CIRCLE('',#13329,0.499989885034);
#13329 = AXIS2_PLACEMENT_3D('',#13330,#13331,#13332);
#13330 = CARTESIAN_POINT('',(154.33851111496,-101.7921560791,1.51));
#13331 = DIRECTION('',(0.,0.,-1.));
#13332 = DIRECTION('',(0.901027997796,0.43376093322,0.));
#13333 = FACE_BOUND('',#13334,.T.);
#13334 = EDGE_LOOP('',(#13335));
#13335 = ORIENTED_EDGE('',*,*,#13336,.T.);
#13336 = EDGE_CURVE('',#13337,#13337,#13339,.T.);
#13337 = VERTEX_POINT('',#13338);
#13338 = CARTESIAN_POINT('',(156.7985,-94.925,1.51));
#13339 = CIRCLE('',#13340,2.);
#13340 = AXIS2_PLACEMENT_3D('',#13341,#13342,#13343);
#13341 = CARTESIAN_POINT('',(156.7985,-92.925,1.51));
#13342 = DIRECTION('',(-0.,0.,-1.));
#13343 = DIRECTION('',(-0.,-1.,0.));
#13344 = FACE_BOUND('',#13345,.T.);
#13345 = EDGE_LOOP('',(#13346));
#13346 = ORIENTED_EDGE('',*,*,#13347,.T.);
#13347 = EDGE_CURVE('',#13348,#13348,#13350,.T.);
#13348 = VERTEX_POINT('',#13349);
#13349 = CARTESIAN_POINT('',(161.8785,-93.775,1.51));
#13350 = CIRCLE('',#13351,0.85);
#13351 = AXIS2_PLACEMENT_3D('',#13352,#13353,#13354);
#13352 = CARTESIAN_POINT('',(161.8785,-92.925,1.51));
#13353 = DIRECTION('',(-0.,0.,-1.));
#13354 = DIRECTION('',(-0.,-1.,0.));
#13355 = FACE_BOUND('',#13356,.T.);
#13356 = EDGE_LOOP('',(#13357));
#13357 = ORIENTED_EDGE('',*,*,#13358,.T.);
#13358 = EDGE_CURVE('',#13359,#13359,#13361,.T.);
#13359 = VERTEX_POINT('',#13360);
#13360 = CARTESIAN_POINT('',(159.3385,-88.595,1.51));
#13361 = CIRCLE('',#13362,0.75);
#13362 = AXIS2_PLACEMENT_3D('',#13363,#13364,#13365);
#13363 = CARTESIAN_POINT('',(159.3385,-87.845,1.51));
#13364 = DIRECTION('',(-0.,0.,-1.));
#13365 = DIRECTION('',(-0.,-1.,0.));
#13366 = FACE_BOUND('',#13367,.T.);
#13367 = EDGE_LOOP('',(#13368));
#13368 = ORIENTED_EDGE('',*,*,#13369,.T.);
#13369 = EDGE_CURVE('',#13370,#13370,#13372,.T.);
#13370 = VERTEX_POINT('',#13371);
#13371 = CARTESIAN_POINT('',(141.85,-81.2,1.51));
#13372 = CIRCLE('',#13373,0.4);
#13373 = AXIS2_PLACEMENT_3D('',#13374,#13375,#13376);
#13374 = CARTESIAN_POINT('',(141.85,-80.8,1.51));
#13375 = DIRECTION('',(-0.,0.,-1.));
#13376 = DIRECTION('',(-0.,-1.,0.));
#13377 = FACE_BOUND('',#13378,.T.);
#13378 = EDGE_LOOP('',(#13379));
#13379 = ORIENTED_EDGE('',*,*,#13380,.T.);
#13380 = EDGE_CURVE('',#13381,#13381,#13383,.T.);
#13381 = VERTEX_POINT('',#13382);
#13382 = CARTESIAN_POINT('',(141.85,-78.66,1.51));
#13383 = CIRCLE('',#13384,0.4);
#13384 = AXIS2_PLACEMENT_3D('',#13385,#13386,#13387);
#13385 = CARTESIAN_POINT('',(141.85,-78.26,1.51));
#13386 = DIRECTION('',(-0.,0.,-1.));
#13387 = DIRECTION('',(-0.,-1.,0.));
#13388 = FACE_BOUND('',#13389,.T.);
#13389 = EDGE_LOOP('',(#13390));
#13390 = ORIENTED_EDGE('',*,*,#13391,.T.);
#13391 = EDGE_CURVE('',#13392,#13392,#13394,.T.);
#13392 = VERTEX_POINT('',#13393);
#13393 = CARTESIAN_POINT('',(141.85,-76.12,1.51));
#13394 = CIRCLE('',#13395,0.4);
#13395 = AXIS2_PLACEMENT_3D('',#13396,#13397,#13398);
#13396 = CARTESIAN_POINT('',(141.85,-75.72,1.51));
#13397 = DIRECTION('',(-0.,0.,-1.));
#13398 = DIRECTION('',(-0.,-1.,0.));
#13399 = FACE_BOUND('',#13400,.T.);
#13400 = EDGE_LOOP('',(#13401));
#13401 = ORIENTED_EDGE('',*,*,#13402,.T.);
#13402 = EDGE_CURVE('',#13403,#13403,#13405,.T.);
#13403 = VERTEX_POINT('',#13404);
#13404 = CARTESIAN_POINT('',(141.85,-73.58,1.51));
#13405 = CIRCLE('',#13406,0.4);
#13406 = AXIS2_PLACEMENT_3D('',#13407,#13408,#13409);
#13407 = CARTESIAN_POINT('',(141.85,-73.18,1.51));
#13408 = DIRECTION('',(-0.,0.,-1.));
#13409 = DIRECTION('',(-0.,-1.,0.));
#13410 = FACE_BOUND('',#13411,.T.);
#13411 = EDGE_LOOP('',(#13412));
#13412 = ORIENTED_EDGE('',*,*,#13413,.T.);
#13413 = EDGE_CURVE('',#13414,#13414,#13416,.T.);
#13414 = VERTEX_POINT('',#13415);
#13415 = CARTESIAN_POINT('',(147.05,-81.81,1.51));
#13416 = CIRCLE('',#13417,0.4);
#13417 = AXIS2_PLACEMENT_3D('',#13418,#13419,#13420);
#13418 = CARTESIAN_POINT('',(147.05,-81.41,1.51));
#13419 = DIRECTION('',(-0.,0.,-1.));
#13420 = DIRECTION('',(-0.,-1.,0.));
#13421 = FACE_BOUND('',#13422,.T.);
#13422 = EDGE_LOOP('',(#13423));
#13423 = ORIENTED_EDGE('',*,*,#13424,.T.);
#13424 = EDGE_CURVE('',#13425,#13425,#13427,.T.);
#13425 = VERTEX_POINT('',#13426);
#13426 = CARTESIAN_POINT('',(154.35,-81.8,1.51));
#13427 = CIRCLE('',#13428,0.5);
#13428 = AXIS2_PLACEMENT_3D('',#13429,#13430,#13431);
#13429 = CARTESIAN_POINT('',(154.35,-81.3,1.51));
#13430 = DIRECTION('',(-0.,0.,-1.));
#13431 = DIRECTION('',(-0.,-1.,0.));
#13432 = FACE_BOUND('',#13433,.T.);
#13433 = EDGE_LOOP('',(#13434));
#13434 = ORIENTED_EDGE('',*,*,#13435,.T.);
#13435 = EDGE_CURVE('',#13436,#13436,#13438,.T.);
#13436 = VERTEX_POINT('',#13437);
#13437 = CARTESIAN_POINT('',(147.05,-74.19,1.51));
#13438 = CIRCLE('',#13439,0.4);
#13439 = AXIS2_PLACEMENT_3D('',#13440,#13441,#13442);
#13440 = CARTESIAN_POINT('',(147.05,-73.79,1.51));
#13441 = DIRECTION('',(-0.,0.,-1.));
#13442 = DIRECTION('',(-0.,-1.,0.));
#13443 = FACE_BOUND('',#13444,.T.);
#13444 = EDGE_LOOP('',(#13445,#13456,#13464,#13473));
#13445 = ORIENTED_EDGE('',*,*,#13446,.T.);
#13446 = EDGE_CURVE('',#13447,#13449,#13451,.T.);
#13447 = VERTEX_POINT('',#13448);
#13448 = CARTESIAN_POINT('',(152.,-74.95,1.51));
#13449 = VERTEX_POINT('',#13450);
#13450 = CARTESIAN_POINT('',(150.5,-74.95,1.51));
#13451 = CIRCLE('',#13452,0.75);
#13452 = AXIS2_PLACEMENT_3D('',#13453,#13454,#13455);
#13453 = CARTESIAN_POINT('',(151.25,-74.95,1.51));
#13454 = DIRECTION('',(-0.,0.,-1.));
#13455 = DIRECTION('',(-1.,0.,0.));
#13456 = ORIENTED_EDGE('',*,*,#13457,.T.);
#13457 = EDGE_CURVE('',#13449,#13458,#13460,.T.);
#13458 = VERTEX_POINT('',#13459);
#13459 = CARTESIAN_POINT('',(150.5,-73.65,1.51));
#13460 = LINE('',#13461,#13462);
#13461 = CARTESIAN_POINT('',(150.5,-36.825,1.51));
#13462 = VECTOR('',#13463,1.);
#13463 = DIRECTION('',(-0.,1.,0.));
#13464 = ORIENTED_EDGE('',*,*,#13465,.T.);
#13465 = EDGE_CURVE('',#13458,#13466,#13468,.T.);
#13466 = VERTEX_POINT('',#13467);
#13467 = CARTESIAN_POINT('',(152.,-73.65,1.51));
#13468 = CIRCLE('',#13469,0.75);
#13469 = AXIS2_PLACEMENT_3D('',#13470,#13471,#13472);
#13470 = CARTESIAN_POINT('',(151.25,-73.65,1.51));
#13471 = DIRECTION('',(0.,-0.,-1.));
#13472 = DIRECTION('',(1.,0.,-0.));
#13473 = ORIENTED_EDGE('',*,*,#13474,.T.);
#13474 = EDGE_CURVE('',#13466,#13447,#13475,.T.);
#13475 = LINE('',#13476,#13477);
#13476 = CARTESIAN_POINT('',(152.,-37.475,1.51));
#13477 = VECTOR('',#13478,1.);
#13478 = DIRECTION('',(0.,-1.,0.));
#13479 = FACE_BOUND('',#13480,.T.);
#13480 = EDGE_LOOP('',(#13481));
#13481 = ORIENTED_EDGE('',*,*,#13482,.T.);
#13482 = EDGE_CURVE('',#13483,#13483,#13485,.T.);
#13483 = VERTEX_POINT('',#13484);
#13484 = CARTESIAN_POINT('',(141.85,-71.04,1.51));
#13485 = CIRCLE('',#13486,0.4);
#13486 = AXIS2_PLACEMENT_3D('',#13487,#13488,#13489);
#13487 = CARTESIAN_POINT('',(141.85,-70.64,1.51));
#13488 = DIRECTION('',(-0.,0.,-1.));
#13489 = DIRECTION('',(-0.,-1.,0.));
#13490 = FACE_BOUND('',#13491,.T.);
#13491 = EDGE_LOOP('',(#13492));
#13492 = ORIENTED_EDGE('',*,*,#13493,.T.);
#13493 = EDGE_CURVE('',#13494,#13494,#13496,.T.);
#13494 = VERTEX_POINT('',#13495);
#13495 = CARTESIAN_POINT('',(141.85,-68.5,1.51));
#13496 = CIRCLE('',#13497,0.4);
#13497 = AXIS2_PLACEMENT_3D('',#13498,#13499,#13500);
#13498 = CARTESIAN_POINT('',(141.85,-68.1,1.51));
#13499 = DIRECTION('',(-0.,0.,-1.));
#13500 = DIRECTION('',(-0.,-1.,0.));
#13501 = FACE_BOUND('',#13502,.T.);
#13502 = EDGE_LOOP('',(#13503));
#13503 = ORIENTED_EDGE('',*,*,#13504,.T.);
#13504 = EDGE_CURVE('',#13505,#13505,#13507,.T.);
#13505 = VERTEX_POINT('',#13506);
#13506 = CARTESIAN_POINT('',(141.85,-65.96,1.51));
#13507 = CIRCLE('',#13508,0.4);
#13508 = AXIS2_PLACEMENT_3D('',#13509,#13510,#13511);
#13509 = CARTESIAN_POINT('',(141.85,-65.56,1.51));
#13510 = DIRECTION('',(-0.,0.,-1.));
#13511 = DIRECTION('',(-0.,-1.,0.));
#13512 = FACE_BOUND('',#13513,.T.);
#13513 = EDGE_LOOP('',(#13514));
#13514 = ORIENTED_EDGE('',*,*,#13515,.T.);
#13515 = EDGE_CURVE('',#13516,#13516,#13518,.T.);
#13516 = VERTEX_POINT('',#13517);
#13517 = CARTESIAN_POINT('',(154.35,-67.3,1.51));
#13518 = CIRCLE('',#13519,0.5);
#13519 = AXIS2_PLACEMENT_3D('',#13520,#13521,#13522);
#13520 = CARTESIAN_POINT('',(154.35,-66.8,1.51));
#13521 = DIRECTION('',(-0.,0.,-1.));
#13522 = DIRECTION('',(-0.,-1.,0.));
#13523 = FACE_BOUND('',#13524,.T.);
#13524 = EDGE_LOOP('',(#13525));
#13525 = ORIENTED_EDGE('',*,*,#13526,.T.);
#13526 = EDGE_CURVE('',#13527,#13527,#13529,.T.);
#13527 = VERTEX_POINT('',#13528);
#13528 = CARTESIAN_POINT('',(159.35,-81.8,1.51));
#13529 = CIRCLE('',#13530,0.5);
#13530 = AXIS2_PLACEMENT_3D('',#13531,#13532,#13533);
#13531 = CARTESIAN_POINT('',(159.35,-81.3,1.51));
#13532 = DIRECTION('',(-0.,0.,-1.));
#13533 = DIRECTION('',(-0.,-1.,0.));
#13534 = FACE_BOUND('',#13535,.T.);
#13535 = EDGE_LOOP('',(#13536,#13547,#13555,#13564));
#13536 = ORIENTED_EDGE('',*,*,#13537,.T.);
#13537 = EDGE_CURVE('',#13538,#13540,#13542,.T.);
#13538 = VERTEX_POINT('',#13539);
#13539 = CARTESIAN_POINT('',(163.2,-74.95,1.51));
#13540 = VERTEX_POINT('',#13541);
#13541 = CARTESIAN_POINT('',(161.7,-74.95,1.51));
#13542 = CIRCLE('',#13543,0.75);
#13543 = AXIS2_PLACEMENT_3D('',#13544,#13545,#13546);
#13544 = CARTESIAN_POINT('',(162.45,-74.95,1.51));
#13545 = DIRECTION('',(-0.,0.,-1.));
#13546 = DIRECTION('',(-1.,0.,0.));
#13547 = ORIENTED_EDGE('',*,*,#13548,.T.);
#13548 = EDGE_CURVE('',#13540,#13549,#13551,.T.);
#13549 = VERTEX_POINT('',#13550);
#13550 = CARTESIAN_POINT('',(161.7,-73.65,1.51));
#13551 = LINE('',#13552,#13553);
#13552 = CARTESIAN_POINT('',(161.7,-36.825,1.51));
#13553 = VECTOR('',#13554,1.);
#13554 = DIRECTION('',(-0.,1.,0.));
#13555 = ORIENTED_EDGE('',*,*,#13556,.T.);
#13556 = EDGE_CURVE('',#13549,#13557,#13559,.T.);
#13557 = VERTEX_POINT('',#13558);
#13558 = CARTESIAN_POINT('',(163.2,-73.65,1.51));
#13559 = CIRCLE('',#13560,0.75);
#13560 = AXIS2_PLACEMENT_3D('',#13561,#13562,#13563);
#13561 = CARTESIAN_POINT('',(162.45,-73.65,1.51));
#13562 = DIRECTION('',(0.,-0.,-1.));
#13563 = DIRECTION('',(1.,0.,-0.));
#13564 = ORIENTED_EDGE('',*,*,#13565,.T.);
#13565 = EDGE_CURVE('',#13557,#13538,#13566,.T.);
#13566 = LINE('',#13567,#13568);
#13567 = CARTESIAN_POINT('',(163.2,-37.475,1.51));
#13568 = VECTOR('',#13569,1.);
#13569 = DIRECTION('',(0.,-1.,0.));
#13570 = FACE_BOUND('',#13571,.T.);
#13571 = EDGE_LOOP('',(#13572));
#13572 = ORIENTED_EDGE('',*,*,#13573,.T.);
#13573 = EDGE_CURVE('',#13574,#13574,#13576,.T.);
#13574 = VERTEX_POINT('',#13575);
#13575 = CARTESIAN_POINT('',(156.85,-67.3,1.51));
#13576 = CIRCLE('',#13577,0.5);
#13577 = AXIS2_PLACEMENT_3D('',#13578,#13579,#13580);
#13578 = CARTESIAN_POINT('',(156.85,-66.8,1.51));
#13579 = DIRECTION('',(-0.,0.,-1.));
#13580 = DIRECTION('',(-0.,-1.,0.));
#13581 = FACE_BOUND('',#13582,.T.);
#13582 = EDGE_LOOP('',(#13583));
#13583 = ORIENTED_EDGE('',*,*,#13584,.T.);
#13584 = EDGE_CURVE('',#13585,#13585,#13587,.T.);
#13585 = VERTEX_POINT('',#13586);
#13586 = CARTESIAN_POINT('',(159.35,-67.3,1.51));
#13587 = CIRCLE('',#13588,0.5);
#13588 = AXIS2_PLACEMENT_3D('',#13589,#13590,#13591);
#13589 = CARTESIAN_POINT('',(159.35,-66.8,1.51));
#13590 = DIRECTION('',(-0.,0.,-1.));
#13591 = DIRECTION('',(-0.,-1.,0.));
#13592 = FACE_BOUND('',#13593,.T.);
#13593 = EDGE_LOOP('',(#13594));
#13594 = ORIENTED_EDGE('',*,*,#13595,.T.);
#13595 = EDGE_CURVE('',#13596,#13596,#13598,.T.);
#13596 = VERTEX_POINT('',#13597);
#13597 = CARTESIAN_POINT('',(170.2,-65.85,1.51));
#13598 = CIRCLE('',#13599,1.6);
#13599 = AXIS2_PLACEMENT_3D('',#13600,#13601,#13602);
#13600 = CARTESIAN_POINT('',(170.2,-64.25,1.51));
#13601 = DIRECTION('',(-0.,0.,-1.));
#13602 = DIRECTION('',(-0.,-1.,0.));
#13603 = PLANE('',#13604);
#13604 = AXIS2_PLACEMENT_3D('',#13605,#13606,#13607);
#13605 = CARTESIAN_POINT('',(0.,0.,1.51));
#13606 = DIRECTION('',(0.,0.,1.));
#13607 = DIRECTION('',(1.,0.,-0.));
#13608 = ADVANCED_FACE('',(#13609),#13615,.T.);
#13609 = FACE_BOUND('',#13610,.T.);
#13610 = EDGE_LOOP('',(#13611,#13612,#13613,#13614));
#13611 = ORIENTED_EDGE('',*,*,#9464,.T.);
#13612 = ORIENTED_EDGE('',*,*,#11551,.T.);
#13613 = ORIENTED_EDGE('',*,*,#9424,.F.);
#13614 = ORIENTED_EDGE('',*,*,#9488,.F.);
#13615 = PLANE('',#13616);
#13616 = AXIS2_PLACEMENT_3D('',#13617,#13618,#13619);
#13617 = CARTESIAN_POINT('',(96.45,-60.35,0.));
#13618 = DIRECTION('',(0.,1.,0.));
#13619 = DIRECTION('',(1.,0.,0.));
#13620 = ADVANCED_FACE('',(#13621),#13632,.F.);
#13621 = FACE_BOUND('',#13622,.T.);
#13622 = EDGE_LOOP('',(#13623,#13624,#13630,#13631));
#13623 = ORIENTED_EDGE('',*,*,#9497,.T.);
#13624 = ORIENTED_EDGE('',*,*,#13625,.T.);
#13625 = EDGE_CURVE('',#9498,#11561,#13626,.T.);
#13626 = LINE('',#13627,#13628);
#13627 = CARTESIAN_POINT('',(104.85,-143.05,-4.6E-02));
#13628 = VECTOR('',#13629,1.);
#13629 = DIRECTION('',(0.,0.,1.));
#13630 = ORIENTED_EDGE('',*,*,#11560,.F.);
#13631 = ORIENTED_EDGE('',*,*,#13625,.F.);
#13632 = CYLINDRICAL_SURFACE('',#13633,1.6);
#13633 = AXIS2_PLACEMENT_3D('',#13634,#13635,#13636);
#13634 = CARTESIAN_POINT('',(104.85,-141.45,-4.6E-02));
#13635 = DIRECTION('',(-0.,-0.,-1.));
#13636 = DIRECTION('',(-0.,-1.,0.));
#13637 = ADVANCED_FACE('',(#13638),#13649,.F.);
#13638 = FACE_BOUND('',#13639,.T.);
#13639 = EDGE_LOOP('',(#13640,#13641,#13647,#13648));
#13640 = ORIENTED_EDGE('',*,*,#9508,.T.);
#13641 = ORIENTED_EDGE('',*,*,#13642,.T.);
#13642 = EDGE_CURVE('',#9509,#11572,#13643,.T.);
#13643 = LINE('',#13644,#13645);
#13644 = CARTESIAN_POINT('',(107.75,-136.76,-4.6E-02));
#13645 = VECTOR('',#13646,1.);
#13646 = DIRECTION('',(0.,0.,1.));
#13647 = ORIENTED_EDGE('',*,*,#11571,.F.);
#13648 = ORIENTED_EDGE('',*,*,#13642,.F.);
#13649 = CYLINDRICAL_SURFACE('',#13650,0.4);
#13650 = AXIS2_PLACEMENT_3D('',#13651,#13652,#13653);
#13651 = CARTESIAN_POINT('',(107.75,-136.36,-4.6E-02));
#13652 = DIRECTION('',(-0.,-0.,-1.));
#13653 = DIRECTION('',(-0.,-1.,0.));
#13654 = ADVANCED_FACE('',(#13655),#13666,.F.);
#13655 = FACE_BOUND('',#13656,.T.);
#13656 = EDGE_LOOP('',(#13657,#13658,#13664,#13665));
#13657 = ORIENTED_EDGE('',*,*,#9519,.T.);
#13658 = ORIENTED_EDGE('',*,*,#13659,.T.);
#13659 = EDGE_CURVE('',#9520,#11583,#13660,.T.);
#13660 = LINE('',#13661,#13662);
#13661 = CARTESIAN_POINT('',(107.75,-129.14,-4.6E-02));
#13662 = VECTOR('',#13663,1.);
#13663 = DIRECTION('',(0.,0.,1.));
#13664 = ORIENTED_EDGE('',*,*,#11582,.F.);
#13665 = ORIENTED_EDGE('',*,*,#13659,.F.);
#13666 = CYLINDRICAL_SURFACE('',#13667,0.4);
#13667 = AXIS2_PLACEMENT_3D('',#13668,#13669,#13670);
#13668 = CARTESIAN_POINT('',(107.75,-128.74,-4.6E-02));
#13669 = DIRECTION('',(-0.,-0.,-1.));
#13670 = DIRECTION('',(-0.,-1.,0.));
#13671 = ADVANCED_FACE('',(#13672),#13683,.F.);
#13672 = FACE_BOUND('',#13673,.T.);
#13673 = EDGE_LOOP('',(#13674,#13675,#13681,#13682));
#13674 = ORIENTED_EDGE('',*,*,#9530,.T.);
#13675 = ORIENTED_EDGE('',*,*,#13676,.T.);
#13676 = EDGE_CURVE('',#9531,#11594,#13677,.T.);
#13677 = LINE('',#13678,#13679);
#13678 = CARTESIAN_POINT('',(113.6185,-131.875,-4.6E-02));
#13679 = VECTOR('',#13680,1.);
#13680 = DIRECTION('',(0.,0.,1.));
#13681 = ORIENTED_EDGE('',*,*,#11593,.F.);
#13682 = ORIENTED_EDGE('',*,*,#13676,.F.);
#13683 = CYLINDRICAL_SURFACE('',#13684,0.85);
#13684 = AXIS2_PLACEMENT_3D('',#13685,#13686,#13687);
#13685 = CARTESIAN_POINT('',(113.6185,-131.025,-4.6E-02));
#13686 = DIRECTION('',(-0.,-0.,-1.));
#13687 = DIRECTION('',(-1.671865260612E-14,-1.,0.));
#13688 = ADVANCED_FACE('',(#13689),#13700,.F.);
#13689 = FACE_BOUND('',#13690,.T.);
#13690 = EDGE_LOOP('',(#13691,#13692,#13698,#13699));
#13691 = ORIENTED_EDGE('',*,*,#9541,.T.);
#13692 = ORIENTED_EDGE('',*,*,#13693,.T.);
#13693 = EDGE_CURVE('',#9542,#11605,#13694,.T.);
#13694 = LINE('',#13695,#13696);
#13695 = CARTESIAN_POINT('',(114.8885,-129.235,-4.6E-02));
#13696 = VECTOR('',#13697,1.);
#13697 = DIRECTION('',(0.,0.,1.));
#13698 = ORIENTED_EDGE('',*,*,#11604,.F.);
#13699 = ORIENTED_EDGE('',*,*,#13693,.F.);
#13700 = CYLINDRICAL_SURFACE('',#13701,0.75);
#13701 = AXIS2_PLACEMENT_3D('',#13702,#13703,#13704);
#13702 = CARTESIAN_POINT('',(114.8885,-128.485,-4.6E-02));
#13703 = DIRECTION('',(-0.,-0.,-1.));
#13704 = DIRECTION('',(-0.,-1.,0.));
#13705 = ADVANCED_FACE('',(#13706),#13717,.F.);
#13706 = FACE_BOUND('',#13707,.T.);
#13707 = EDGE_LOOP('',(#13708,#13709,#13715,#13716));
#13708 = ORIENTED_EDGE('',*,*,#9552,.T.);
#13709 = ORIENTED_EDGE('',*,*,#13710,.T.);
#13710 = EDGE_CURVE('',#9553,#11616,#13711,.T.);
#13711 = LINE('',#13712,#13713);
#13712 = CARTESIAN_POINT('',(118.6985,-133.025,-4.6E-02));
#13713 = VECTOR('',#13714,1.);
#13714 = DIRECTION('',(0.,0.,1.));
#13715 = ORIENTED_EDGE('',*,*,#11615,.F.);
#13716 = ORIENTED_EDGE('',*,*,#13710,.F.);
#13717 = CYLINDRICAL_SURFACE('',#13718,2.);
#13718 = AXIS2_PLACEMENT_3D('',#13719,#13720,#13721);
#13719 = CARTESIAN_POINT('',(118.6985,-131.025,-4.6E-02));
#13720 = DIRECTION('',(-0.,-0.,-1.));
#13721 = DIRECTION('',(-0.,-1.,0.));
#13722 = ADVANCED_FACE('',(#13723),#13734,.F.);
#13723 = FACE_BOUND('',#13724,.T.);
#13724 = EDGE_LOOP('',(#13725,#13726,#13732,#13733));
#13725 = ORIENTED_EDGE('',*,*,#9563,.T.);
#13726 = ORIENTED_EDGE('',*,*,#13727,.T.);
#13727 = EDGE_CURVE('',#9564,#11627,#13728,.T.);
#13728 = LINE('',#13729,#13730);
#13729 = CARTESIAN_POINT('',(128.3,-136.77,-4.6E-02));
#13730 = VECTOR('',#13731,1.);
#13731 = DIRECTION('',(0.,0.,1.));
#13732 = ORIENTED_EDGE('',*,*,#11626,.F.);
#13733 = ORIENTED_EDGE('',*,*,#13727,.F.);
#13734 = CYLINDRICAL_SURFACE('',#13735,0.4);
#13735 = AXIS2_PLACEMENT_3D('',#13736,#13737,#13738);
#13736 = CARTESIAN_POINT('',(128.3,-136.37,-4.6E-02));
#13737 = DIRECTION('',(-0.,-0.,-1.));
#13738 = DIRECTION('',(-0.,-1.,0.));
#13739 = ADVANCED_FACE('',(#13740),#13751,.F.);
#13740 = FACE_BOUND('',#13741,.T.);
#13741 = EDGE_LOOP('',(#13742,#13743,#13749,#13750));
#13742 = ORIENTED_EDGE('',*,*,#9574,.T.);
#13743 = ORIENTED_EDGE('',*,*,#13744,.T.);
#13744 = EDGE_CURVE('',#9575,#11638,#13745,.T.);
#13745 = LINE('',#13746,#13747);
#13746 = CARTESIAN_POINT('',(123.7785,-131.875,-4.6E-02));
#13747 = VECTOR('',#13748,1.);
#13748 = DIRECTION('',(0.,0.,1.));
#13749 = ORIENTED_EDGE('',*,*,#11637,.F.);
#13750 = ORIENTED_EDGE('',*,*,#13744,.F.);
#13751 = CYLINDRICAL_SURFACE('',#13752,0.85);
#13752 = AXIS2_PLACEMENT_3D('',#13753,#13754,#13755);
#13753 = CARTESIAN_POINT('',(123.7785,-131.025,-4.6E-02));
#13754 = DIRECTION('',(-0.,-0.,-1.));
#13755 = DIRECTION('',(-1.671865260612E-14,-1.,0.));
#13756 = ADVANCED_FACE('',(#13757),#13768,.F.);
#13757 = FACE_BOUND('',#13758,.T.);
#13758 = EDGE_LOOP('',(#13759,#13760,#13766,#13767));
#13759 = ORIENTED_EDGE('',*,*,#9585,.T.);
#13760 = ORIENTED_EDGE('',*,*,#13761,.T.);
#13761 = EDGE_CURVE('',#9586,#11649,#13762,.T.);
#13762 = LINE('',#13763,#13764);
#13763 = CARTESIAN_POINT('',(128.3,-129.15,-4.6E-02));
#13764 = VECTOR('',#13765,1.);
#13765 = DIRECTION('',(0.,0.,1.));
#13766 = ORIENTED_EDGE('',*,*,#11648,.F.);
#13767 = ORIENTED_EDGE('',*,*,#13761,.F.);
#13768 = CYLINDRICAL_SURFACE('',#13769,0.4);
#13769 = AXIS2_PLACEMENT_3D('',#13770,#13771,#13772);
#13770 = CARTESIAN_POINT('',(128.3,-128.75,-4.6E-02));
#13771 = DIRECTION('',(-0.,-0.,-1.));
#13772 = DIRECTION('',(-0.,-1.,0.));
#13773 = ADVANCED_FACE('',(#13774),#13785,.F.);
#13774 = FACE_BOUND('',#13775,.T.);
#13775 = EDGE_LOOP('',(#13776,#13777,#13783,#13784));
#13776 = ORIENTED_EDGE('',*,*,#9596,.T.);
#13777 = ORIENTED_EDGE('',*,*,#13778,.T.);
#13778 = EDGE_CURVE('',#9597,#11660,#13779,.T.);
#13779 = LINE('',#13780,#13781);
#13780 = CARTESIAN_POINT('',(121.2385,-126.695,-4.6E-02));
#13781 = VECTOR('',#13782,1.);
#13782 = DIRECTION('',(0.,0.,1.));
#13783 = ORIENTED_EDGE('',*,*,#11659,.F.);
#13784 = ORIENTED_EDGE('',*,*,#13778,.F.);
#13785 = CYLINDRICAL_SURFACE('',#13786,0.75);
#13786 = AXIS2_PLACEMENT_3D('',#13787,#13788,#13789);
#13787 = CARTESIAN_POINT('',(121.2385,-125.945,-4.6E-02));
#13788 = DIRECTION('',(-0.,-0.,-1.));
#13789 = DIRECTION('',(-0.,-1.,0.));
#13790 = ADVANCED_FACE('',(#13791),#13802,.F.);
#13791 = FACE_BOUND('',#13792,.T.);
#13792 = EDGE_LOOP('',(#13793,#13794,#13800,#13801));
#13793 = ORIENTED_EDGE('',*,*,#9607,.T.);
#13794 = ORIENTED_EDGE('',*,*,#13795,.T.);
#13795 = EDGE_CURVE('',#9608,#11671,#13796,.T.);
#13796 = LINE('',#13797,#13798);
#13797 = CARTESIAN_POINT('',(132.6685,-131.875,-4.6E-02));
#13798 = VECTOR('',#13799,1.);
#13799 = DIRECTION('',(0.,0.,1.));
#13800 = ORIENTED_EDGE('',*,*,#11670,.F.);
#13801 = ORIENTED_EDGE('',*,*,#13795,.F.);
#13802 = CYLINDRICAL_SURFACE('',#13803,0.85);
#13803 = AXIS2_PLACEMENT_3D('',#13804,#13805,#13806);
#13804 = CARTESIAN_POINT('',(132.6685,-131.025,-4.6E-02));
#13805 = DIRECTION('',(-0.,-0.,-1.));
#13806 = DIRECTION('',(-0.,-1.,0.));
#13807 = ADVANCED_FACE('',(#13808),#13819,.F.);
#13808 = FACE_BOUND('',#13809,.T.);
#13809 = EDGE_LOOP('',(#13810,#13811,#13817,#13818));
#13810 = ORIENTED_EDGE('',*,*,#9618,.T.);
#13811 = ORIENTED_EDGE('',*,*,#13812,.T.);
#13812 = EDGE_CURVE('',#9619,#11682,#13813,.T.);
#13813 = LINE('',#13814,#13815);
#13814 = CARTESIAN_POINT('',(133.9385,-129.235,-4.6E-02));
#13815 = VECTOR('',#13816,1.);
#13816 = DIRECTION('',(0.,0.,1.));
#13817 = ORIENTED_EDGE('',*,*,#11681,.F.);
#13818 = ORIENTED_EDGE('',*,*,#13812,.F.);
#13819 = CYLINDRICAL_SURFACE('',#13820,0.75);
#13820 = AXIS2_PLACEMENT_3D('',#13821,#13822,#13823);
#13821 = CARTESIAN_POINT('',(133.9385,-128.485,-4.6E-02));
#13822 = DIRECTION('',(-0.,-0.,-1.));
#13823 = DIRECTION('',(-0.,-1.,0.));
#13824 = ADVANCED_FACE('',(#13825),#13836,.F.);
#13825 = FACE_BOUND('',#13826,.T.);
#13826 = EDGE_LOOP('',(#13827,#13828,#13834,#13835));
#13827 = ORIENTED_EDGE('',*,*,#9629,.T.);
#13828 = ORIENTED_EDGE('',*,*,#13829,.T.);
#13829 = EDGE_CURVE('',#9630,#11693,#13830,.T.);
#13830 = LINE('',#13831,#13832);
#13831 = CARTESIAN_POINT('',(107.8,-117.31,-4.6E-02));
#13832 = VECTOR('',#13833,1.);
#13833 = DIRECTION('',(0.,0.,1.));
#13834 = ORIENTED_EDGE('',*,*,#11692,.F.);
#13835 = ORIENTED_EDGE('',*,*,#13829,.F.);
#13836 = CYLINDRICAL_SURFACE('',#13837,0.4);
#13837 = AXIS2_PLACEMENT_3D('',#13838,#13839,#13840);
#13838 = CARTESIAN_POINT('',(107.8,-116.91,-4.6E-02));
#13839 = DIRECTION('',(-0.,-0.,-1.));
#13840 = DIRECTION('',(-3.552713678801E-14,-1.,0.));
#13841 = ADVANCED_FACE('',(#13842),#13858,.F.);
#13842 = FACE_BOUND('',#13843,.T.);
#13843 = EDGE_LOOP('',(#13844,#13850,#13851,#13857));
#13844 = ORIENTED_EDGE('',*,*,#13845,.T.);
#13845 = EDGE_CURVE('',#9641,#11704,#13846,.T.);
#13846 = LINE('',#13847,#13848);
#13847 = CARTESIAN_POINT('',(120.137985,-120.872438,0.));
#13848 = VECTOR('',#13849,1.);
#13849 = DIRECTION('',(0.,0.,1.));
#13850 = ORIENTED_EDGE('',*,*,#11703,.T.);
#13851 = ORIENTED_EDGE('',*,*,#13852,.F.);
#13852 = EDGE_CURVE('',#9643,#11706,#13853,.T.);
#13853 = LINE('',#13854,#13855);
#13854 = CARTESIAN_POINT('',(119.435212,-120.22386,0.));
#13855 = VECTOR('',#13856,1.);
#13856 = DIRECTION('',(0.,0.,1.));
#13857 = ORIENTED_EDGE('',*,*,#9640,.F.);
#13858 = CYLINDRICAL_SURFACE('',#13859,0.499999422661);
#13859 = AXIS2_PLACEMENT_3D('',#13860,#13861,#13862);
#13860 = CARTESIAN_POINT('',(119.68747029551,-120.65556033,0.));
#13861 = DIRECTION('',(-0.,-0.,-1.));
#13862 = DIRECTION('',(0.901030449374,-0.433755840654,0.));
#13863 = ADVANCED_FACE('',(#13864),#13875,.T.);
#13864 = FACE_BOUND('',#13865,.T.);
#13865 = EDGE_LOOP('',(#13866,#13872,#13873,#13874));
#13866 = ORIENTED_EDGE('',*,*,#13867,.T.);
#13867 = EDGE_CURVE('',#9652,#11715,#13868,.T.);
#13868 = LINE('',#13869,#13870);
#13869 = CARTESIAN_POINT('',(120.0885,-121.089315,0.));
#13870 = VECTOR('',#13871,1.);
#13871 = DIRECTION('',(0.,0.,1.));
#13872 = ORIENTED_EDGE('',*,*,#11714,.T.);
#13873 = ORIENTED_EDGE('',*,*,#13845,.F.);
#13874 = ORIENTED_EDGE('',*,*,#9651,.F.);
#13875 = CYLINDRICAL_SURFACE('',#13876,0.499989884978);
#13876 = AXIS2_PLACEMENT_3D('',#13877,#13878,#13879);
#13877 = CARTESIAN_POINT('',(120.58848988497,-121.0893140791,0.));
#13878 = DIRECTION('',(0.,0.,-1.));
#13879 = DIRECTION('',(-0.999999999998,-1.841808624623E-06,-0.));
#13880 = ADVANCED_FACE('',(#13881),#13892,.T.);
#13881 = FACE_BOUND('',#13882,.T.);
#13882 = EDGE_LOOP('',(#13883,#13884,#13885,#13891));
#13883 = ORIENTED_EDGE('',*,*,#13852,.T.);
#13884 = ORIENTED_EDGE('',*,*,#11836,.T.);
#13885 = ORIENTED_EDGE('',*,*,#13886,.F.);
#13886 = EDGE_CURVE('',#9766,#11829,#13887,.T.);
#13887 = LINE('',#13888,#13889);
#13888 = CARTESIAN_POINT('',(119.182954,-120.292159,0.));
#13889 = VECTOR('',#13890,1.);
#13890 = DIRECTION('',(0.,0.,1.));
#13891 = ORIENTED_EDGE('',*,*,#9773,.F.);
#13892 = CYLINDRICAL_SURFACE('',#13893,0.500008729288);
#13893 = AXIS2_PLACEMENT_3D('',#13894,#13895,#13896);
#13894 = CARTESIAN_POINT('',(119.18295134312,-119.7921502707,0.));
#13895 = DIRECTION('',(0.,0.,-1.));
#13896 = DIRECTION('',(0.504512505685,-0.863404384751,0.));
#13897 = ADVANCED_FACE('',(#13898),#13909,.T.);
#13898 = FACE_BOUND('',#13899,.T.);
#13899 = EDGE_LOOP('',(#13900,#13906,#13907,#13908));
#13900 = ORIENTED_EDGE('',*,*,#13901,.T.);
#13901 = EDGE_CURVE('',#9661,#11724,#13902,.T.);
#13902 = LINE('',#13903,#13904);
#13903 = CARTESIAN_POINT('',(120.0885,-122.495,0.));
#13904 = VECTOR('',#13905,1.);
#13905 = DIRECTION('',(0.,0.,1.));
#13906 = ORIENTED_EDGE('',*,*,#11723,.T.);
#13907 = ORIENTED_EDGE('',*,*,#13867,.F.);
#13908 = ORIENTED_EDGE('',*,*,#9660,.F.);
#13909 = PLANE('',#13910);
#13910 = AXIS2_PLACEMENT_3D('',#13911,#13912,#13913);
#13911 = CARTESIAN_POINT('',(120.0885,-122.495,0.));
#13912 = DIRECTION('',(-1.,0.,0.));
#13913 = DIRECTION('',(0.,1.,0.));
#13914 = ADVANCED_FACE('',(#13915),#13926,.T.);
#13915 = FACE_BOUND('',#13916,.T.);
#13916 = EDGE_LOOP('',(#13917,#13918,#13919,#13925));
#13917 = ORIENTED_EDGE('',*,*,#13886,.T.);
#13918 = ORIENTED_EDGE('',*,*,#11828,.T.);
#13919 = ORIENTED_EDGE('',*,*,#13920,.F.);
#13920 = EDGE_CURVE('',#9757,#11820,#13921,.T.);
#13921 = LINE('',#13922,#13923);
#13922 = CARTESIAN_POINT('',(117.594048,-120.292158,0.));
#13923 = VECTOR('',#13924,1.);
#13924 = DIRECTION('',(0.,0.,1.));
#13925 = ORIENTED_EDGE('',*,*,#9765,.F.);
#13926 = PLANE('',#13927);
#13927 = AXIS2_PLACEMENT_3D('',#13928,#13929,#13930);
#13928 = CARTESIAN_POINT('',(119.182954,-120.292159,0.));
#13929 = DIRECTION('',(-6.29363850017E-07,-1.,0.));
#13930 = DIRECTION('',(-1.,6.29363850017E-07,0.));
#13931 = ADVANCED_FACE('',(#13932),#13943,.T.);
#13932 = FACE_BOUND('',#13933,.T.);
#13933 = EDGE_LOOP('',(#13934,#13940,#13941,#13942));
#13934 = ORIENTED_EDGE('',*,*,#13935,.T.);
#13935 = EDGE_CURVE('',#9669,#11732,#13936,.T.);
#13936 = LINE('',#13937,#13938);
#13937 = CARTESIAN_POINT('',(120.137985,-122.711878,0.));
#13938 = VECTOR('',#13939,1.);
#13939 = DIRECTION('',(0.,0.,1.));
#13940 = ORIENTED_EDGE('',*,*,#11731,.T.);
#13941 = ORIENTED_EDGE('',*,*,#13901,.F.);
#13942 = ORIENTED_EDGE('',*,*,#9668,.F.);
#13943 = CYLINDRICAL_SURFACE('',#13944,0.499989885034);
#13944 = AXIS2_PLACEMENT_3D('',#13945,#13946,#13947);
#13945 = CARTESIAN_POINT('',(120.58848988503,-122.4950019208,0.));
#13946 = DIRECTION('',(0.,0.,-1.));
#13947 = DIRECTION('',(-0.901027997796,-0.43376093322,-0.));
#13948 = ADVANCED_FACE('',(#13949),#13960,.T.);
#13949 = FACE_BOUND('',#13950,.T.);
#13950 = EDGE_LOOP('',(#13951,#13952,#13953,#13959));
#13951 = ORIENTED_EDGE('',*,*,#13920,.T.);
#13952 = ORIENTED_EDGE('',*,*,#11819,.T.);
#13953 = ORIENTED_EDGE('',*,*,#13954,.F.);
#13954 = EDGE_CURVE('',#9748,#11811,#13955,.T.);
#13955 = LINE('',#13956,#13957);
#13956 = CARTESIAN_POINT('',(117.34179,-120.223859,0.));
#13957 = VECTOR('',#13958,1.);
#13958 = DIRECTION('',(0.,0.,1.));
#13959 = ORIENTED_EDGE('',*,*,#9756,.F.);
#13960 = CYLINDRICAL_SURFACE('',#13961,0.500008729288);
#13961 = AXIS2_PLACEMENT_3D('',#13962,#13963,#13964);
#13962 = CARTESIAN_POINT('',(117.59405065687,-119.7921492707,0.));
#13963 = DIRECTION('',(0.,0.,-1.));
#13964 = DIRECTION('',(-5.31366276793E-06,-0.999999999986,-0.));
#13965 = ADVANCED_FACE('',(#13966),#13977,.F.);
#13966 = FACE_BOUND('',#13967,.T.);
#13967 = EDGE_LOOP('',(#13968,#13974,#13975,#13976));
#13968 = ORIENTED_EDGE('',*,*,#13969,.T.);
#13969 = EDGE_CURVE('',#9678,#11741,#13970,.T.);
#13970 = LINE('',#13971,#13972);
#13971 = CARTESIAN_POINT('',(119.435212,-123.360457,0.));
#13972 = VECTOR('',#13973,1.);
#13973 = DIRECTION('',(0.,0.,1.));
#13974 = ORIENTED_EDGE('',*,*,#11740,.T.);
#13975 = ORIENTED_EDGE('',*,*,#13935,.F.);
#13976 = ORIENTED_EDGE('',*,*,#9677,.F.);
#13977 = CYLINDRICAL_SURFACE('',#13978,0.499999448976);
#13978 = AXIS2_PLACEMENT_3D('',#13979,#13980,#13981);
#13979 = CARTESIAN_POINT('',(119.68747090428,-122.9287569951,0.));
#13980 = DIRECTION('',(-0.,-0.,-1.));
#13981 = DIRECTION('',(-0.504518364574,-0.863400961204,0.));
#13982 = ADVANCED_FACE('',(#13983),#13994,.F.);
#13983 = FACE_BOUND('',#13984,.T.);
#13984 = EDGE_LOOP('',(#13985,#13986,#13987,#13993));
#13985 = ORIENTED_EDGE('',*,*,#13954,.T.);
#13986 = ORIENTED_EDGE('',*,*,#11810,.T.);
#13987 = ORIENTED_EDGE('',*,*,#13988,.F.);
#13988 = EDGE_CURVE('',#9739,#11802,#13989,.T.);
#13989 = LINE('',#13990,#13991);
#13990 = CARTESIAN_POINT('',(116.639017,-120.872438,0.));
#13991 = VECTOR('',#13992,1.);
#13992 = DIRECTION('',(0.,0.,1.));
#13993 = ORIENTED_EDGE('',*,*,#9747,.F.);
#13994 = CYLINDRICAL_SURFACE('',#13995,0.499999729127);
#13995 = AXIS2_PLACEMENT_3D('',#13996,#13997,#13998);
#13996 = CARTESIAN_POINT('',(117.08953174567,-120.6555597091,0.));
#13997 = DIRECTION('',(-0.,-0.,-1.));
#13998 = DIRECTION('',(0.504516781969,0.863401885979,-0.));
#13999 = ADVANCED_FACE('',(#14000),#14011,.T.);
#14000 = FACE_BOUND('',#14001,.T.);
#14001 = EDGE_LOOP('',(#14002,#14008,#14009,#14010));
#14002 = ORIENTED_EDGE('',*,*,#14003,.T.);
#14003 = EDGE_CURVE('',#9687,#11750,#14004,.T.);
#14004 = LINE('',#14005,#14006);
#14005 = CARTESIAN_POINT('',(119.182953,-123.292158,0.));
#14006 = VECTOR('',#14007,1.);
#14007 = DIRECTION('',(0.,0.,1.));
#14008 = ORIENTED_EDGE('',*,*,#11749,.T.);
#14009 = ORIENTED_EDGE('',*,*,#13969,.F.);
#14010 = ORIENTED_EDGE('',*,*,#9686,.F.);
#14011 = CYLINDRICAL_SURFACE('',#14012,0.500008729226);
#14012 = AXIS2_PLACEMENT_3D('',#14013,#14014,#14015);
#14013 = CARTESIAN_POINT('',(119.18295134314,-123.7921667292,0.));
#14014 = DIRECTION('',(0.,0.,-1.));
#14015 = DIRECTION('',(3.313649260187E-06,0.999999999995,0.));
#14016 = ADVANCED_FACE('',(#14017),#14028,.T.);
#14017 = FACE_BOUND('',#14018,.T.);
#14018 = EDGE_LOOP('',(#14019,#14020,#14021,#14027));
#14019 = ORIENTED_EDGE('',*,*,#13988,.T.);
#14020 = ORIENTED_EDGE('',*,*,#11801,.T.);
#14021 = ORIENTED_EDGE('',*,*,#14022,.F.);
#14022 = EDGE_CURVE('',#9731,#11794,#14023,.T.);
#14023 = LINE('',#14024,#14025);
#14024 = CARTESIAN_POINT('',(116.688502,-121.089316,0.));
#14025 = VECTOR('',#14026,1.);
#14026 = DIRECTION('',(0.,0.,1.));
#14027 = ORIENTED_EDGE('',*,*,#9738,.F.);
#14028 = CYLINDRICAL_SURFACE('',#14029,0.499989885034);
#14029 = AXIS2_PLACEMENT_3D('',#14030,#14031,#14032);
#14030 = CARTESIAN_POINT('',(116.18851211496,-121.0893140791,0.));
#14031 = DIRECTION('',(0.,0.,-1.));
#14032 = DIRECTION('',(0.901027997796,0.43376093322,0.));
#14033 = ADVANCED_FACE('',(#14034),#14045,.T.);
#14034 = FACE_BOUND('',#14035,.T.);
#14035 = EDGE_LOOP('',(#14036,#14042,#14043,#14044));
#14036 = ORIENTED_EDGE('',*,*,#14037,.T.);
#14037 = EDGE_CURVE('',#9696,#11759,#14038,.T.);
#14038 = LINE('',#14039,#14040);
#14039 = CARTESIAN_POINT('',(117.594049,-123.292158,0.));
#14040 = VECTOR('',#14041,1.);
#14041 = DIRECTION('',(0.,0.,1.));
#14042 = ORIENTED_EDGE('',*,*,#11758,.T.);
#14043 = ORIENTED_EDGE('',*,*,#14003,.F.);
#14044 = ORIENTED_EDGE('',*,*,#9695,.F.);
#14045 = PLANE('',#14046);
#14046 = AXIS2_PLACEMENT_3D('',#14047,#14048,#14049);
#14047 = CARTESIAN_POINT('',(117.594049,-123.292158,0.));
#14048 = DIRECTION('',(0.,1.,0.));
#14049 = DIRECTION('',(1.,0.,0.));
#14050 = ADVANCED_FACE('',(#14051),#14062,.T.);
#14051 = FACE_BOUND('',#14052,.T.);
#14052 = EDGE_LOOP('',(#14053,#14054,#14055,#14061));
#14053 = ORIENTED_EDGE('',*,*,#14022,.T.);
#14054 = ORIENTED_EDGE('',*,*,#11793,.T.);
#14055 = ORIENTED_EDGE('',*,*,#14056,.F.);
#14056 = EDGE_CURVE('',#9722,#11785,#14057,.T.);
#14057 = LINE('',#14058,#14059);
#14058 = CARTESIAN_POINT('',(116.688502,-122.495001,0.));
#14059 = VECTOR('',#14060,1.);
#14060 = DIRECTION('',(0.,0.,1.));
#14061 = ORIENTED_EDGE('',*,*,#9730,.F.);
#14062 = PLANE('',#14063);
#14063 = AXIS2_PLACEMENT_3D('',#14064,#14065,#14066);
#14064 = CARTESIAN_POINT('',(116.688502,-121.089316,0.));
#14065 = DIRECTION('',(1.,0.,-0.));
#14066 = DIRECTION('',(0.,-1.,0.));
#14067 = ADVANCED_FACE('',(#14068),#14079,.T.);
#14068 = FACE_BOUND('',#14069,.T.);
#14069 = EDGE_LOOP('',(#14070,#14076,#14077,#14078));
#14070 = ORIENTED_EDGE('',*,*,#14071,.T.);
#14071 = EDGE_CURVE('',#9704,#11767,#14072,.T.);
#14072 = LINE('',#14073,#14074);
#14073 = CARTESIAN_POINT('',(117.341791,-123.360457,0.));
#14074 = VECTOR('',#14075,1.);
#14075 = DIRECTION('',(0.,0.,1.));
#14076 = ORIENTED_EDGE('',*,*,#11766,.T.);
#14077 = ORIENTED_EDGE('',*,*,#14037,.F.);
#14078 = ORIENTED_EDGE('',*,*,#9703,.F.);
#14079 = CYLINDRICAL_SURFACE('',#14080,0.500008729288);
#14080 = AXIS2_PLACEMENT_3D('',#14081,#14082,#14083);
#14081 = CARTESIAN_POINT('',(117.59405165687,-123.7921667292,0.));
#14082 = DIRECTION('',(0.,0.,-1.));
#14083 = DIRECTION('',(-0.504512505685,0.863404384751,0.));
#14084 = ADVANCED_FACE('',(#14085),#14096,.T.);
#14085 = FACE_BOUND('',#14086,.T.);
#14086 = EDGE_LOOP('',(#14087,#14088,#14089,#14095));
#14087 = ORIENTED_EDGE('',*,*,#14056,.T.);
#14088 = ORIENTED_EDGE('',*,*,#11784,.T.);
#14089 = ORIENTED_EDGE('',*,*,#14090,.F.);
#14090 = EDGE_CURVE('',#9713,#11776,#14091,.T.);
#14091 = LINE('',#14092,#14093);
#14092 = CARTESIAN_POINT('',(116.639017,-122.711878,0.));
#14093 = VECTOR('',#14094,1.);
#14094 = DIRECTION('',(0.,0.,1.));
#14095 = ORIENTED_EDGE('',*,*,#9721,.F.);
#14096 = CYLINDRICAL_SURFACE('',#14097,0.499989884978);
#14097 = AXIS2_PLACEMENT_3D('',#14098,#14099,#14100);
#14098 = CARTESIAN_POINT('',(116.18851211502,-122.4950019208,0.));
#14099 = DIRECTION('',(0.,0.,-1.));
#14100 = DIRECTION('',(0.999999999998,1.841808624623E-06,0.));
#14101 = ADVANCED_FACE('',(#14102),#14108,.F.);
#14102 = FACE_BOUND('',#14103,.T.);
#14103 = EDGE_LOOP('',(#14104,#14105,#14106,#14107));
#14104 = ORIENTED_EDGE('',*,*,#14090,.T.);
#14105 = ORIENTED_EDGE('',*,*,#11775,.T.);
#14106 = ORIENTED_EDGE('',*,*,#14071,.F.);
#14107 = ORIENTED_EDGE('',*,*,#9712,.F.);
#14108 = CYLINDRICAL_SURFACE('',#14109,0.500000669307);
#14109 = AXIS2_PLACEMENT_3D('',#14110,#14111,#14112);
#14110 = CARTESIAN_POINT('',(117.0895335355,-122.9287547404,0.));
#14111 = DIRECTION('',(-0.,-0.,-1.));
#14112 = DIRECTION('',(-0.901031864884,0.433752900236,0.));
#14113 = ADVANCED_FACE('',(#14114),#14125,.F.);
#14114 = FACE_BOUND('',#14115,.T.);
#14115 = EDGE_LOOP('',(#14116,#14117,#14123,#14124));
#14116 = ORIENTED_EDGE('',*,*,#9782,.T.);
#14117 = ORIENTED_EDGE('',*,*,#14118,.T.);
#14118 = EDGE_CURVE('',#9783,#11846,#14119,.T.);
#14119 = LINE('',#14120,#14121);
#14120 = CARTESIAN_POINT('',(107.8,-109.69,-4.6E-02));
#14121 = VECTOR('',#14122,1.);
#14122 = DIRECTION('',(0.,0.,1.));
#14123 = ORIENTED_EDGE('',*,*,#11845,.F.);
#14124 = ORIENTED_EDGE('',*,*,#14118,.F.);
#14125 = CYLINDRICAL_SURFACE('',#14126,0.4);
#14126 = AXIS2_PLACEMENT_3D('',#14127,#14128,#14129);
#14127 = CARTESIAN_POINT('',(107.8,-109.29,-4.6E-02));
#14128 = DIRECTION('',(-0.,-0.,-1.));
#14129 = DIRECTION('',(-3.552713678801E-14,-1.,0.));
#14130 = ADVANCED_FACE('',(#14131),#14142,.F.);
#14131 = FACE_BOUND('',#14132,.T.);
#14132 = EDGE_LOOP('',(#14133,#14134,#14140,#14141));
#14133 = ORIENTED_EDGE('',*,*,#9793,.T.);
#14134 = ORIENTED_EDGE('',*,*,#14135,.T.);
#14135 = EDGE_CURVE('',#9794,#11857,#14136,.T.);
#14136 = LINE('',#14137,#14138);
#14137 = CARTESIAN_POINT('',(113.6185,-112.835,-4.6E-02));
#14138 = VECTOR('',#14139,1.);
#14139 = DIRECTION('',(0.,0.,1.));
#14140 = ORIENTED_EDGE('',*,*,#11856,.F.);
#14141 = ORIENTED_EDGE('',*,*,#14135,.F.);
#14142 = CYLINDRICAL_SURFACE('',#14143,0.85);
#14143 = AXIS2_PLACEMENT_3D('',#14144,#14145,#14146);
#14144 = CARTESIAN_POINT('',(113.6185,-111.985,-4.6E-02));
#14145 = DIRECTION('',(-0.,-0.,-1.));
#14146 = DIRECTION('',(-1.671865260612E-14,-1.,0.));
#14147 = ADVANCED_FACE('',(#14148),#14159,.F.);
#14148 = FACE_BOUND('',#14149,.T.);
#14149 = EDGE_LOOP('',(#14150,#14151,#14157,#14158));
#14150 = ORIENTED_EDGE('',*,*,#9804,.T.);
#14151 = ORIENTED_EDGE('',*,*,#14152,.T.);
#14152 = EDGE_CURVE('',#9805,#11868,#14153,.T.);
#14153 = LINE('',#14154,#14155);
#14154 = CARTESIAN_POINT('',(114.8885,-110.195,-4.6E-02));
#14155 = VECTOR('',#14156,1.);
#14156 = DIRECTION('',(0.,0.,1.));
#14157 = ORIENTED_EDGE('',*,*,#11867,.F.);
#14158 = ORIENTED_EDGE('',*,*,#14152,.F.);
#14159 = CYLINDRICAL_SURFACE('',#14160,0.75);
#14160 = AXIS2_PLACEMENT_3D('',#14161,#14162,#14163);
#14161 = CARTESIAN_POINT('',(114.8885,-109.445,-4.6E-02));
#14162 = DIRECTION('',(-0.,-0.,-1.));
#14163 = DIRECTION('',(-0.,-1.,0.));
#14164 = ADVANCED_FACE('',(#14165),#14176,.F.);
#14165 = FACE_BOUND('',#14166,.T.);
#14166 = EDGE_LOOP('',(#14167,#14168,#14174,#14175));
#14167 = ORIENTED_EDGE('',*,*,#9815,.T.);
#14168 = ORIENTED_EDGE('',*,*,#14169,.T.);
#14169 = EDGE_CURVE('',#9816,#11879,#14170,.T.);
#14170 = LINE('',#14171,#14172);
#14171 = CARTESIAN_POINT('',(118.6985,-113.985,-4.6E-02));
#14172 = VECTOR('',#14173,1.);
#14173 = DIRECTION('',(0.,0.,1.));
#14174 = ORIENTED_EDGE('',*,*,#11878,.F.);
#14175 = ORIENTED_EDGE('',*,*,#14169,.F.);
#14176 = CYLINDRICAL_SURFACE('',#14177,2.);
#14177 = AXIS2_PLACEMENT_3D('',#14178,#14179,#14180);
#14178 = CARTESIAN_POINT('',(118.6985,-111.985,-4.6E-02));
#14179 = DIRECTION('',(-0.,-0.,-1.));
#14180 = DIRECTION('',(-0.,-1.,0.));
#14181 = ADVANCED_FACE('',(#14182),#14193,.F.);
#14182 = FACE_BOUND('',#14183,.T.);
#14183 = EDGE_LOOP('',(#14184,#14185,#14191,#14192));
#14184 = ORIENTED_EDGE('',*,*,#9826,.T.);
#14185 = ORIENTED_EDGE('',*,*,#14186,.T.);
#14186 = EDGE_CURVE('',#9827,#11890,#14187,.T.);
#14187 = LINE('',#14188,#14189);
#14188 = CARTESIAN_POINT('',(128.25,-117.61,-4.6E-02));
#14189 = VECTOR('',#14190,1.);
#14190 = DIRECTION('',(0.,0.,1.));
#14191 = ORIENTED_EDGE('',*,*,#11889,.F.);
#14192 = ORIENTED_EDGE('',*,*,#14186,.F.);
#14193 = CYLINDRICAL_SURFACE('',#14194,0.4);
#14194 = AXIS2_PLACEMENT_3D('',#14195,#14196,#14197);
#14195 = CARTESIAN_POINT('',(128.25,-117.21,-4.6E-02));
#14196 = DIRECTION('',(-0.,-0.,-1.));
#14197 = DIRECTION('',(-0.,-1.,0.));
#14198 = ADVANCED_FACE('',(#14199),#14210,.F.);
#14199 = FACE_BOUND('',#14200,.T.);
#14200 = EDGE_LOOP('',(#14201,#14202,#14208,#14209));
#14201 = ORIENTED_EDGE('',*,*,#9837,.T.);
#14202 = ORIENTED_EDGE('',*,*,#14203,.T.);
#14203 = EDGE_CURVE('',#9838,#11901,#14204,.T.);
#14204 = LINE('',#14205,#14206);
#14205 = CARTESIAN_POINT('',(123.7785,-112.835,-4.6E-02));
#14206 = VECTOR('',#14207,1.);
#14207 = DIRECTION('',(0.,0.,1.));
#14208 = ORIENTED_EDGE('',*,*,#11900,.F.);
#14209 = ORIENTED_EDGE('',*,*,#14203,.F.);
#14210 = CYLINDRICAL_SURFACE('',#14211,0.85);
#14211 = AXIS2_PLACEMENT_3D('',#14212,#14213,#14214);
#14212 = CARTESIAN_POINT('',(123.7785,-111.985,-4.6E-02));
#14213 = DIRECTION('',(-0.,-0.,-1.));
#14214 = DIRECTION('',(-1.671865260612E-14,-1.,0.));
#14215 = ADVANCED_FACE('',(#14216),#14227,.F.);
#14216 = FACE_BOUND('',#14217,.T.);
#14217 = EDGE_LOOP('',(#14218,#14219,#14225,#14226));
#14218 = ORIENTED_EDGE('',*,*,#9848,.T.);
#14219 = ORIENTED_EDGE('',*,*,#14220,.T.);
#14220 = EDGE_CURVE('',#9849,#11912,#14221,.T.);
#14221 = LINE('',#14222,#14223);
#14222 = CARTESIAN_POINT('',(128.25,-109.99,-4.6E-02));
#14223 = VECTOR('',#14224,1.);
#14224 = DIRECTION('',(0.,0.,1.));
#14225 = ORIENTED_EDGE('',*,*,#11911,.F.);
#14226 = ORIENTED_EDGE('',*,*,#14220,.F.);
#14227 = CYLINDRICAL_SURFACE('',#14228,0.4);
#14228 = AXIS2_PLACEMENT_3D('',#14229,#14230,#14231);
#14229 = CARTESIAN_POINT('',(128.25,-109.59,-4.6E-02));
#14230 = DIRECTION('',(-0.,-0.,-1.));
#14231 = DIRECTION('',(-0.,-1.,0.));
#14232 = ADVANCED_FACE('',(#14233),#14244,.F.);
#14233 = FACE_BOUND('',#14234,.T.);
#14234 = EDGE_LOOP('',(#14235,#14236,#14242,#14243));
#14235 = ORIENTED_EDGE('',*,*,#9859,.T.);
#14236 = ORIENTED_EDGE('',*,*,#14237,.T.);
#14237 = EDGE_CURVE('',#9860,#11923,#14238,.T.);
#14238 = LINE('',#14239,#14240);
#14239 = CARTESIAN_POINT('',(121.2385,-107.655,-4.6E-02));
#14240 = VECTOR('',#14241,1.);
#14241 = DIRECTION('',(0.,0.,1.));
#14242 = ORIENTED_EDGE('',*,*,#11922,.F.);
#14243 = ORIENTED_EDGE('',*,*,#14237,.F.);
#14244 = CYLINDRICAL_SURFACE('',#14245,0.75);
#14245 = AXIS2_PLACEMENT_3D('',#14246,#14247,#14248);
#14246 = CARTESIAN_POINT('',(121.2385,-106.905,-4.6E-02));
#14247 = DIRECTION('',(-0.,-0.,-1.));
#14248 = DIRECTION('',(-0.,-1.,0.));
#14249 = ADVANCED_FACE('',(#14250),#14261,.F.);
#14250 = FACE_BOUND('',#14251,.T.);
#14251 = EDGE_LOOP('',(#14252,#14253,#14259,#14260));
#14252 = ORIENTED_EDGE('',*,*,#9870,.T.);
#14253 = ORIENTED_EDGE('',*,*,#14254,.T.);
#14254 = EDGE_CURVE('',#9871,#11934,#14255,.T.);
#14255 = LINE('',#14256,#14257);
#14256 = CARTESIAN_POINT('',(132.6185,-112.825,-4.6E-02));
#14257 = VECTOR('',#14258,1.);
#14258 = DIRECTION('',(0.,0.,1.));
#14259 = ORIENTED_EDGE('',*,*,#11933,.F.);
#14260 = ORIENTED_EDGE('',*,*,#14254,.F.);
#14261 = CYLINDRICAL_SURFACE('',#14262,0.85);
#14262 = AXIS2_PLACEMENT_3D('',#14263,#14264,#14265);
#14263 = CARTESIAN_POINT('',(132.6185,-111.975,-4.6E-02));
#14264 = DIRECTION('',(-0.,0.,-1.));
#14265 = DIRECTION('',(3.343730521224E-14,-1.,-0.));
#14266 = ADVANCED_FACE('',(#14267),#14278,.F.);
#14267 = FACE_BOUND('',#14268,.T.);
#14268 = EDGE_LOOP('',(#14269,#14270,#14276,#14277));
#14269 = ORIENTED_EDGE('',*,*,#9881,.T.);
#14270 = ORIENTED_EDGE('',*,*,#14271,.T.);
#14271 = EDGE_CURVE('',#9882,#11945,#14272,.T.);
#14272 = LINE('',#14273,#14274);
#14273 = CARTESIAN_POINT('',(133.8885,-110.185,-4.6E-02));
#14274 = VECTOR('',#14275,1.);
#14275 = DIRECTION('',(0.,0.,1.));
#14276 = ORIENTED_EDGE('',*,*,#11944,.F.);
#14277 = ORIENTED_EDGE('',*,*,#14271,.F.);
#14278 = CYLINDRICAL_SURFACE('',#14279,0.75);
#14279 = AXIS2_PLACEMENT_3D('',#14280,#14281,#14282);
#14280 = CARTESIAN_POINT('',(133.8885,-109.435,-4.6E-02));
#14281 = DIRECTION('',(-0.,-0.,-1.));
#14282 = DIRECTION('',(-0.,-1.,0.));
#14283 = ADVANCED_FACE('',(#14284),#14295,.F.);
#14284 = FACE_BOUND('',#14285,.T.);
#14285 = EDGE_LOOP('',(#14286,#14287,#14293,#14294));
#14286 = ORIENTED_EDGE('',*,*,#9892,.T.);
#14287 = ORIENTED_EDGE('',*,*,#14288,.T.);
#14288 = EDGE_CURVE('',#9893,#11956,#14289,.T.);
#14289 = LINE('',#14290,#14291);
#14290 = CARTESIAN_POINT('',(147.4,-136.62,-4.6E-02));
#14291 = VECTOR('',#14292,1.);
#14292 = DIRECTION('',(0.,0.,1.));
#14293 = ORIENTED_EDGE('',*,*,#11955,.F.);
#14294 = ORIENTED_EDGE('',*,*,#14288,.F.);
#14295 = CYLINDRICAL_SURFACE('',#14296,0.4);
#14296 = AXIS2_PLACEMENT_3D('',#14297,#14298,#14299);
#14297 = CARTESIAN_POINT('',(147.4,-136.22,-4.6E-02));
#14298 = DIRECTION('',(-0.,-0.,-1.));
#14299 = DIRECTION('',(-0.,-1.,0.));
#14300 = ADVANCED_FACE('',(#14301),#14312,.F.);
#14301 = FACE_BOUND('',#14302,.T.);
#14302 = EDGE_LOOP('',(#14303,#14304,#14310,#14311));
#14303 = ORIENTED_EDGE('',*,*,#9903,.T.);
#14304 = ORIENTED_EDGE('',*,*,#14305,.T.);
#14305 = EDGE_CURVE('',#9904,#11967,#14306,.T.);
#14306 = LINE('',#14307,#14308);
#14307 = CARTESIAN_POINT('',(137.7485,-133.025,-4.6E-02));
#14308 = VECTOR('',#14309,1.);
#14309 = DIRECTION('',(0.,0.,1.));
#14310 = ORIENTED_EDGE('',*,*,#11966,.F.);
#14311 = ORIENTED_EDGE('',*,*,#14305,.F.);
#14312 = CYLINDRICAL_SURFACE('',#14313,2.);
#14313 = AXIS2_PLACEMENT_3D('',#14314,#14315,#14316);
#14314 = CARTESIAN_POINT('',(137.7485,-131.025,-4.6E-02));
#14315 = DIRECTION('',(-0.,-0.,-1.));
#14316 = DIRECTION('',(-0.,-1.,0.));
#14317 = ADVANCED_FACE('',(#14318),#14329,.F.);
#14318 = FACE_BOUND('',#14319,.T.);
#14319 = EDGE_LOOP('',(#14320,#14321,#14327,#14328));
#14320 = ORIENTED_EDGE('',*,*,#9914,.T.);
#14321 = ORIENTED_EDGE('',*,*,#14322,.T.);
#14322 = EDGE_CURVE('',#9915,#11978,#14323,.T.);
#14323 = LINE('',#14324,#14325);
#14324 = CARTESIAN_POINT('',(142.8285,-131.875,-4.6E-02));
#14325 = VECTOR('',#14326,1.);
#14326 = DIRECTION('',(0.,0.,1.));
#14327 = ORIENTED_EDGE('',*,*,#11977,.F.);
#14328 = ORIENTED_EDGE('',*,*,#14322,.F.);
#14329 = CYLINDRICAL_SURFACE('',#14330,0.85);
#14330 = AXIS2_PLACEMENT_3D('',#14331,#14332,#14333);
#14331 = CARTESIAN_POINT('',(142.8285,-131.025,-4.6E-02));
#14332 = DIRECTION('',(-0.,-0.,-1.));
#14333 = DIRECTION('',(-3.343730521224E-14,-1.,0.));
#14334 = ADVANCED_FACE('',(#14335),#14346,.F.);
#14335 = FACE_BOUND('',#14336,.T.);
#14336 = EDGE_LOOP('',(#14337,#14338,#14344,#14345));
#14337 = ORIENTED_EDGE('',*,*,#9925,.T.);
#14338 = ORIENTED_EDGE('',*,*,#14339,.T.);
#14339 = EDGE_CURVE('',#9926,#11989,#14340,.T.);
#14340 = LINE('',#14341,#14342);
#14341 = CARTESIAN_POINT('',(140.2885,-126.695,-4.6E-02));
#14342 = VECTOR('',#14343,1.);
#14343 = DIRECTION('',(0.,0.,1.));
#14344 = ORIENTED_EDGE('',*,*,#11988,.F.);
#14345 = ORIENTED_EDGE('',*,*,#14339,.F.);
#14346 = CYLINDRICAL_SURFACE('',#14347,0.75);
#14347 = AXIS2_PLACEMENT_3D('',#14348,#14349,#14350);
#14348 = CARTESIAN_POINT('',(140.2885,-125.945,-4.6E-02));
#14349 = DIRECTION('',(-0.,-0.,-1.));
#14350 = DIRECTION('',(-0.,-1.,0.));
#14351 = ADVANCED_FACE('',(#14352),#14363,.F.);
#14352 = FACE_BOUND('',#14353,.T.);
#14353 = EDGE_LOOP('',(#14354,#14355,#14361,#14362));
#14354 = ORIENTED_EDGE('',*,*,#9936,.T.);
#14355 = ORIENTED_EDGE('',*,*,#14356,.T.);
#14356 = EDGE_CURVE('',#9937,#12000,#14357,.T.);
#14357 = LINE('',#14358,#14359);
#14358 = CARTESIAN_POINT('',(147.4,-129.,-4.6E-02));
#14359 = VECTOR('',#14360,1.);
#14360 = DIRECTION('',(0.,0.,1.));
#14361 = ORIENTED_EDGE('',*,*,#11999,.F.);
#14362 = ORIENTED_EDGE('',*,*,#14356,.F.);
#14363 = CYLINDRICAL_SURFACE('',#14364,0.4);
#14364 = AXIS2_PLACEMENT_3D('',#14365,#14366,#14367);
#14365 = CARTESIAN_POINT('',(147.4,-128.6,-4.6E-02));
#14366 = DIRECTION('',(-0.,-0.,-1.));
#14367 = DIRECTION('',(-0.,-1.,0.));
#14368 = ADVANCED_FACE('',(#14369),#14380,.F.);
#14369 = FACE_BOUND('',#14370,.T.);
#14370 = EDGE_LOOP('',(#14371,#14372,#14378,#14379));
#14371 = ORIENTED_EDGE('',*,*,#9947,.T.);
#14372 = ORIENTED_EDGE('',*,*,#14373,.T.);
#14373 = EDGE_CURVE('',#9948,#12011,#14374,.T.);
#14374 = LINE('',#14375,#14376);
#14375 = CARTESIAN_POINT('',(151.7185,-131.875,-4.6E-02));
#14376 = VECTOR('',#14377,1.);
#14377 = DIRECTION('',(0.,0.,1.));
#14378 = ORIENTED_EDGE('',*,*,#12010,.F.);
#14379 = ORIENTED_EDGE('',*,*,#14373,.F.);
#14380 = CYLINDRICAL_SURFACE('',#14381,0.85);
#14381 = AXIS2_PLACEMENT_3D('',#14382,#14383,#14384);
#14382 = CARTESIAN_POINT('',(151.7185,-131.025,-4.6E-02));
#14383 = DIRECTION('',(-0.,-0.,-1.));
#14384 = DIRECTION('',(-0.,-1.,0.));
#14385 = ADVANCED_FACE('',(#14386),#14397,.F.);
#14386 = FACE_BOUND('',#14387,.T.);
#14387 = EDGE_LOOP('',(#14388,#14389,#14395,#14396));
#14388 = ORIENTED_EDGE('',*,*,#9958,.T.);
#14389 = ORIENTED_EDGE('',*,*,#14390,.T.);
#14390 = EDGE_CURVE('',#9959,#12022,#14391,.T.);
#14391 = LINE('',#14392,#14393);
#14392 = CARTESIAN_POINT('',(152.9885,-129.235,-4.6E-02));
#14393 = VECTOR('',#14394,1.);
#14394 = DIRECTION('',(0.,0.,1.));
#14395 = ORIENTED_EDGE('',*,*,#12021,.F.);
#14396 = ORIENTED_EDGE('',*,*,#14390,.F.);
#14397 = CYLINDRICAL_SURFACE('',#14398,0.75);
#14398 = AXIS2_PLACEMENT_3D('',#14399,#14400,#14401);
#14399 = CARTESIAN_POINT('',(152.9885,-128.485,-4.6E-02));
#14400 = DIRECTION('',(-0.,-0.,-1.));
#14401 = DIRECTION('',(-0.,-1.,0.));
#14402 = ADVANCED_FACE('',(#14403),#14414,.F.);
#14403 = FACE_BOUND('',#14404,.T.);
#14404 = EDGE_LOOP('',(#14405,#14406,#14412,#14413));
#14405 = ORIENTED_EDGE('',*,*,#9969,.T.);
#14406 = ORIENTED_EDGE('',*,*,#14407,.T.);
#14407 = EDGE_CURVE('',#9970,#12033,#14408,.T.);
#14408 = LINE('',#14409,#14410);
#14409 = CARTESIAN_POINT('',(170.15,-143.05,-4.6E-02));
#14410 = VECTOR('',#14411,1.);
#14411 = DIRECTION('',(0.,0.,1.));
#14412 = ORIENTED_EDGE('',*,*,#12032,.F.);
#14413 = ORIENTED_EDGE('',*,*,#14407,.F.);
#14414 = CYLINDRICAL_SURFACE('',#14415,1.6);
#14415 = AXIS2_PLACEMENT_3D('',#14416,#14417,#14418);
#14416 = CARTESIAN_POINT('',(170.15,-141.45,-4.6E-02));
#14417 = DIRECTION('',(-0.,-0.,-1.));
#14418 = DIRECTION('',(-0.,-1.,0.));
#14419 = ADVANCED_FACE('',(#14420),#14431,.F.);
#14420 = FACE_BOUND('',#14421,.T.);
#14421 = EDGE_LOOP('',(#14422,#14423,#14429,#14430));
#14422 = ORIENTED_EDGE('',*,*,#9980,.T.);
#14423 = ORIENTED_EDGE('',*,*,#14424,.T.);
#14424 = EDGE_CURVE('',#9981,#12044,#14425,.T.);
#14425 = LINE('',#14426,#14427);
#14426 = CARTESIAN_POINT('',(156.7985,-133.025,-4.6E-02));
#14427 = VECTOR('',#14428,1.);
#14428 = DIRECTION('',(0.,0.,1.));
#14429 = ORIENTED_EDGE('',*,*,#12043,.F.);
#14430 = ORIENTED_EDGE('',*,*,#14424,.F.);
#14431 = CYLINDRICAL_SURFACE('',#14432,2.);
#14432 = AXIS2_PLACEMENT_3D('',#14433,#14434,#14435);
#14433 = CARTESIAN_POINT('',(156.7985,-131.025,-4.6E-02));
#14434 = DIRECTION('',(-0.,-0.,-1.));
#14435 = DIRECTION('',(-0.,-1.,0.));
#14436 = ADVANCED_FACE('',(#14437),#14448,.F.);
#14437 = FACE_BOUND('',#14438,.T.);
#14438 = EDGE_LOOP('',(#14439,#14440,#14446,#14447));
#14439 = ORIENTED_EDGE('',*,*,#9991,.T.);
#14440 = ORIENTED_EDGE('',*,*,#14441,.T.);
#14441 = EDGE_CURVE('',#9992,#12055,#14442,.T.);
#14442 = LINE('',#14443,#14444);
#14443 = CARTESIAN_POINT('',(161.8785,-131.875,-4.6E-02));
#14444 = VECTOR('',#14445,1.);
#14445 = DIRECTION('',(0.,0.,1.));
#14446 = ORIENTED_EDGE('',*,*,#12054,.F.);
#14447 = ORIENTED_EDGE('',*,*,#14441,.F.);
#14448 = CYLINDRICAL_SURFACE('',#14449,0.85);
#14449 = AXIS2_PLACEMENT_3D('',#14450,#14451,#14452);
#14450 = CARTESIAN_POINT('',(161.8785,-131.025,-4.6E-02));
#14451 = DIRECTION('',(-0.,-0.,-1.));
#14452 = DIRECTION('',(-0.,-1.,0.));
#14453 = ADVANCED_FACE('',(#14454),#14465,.F.);
#14454 = FACE_BOUND('',#14455,.T.);
#14455 = EDGE_LOOP('',(#14456,#14457,#14463,#14464));
#14456 = ORIENTED_EDGE('',*,*,#10002,.T.);
#14457 = ORIENTED_EDGE('',*,*,#14458,.T.);
#14458 = EDGE_CURVE('',#10003,#12066,#14459,.T.);
#14459 = LINE('',#14460,#14461);
#14460 = CARTESIAN_POINT('',(159.3385,-126.695,-4.6E-02));
#14461 = VECTOR('',#14462,1.);
#14462 = DIRECTION('',(0.,0.,1.));
#14463 = ORIENTED_EDGE('',*,*,#12065,.F.);
#14464 = ORIENTED_EDGE('',*,*,#14458,.F.);
#14465 = CYLINDRICAL_SURFACE('',#14466,0.75);
#14466 = AXIS2_PLACEMENT_3D('',#14467,#14468,#14469);
#14467 = CARTESIAN_POINT('',(159.3385,-125.945,-4.6E-02));
#14468 = DIRECTION('',(-0.,-0.,-1.));
#14469 = DIRECTION('',(-0.,-1.,0.));
#14470 = ADVANCED_FACE('',(#14471),#14487,.F.);
#14471 = FACE_BOUND('',#14472,.T.);
#14472 = EDGE_LOOP('',(#14473,#14479,#14480,#14486));
#14473 = ORIENTED_EDGE('',*,*,#14474,.T.);
#14474 = EDGE_CURVE('',#10014,#12077,#14475,.T.);
#14475 = LINE('',#14476,#14477);
#14476 = CARTESIAN_POINT('',(139.825482,-120.880964,0.));
#14477 = VECTOR('',#14478,1.);
#14478 = DIRECTION('',(0.,0.,1.));
#14479 = ORIENTED_EDGE('',*,*,#12076,.T.);
#14480 = ORIENTED_EDGE('',*,*,#14481,.F.);
#14481 = EDGE_CURVE('',#10016,#12079,#14482,.T.);
#14482 = LINE('',#14483,#14484);
#14483 = CARTESIAN_POINT('',(139.122708,-120.232385,0.));
#14484 = VECTOR('',#14485,1.);
#14485 = DIRECTION('',(0.,0.,1.));
#14486 = ORIENTED_EDGE('',*,*,#10013,.F.);
#14487 = CYLINDRICAL_SURFACE('',#14488,0.500000669307);
#14488 = AXIS2_PLACEMENT_3D('',#14489,#14490,#14491);
#14489 = CARTESIAN_POINT('',(139.37496546449,-120.6640872595,0.));
#14490 = DIRECTION('',(-0.,-0.,-1.));
#14491 = DIRECTION('',(0.901031864884,-0.433752900236,0.));
#14492 = ADVANCED_FACE('',(#14493),#14504,.T.);
#14493 = FACE_BOUND('',#14494,.T.);
#14494 = EDGE_LOOP('',(#14495,#14501,#14502,#14503));
#14495 = ORIENTED_EDGE('',*,*,#14496,.T.);
#14496 = EDGE_CURVE('',#10025,#12088,#14497,.T.);
#14497 = LINE('',#14498,#14499);
#14498 = CARTESIAN_POINT('',(139.775997,-121.097841,0.));
#14499 = VECTOR('',#14500,1.);
#14500 = DIRECTION('',(0.,0.,1.));
#14501 = ORIENTED_EDGE('',*,*,#12087,.T.);
#14502 = ORIENTED_EDGE('',*,*,#14474,.F.);
#14503 = ORIENTED_EDGE('',*,*,#10024,.F.);
#14504 = CYLINDRICAL_SURFACE('',#14505,0.499989884978);
#14505 = AXIS2_PLACEMENT_3D('',#14506,#14507,#14508);
#14506 = CARTESIAN_POINT('',(140.27598688497,-121.0978400791,0.));
#14507 = DIRECTION('',(0.,0.,-1.));
#14508 = DIRECTION('',(-0.999999999998,-1.841808653046E-06,-0.));
#14509 = ADVANCED_FACE('',(#14510),#14521,.T.);
#14510 = FACE_BOUND('',#14511,.T.);
#14511 = EDGE_LOOP('',(#14512,#14513,#14514,#14520));
#14512 = ORIENTED_EDGE('',*,*,#14481,.T.);
#14513 = ORIENTED_EDGE('',*,*,#12209,.T.);
#14514 = ORIENTED_EDGE('',*,*,#14515,.F.);
#14515 = EDGE_CURVE('',#10139,#12202,#14516,.T.);
#14516 = LINE('',#14517,#14518);
#14517 = CARTESIAN_POINT('',(138.87045,-120.300684,0.));
#14518 = VECTOR('',#14519,1.);
#14519 = DIRECTION('',(0.,0.,1.));
#14520 = ORIENTED_EDGE('',*,*,#10146,.F.);
#14521 = CYLINDRICAL_SURFACE('',#14522,0.500008729288);
#14522 = AXIS2_PLACEMENT_3D('',#14523,#14524,#14525);
#14523 = CARTESIAN_POINT('',(138.87044734312,-119.8006752707,0.));
#14524 = DIRECTION('',(0.,0.,-1.));
#14525 = DIRECTION('',(0.504512505685,-0.863404384751,0.));
#14526 = ADVANCED_FACE('',(#14527),#14538,.T.);
#14527 = FACE_BOUND('',#14528,.T.);
#14528 = EDGE_LOOP('',(#14529,#14535,#14536,#14537));
#14529 = ORIENTED_EDGE('',*,*,#14530,.T.);
#14530 = EDGE_CURVE('',#10034,#12097,#14531,.T.);
#14531 = LINE('',#14532,#14533);
#14532 = CARTESIAN_POINT('',(139.775997,-122.503526,0.));
#14533 = VECTOR('',#14534,1.);
#14534 = DIRECTION('',(0.,0.,1.));
#14535 = ORIENTED_EDGE('',*,*,#12096,.T.);
#14536 = ORIENTED_EDGE('',*,*,#14496,.F.);
#14537 = ORIENTED_EDGE('',*,*,#10033,.F.);
#14538 = PLANE('',#14539);
#14539 = AXIS2_PLACEMENT_3D('',#14540,#14541,#14542);
#14540 = CARTESIAN_POINT('',(139.775997,-122.503526,0.));
#14541 = DIRECTION('',(-1.,0.,0.));
#14542 = DIRECTION('',(0.,1.,0.));
#14543 = ADVANCED_FACE('',(#14544),#14555,.T.);
#14544 = FACE_BOUND('',#14545,.T.);
#14545 = EDGE_LOOP('',(#14546,#14547,#14548,#14554));
#14546 = ORIENTED_EDGE('',*,*,#14515,.T.);
#14547 = ORIENTED_EDGE('',*,*,#12201,.T.);
#14548 = ORIENTED_EDGE('',*,*,#14549,.F.);
#14549 = EDGE_CURVE('',#10130,#12193,#14550,.T.);
#14550 = LINE('',#14551,#14552);
#14551 = CARTESIAN_POINT('',(137.281546,-120.300684,0.));
#14552 = VECTOR('',#14553,1.);
#14553 = DIRECTION('',(0.,0.,1.));
#14554 = ORIENTED_EDGE('',*,*,#10138,.F.);
#14555 = PLANE('',#14556);
#14556 = AXIS2_PLACEMENT_3D('',#14557,#14558,#14559);
#14557 = CARTESIAN_POINT('',(138.87045,-120.300684,0.));
#14558 = DIRECTION('',(0.,-1.,0.));
#14559 = DIRECTION('',(-1.,0.,0.));
#14560 = ADVANCED_FACE('',(#14561),#14572,.T.);
#14561 = FACE_BOUND('',#14562,.T.);
#14562 = EDGE_LOOP('',(#14563,#14569,#14570,#14571));
#14563 = ORIENTED_EDGE('',*,*,#14564,.T.);
#14564 = EDGE_CURVE('',#10042,#12105,#14565,.T.);
#14565 = LINE('',#14566,#14567);
#14566 = CARTESIAN_POINT('',(139.825482,-122.720404,0.));
#14567 = VECTOR('',#14568,1.);
#14568 = DIRECTION('',(0.,0.,1.));
#14569 = ORIENTED_EDGE('',*,*,#12104,.T.);
#14570 = ORIENTED_EDGE('',*,*,#14530,.F.);
#14571 = ORIENTED_EDGE('',*,*,#10041,.F.);
#14572 = CYLINDRICAL_SURFACE('',#14573,0.499989885034);
#14573 = AXIS2_PLACEMENT_3D('',#14574,#14575,#14576);
#14574 = CARTESIAN_POINT('',(140.27598688503,-122.5035279208,0.));
#14575 = DIRECTION('',(0.,0.,-1.));
#14576 = DIRECTION('',(-0.901027997796,-0.43376093322,-0.));
#14577 = ADVANCED_FACE('',(#14578),#14589,.T.);
#14578 = FACE_BOUND('',#14579,.T.);
#14579 = EDGE_LOOP('',(#14580,#14581,#14582,#14588));
#14580 = ORIENTED_EDGE('',*,*,#14549,.T.);
#14581 = ORIENTED_EDGE('',*,*,#12192,.T.);
#14582 = ORIENTED_EDGE('',*,*,#14583,.F.);
#14583 = EDGE_CURVE('',#10121,#12184,#14584,.T.);
#14584 = LINE('',#14585,#14586);
#14585 = CARTESIAN_POINT('',(137.029287,-120.232385,0.));
#14586 = VECTOR('',#14587,1.);
#14587 = DIRECTION('',(0.,0.,1.));
#14588 = ORIENTED_EDGE('',*,*,#10129,.F.);
#14589 = CYLINDRICAL_SURFACE('',#14590,0.500008729226);
#14590 = AXIS2_PLACEMENT_3D('',#14591,#14592,#14593);
#14591 = CARTESIAN_POINT('',(137.28154765685,-119.8006752707,0.));
#14592 = DIRECTION('',(0.,0.,-1.));
#14593 = DIRECTION('',(-3.313649430713E-06,-0.999999999995,-0.));
#14594 = ADVANCED_FACE('',(#14595),#14606,.F.);
#14595 = FACE_BOUND('',#14596,.T.);
#14596 = EDGE_LOOP('',(#14597,#14603,#14604,#14605));
#14597 = ORIENTED_EDGE('',*,*,#14598,.T.);
#14598 = EDGE_CURVE('',#10051,#12114,#14599,.T.);
#14599 = LINE('',#14600,#14601);
#14600 = CARTESIAN_POINT('',(139.122709,-123.368983,0.));
#14601 = VECTOR('',#14602,1.);
#14602 = DIRECTION('',(0.,0.,1.));
#14603 = ORIENTED_EDGE('',*,*,#12113,.T.);
#14604 = ORIENTED_EDGE('',*,*,#14564,.F.);
#14605 = ORIENTED_EDGE('',*,*,#10050,.F.);
#14606 = CYLINDRICAL_SURFACE('',#14607,0.499999729127);
#14607 = AXIS2_PLACEMENT_3D('',#14608,#14609,#14610);
#14608 = CARTESIAN_POINT('',(139.37496725432,-122.9372822908,0.));
#14609 = DIRECTION('',(-0.,-0.,-1.));
#14610 = DIRECTION('',(-0.504516781969,-0.863401885979,0.));
#14611 = ADVANCED_FACE('',(#14612),#14623,.F.);
#14612 = FACE_BOUND('',#14613,.T.);
#14613 = EDGE_LOOP('',(#14614,#14615,#14616,#14622));
#14614 = ORIENTED_EDGE('',*,*,#14583,.T.);
#14615 = ORIENTED_EDGE('',*,*,#12183,.T.);
#14616 = ORIENTED_EDGE('',*,*,#14617,.F.);
#14617 = EDGE_CURVE('',#10112,#12175,#14618,.T.);
#14618 = LINE('',#14619,#14620);
#14619 = CARTESIAN_POINT('',(136.326514,-120.880964,0.));
#14620 = VECTOR('',#14621,1.);
#14621 = DIRECTION('',(0.,0.,1.));
#14622 = ORIENTED_EDGE('',*,*,#10120,.F.);
#14623 = CYLINDRICAL_SURFACE('',#14624,0.499999448976);
#14624 = AXIS2_PLACEMENT_3D('',#14625,#14626,#14627);
#14625 = CARTESIAN_POINT('',(136.77702809571,-120.6640850048,0.));
#14626 = DIRECTION('',(-0.,-0.,-1.));
#14627 = DIRECTION('',(0.504518364574,0.863400961204,-0.));
#14628 = ADVANCED_FACE('',(#14629),#14640,.T.);
#14629 = FACE_BOUND('',#14630,.T.);
#14630 = EDGE_LOOP('',(#14631,#14637,#14638,#14639));
#14631 = ORIENTED_EDGE('',*,*,#14632,.T.);
#14632 = EDGE_CURVE('',#10060,#12123,#14633,.T.);
#14633 = LINE('',#14634,#14635);
#14634 = CARTESIAN_POINT('',(138.870451,-123.300684,0.));
#14635 = VECTOR('',#14636,1.);
#14636 = DIRECTION('',(0.,0.,1.));
#14637 = ORIENTED_EDGE('',*,*,#12122,.T.);
#14638 = ORIENTED_EDGE('',*,*,#14598,.F.);
#14639 = ORIENTED_EDGE('',*,*,#10059,.F.);
#14640 = CYLINDRICAL_SURFACE('',#14641,0.500008729288);
#14641 = AXIS2_PLACEMENT_3D('',#14642,#14643,#14644);
#14642 = CARTESIAN_POINT('',(138.87044834312,-123.8006927292,0.));
#14643 = DIRECTION('',(0.,0.,-1.));
#14644 = DIRECTION('',(5.313662654248E-06,0.999999999986,0.));
#14645 = ADVANCED_FACE('',(#14646),#14657,.T.);
#14646 = FACE_BOUND('',#14647,.T.);
#14647 = EDGE_LOOP('',(#14648,#14649,#14650,#14656));
#14648 = ORIENTED_EDGE('',*,*,#14617,.T.);
#14649 = ORIENTED_EDGE('',*,*,#12174,.T.);
#14650 = ORIENTED_EDGE('',*,*,#14651,.F.);
#14651 = EDGE_CURVE('',#10104,#12167,#14652,.T.);
#14652 = LINE('',#14653,#14654);
#14653 = CARTESIAN_POINT('',(136.375999,-121.097842,0.));
#14654 = VECTOR('',#14655,1.);
#14655 = DIRECTION('',(0.,0.,1.));
#14656 = ORIENTED_EDGE('',*,*,#10111,.F.);
#14657 = CYLINDRICAL_SURFACE('',#14658,0.499989885034);
#14658 = AXIS2_PLACEMENT_3D('',#14659,#14660,#14661);
#14659 = CARTESIAN_POINT('',(135.87600911496,-121.0978400791,0.));
#14660 = DIRECTION('',(0.,0.,-1.));
#14661 = DIRECTION('',(0.901027997796,0.43376093322,0.));
#14662 = ADVANCED_FACE('',(#14663),#14674,.T.);
#14663 = FACE_BOUND('',#14664,.T.);
#14664 = EDGE_LOOP('',(#14665,#14671,#14672,#14673));
#14665 = ORIENTED_EDGE('',*,*,#14666,.T.);
#14666 = EDGE_CURVE('',#10069,#12132,#14667,.T.);
#14667 = LINE('',#14668,#14669);
#14668 = CARTESIAN_POINT('',(137.281545,-123.300683,0.));
#14669 = VECTOR('',#14670,1.);
#14670 = DIRECTION('',(0.,0.,1.));
#14671 = ORIENTED_EDGE('',*,*,#12131,.T.);
#14672 = ORIENTED_EDGE('',*,*,#14632,.F.);
#14673 = ORIENTED_EDGE('',*,*,#10068,.F.);
#14674 = PLANE('',#14675);
#14675 = AXIS2_PLACEMENT_3D('',#14676,#14677,#14678);
#14676 = CARTESIAN_POINT('',(137.281545,-123.300683,0.));
#14677 = DIRECTION('',(6.29363850017E-07,1.,-0.));
#14678 = DIRECTION('',(1.,-6.29363850017E-07,0.));
#14679 = ADVANCED_FACE('',(#14680),#14691,.T.);
#14680 = FACE_BOUND('',#14681,.T.);
#14681 = EDGE_LOOP('',(#14682,#14683,#14684,#14690));
#14682 = ORIENTED_EDGE('',*,*,#14651,.T.);
#14683 = ORIENTED_EDGE('',*,*,#12166,.T.);
#14684 = ORIENTED_EDGE('',*,*,#14685,.F.);
#14685 = EDGE_CURVE('',#10095,#12158,#14686,.T.);
#14686 = LINE('',#14687,#14688);
#14687 = CARTESIAN_POINT('',(136.375999,-122.503527,0.));
#14688 = VECTOR('',#14689,1.);
#14689 = DIRECTION('',(0.,0.,1.));
#14690 = ORIENTED_EDGE('',*,*,#10103,.F.);
#14691 = PLANE('',#14692);
#14692 = AXIS2_PLACEMENT_3D('',#14693,#14694,#14695);
#14693 = CARTESIAN_POINT('',(136.375999,-121.097842,0.));
#14694 = DIRECTION('',(1.,0.,-0.));
#14695 = DIRECTION('',(0.,-1.,0.));
#14696 = ADVANCED_FACE('',(#14697),#14708,.T.);
#14697 = FACE_BOUND('',#14698,.T.);
#14698 = EDGE_LOOP('',(#14699,#14705,#14706,#14707));
#14699 = ORIENTED_EDGE('',*,*,#14700,.T.);
#14700 = EDGE_CURVE('',#10077,#12140,#14701,.T.);
#14701 = LINE('',#14702,#14703);
#14702 = CARTESIAN_POINT('',(137.029287,-123.368982,0.));
#14703 = VECTOR('',#14704,1.);
#14704 = DIRECTION('',(0.,0.,1.));
#14705 = ORIENTED_EDGE('',*,*,#12139,.T.);
#14706 = ORIENTED_EDGE('',*,*,#14666,.F.);
#14707 = ORIENTED_EDGE('',*,*,#10076,.F.);
#14708 = CYLINDRICAL_SURFACE('',#14709,0.500008729288);
#14709 = AXIS2_PLACEMENT_3D('',#14710,#14711,#14712);
#14710 = CARTESIAN_POINT('',(137.28154765687,-123.8006917292,0.));
#14711 = DIRECTION('',(0.,0.,-1.));
#14712 = DIRECTION('',(-0.504512505685,0.863404384751,0.));
#14713 = ADVANCED_FACE('',(#14714),#14725,.T.);
#14714 = FACE_BOUND('',#14715,.T.);
#14715 = EDGE_LOOP('',(#14716,#14717,#14718,#14724));
#14716 = ORIENTED_EDGE('',*,*,#14685,.T.);
#14717 = ORIENTED_EDGE('',*,*,#12157,.T.);
#14718 = ORIENTED_EDGE('',*,*,#14719,.F.);
#14719 = EDGE_CURVE('',#10086,#12149,#14720,.T.);
#14720 = LINE('',#14721,#14722);
#14721 = CARTESIAN_POINT('',(136.326514,-122.720404,0.));
#14722 = VECTOR('',#14723,1.);
#14723 = DIRECTION('',(0.,0.,1.));
#14724 = ORIENTED_EDGE('',*,*,#10094,.F.);
#14725 = CYLINDRICAL_SURFACE('',#14726,0.499989884978);
#14726 = AXIS2_PLACEMENT_3D('',#14727,#14728,#14729);
#14727 = CARTESIAN_POINT('',(135.87600911502,-122.5035279208,0.));
#14728 = DIRECTION('',(0.,0.,-1.));
#14729 = DIRECTION('',(0.999999999998,1.841808596201E-06,0.));
#14730 = ADVANCED_FACE('',(#14731),#14737,.F.);
#14731 = FACE_BOUND('',#14732,.T.);
#14732 = EDGE_LOOP('',(#14733,#14734,#14735,#14736));
#14733 = ORIENTED_EDGE('',*,*,#14719,.T.);
#14734 = ORIENTED_EDGE('',*,*,#12148,.T.);
#14735 = ORIENTED_EDGE('',*,*,#14700,.F.);
#14736 = ORIENTED_EDGE('',*,*,#10085,.F.);
#14737 = CYLINDRICAL_SURFACE('',#14738,0.499999422661);
#14738 = AXIS2_PLACEMENT_3D('',#14739,#14740,#14741);
#14739 = CARTESIAN_POINT('',(136.77702870448,-122.9372816699,0.));
#14740 = DIRECTION('',(-0.,-0.,-1.));
#14741 = DIRECTION('',(-0.901030449374,0.433755840654,0.));
#14742 = ADVANCED_FACE('',(#14743),#14754,.F.);
#14743 = FACE_BOUND('',#14744,.T.);
#14744 = EDGE_LOOP('',(#14745,#14746,#14752,#14753));
#14745 = ORIENTED_EDGE('',*,*,#10155,.T.);
#14746 = ORIENTED_EDGE('',*,*,#14747,.T.);
#14747 = EDGE_CURVE('',#10156,#12219,#14748,.T.);
#14748 = LINE('',#14749,#14750);
#14749 = CARTESIAN_POINT('',(147.35,-117.51,-4.6E-02));
#14750 = VECTOR('',#14751,1.);
#14751 = DIRECTION('',(0.,0.,1.));
#14752 = ORIENTED_EDGE('',*,*,#12218,.F.);
#14753 = ORIENTED_EDGE('',*,*,#14747,.F.);
#14754 = CYLINDRICAL_SURFACE('',#14755,0.4);
#14755 = AXIS2_PLACEMENT_3D('',#14756,#14757,#14758);
#14756 = CARTESIAN_POINT('',(147.35,-117.11,-4.6E-02));
#14757 = DIRECTION('',(-0.,-0.,-1.));
#14758 = DIRECTION('',(-0.,-1.,0.));
#14759 = ADVANCED_FACE('',(#14760),#14771,.F.);
#14760 = FACE_BOUND('',#14761,.T.);
#14761 = EDGE_LOOP('',(#14762,#14763,#14769,#14770));
#14762 = ORIENTED_EDGE('',*,*,#10166,.T.);
#14763 = ORIENTED_EDGE('',*,*,#14764,.T.);
#14764 = EDGE_CURVE('',#10167,#12230,#14765,.T.);
#14765 = LINE('',#14766,#14767);
#14766 = CARTESIAN_POINT('',(137.6985,-113.975,-4.6E-02));
#14767 = VECTOR('',#14768,1.);
#14768 = DIRECTION('',(0.,0.,1.));
#14769 = ORIENTED_EDGE('',*,*,#12229,.F.);
#14770 = ORIENTED_EDGE('',*,*,#14764,.F.);
#14771 = CYLINDRICAL_SURFACE('',#14772,2.);
#14772 = AXIS2_PLACEMENT_3D('',#14773,#14774,#14775);
#14773 = CARTESIAN_POINT('',(137.6985,-111.975,-4.6E-02));
#14774 = DIRECTION('',(-0.,-0.,-1.));
#14775 = DIRECTION('',(-0.,-1.,0.));
#14776 = ADVANCED_FACE('',(#14777),#14788,.F.);
#14777 = FACE_BOUND('',#14778,.T.);
#14778 = EDGE_LOOP('',(#14779,#14780,#14786,#14787));
#14779 = ORIENTED_EDGE('',*,*,#10177,.T.);
#14780 = ORIENTED_EDGE('',*,*,#14781,.T.);
#14781 = EDGE_CURVE('',#10178,#12241,#14782,.T.);
#14782 = LINE('',#14783,#14784);
#14783 = CARTESIAN_POINT('',(142.7785,-112.825,-4.6E-02));
#14784 = VECTOR('',#14785,1.);
#14785 = DIRECTION('',(0.,0.,1.));
#14786 = ORIENTED_EDGE('',*,*,#12240,.F.);
#14787 = ORIENTED_EDGE('',*,*,#14781,.F.);
#14788 = CYLINDRICAL_SURFACE('',#14789,0.85);
#14789 = AXIS2_PLACEMENT_3D('',#14790,#14791,#14792);
#14790 = CARTESIAN_POINT('',(142.7785,-111.975,-4.6E-02));
#14791 = DIRECTION('',(-0.,-0.,-1.));
#14792 = DIRECTION('',(-0.,-1.,0.));
#14793 = ADVANCED_FACE('',(#14794),#14805,.F.);
#14794 = FACE_BOUND('',#14795,.T.);
#14795 = EDGE_LOOP('',(#14796,#14797,#14803,#14804));
#14796 = ORIENTED_EDGE('',*,*,#10188,.T.);
#14797 = ORIENTED_EDGE('',*,*,#14798,.T.);
#14798 = EDGE_CURVE('',#10189,#12252,#14799,.T.);
#14799 = LINE('',#14800,#14801);
#14800 = CARTESIAN_POINT('',(140.2385,-107.645,-4.6E-02));
#14801 = VECTOR('',#14802,1.);
#14802 = DIRECTION('',(0.,0.,1.));
#14803 = ORIENTED_EDGE('',*,*,#12251,.F.);
#14804 = ORIENTED_EDGE('',*,*,#14798,.F.);
#14805 = CYLINDRICAL_SURFACE('',#14806,0.75);
#14806 = AXIS2_PLACEMENT_3D('',#14807,#14808,#14809);
#14807 = CARTESIAN_POINT('',(140.2385,-106.895,-4.6E-02));
#14808 = DIRECTION('',(-0.,-0.,-1.));
#14809 = DIRECTION('',(-0.,-1.,0.));
#14810 = ADVANCED_FACE('',(#14811),#14822,.F.);
#14811 = FACE_BOUND('',#14812,.T.);
#14812 = EDGE_LOOP('',(#14813,#14814,#14820,#14821));
#14813 = ORIENTED_EDGE('',*,*,#10199,.T.);
#14814 = ORIENTED_EDGE('',*,*,#14815,.T.);
#14815 = EDGE_CURVE('',#10200,#12263,#14816,.T.);
#14816 = LINE('',#14817,#14818);
#14817 = CARTESIAN_POINT('',(147.35,-109.89,-4.6E-02));
#14818 = VECTOR('',#14819,1.);
#14819 = DIRECTION('',(0.,0.,1.));
#14820 = ORIENTED_EDGE('',*,*,#12262,.F.);
#14821 = ORIENTED_EDGE('',*,*,#14815,.F.);
#14822 = CYLINDRICAL_SURFACE('',#14823,0.4);
#14823 = AXIS2_PLACEMENT_3D('',#14824,#14825,#14826);
#14824 = CARTESIAN_POINT('',(147.35,-109.49,-4.6E-02));
#14825 = DIRECTION('',(-0.,-0.,-1.));
#14826 = DIRECTION('',(-0.,-1.,0.));
#14827 = ADVANCED_FACE('',(#14828),#14839,.F.);
#14828 = FACE_BOUND('',#14829,.T.);
#14829 = EDGE_LOOP('',(#14830,#14831,#14837,#14838));
#14830 = ORIENTED_EDGE('',*,*,#10210,.T.);
#14831 = ORIENTED_EDGE('',*,*,#14832,.T.);
#14832 = EDGE_CURVE('',#10211,#12274,#14833,.T.);
#14833 = LINE('',#14834,#14835);
#14834 = CARTESIAN_POINT('',(151.7185,-112.825,-4.6E-02));
#14835 = VECTOR('',#14836,1.);
#14836 = DIRECTION('',(0.,0.,1.));
#14837 = ORIENTED_EDGE('',*,*,#12273,.F.);
#14838 = ORIENTED_EDGE('',*,*,#14832,.F.);
#14839 = CYLINDRICAL_SURFACE('',#14840,0.85);
#14840 = AXIS2_PLACEMENT_3D('',#14841,#14842,#14843);
#14841 = CARTESIAN_POINT('',(151.7185,-111.975,-4.6E-02));
#14842 = DIRECTION('',(-0.,-0.,-1.));
#14843 = DIRECTION('',(-0.,-1.,0.));
#14844 = ADVANCED_FACE('',(#14845),#14856,.F.);
#14845 = FACE_BOUND('',#14846,.T.);
#14846 = EDGE_LOOP('',(#14847,#14848,#14854,#14855));
#14847 = ORIENTED_EDGE('',*,*,#10221,.T.);
#14848 = ORIENTED_EDGE('',*,*,#14849,.T.);
#14849 = EDGE_CURVE('',#10222,#12285,#14850,.T.);
#14850 = LINE('',#14851,#14852);
#14851 = CARTESIAN_POINT('',(152.9885,-110.185,-4.6E-02));
#14852 = VECTOR('',#14853,1.);
#14853 = DIRECTION('',(0.,0.,1.));
#14854 = ORIENTED_EDGE('',*,*,#12284,.F.);
#14855 = ORIENTED_EDGE('',*,*,#14849,.F.);
#14856 = CYLINDRICAL_SURFACE('',#14857,0.75);
#14857 = AXIS2_PLACEMENT_3D('',#14858,#14859,#14860);
#14858 = CARTESIAN_POINT('',(152.9885,-109.435,-4.6E-02));
#14859 = DIRECTION('',(-0.,-0.,-1.));
#14860 = DIRECTION('',(-0.,-1.,0.));
#14861 = ADVANCED_FACE('',(#14862),#14878,.F.);
#14862 = FACE_BOUND('',#14863,.T.);
#14863 = EDGE_LOOP('',(#14864,#14870,#14871,#14877));
#14864 = ORIENTED_EDGE('',*,*,#14865,.T.);
#14865 = EDGE_CURVE('',#10233,#12296,#14866,.T.);
#14866 = LINE('',#14867,#14868);
#14867 = CARTESIAN_POINT('',(158.375484,-120.82528,0.));
#14868 = VECTOR('',#14869,1.);
#14869 = DIRECTION('',(0.,0.,1.));
#14870 = ORIENTED_EDGE('',*,*,#12295,.T.);
#14871 = ORIENTED_EDGE('',*,*,#14872,.F.);
#14872 = EDGE_CURVE('',#10235,#12298,#14873,.T.);
#14873 = LINE('',#14874,#14875);
#14874 = CARTESIAN_POINT('',(157.672711,-120.176702,0.));
#14875 = VECTOR('',#14876,1.);
#14876 = DIRECTION('',(0.,0.,1.));
#14877 = ORIENTED_EDGE('',*,*,#10232,.F.);
#14878 = CYLINDRICAL_SURFACE('',#14879,0.499999422661);
#14879 = AXIS2_PLACEMENT_3D('',#14880,#14881,#14882);
#14880 = CARTESIAN_POINT('',(157.92496929551,-120.60840233,0.));
#14881 = DIRECTION('',(-0.,-0.,-1.));
#14882 = DIRECTION('',(0.901030449374,-0.433755840654,0.));
#14883 = ADVANCED_FACE('',(#14884),#14895,.T.);
#14884 = FACE_BOUND('',#14885,.T.);
#14885 = EDGE_LOOP('',(#14886,#14892,#14893,#14894));
#14886 = ORIENTED_EDGE('',*,*,#14887,.T.);
#14887 = EDGE_CURVE('',#10244,#12307,#14888,.T.);
#14888 = LINE('',#14889,#14890);
#14889 = CARTESIAN_POINT('',(158.325999,-121.042157,0.));
#14890 = VECTOR('',#14891,1.);
#14891 = DIRECTION('',(0.,0.,1.));
#14892 = ORIENTED_EDGE('',*,*,#12306,.T.);
#14893 = ORIENTED_EDGE('',*,*,#14865,.F.);
#14894 = ORIENTED_EDGE('',*,*,#10243,.F.);
#14895 = CYLINDRICAL_SURFACE('',#14896,0.499989884978);
#14896 = AXIS2_PLACEMENT_3D('',#14897,#14898,#14899);
#14897 = CARTESIAN_POINT('',(158.82598888497,-121.0421560791,0.));
#14898 = DIRECTION('',(0.,0.,-1.));
#14899 = DIRECTION('',(-0.999999999998,-1.841808624623E-06,-0.));
#14900 = ADVANCED_FACE('',(#14901),#14912,.T.);
#14901 = FACE_BOUND('',#14902,.T.);
#14902 = EDGE_LOOP('',(#14903,#14904,#14905,#14911));
#14903 = ORIENTED_EDGE('',*,*,#14872,.T.);
#14904 = ORIENTED_EDGE('',*,*,#12428,.T.);
#14905 = ORIENTED_EDGE('',*,*,#14906,.F.);
#14906 = EDGE_CURVE('',#10358,#12421,#14907,.T.);
#14907 = LINE('',#14908,#14909);
#14908 = CARTESIAN_POINT('',(157.420453,-120.245001,0.));
#14909 = VECTOR('',#14910,1.);
#14910 = DIRECTION('',(0.,0.,1.));
#14911 = ORIENTED_EDGE('',*,*,#10365,.F.);
#14912 = CYLINDRICAL_SURFACE('',#14913,0.500008729288);
#14913 = AXIS2_PLACEMENT_3D('',#14914,#14915,#14916);
#14914 = CARTESIAN_POINT('',(157.42045034312,-119.7449922707,0.));
#14915 = DIRECTION('',(0.,0.,-1.));
#14916 = DIRECTION('',(0.504512505685,-0.863404384751,0.));
#14917 = ADVANCED_FACE('',(#14918),#14929,.T.);
#14918 = FACE_BOUND('',#14919,.T.);
#14919 = EDGE_LOOP('',(#14920,#14926,#14927,#14928));
#14920 = ORIENTED_EDGE('',*,*,#14921,.T.);
#14921 = EDGE_CURVE('',#10253,#12316,#14922,.T.);
#14922 = LINE('',#14923,#14924);
#14923 = CARTESIAN_POINT('',(158.325999,-122.447842,0.));
#14924 = VECTOR('',#14925,1.);
#14925 = DIRECTION('',(0.,0.,1.));
#14926 = ORIENTED_EDGE('',*,*,#12315,.T.);
#14927 = ORIENTED_EDGE('',*,*,#14887,.F.);
#14928 = ORIENTED_EDGE('',*,*,#10252,.F.);
#14929 = PLANE('',#14930);
#14930 = AXIS2_PLACEMENT_3D('',#14931,#14932,#14933);
#14931 = CARTESIAN_POINT('',(158.325999,-122.447842,0.));
#14932 = DIRECTION('',(-1.,0.,0.));
#14933 = DIRECTION('',(0.,1.,0.));
#14934 = ADVANCED_FACE('',(#14935),#14946,.T.);
#14935 = FACE_BOUND('',#14936,.T.);
#14936 = EDGE_LOOP('',(#14937,#14938,#14939,#14945));
#14937 = ORIENTED_EDGE('',*,*,#14906,.T.);
#14938 = ORIENTED_EDGE('',*,*,#12420,.T.);
#14939 = ORIENTED_EDGE('',*,*,#14940,.F.);
#14940 = EDGE_CURVE('',#10349,#12412,#14941,.T.);
#14941 = LINE('',#14942,#14943);
#14942 = CARTESIAN_POINT('',(155.831547,-120.245,0.));
#14943 = VECTOR('',#14944,1.);
#14944 = DIRECTION('',(0.,0.,1.));
#14945 = ORIENTED_EDGE('',*,*,#10357,.F.);
#14946 = PLANE('',#14947);
#14947 = AXIS2_PLACEMENT_3D('',#14948,#14949,#14950);
#14948 = CARTESIAN_POINT('',(157.420453,-120.245001,0.));
#14949 = DIRECTION('',(-6.29363850017E-07,-1.,0.));
#14950 = DIRECTION('',(-1.,6.29363850017E-07,0.));
#14951 = ADVANCED_FACE('',(#14952),#14963,.T.);
#14952 = FACE_BOUND('',#14953,.T.);
#14953 = EDGE_LOOP('',(#14954,#14960,#14961,#14962));
#14954 = ORIENTED_EDGE('',*,*,#14955,.T.);
#14955 = EDGE_CURVE('',#10261,#12324,#14956,.T.);
#14956 = LINE('',#14957,#14958);
#14957 = CARTESIAN_POINT('',(158.375484,-122.66472,0.));
#14958 = VECTOR('',#14959,1.);
#14959 = DIRECTION('',(0.,0.,1.));
#14960 = ORIENTED_EDGE('',*,*,#12323,.T.);
#14961 = ORIENTED_EDGE('',*,*,#14921,.F.);
#14962 = ORIENTED_EDGE('',*,*,#10260,.F.);
#14963 = CYLINDRICAL_SURFACE('',#14964,0.499989885034);
#14964 = AXIS2_PLACEMENT_3D('',#14965,#14966,#14967);
#14965 = CARTESIAN_POINT('',(158.82598888503,-122.4478439208,0.));
#14966 = DIRECTION('',(0.,0.,-1.));
#14967 = DIRECTION('',(-0.901027997796,-0.43376093322,-0.));
#14968 = ADVANCED_FACE('',(#14969),#14980,.T.);
#14969 = FACE_BOUND('',#14970,.T.);
#14970 = EDGE_LOOP('',(#14971,#14972,#14973,#14979));
#14971 = ORIENTED_EDGE('',*,*,#14940,.T.);
#14972 = ORIENTED_EDGE('',*,*,#12411,.T.);
#14973 = ORIENTED_EDGE('',*,*,#14974,.F.);
#14974 = EDGE_CURVE('',#10340,#12403,#14975,.T.);
#14975 = LINE('',#14976,#14977);
#14976 = CARTESIAN_POINT('',(155.579289,-120.176701,0.));
#14977 = VECTOR('',#14978,1.);
#14978 = DIRECTION('',(0.,0.,1.));
#14979 = ORIENTED_EDGE('',*,*,#10348,.F.);
#14980 = CYLINDRICAL_SURFACE('',#14981,0.500008729288);
#14981 = AXIS2_PLACEMENT_3D('',#14982,#14983,#14984);
#14982 = CARTESIAN_POINT('',(155.83154965687,-119.7449912707,0.));
#14983 = DIRECTION('',(0.,0.,-1.));
#14984 = DIRECTION('',(-5.313662881614E-06,-0.999999999986,-0.));
#14985 = ADVANCED_FACE('',(#14986),#14997,.F.);
#14986 = FACE_BOUND('',#14987,.T.);
#14987 = EDGE_LOOP('',(#14988,#14994,#14995,#14996));
#14988 = ORIENTED_EDGE('',*,*,#14989,.T.);
#14989 = EDGE_CURVE('',#10270,#12333,#14990,.T.);
#14990 = LINE('',#14991,#14992);
#14991 = CARTESIAN_POINT('',(157.672711,-123.313299,0.));
#14992 = VECTOR('',#14993,1.);
#14993 = DIRECTION('',(0.,0.,1.));
#14994 = ORIENTED_EDGE('',*,*,#12332,.T.);
#14995 = ORIENTED_EDGE('',*,*,#14955,.F.);
#14996 = ORIENTED_EDGE('',*,*,#10269,.F.);
#14997 = CYLINDRICAL_SURFACE('',#14998,0.499999448976);
#14998 = AXIS2_PLACEMENT_3D('',#14999,#15000,#15001);
#14999 = CARTESIAN_POINT('',(157.92496990428,-122.8815989951,0.));
#15000 = DIRECTION('',(-0.,-0.,-1.));
#15001 = DIRECTION('',(-0.504518364574,-0.863400961204,0.));
#15002 = ADVANCED_FACE('',(#15003),#15014,.F.);
#15003 = FACE_BOUND('',#15004,.T.);
#15004 = EDGE_LOOP('',(#15005,#15006,#15007,#15013));
#15005 = ORIENTED_EDGE('',*,*,#14974,.T.);
#15006 = ORIENTED_EDGE('',*,*,#12402,.T.);
#15007 = ORIENTED_EDGE('',*,*,#15008,.F.);
#15008 = EDGE_CURVE('',#10331,#12394,#15009,.T.);
#15009 = LINE('',#15010,#15011);
#15010 = CARTESIAN_POINT('',(154.876516,-120.82528,0.));
#15011 = VECTOR('',#15012,1.);
#15012 = DIRECTION('',(0.,0.,1.));
#15013 = ORIENTED_EDGE('',*,*,#10339,.F.);
#15014 = CYLINDRICAL_SURFACE('',#15015,0.499999729127);
#15015 = AXIS2_PLACEMENT_3D('',#15016,#15017,#15018);
#15016 = CARTESIAN_POINT('',(155.32703074567,-120.6084017091,0.));
#15017 = DIRECTION('',(-0.,-0.,-1.));
#15018 = DIRECTION('',(0.504516781968,0.863401885979,-0.));
#15019 = ADVANCED_FACE('',(#15020),#15031,.T.);
#15020 = FACE_BOUND('',#15021,.T.);
#15021 = EDGE_LOOP('',(#15022,#15028,#15029,#15030));
#15022 = ORIENTED_EDGE('',*,*,#15023,.T.);
#15023 = EDGE_CURVE('',#10279,#12342,#15024,.T.);
#15024 = LINE('',#15025,#15026);
#15025 = CARTESIAN_POINT('',(157.420452,-123.245,0.));
#15026 = VECTOR('',#15027,1.);
#15027 = DIRECTION('',(0.,0.,1.));
#15028 = ORIENTED_EDGE('',*,*,#12341,.T.);
#15029 = ORIENTED_EDGE('',*,*,#14989,.F.);
#15030 = ORIENTED_EDGE('',*,*,#10278,.F.);
#15031 = CYLINDRICAL_SURFACE('',#15032,0.500008729226);
#15032 = AXIS2_PLACEMENT_3D('',#15033,#15034,#15035);
#15033 = CARTESIAN_POINT('',(157.42045034314,-123.7450087292,0.));
#15034 = DIRECTION('',(0.,0.,-1.));
#15035 = DIRECTION('',(3.313649317029E-06,0.999999999995,0.));
#15036 = ADVANCED_FACE('',(#15037),#15048,.T.);
#15037 = FACE_BOUND('',#15038,.T.);
#15038 = EDGE_LOOP('',(#15039,#15040,#15041,#15047));
#15039 = ORIENTED_EDGE('',*,*,#15008,.T.);
#15040 = ORIENTED_EDGE('',*,*,#12393,.T.);
#15041 = ORIENTED_EDGE('',*,*,#15042,.F.);
#15042 = EDGE_CURVE('',#10323,#12386,#15043,.T.);
#15043 = LINE('',#15044,#15045);
#15044 = CARTESIAN_POINT('',(154.926001,-121.042158,0.));
#15045 = VECTOR('',#15046,1.);
#15046 = DIRECTION('',(0.,0.,1.));
#15047 = ORIENTED_EDGE('',*,*,#10330,.F.);
#15048 = CYLINDRICAL_SURFACE('',#15049,0.499989885034);
#15049 = AXIS2_PLACEMENT_3D('',#15050,#15051,#15052);
#15050 = CARTESIAN_POINT('',(154.42601111496,-121.0421560791,0.));
#15051 = DIRECTION('',(0.,0.,-1.));
#15052 = DIRECTION('',(0.901027997796,0.43376093322,0.));
#15053 = ADVANCED_FACE('',(#15054),#15065,.T.);
#15054 = FACE_BOUND('',#15055,.T.);
#15055 = EDGE_LOOP('',(#15056,#15062,#15063,#15064));
#15056 = ORIENTED_EDGE('',*,*,#15057,.T.);
#15057 = EDGE_CURVE('',#10288,#12351,#15058,.T.);
#15058 = LINE('',#15059,#15060);
#15059 = CARTESIAN_POINT('',(155.831548,-123.245,0.));
#15060 = VECTOR('',#15061,1.);
#15061 = DIRECTION('',(0.,0.,1.));
#15062 = ORIENTED_EDGE('',*,*,#12350,.T.);
#15063 = ORIENTED_EDGE('',*,*,#15023,.F.);
#15064 = ORIENTED_EDGE('',*,*,#10287,.F.);
#15065 = PLANE('',#15066);
#15066 = AXIS2_PLACEMENT_3D('',#15067,#15068,#15069);
#15067 = CARTESIAN_POINT('',(155.831548,-123.245,0.));
#15068 = DIRECTION('',(0.,1.,0.));
#15069 = DIRECTION('',(1.,0.,0.));
#15070 = ADVANCED_FACE('',(#15071),#15082,.T.);
#15071 = FACE_BOUND('',#15072,.T.);
#15072 = EDGE_LOOP('',(#15073,#15074,#15075,#15081));
#15073 = ORIENTED_EDGE('',*,*,#15042,.T.);
#15074 = ORIENTED_EDGE('',*,*,#12385,.T.);
#15075 = ORIENTED_EDGE('',*,*,#15076,.F.);
#15076 = EDGE_CURVE('',#10314,#12377,#15077,.T.);
#15077 = LINE('',#15078,#15079);
#15078 = CARTESIAN_POINT('',(154.926001,-122.447843,0.));
#15079 = VECTOR('',#15080,1.);
#15080 = DIRECTION('',(0.,0.,1.));
#15081 = ORIENTED_EDGE('',*,*,#10322,.F.);
#15082 = PLANE('',#15083);
#15083 = AXIS2_PLACEMENT_3D('',#15084,#15085,#15086);
#15084 = CARTESIAN_POINT('',(154.926001,-121.042158,0.));
#15085 = DIRECTION('',(1.,0.,-0.));
#15086 = DIRECTION('',(0.,-1.,0.));
#15087 = ADVANCED_FACE('',(#15088),#15099,.T.);
#15088 = FACE_BOUND('',#15089,.T.);
#15089 = EDGE_LOOP('',(#15090,#15096,#15097,#15098));
#15090 = ORIENTED_EDGE('',*,*,#15091,.T.);
#15091 = EDGE_CURVE('',#10296,#12359,#15092,.T.);
#15092 = LINE('',#15093,#15094);
#15093 = CARTESIAN_POINT('',(155.57929,-123.313299,0.));
#15094 = VECTOR('',#15095,1.);
#15095 = DIRECTION('',(0.,0.,1.));
#15096 = ORIENTED_EDGE('',*,*,#12358,.T.);
#15097 = ORIENTED_EDGE('',*,*,#15057,.F.);
#15098 = ORIENTED_EDGE('',*,*,#10295,.F.);
#15099 = CYLINDRICAL_SURFACE('',#15100,0.500008729288);
#15100 = AXIS2_PLACEMENT_3D('',#15101,#15102,#15103);
#15101 = CARTESIAN_POINT('',(155.83155065687,-123.7450087292,0.));
#15102 = DIRECTION('',(0.,0.,-1.));
#15103 = DIRECTION('',(-0.504512505685,0.863404384751,0.));
#15104 = ADVANCED_FACE('',(#15105),#15116,.T.);
#15105 = FACE_BOUND('',#15106,.T.);
#15106 = EDGE_LOOP('',(#15107,#15108,#15109,#15115));
#15107 = ORIENTED_EDGE('',*,*,#15076,.T.);
#15108 = ORIENTED_EDGE('',*,*,#12376,.T.);
#15109 = ORIENTED_EDGE('',*,*,#15110,.F.);
#15110 = EDGE_CURVE('',#10305,#12368,#15111,.T.);
#15111 = LINE('',#15112,#15113);
#15112 = CARTESIAN_POINT('',(154.876516,-122.66472,0.));
#15113 = VECTOR('',#15114,1.);
#15114 = DIRECTION('',(0.,0.,1.));
#15115 = ORIENTED_EDGE('',*,*,#10313,.F.);
#15116 = CYLINDRICAL_SURFACE('',#15117,0.499989884978);
#15117 = AXIS2_PLACEMENT_3D('',#15118,#15119,#15120);
#15118 = CARTESIAN_POINT('',(154.42601111502,-122.4478439208,0.));
#15119 = DIRECTION('',(0.,0.,-1.));
#15120 = DIRECTION('',(0.999999999998,1.841808567778E-06,0.));
#15121 = ADVANCED_FACE('',(#15122),#15128,.F.);
#15122 = FACE_BOUND('',#15123,.T.);
#15123 = EDGE_LOOP('',(#15124,#15125,#15126,#15127));
#15124 = ORIENTED_EDGE('',*,*,#15110,.T.);
#15125 = ORIENTED_EDGE('',*,*,#12367,.T.);
#15126 = ORIENTED_EDGE('',*,*,#15091,.F.);
#15127 = ORIENTED_EDGE('',*,*,#10304,.F.);
#15128 = CYLINDRICAL_SURFACE('',#15129,0.500000669307);
#15129 = AXIS2_PLACEMENT_3D('',#15130,#15131,#15132);
#15130 = CARTESIAN_POINT('',(155.3270325355,-122.8815967404,0.));
#15131 = DIRECTION('',(-0.,-0.,-1.));
#15132 = DIRECTION('',(-0.901031864884,0.433752900236,0.));
#15133 = ADVANCED_FACE('',(#15134),#15145,.F.);
#15134 = FACE_BOUND('',#15135,.T.);
#15135 = EDGE_LOOP('',(#15136,#15137,#15143,#15144));
#15136 = ORIENTED_EDGE('',*,*,#10374,.T.);
#15137 = ORIENTED_EDGE('',*,*,#15138,.T.);
#15138 = EDGE_CURVE('',#10375,#12438,#15139,.T.);
#15139 = LINE('',#15140,#15141);
#15140 = CARTESIAN_POINT('',(156.7985,-113.975,-4.6E-02));
#15141 = VECTOR('',#15142,1.);
#15142 = DIRECTION('',(0.,0.,1.));
#15143 = ORIENTED_EDGE('',*,*,#12437,.F.);
#15144 = ORIENTED_EDGE('',*,*,#15138,.F.);
#15145 = CYLINDRICAL_SURFACE('',#15146,2.);
#15146 = AXIS2_PLACEMENT_3D('',#15147,#15148,#15149);
#15147 = CARTESIAN_POINT('',(156.7985,-111.975,-4.6E-02));
#15148 = DIRECTION('',(-0.,-0.,-1.));
#15149 = DIRECTION('',(-0.,-1.,0.));
#15150 = ADVANCED_FACE('',(#15151),#15162,.F.);
#15151 = FACE_BOUND('',#15152,.T.);
#15152 = EDGE_LOOP('',(#15153,#15154,#15160,#15161));
#15153 = ORIENTED_EDGE('',*,*,#10385,.T.);
#15154 = ORIENTED_EDGE('',*,*,#15155,.T.);
#15155 = EDGE_CURVE('',#10386,#12449,#15156,.T.);
#15156 = LINE('',#15157,#15158);
#15157 = CARTESIAN_POINT('',(161.8785,-112.825,-4.6E-02));
#15158 = VECTOR('',#15159,1.);
#15159 = DIRECTION('',(0.,0.,1.));
#15160 = ORIENTED_EDGE('',*,*,#12448,.F.);
#15161 = ORIENTED_EDGE('',*,*,#15155,.F.);
#15162 = CYLINDRICAL_SURFACE('',#15163,0.85);
#15163 = AXIS2_PLACEMENT_3D('',#15164,#15165,#15166);
#15164 = CARTESIAN_POINT('',(161.8785,-111.975,-4.6E-02));
#15165 = DIRECTION('',(-0.,-0.,-1.));
#15166 = DIRECTION('',(-0.,-1.,0.));
#15167 = ADVANCED_FACE('',(#15168),#15179,.F.);
#15168 = FACE_BOUND('',#15169,.T.);
#15169 = EDGE_LOOP('',(#15170,#15171,#15177,#15178));
#15170 = ORIENTED_EDGE('',*,*,#10396,.T.);
#15171 = ORIENTED_EDGE('',*,*,#15172,.T.);
#15172 = EDGE_CURVE('',#10397,#12460,#15173,.T.);
#15173 = LINE('',#15174,#15175);
#15174 = CARTESIAN_POINT('',(159.3385,-107.645,-4.6E-02));
#15175 = VECTOR('',#15176,1.);
#15176 = DIRECTION('',(0.,0.,1.));
#15177 = ORIENTED_EDGE('',*,*,#12459,.F.);
#15178 = ORIENTED_EDGE('',*,*,#15172,.F.);
#15179 = CYLINDRICAL_SURFACE('',#15180,0.75);
#15180 = AXIS2_PLACEMENT_3D('',#15181,#15182,#15183);
#15181 = CARTESIAN_POINT('',(159.3385,-106.895,-4.6E-02));
#15182 = DIRECTION('',(-0.,-0.,-1.));
#15183 = DIRECTION('',(-0.,-1.,0.));
#15184 = ADVANCED_FACE('',(#15185),#15196,.F.);
#15185 = FACE_BOUND('',#15186,.T.);
#15186 = EDGE_LOOP('',(#15187,#15188,#15194,#15195));
#15187 = ORIENTED_EDGE('',*,*,#10407,.T.);
#15188 = ORIENTED_EDGE('',*,*,#15189,.T.);
#15189 = EDGE_CURVE('',#10408,#12471,#15190,.T.);
#15190 = LINE('',#15191,#15192);
#15191 = CARTESIAN_POINT('',(107.9,-98.11,-4.6E-02));
#15192 = VECTOR('',#15193,1.);
#15193 = DIRECTION('',(0.,0.,1.));
#15194 = ORIENTED_EDGE('',*,*,#12470,.F.);
#15195 = ORIENTED_EDGE('',*,*,#15189,.F.);
#15196 = CYLINDRICAL_SURFACE('',#15197,0.4);
#15197 = AXIS2_PLACEMENT_3D('',#15198,#15199,#15200);
#15198 = CARTESIAN_POINT('',(107.9,-97.71,-4.6E-02));
#15199 = DIRECTION('',(-0.,-0.,-1.));
#15200 = DIRECTION('',(-0.,-1.,0.));
#15201 = ADVANCED_FACE('',(#15202),#15218,.F.);
#15202 = FACE_BOUND('',#15203,.T.);
#15203 = EDGE_LOOP('',(#15204,#15210,#15211,#15217));
#15204 = ORIENTED_EDGE('',*,*,#15205,.T.);
#15205 = EDGE_CURVE('',#10419,#12482,#15206,.T.);
#15206 = LINE('',#15207,#15208);
#15207 = CARTESIAN_POINT('',(120.675484,-101.57528,0.));
#15208 = VECTOR('',#15209,1.);
#15209 = DIRECTION('',(0.,0.,1.));
#15210 = ORIENTED_EDGE('',*,*,#12481,.T.);
#15211 = ORIENTED_EDGE('',*,*,#15212,.F.);
#15212 = EDGE_CURVE('',#10421,#12484,#15213,.T.);
#15213 = LINE('',#15214,#15215);
#15214 = CARTESIAN_POINT('',(119.972711,-100.926702,0.));
#15215 = VECTOR('',#15216,1.);
#15216 = DIRECTION('',(0.,0.,1.));
#15217 = ORIENTED_EDGE('',*,*,#10418,.F.);
#15218 = CYLINDRICAL_SURFACE('',#15219,0.499999422661);
#15219 = AXIS2_PLACEMENT_3D('',#15220,#15221,#15222);
#15220 = CARTESIAN_POINT('',(120.22496929551,-101.35840233,0.));
#15221 = DIRECTION('',(-0.,-0.,-1.));
#15222 = DIRECTION('',(0.901030449374,-0.433755840654,0.));
#15223 = ADVANCED_FACE('',(#15224),#15235,.T.);
#15224 = FACE_BOUND('',#15225,.T.);
#15225 = EDGE_LOOP('',(#15226,#15232,#15233,#15234));
#15226 = ORIENTED_EDGE('',*,*,#15227,.T.);
#15227 = EDGE_CURVE('',#10430,#12493,#15228,.T.);
#15228 = LINE('',#15229,#15230);
#15229 = CARTESIAN_POINT('',(120.625999,-101.792157,0.));
#15230 = VECTOR('',#15231,1.);
#15231 = DIRECTION('',(0.,0.,1.));
#15232 = ORIENTED_EDGE('',*,*,#12492,.T.);
#15233 = ORIENTED_EDGE('',*,*,#15205,.F.);
#15234 = ORIENTED_EDGE('',*,*,#10429,.F.);
#15235 = CYLINDRICAL_SURFACE('',#15236,0.499989884978);
#15236 = AXIS2_PLACEMENT_3D('',#15237,#15238,#15239);
#15237 = CARTESIAN_POINT('',(121.12598888497,-101.7921560791,0.));
#15238 = DIRECTION('',(0.,0.,-1.));
#15239 = DIRECTION('',(-0.999999999998,-1.841808624623E-06,-0.));
#15240 = ADVANCED_FACE('',(#15241),#15252,.T.);
#15241 = FACE_BOUND('',#15242,.T.);
#15242 = EDGE_LOOP('',(#15243,#15244,#15245,#15251));
#15243 = ORIENTED_EDGE('',*,*,#15212,.T.);
#15244 = ORIENTED_EDGE('',*,*,#12614,.T.);
#15245 = ORIENTED_EDGE('',*,*,#15246,.F.);
#15246 = EDGE_CURVE('',#10544,#12607,#15247,.T.);
#15247 = LINE('',#15248,#15249);
#15248 = CARTESIAN_POINT('',(119.720453,-100.995001,0.));
#15249 = VECTOR('',#15250,1.);
#15250 = DIRECTION('',(0.,0.,1.));
#15251 = ORIENTED_EDGE('',*,*,#10551,.F.);
#15252 = CYLINDRICAL_SURFACE('',#15253,0.500008729288);
#15253 = AXIS2_PLACEMENT_3D('',#15254,#15255,#15256);
#15254 = CARTESIAN_POINT('',(119.72045034312,-100.4949922707,0.));
#15255 = DIRECTION('',(0.,0.,-1.));
#15256 = DIRECTION('',(0.504512505685,-0.863404384751,0.));
#15257 = ADVANCED_FACE('',(#15258),#15269,.T.);
#15258 = FACE_BOUND('',#15259,.T.);
#15259 = EDGE_LOOP('',(#15260,#15266,#15267,#15268));
#15260 = ORIENTED_EDGE('',*,*,#15261,.T.);
#15261 = EDGE_CURVE('',#10439,#12502,#15262,.T.);
#15262 = LINE('',#15263,#15264);
#15263 = CARTESIAN_POINT('',(120.625999,-103.197842,0.));
#15264 = VECTOR('',#15265,1.);
#15265 = DIRECTION('',(0.,0.,1.));
#15266 = ORIENTED_EDGE('',*,*,#12501,.T.);
#15267 = ORIENTED_EDGE('',*,*,#15227,.F.);
#15268 = ORIENTED_EDGE('',*,*,#10438,.F.);
#15269 = PLANE('',#15270);
#15270 = AXIS2_PLACEMENT_3D('',#15271,#15272,#15273);
#15271 = CARTESIAN_POINT('',(120.625999,-103.197842,0.));
#15272 = DIRECTION('',(-1.,0.,0.));
#15273 = DIRECTION('',(0.,1.,0.));
#15274 = ADVANCED_FACE('',(#15275),#15286,.T.);
#15275 = FACE_BOUND('',#15276,.T.);
#15276 = EDGE_LOOP('',(#15277,#15278,#15279,#15285));
#15277 = ORIENTED_EDGE('',*,*,#15246,.T.);
#15278 = ORIENTED_EDGE('',*,*,#12606,.T.);
#15279 = ORIENTED_EDGE('',*,*,#15280,.F.);
#15280 = EDGE_CURVE('',#10535,#12598,#15281,.T.);
#15281 = LINE('',#15282,#15283);
#15282 = CARTESIAN_POINT('',(118.131547,-100.995,0.));
#15283 = VECTOR('',#15284,1.);
#15284 = DIRECTION('',(0.,0.,1.));
#15285 = ORIENTED_EDGE('',*,*,#10543,.F.);
#15286 = PLANE('',#15287);
#15287 = AXIS2_PLACEMENT_3D('',#15288,#15289,#15290);
#15288 = CARTESIAN_POINT('',(119.720453,-100.995001,0.));
#15289 = DIRECTION('',(-6.29363850017E-07,-1.,0.));
#15290 = DIRECTION('',(-1.,6.29363850017E-07,0.));
#15291 = ADVANCED_FACE('',(#15292),#15303,.T.);
#15292 = FACE_BOUND('',#15293,.T.);
#15293 = EDGE_LOOP('',(#15294,#15300,#15301,#15302));
#15294 = ORIENTED_EDGE('',*,*,#15295,.T.);
#15295 = EDGE_CURVE('',#10447,#12510,#15296,.T.);
#15296 = LINE('',#15297,#15298);
#15297 = CARTESIAN_POINT('',(120.675484,-103.41472,0.));
#15298 = VECTOR('',#15299,1.);
#15299 = DIRECTION('',(0.,0.,1.));
#15300 = ORIENTED_EDGE('',*,*,#12509,.T.);
#15301 = ORIENTED_EDGE('',*,*,#15261,.F.);
#15302 = ORIENTED_EDGE('',*,*,#10446,.F.);
#15303 = CYLINDRICAL_SURFACE('',#15304,0.499989885034);
#15304 = AXIS2_PLACEMENT_3D('',#15305,#15306,#15307);
#15305 = CARTESIAN_POINT('',(121.12598888503,-103.1978439208,0.));
#15306 = DIRECTION('',(0.,0.,-1.));
#15307 = DIRECTION('',(-0.901027997796,-0.43376093322,-0.));
#15308 = ADVANCED_FACE('',(#15309),#15320,.T.);
#15309 = FACE_BOUND('',#15310,.T.);
#15310 = EDGE_LOOP('',(#15311,#15312,#15313,#15319));
#15311 = ORIENTED_EDGE('',*,*,#15280,.T.);
#15312 = ORIENTED_EDGE('',*,*,#12597,.T.);
#15313 = ORIENTED_EDGE('',*,*,#15314,.F.);
#15314 = EDGE_CURVE('',#10526,#12589,#15315,.T.);
#15315 = LINE('',#15316,#15317);
#15316 = CARTESIAN_POINT('',(117.879289,-100.926701,0.));
#15317 = VECTOR('',#15318,1.);
#15318 = DIRECTION('',(0.,0.,1.));
#15319 = ORIENTED_EDGE('',*,*,#10534,.F.);
#15320 = CYLINDRICAL_SURFACE('',#15321,0.500008729288);
#15321 = AXIS2_PLACEMENT_3D('',#15322,#15323,#15324);
#15322 = CARTESIAN_POINT('',(118.13154965687,-100.4949912707,0.));
#15323 = DIRECTION('',(0.,0.,-1.));
#15324 = DIRECTION('',(-5.313662938455E-06,-0.999999999986,-0.));
#15325 = ADVANCED_FACE('',(#15326),#15337,.F.);
#15326 = FACE_BOUND('',#15327,.T.);
#15327 = EDGE_LOOP('',(#15328,#15334,#15335,#15336));
#15328 = ORIENTED_EDGE('',*,*,#15329,.T.);
#15329 = EDGE_CURVE('',#10456,#12519,#15330,.T.);
#15330 = LINE('',#15331,#15332);
#15331 = CARTESIAN_POINT('',(119.972711,-104.063299,0.));
#15332 = VECTOR('',#15333,1.);
#15333 = DIRECTION('',(0.,0.,1.));
#15334 = ORIENTED_EDGE('',*,*,#12518,.T.);
#15335 = ORIENTED_EDGE('',*,*,#15295,.F.);
#15336 = ORIENTED_EDGE('',*,*,#10455,.F.);
#15337 = CYLINDRICAL_SURFACE('',#15338,0.499999448976);
#15338 = AXIS2_PLACEMENT_3D('',#15339,#15340,#15341);
#15339 = CARTESIAN_POINT('',(120.22496990428,-103.6315989951,0.));
#15340 = DIRECTION('',(-0.,-0.,-1.));
#15341 = DIRECTION('',(-0.504518364574,-0.863400961204,0.));
#15342 = ADVANCED_FACE('',(#15343),#15354,.F.);
#15343 = FACE_BOUND('',#15344,.T.);
#15344 = EDGE_LOOP('',(#15345,#15346,#15347,#15353));
#15345 = ORIENTED_EDGE('',*,*,#15314,.T.);
#15346 = ORIENTED_EDGE('',*,*,#12588,.T.);
#15347 = ORIENTED_EDGE('',*,*,#15348,.F.);
#15348 = EDGE_CURVE('',#10517,#12580,#15349,.T.);
#15349 = LINE('',#15350,#15351);
#15350 = CARTESIAN_POINT('',(117.176516,-101.57528,0.));
#15351 = VECTOR('',#15352,1.);
#15352 = DIRECTION('',(0.,0.,1.));
#15353 = ORIENTED_EDGE('',*,*,#10525,.F.);
#15354 = CYLINDRICAL_SURFACE('',#15355,0.499999729127);
#15355 = AXIS2_PLACEMENT_3D('',#15356,#15357,#15358);
#15356 = CARTESIAN_POINT('',(117.62703074567,-101.3584017091,0.));
#15357 = DIRECTION('',(-0.,-0.,-1.));
#15358 = DIRECTION('',(0.504516781969,0.863401885979,-0.));
#15359 = ADVANCED_FACE('',(#15360),#15371,.T.);
#15360 = FACE_BOUND('',#15361,.T.);
#15361 = EDGE_LOOP('',(#15362,#15368,#15369,#15370));
#15362 = ORIENTED_EDGE('',*,*,#15363,.T.);
#15363 = EDGE_CURVE('',#10465,#12528,#15364,.T.);
#15364 = LINE('',#15365,#15366);
#15365 = CARTESIAN_POINT('',(119.720452,-103.995,0.));
#15366 = VECTOR('',#15367,1.);
#15367 = DIRECTION('',(0.,0.,1.));
#15368 = ORIENTED_EDGE('',*,*,#12527,.T.);
#15369 = ORIENTED_EDGE('',*,*,#15329,.F.);
#15370 = ORIENTED_EDGE('',*,*,#10464,.F.);
#15371 = CYLINDRICAL_SURFACE('',#15372,0.500008729226);
#15372 = AXIS2_PLACEMENT_3D('',#15373,#15374,#15375);
#15373 = CARTESIAN_POINT('',(119.72045034314,-104.4950087292,0.));
#15374 = DIRECTION('',(0.,0.,-1.));
#15375 = DIRECTION('',(3.313649260187E-06,0.999999999995,0.));
#15376 = ADVANCED_FACE('',(#15377),#15388,.T.);
#15377 = FACE_BOUND('',#15378,.T.);
#15378 = EDGE_LOOP('',(#15379,#15380,#15381,#15387));
#15379 = ORIENTED_EDGE('',*,*,#15348,.T.);
#15380 = ORIENTED_EDGE('',*,*,#12579,.T.);
#15381 = ORIENTED_EDGE('',*,*,#15382,.F.);
#15382 = EDGE_CURVE('',#10509,#12572,#15383,.T.);
#15383 = LINE('',#15384,#15385);
#15384 = CARTESIAN_POINT('',(117.226001,-101.792158,0.));
#15385 = VECTOR('',#15386,1.);
#15386 = DIRECTION('',(0.,0.,1.));
#15387 = ORIENTED_EDGE('',*,*,#10516,.F.);
#15388 = CYLINDRICAL_SURFACE('',#15389,0.499989885035);
#15389 = AXIS2_PLACEMENT_3D('',#15390,#15391,#15392);
#15390 = CARTESIAN_POINT('',(116.72601111496,-101.7921560791,0.));
#15391 = DIRECTION('',(0.,0.,-1.));
#15392 = DIRECTION('',(0.901027997796,0.43376093322,0.));
#15393 = ADVANCED_FACE('',(#15394),#15405,.T.);
#15394 = FACE_BOUND('',#15395,.T.);
#15395 = EDGE_LOOP('',(#15396,#15402,#15403,#15404));
#15396 = ORIENTED_EDGE('',*,*,#15397,.T.);
#15397 = EDGE_CURVE('',#10474,#12537,#15398,.T.);
#15398 = LINE('',#15399,#15400);
#15399 = CARTESIAN_POINT('',(118.131548,-103.995,0.));
#15400 = VECTOR('',#15401,1.);
#15401 = DIRECTION('',(0.,0.,1.));
#15402 = ORIENTED_EDGE('',*,*,#12536,.T.);
#15403 = ORIENTED_EDGE('',*,*,#15363,.F.);
#15404 = ORIENTED_EDGE('',*,*,#10473,.F.);
#15405 = PLANE('',#15406);
#15406 = AXIS2_PLACEMENT_3D('',#15407,#15408,#15409);
#15407 = CARTESIAN_POINT('',(118.131548,-103.995,0.));
#15408 = DIRECTION('',(0.,1.,0.));
#15409 = DIRECTION('',(1.,0.,0.));
#15410 = ADVANCED_FACE('',(#15411),#15422,.T.);
#15411 = FACE_BOUND('',#15412,.T.);
#15412 = EDGE_LOOP('',(#15413,#15414,#15415,#15421));
#15413 = ORIENTED_EDGE('',*,*,#15382,.T.);
#15414 = ORIENTED_EDGE('',*,*,#12571,.T.);
#15415 = ORIENTED_EDGE('',*,*,#15416,.F.);
#15416 = EDGE_CURVE('',#10500,#12563,#15417,.T.);
#15417 = LINE('',#15418,#15419);
#15418 = CARTESIAN_POINT('',(117.226001,-103.197843,0.));
#15419 = VECTOR('',#15420,1.);
#15420 = DIRECTION('',(0.,0.,1.));
#15421 = ORIENTED_EDGE('',*,*,#10508,.F.);
#15422 = PLANE('',#15423);
#15423 = AXIS2_PLACEMENT_3D('',#15424,#15425,#15426);
#15424 = CARTESIAN_POINT('',(117.226001,-101.792158,0.));
#15425 = DIRECTION('',(1.,0.,-0.));
#15426 = DIRECTION('',(0.,-1.,0.));
#15427 = ADVANCED_FACE('',(#15428),#15439,.T.);
#15428 = FACE_BOUND('',#15429,.T.);
#15429 = EDGE_LOOP('',(#15430,#15436,#15437,#15438));
#15430 = ORIENTED_EDGE('',*,*,#15431,.T.);
#15431 = EDGE_CURVE('',#10482,#12545,#15432,.T.);
#15432 = LINE('',#15433,#15434);
#15433 = CARTESIAN_POINT('',(117.87929,-104.063299,0.));
#15434 = VECTOR('',#15435,1.);
#15435 = DIRECTION('',(0.,0.,1.));
#15436 = ORIENTED_EDGE('',*,*,#12544,.T.);
#15437 = ORIENTED_EDGE('',*,*,#15397,.F.);
#15438 = ORIENTED_EDGE('',*,*,#10481,.F.);
#15439 = CYLINDRICAL_SURFACE('',#15440,0.500008729288);
#15440 = AXIS2_PLACEMENT_3D('',#15441,#15442,#15443);
#15441 = CARTESIAN_POINT('',(118.13155065687,-104.4950087292,0.));
#15442 = DIRECTION('',(0.,0.,-1.));
#15443 = DIRECTION('',(-0.504512505685,0.863404384751,0.));
#15444 = ADVANCED_FACE('',(#15445),#15456,.T.);
#15445 = FACE_BOUND('',#15446,.T.);
#15446 = EDGE_LOOP('',(#15447,#15448,#15449,#15455));
#15447 = ORIENTED_EDGE('',*,*,#15416,.T.);
#15448 = ORIENTED_EDGE('',*,*,#12562,.T.);
#15449 = ORIENTED_EDGE('',*,*,#15450,.F.);
#15450 = EDGE_CURVE('',#10491,#12554,#15451,.T.);
#15451 = LINE('',#15452,#15453);
#15452 = CARTESIAN_POINT('',(117.176516,-103.41472,0.));
#15453 = VECTOR('',#15454,1.);
#15454 = DIRECTION('',(0.,0.,1.));
#15455 = ORIENTED_EDGE('',*,*,#10499,.F.);
#15456 = CYLINDRICAL_SURFACE('',#15457,0.499989884978);
#15457 = AXIS2_PLACEMENT_3D('',#15458,#15459,#15460);
#15458 = CARTESIAN_POINT('',(116.72601111502,-103.1978439208,0.));
#15459 = DIRECTION('',(0.,0.,-1.));
#15460 = DIRECTION('',(0.999999999998,1.841808510933E-06,0.));
#15461 = ADVANCED_FACE('',(#15462),#15468,.F.);
#15462 = FACE_BOUND('',#15463,.T.);
#15463 = EDGE_LOOP('',(#15464,#15465,#15466,#15467));
#15464 = ORIENTED_EDGE('',*,*,#15450,.T.);
#15465 = ORIENTED_EDGE('',*,*,#12553,.T.);
#15466 = ORIENTED_EDGE('',*,*,#15431,.F.);
#15467 = ORIENTED_EDGE('',*,*,#10490,.F.);
#15468 = CYLINDRICAL_SURFACE('',#15469,0.500000669307);
#15469 = AXIS2_PLACEMENT_3D('',#15470,#15471,#15472);
#15470 = CARTESIAN_POINT('',(117.6270325355,-103.6315967404,0.));
#15471 = DIRECTION('',(-0.,-0.,-1.));
#15472 = DIRECTION('',(-0.901031864884,0.433752900236,0.));
#15473 = ADVANCED_FACE('',(#15474),#15485,.F.);
#15474 = FACE_BOUND('',#15475,.T.);
#15475 = EDGE_LOOP('',(#15476,#15477,#15483,#15484));
#15476 = ORIENTED_EDGE('',*,*,#10560,.T.);
#15477 = ORIENTED_EDGE('',*,*,#15478,.T.);
#15478 = EDGE_CURVE('',#10561,#12624,#15479,.T.);
#15479 = LINE('',#15480,#15481);
#15480 = CARTESIAN_POINT('',(113.6185,-93.775,-4.6E-02));
#15481 = VECTOR('',#15482,1.);
#15482 = DIRECTION('',(0.,0.,1.));
#15483 = ORIENTED_EDGE('',*,*,#12623,.F.);
#15484 = ORIENTED_EDGE('',*,*,#15478,.F.);
#15485 = CYLINDRICAL_SURFACE('',#15486,0.85);
#15486 = AXIS2_PLACEMENT_3D('',#15487,#15488,#15489);
#15487 = CARTESIAN_POINT('',(113.6185,-92.925,-4.6E-02));
#15488 = DIRECTION('',(-0.,-0.,-1.));
#15489 = DIRECTION('',(-1.671865260612E-14,-1.,0.));
#15490 = ADVANCED_FACE('',(#15491),#15502,.F.);
#15491 = FACE_BOUND('',#15492,.T.);
#15492 = EDGE_LOOP('',(#15493,#15494,#15500,#15501));
#15493 = ORIENTED_EDGE('',*,*,#10571,.T.);
#15494 = ORIENTED_EDGE('',*,*,#15495,.T.);
#15495 = EDGE_CURVE('',#10572,#12635,#15496,.T.);
#15496 = LINE('',#15497,#15498);
#15497 = CARTESIAN_POINT('',(118.6985,-94.925,-4.6E-02));
#15498 = VECTOR('',#15499,1.);
#15499 = DIRECTION('',(0.,0.,1.));
#15500 = ORIENTED_EDGE('',*,*,#12634,.F.);
#15501 = ORIENTED_EDGE('',*,*,#15495,.F.);
#15502 = CYLINDRICAL_SURFACE('',#15503,2.);
#15503 = AXIS2_PLACEMENT_3D('',#15504,#15505,#15506);
#15504 = CARTESIAN_POINT('',(118.6985,-92.925,-4.6E-02));
#15505 = DIRECTION('',(-0.,-0.,-1.));
#15506 = DIRECTION('',(-0.,-1.,0.));
#15507 = ADVANCED_FACE('',(#15508),#15519,.F.);
#15508 = FACE_BOUND('',#15509,.T.);
#15509 = EDGE_LOOP('',(#15510,#15511,#15517,#15518));
#15510 = ORIENTED_EDGE('',*,*,#10582,.T.);
#15511 = ORIENTED_EDGE('',*,*,#15512,.T.);
#15512 = EDGE_CURVE('',#10583,#12646,#15513,.T.);
#15513 = LINE('',#15514,#15515);
#15514 = CARTESIAN_POINT('',(107.9,-90.49,-4.6E-02));
#15515 = VECTOR('',#15516,1.);
#15516 = DIRECTION('',(0.,0.,1.));
#15517 = ORIENTED_EDGE('',*,*,#12645,.F.);
#15518 = ORIENTED_EDGE('',*,*,#15512,.F.);
#15519 = CYLINDRICAL_SURFACE('',#15520,0.4);
#15520 = AXIS2_PLACEMENT_3D('',#15521,#15522,#15523);
#15521 = CARTESIAN_POINT('',(107.9,-90.09,-4.6E-02));
#15522 = DIRECTION('',(-0.,-0.,-1.));
#15523 = DIRECTION('',(-0.,-1.,0.));
#15524 = ADVANCED_FACE('',(#15525),#15536,.F.);
#15525 = FACE_BOUND('',#15526,.T.);
#15526 = EDGE_LOOP('',(#15527,#15528,#15534,#15535));
#15527 = ORIENTED_EDGE('',*,*,#10593,.T.);
#15528 = ORIENTED_EDGE('',*,*,#15529,.T.);
#15529 = EDGE_CURVE('',#10594,#12657,#15530,.T.);
#15530 = LINE('',#15531,#15532);
#15531 = CARTESIAN_POINT('',(114.8885,-91.135,-4.6E-02));
#15532 = VECTOR('',#15533,1.);
#15533 = DIRECTION('',(0.,0.,1.));
#15534 = ORIENTED_EDGE('',*,*,#12656,.F.);
#15535 = ORIENTED_EDGE('',*,*,#15529,.F.);
#15536 = CYLINDRICAL_SURFACE('',#15537,0.75);
#15537 = AXIS2_PLACEMENT_3D('',#15538,#15539,#15540);
#15538 = CARTESIAN_POINT('',(114.8885,-90.385,-4.6E-02));
#15539 = DIRECTION('',(-0.,-0.,-1.));
#15540 = DIRECTION('',(-0.,-1.,0.));
#15541 = ADVANCED_FACE('',(#15542),#15553,.F.);
#15542 = FACE_BOUND('',#15543,.T.);
#15543 = EDGE_LOOP('',(#15544,#15545,#15551,#15552));
#15544 = ORIENTED_EDGE('',*,*,#10604,.T.);
#15545 = ORIENTED_EDGE('',*,*,#15546,.T.);
#15546 = EDGE_CURVE('',#10605,#12668,#15547,.T.);
#15547 = LINE('',#15548,#15549);
#15548 = CARTESIAN_POINT('',(128.35,-98.52,-4.6E-02));
#15549 = VECTOR('',#15550,1.);
#15550 = DIRECTION('',(0.,0.,1.));
#15551 = ORIENTED_EDGE('',*,*,#12667,.F.);
#15552 = ORIENTED_EDGE('',*,*,#15546,.F.);
#15553 = CYLINDRICAL_SURFACE('',#15554,0.4);
#15554 = AXIS2_PLACEMENT_3D('',#15555,#15556,#15557);
#15555 = CARTESIAN_POINT('',(128.35,-98.12,-4.6E-02));
#15556 = DIRECTION('',(-0.,-0.,-1.));
#15557 = DIRECTION('',(-0.,-1.,0.));
#15558 = ADVANCED_FACE('',(#15559),#15570,.F.);
#15559 = FACE_BOUND('',#15560,.T.);
#15560 = EDGE_LOOP('',(#15561,#15562,#15568,#15569));
#15561 = ORIENTED_EDGE('',*,*,#10615,.T.);
#15562 = ORIENTED_EDGE('',*,*,#15563,.T.);
#15563 = EDGE_CURVE('',#10616,#12679,#15564,.T.);
#15564 = LINE('',#15565,#15566);
#15565 = CARTESIAN_POINT('',(123.7785,-93.775,-4.6E-02));
#15566 = VECTOR('',#15567,1.);
#15567 = DIRECTION('',(0.,0.,1.));
#15568 = ORIENTED_EDGE('',*,*,#12678,.F.);
#15569 = ORIENTED_EDGE('',*,*,#15563,.F.);
#15570 = CYLINDRICAL_SURFACE('',#15571,0.85);
#15571 = AXIS2_PLACEMENT_3D('',#15572,#15573,#15574);
#15572 = CARTESIAN_POINT('',(123.7785,-92.925,-4.6E-02));
#15573 = DIRECTION('',(-0.,-0.,-1.));
#15574 = DIRECTION('',(-1.671865260612E-14,-1.,0.));
#15575 = ADVANCED_FACE('',(#15576),#15592,.F.);
#15576 = FACE_BOUND('',#15577,.T.);
#15577 = EDGE_LOOP('',(#15578,#15584,#15585,#15591));
#15578 = ORIENTED_EDGE('',*,*,#15579,.T.);
#15579 = EDGE_CURVE('',#10627,#12690,#15580,.T.);
#15580 = LINE('',#15581,#15582);
#15581 = CARTESIAN_POINT('',(136.24179,-100.973859,0.));
#15582 = VECTOR('',#15583,1.);
#15583 = DIRECTION('',(0.,0.,1.));
#15584 = ORIENTED_EDGE('',*,*,#12689,.T.);
#15585 = ORIENTED_EDGE('',*,*,#15586,.F.);
#15586 = EDGE_CURVE('',#10629,#12692,#15587,.T.);
#15587 = LINE('',#15588,#15589);
#15588 = CARTESIAN_POINT('',(135.539017,-101.622438,0.));
#15589 = VECTOR('',#15590,1.);
#15590 = DIRECTION('',(0.,0.,1.));
#15591 = ORIENTED_EDGE('',*,*,#10626,.F.);
#15592 = CYLINDRICAL_SURFACE('',#15593,0.499999729127);
#15593 = AXIS2_PLACEMENT_3D('',#15594,#15595,#15596);
#15594 = CARTESIAN_POINT('',(135.98953174567,-101.4055597091,0.));
#15595 = DIRECTION('',(-0.,-0.,-1.));
#15596 = DIRECTION('',(0.504516781969,0.863401885979,-0.));
#15597 = ADVANCED_FACE('',(#15598),#15609,.T.);
#15598 = FACE_BOUND('',#15599,.T.);
#15599 = EDGE_LOOP('',(#15600,#15606,#15607,#15608));
#15600 = ORIENTED_EDGE('',*,*,#15601,.T.);
#15601 = EDGE_CURVE('',#10638,#12701,#15602,.T.);
#15602 = LINE('',#15603,#15604);
#15603 = CARTESIAN_POINT('',(136.494049,-101.042159,0.));
#15604 = VECTOR('',#15605,1.);
#15605 = DIRECTION('',(0.,0.,1.));
#15606 = ORIENTED_EDGE('',*,*,#12700,.T.);
#15607 = ORIENTED_EDGE('',*,*,#15579,.F.);
#15608 = ORIENTED_EDGE('',*,*,#10637,.F.);
#15609 = CYLINDRICAL_SURFACE('',#15610,0.50002311711);
#15610 = AXIS2_PLACEMENT_3D('',#15611,#15612,#15613);
#15611 = CARTESIAN_POINT('',(136.49405626378,-100.5421358829,0.));
#15612 = DIRECTION('',(0.,0.,-1.));
#15613 = DIRECTION('',(-1.452689328924E-05,-0.999999999894,-0.));
#15614 = ADVANCED_FACE('',(#15615),#15626,.T.);
#15615 = FACE_BOUND('',#15616,.T.);
#15616 = EDGE_LOOP('',(#15617,#15618,#15619,#15625));
#15617 = ORIENTED_EDGE('',*,*,#15586,.T.);
#15618 = ORIENTED_EDGE('',*,*,#12822,.T.);
#15619 = ORIENTED_EDGE('',*,*,#15620,.F.);
#15620 = EDGE_CURVE('',#10752,#12815,#15621,.T.);
#15621 = LINE('',#15622,#15623);
#15622 = CARTESIAN_POINT('',(135.588502,-101.839316,0.));
#15623 = VECTOR('',#15624,1.);
#15624 = DIRECTION('',(0.,0.,1.));
#15625 = ORIENTED_EDGE('',*,*,#10759,.F.);
#15626 = CYLINDRICAL_SURFACE('',#15627,0.499989885034);
#15627 = AXIS2_PLACEMENT_3D('',#15628,#15629,#15630);
#15628 = CARTESIAN_POINT('',(135.08851211496,-101.8393140791,0.));
#15629 = DIRECTION('',(0.,0.,-1.));
#15630 = DIRECTION('',(0.901027997796,0.43376093322,0.));
#15631 = ADVANCED_FACE('',(#15632),#15643,.T.);
#15632 = FACE_BOUND('',#15633,.T.);
#15633 = EDGE_LOOP('',(#15634,#15640,#15641,#15642));
#15634 = ORIENTED_EDGE('',*,*,#15635,.T.);
#15635 = EDGE_CURVE('',#10647,#12710,#15636,.T.);
#15636 = LINE('',#15637,#15638);
#15637 = CARTESIAN_POINT('',(138.082954,-101.042159,0.));
#15638 = VECTOR('',#15639,1.);
#15639 = DIRECTION('',(0.,0.,1.));
#15640 = ORIENTED_EDGE('',*,*,#12709,.T.);
#15641 = ORIENTED_EDGE('',*,*,#15601,.F.);
#15642 = ORIENTED_EDGE('',*,*,#10646,.F.);
#15643 = PLANE('',#15644);
#15644 = AXIS2_PLACEMENT_3D('',#15645,#15646,#15647);
#15645 = CARTESIAN_POINT('',(138.082954,-101.042159,0.));
#15646 = DIRECTION('',(0.,-1.,0.));
#15647 = DIRECTION('',(-1.,0.,0.));
#15648 = ADVANCED_FACE('',(#15649),#15660,.T.);
#15649 = FACE_BOUND('',#15650,.T.);
#15650 = EDGE_LOOP('',(#15651,#15652,#15653,#15659));
#15651 = ORIENTED_EDGE('',*,*,#15620,.T.);
#15652 = ORIENTED_EDGE('',*,*,#12814,.T.);
#15653 = ORIENTED_EDGE('',*,*,#15654,.F.);
#15654 = EDGE_CURVE('',#10743,#12806,#15655,.T.);
#15655 = LINE('',#15656,#15657);
#15656 = CARTESIAN_POINT('',(135.588502,-103.245,0.));
#15657 = VECTOR('',#15658,1.);
#15658 = DIRECTION('',(0.,0.,1.));
#15659 = ORIENTED_EDGE('',*,*,#10751,.F.);
#15660 = PLANE('',#15661);
#15661 = AXIS2_PLACEMENT_3D('',#15662,#15663,#15664);
#15662 = CARTESIAN_POINT('',(135.588502,-101.839316,0.));
#15663 = DIRECTION('',(1.,0.,-0.));
#15664 = DIRECTION('',(0.,-1.,0.));
#15665 = ADVANCED_FACE('',(#15666),#15677,.T.);
#15666 = FACE_BOUND('',#15667,.T.);
#15667 = EDGE_LOOP('',(#15668,#15674,#15675,#15676));
#15668 = ORIENTED_EDGE('',*,*,#15669,.T.);
#15669 = EDGE_CURVE('',#10655,#12718,#15670,.T.);
#15670 = LINE('',#15671,#15672);
#15671 = CARTESIAN_POINT('',(138.335212,-100.97386,0.));
#15672 = VECTOR('',#15673,1.);
#15673 = DIRECTION('',(0.,0.,1.));
#15674 = ORIENTED_EDGE('',*,*,#12717,.T.);
#15675 = ORIENTED_EDGE('',*,*,#15635,.F.);
#15676 = ORIENTED_EDGE('',*,*,#10654,.F.);
#15677 = CYLINDRICAL_SURFACE('',#15678,0.500008729288);
#15678 = AXIS2_PLACEMENT_3D('',#15679,#15680,#15681);
#15679 = CARTESIAN_POINT('',(138.08295134312,-100.5421502707,0.));
#15680 = DIRECTION('',(0.,0.,-1.));
#15681 = DIRECTION('',(0.504512505685,-0.863404384751,0.));
#15682 = ADVANCED_FACE('',(#15683),#15694,.T.);
#15683 = FACE_BOUND('',#15684,.T.);
#15684 = EDGE_LOOP('',(#15685,#15686,#15687,#15693));
#15685 = ORIENTED_EDGE('',*,*,#15654,.T.);
#15686 = ORIENTED_EDGE('',*,*,#12805,.T.);
#15687 = ORIENTED_EDGE('',*,*,#15688,.F.);
#15688 = EDGE_CURVE('',#10734,#12797,#15689,.T.);
#15689 = LINE('',#15690,#15691);
#15690 = CARTESIAN_POINT('',(135.539017,-103.461878,0.));
#15691 = VECTOR('',#15692,1.);
#15692 = DIRECTION('',(0.,0.,1.));
#15693 = ORIENTED_EDGE('',*,*,#10742,.F.);
#15694 = CYLINDRICAL_SURFACE('',#15695,0.499989885034);
#15695 = AXIS2_PLACEMENT_3D('',#15696,#15697,#15698);
#15696 = CARTESIAN_POINT('',(135.08851211496,-103.2450019208,0.));
#15697 = DIRECTION('',(0.,0.,-1.));
#15698 = DIRECTION('',(0.999999999993,3.841811392097E-06,0.));
#15699 = ADVANCED_FACE('',(#15700),#15711,.F.);
#15700 = FACE_BOUND('',#15701,.T.);
#15701 = EDGE_LOOP('',(#15702,#15708,#15709,#15710));
#15702 = ORIENTED_EDGE('',*,*,#15703,.T.);
#15703 = EDGE_CURVE('',#10664,#12727,#15704,.T.);
#15704 = LINE('',#15705,#15706);
#15705 = CARTESIAN_POINT('',(139.037985,-101.622438,0.));
#15706 = VECTOR('',#15707,1.);
#15707 = DIRECTION('',(0.,0.,1.));
#15708 = ORIENTED_EDGE('',*,*,#12726,.T.);
#15709 = ORIENTED_EDGE('',*,*,#15669,.F.);
#15710 = ORIENTED_EDGE('',*,*,#10663,.F.);
#15711 = CYLINDRICAL_SURFACE('',#15712,0.499999422661);
#15712 = AXIS2_PLACEMENT_3D('',#15713,#15714,#15715);
#15713 = CARTESIAN_POINT('',(138.58747029551,-101.40556033,0.));
#15714 = DIRECTION('',(-0.,-0.,-1.));
#15715 = DIRECTION('',(0.901030449374,-0.433755840654,0.));
#15716 = ADVANCED_FACE('',(#15717),#15728,.F.);
#15717 = FACE_BOUND('',#15718,.T.);
#15718 = EDGE_LOOP('',(#15719,#15720,#15721,#15727));
#15719 = ORIENTED_EDGE('',*,*,#15688,.T.);
#15720 = ORIENTED_EDGE('',*,*,#12796,.T.);
#15721 = ORIENTED_EDGE('',*,*,#15722,.F.);
#15722 = EDGE_CURVE('',#10725,#12788,#15723,.T.);
#15723 = LINE('',#15724,#15725);
#15724 = CARTESIAN_POINT('',(136.24179,-104.110455,0.));
#15725 = VECTOR('',#15726,1.);
#15726 = DIRECTION('',(0.,0.,1.));
#15727 = ORIENTED_EDGE('',*,*,#10733,.F.);
#15728 = CYLINDRICAL_SURFACE('',#15729,0.499999092786);
#15729 = AXIS2_PLACEMENT_3D('',#15730,#15731,#15732);
#15730 = CARTESIAN_POINT('',(135.98953160898,-103.6787551077,0.));
#15731 = DIRECTION('',(-0.,-0.,-1.));
#15732 = DIRECTION('',(-0.901030852831,0.43375500256,0.));
#15733 = ADVANCED_FACE('',(#15734),#15745,.T.);
#15734 = FACE_BOUND('',#15735,.T.);
#15735 = EDGE_LOOP('',(#15736,#15742,#15743,#15744));
#15736 = ORIENTED_EDGE('',*,*,#15737,.T.);
#15737 = EDGE_CURVE('',#10673,#12736,#15738,.T.);
#15738 = LINE('',#15739,#15740);
#15739 = CARTESIAN_POINT('',(138.9885,-101.839316,0.));
#15740 = VECTOR('',#15741,1.);
#15741 = DIRECTION('',(0.,0.,1.));
#15742 = ORIENTED_EDGE('',*,*,#12735,.T.);
#15743 = ORIENTED_EDGE('',*,*,#15703,.F.);
#15744 = ORIENTED_EDGE('',*,*,#10672,.F.);
#15745 = CYLINDRICAL_SURFACE('',#15746,0.499989885034);
#15746 = AXIS2_PLACEMENT_3D('',#15747,#15748,#15749);
#15747 = CARTESIAN_POINT('',(139.48848988503,-101.8393140791,0.));
#15748 = DIRECTION('',(0.,0.,-1.));
#15749 = DIRECTION('',(-0.999999999993,-3.841811392097E-06,-0.));
#15750 = ADVANCED_FACE('',(#15751),#15762,.T.);
#15751 = FACE_BOUND('',#15752,.T.);
#15752 = EDGE_LOOP('',(#15753,#15754,#15755,#15761));
#15753 = ORIENTED_EDGE('',*,*,#15722,.T.);
#15754 = ORIENTED_EDGE('',*,*,#12787,.T.);
#15755 = ORIENTED_EDGE('',*,*,#15756,.F.);
#15756 = EDGE_CURVE('',#10717,#12780,#15757,.T.);
#15757 = LINE('',#15758,#15759);
#15758 = CARTESIAN_POINT('',(136.494049,-104.042158,0.));
#15759 = VECTOR('',#15760,1.);
#15760 = DIRECTION('',(0.,0.,1.));
#15761 = ORIENTED_EDGE('',*,*,#10724,.F.);
#15762 = CYLINDRICAL_SURFACE('',#15763,0.500040834725);
#15763 = AXIS2_PLACEMENT_3D('',#15764,#15765,#15766);
#15764 = CARTESIAN_POINT('',(136.49405592637,-104.5421988346,0.));
#15765 = DIRECTION('',(0.,0.,-1.));
#15766 = DIRECTION('',(-0.50449065128,0.86341715455,0.));
#15767 = ADVANCED_FACE('',(#15768),#15779,.T.);
#15768 = FACE_BOUND('',#15769,.T.);
#15769 = EDGE_LOOP('',(#15770,#15776,#15777,#15778));
#15770 = ORIENTED_EDGE('',*,*,#15771,.T.);
#15771 = EDGE_CURVE('',#10682,#12745,#15772,.T.);
#15772 = LINE('',#15773,#15774);
#15773 = CARTESIAN_POINT('',(138.9885,-103.245,0.));
#15774 = VECTOR('',#15775,1.);
#15775 = DIRECTION('',(0.,0.,1.));
#15776 = ORIENTED_EDGE('',*,*,#12744,.T.);
#15777 = ORIENTED_EDGE('',*,*,#15737,.F.);
#15778 = ORIENTED_EDGE('',*,*,#10681,.F.);
#15779 = PLANE('',#15780);
#15780 = AXIS2_PLACEMENT_3D('',#15781,#15782,#15783);
#15781 = CARTESIAN_POINT('',(138.9885,-103.245,0.));
#15782 = DIRECTION('',(-1.,0.,0.));
#15783 = DIRECTION('',(0.,1.,0.));
#15784 = ADVANCED_FACE('',(#15785),#15796,.T.);
#15785 = FACE_BOUND('',#15786,.T.);
#15786 = EDGE_LOOP('',(#15787,#15788,#15789,#15795));
#15787 = ORIENTED_EDGE('',*,*,#15756,.T.);
#15788 = ORIENTED_EDGE('',*,*,#12779,.T.);
#15789 = ORIENTED_EDGE('',*,*,#15790,.F.);
#15790 = EDGE_CURVE('',#10708,#12771,#15791,.T.);
#15791 = LINE('',#15792,#15793);
#15792 = CARTESIAN_POINT('',(138.082953,-104.042158,0.));
#15793 = VECTOR('',#15794,1.);
#15794 = DIRECTION('',(0.,0.,1.));
#15795 = ORIENTED_EDGE('',*,*,#10716,.F.);
#15796 = PLANE('',#15797);
#15797 = AXIS2_PLACEMENT_3D('',#15798,#15799,#15800);
#15798 = CARTESIAN_POINT('',(136.494049,-104.042158,0.));
#15799 = DIRECTION('',(0.,1.,0.));
#15800 = DIRECTION('',(1.,0.,0.));
#15801 = ADVANCED_FACE('',(#15802),#15813,.T.);
#15802 = FACE_BOUND('',#15803,.T.);
#15803 = EDGE_LOOP('',(#15804,#15810,#15811,#15812));
#15804 = ORIENTED_EDGE('',*,*,#15805,.T.);
#15805 = EDGE_CURVE('',#10690,#12753,#15806,.T.);
#15806 = LINE('',#15807,#15808);
#15807 = CARTESIAN_POINT('',(139.037985,-103.461877,0.));
#15808 = VECTOR('',#15809,1.);
#15809 = DIRECTION('',(0.,0.,1.));
#15810 = ORIENTED_EDGE('',*,*,#12752,.T.);
#15811 = ORIENTED_EDGE('',*,*,#15771,.F.);
#15812 = ORIENTED_EDGE('',*,*,#10689,.F.);
#15813 = CYLINDRICAL_SURFACE('',#15814,0.49998122973);
#15814 = AXIS2_PLACEMENT_3D('',#15815,#15816,#15817);
#15815 = CARTESIAN_POINT('',(139.48848122972,-103.2450028957,0.));
#15816 = DIRECTION('',(0.,0.,-1.));
#15817 = DIRECTION('',(-0.901026284457,-0.433764492229,-0.));
#15818 = ADVANCED_FACE('',(#15819),#15830,.T.);
#15819 = FACE_BOUND('',#15820,.T.);
#15820 = EDGE_LOOP('',(#15821,#15822,#15823,#15829));
#15821 = ORIENTED_EDGE('',*,*,#15790,.T.);
#15822 = ORIENTED_EDGE('',*,*,#12770,.T.);
#15823 = ORIENTED_EDGE('',*,*,#15824,.F.);
#15824 = EDGE_CURVE('',#10699,#12762,#15825,.T.);
#15825 = LINE('',#15826,#15827);
#15826 = CARTESIAN_POINT('',(138.335212,-104.110457,0.));
#15827 = VECTOR('',#15828,1.);
#15828 = DIRECTION('',(0.,0.,1.));
#15829 = ORIENTED_EDGE('',*,*,#10707,.F.);
#15830 = CYLINDRICAL_SURFACE('',#15831,0.500008729226);
#15831 = AXIS2_PLACEMENT_3D('',#15832,#15833,#15834);
#15832 = CARTESIAN_POINT('',(138.08295134314,-104.5421667292,0.));
#15833 = DIRECTION('',(0.,0.,-1.));
#15834 = DIRECTION('',(3.313649260187E-06,0.999999999995,0.));
#15835 = ADVANCED_FACE('',(#15836),#15842,.F.);
#15836 = FACE_BOUND('',#15837,.T.);
#15837 = EDGE_LOOP('',(#15838,#15839,#15840,#15841));
#15838 = ORIENTED_EDGE('',*,*,#15824,.T.);
#15839 = ORIENTED_EDGE('',*,*,#12761,.T.);
#15840 = ORIENTED_EDGE('',*,*,#15805,.F.);
#15841 = ORIENTED_EDGE('',*,*,#10698,.F.);
#15842 = CYLINDRICAL_SURFACE('',#15843,0.499999755443);
#15843 = AXIS2_PLACEMENT_3D('',#15844,#15845,#15846);
#15844 = CARTESIAN_POINT('',(138.58747086309,-103.6787566161,0.));
#15845 = DIRECTION('',(-0.,-0.,-1.));
#15846 = DIRECTION('',(-0.50451797296,-0.863401190039,0.));
#15847 = ADVANCED_FACE('',(#15848),#15859,.F.);
#15848 = FACE_BOUND('',#15849,.T.);
#15849 = EDGE_LOOP('',(#15850,#15851,#15857,#15858));
#15850 = ORIENTED_EDGE('',*,*,#10768,.T.);
#15851 = ORIENTED_EDGE('',*,*,#15852,.T.);
#15852 = EDGE_CURVE('',#10769,#12832,#15853,.T.);
#15853 = LINE('',#15854,#15855);
#15854 = CARTESIAN_POINT('',(132.6685,-93.775,-4.6E-02));
#15855 = VECTOR('',#15856,1.);
#15856 = DIRECTION('',(0.,0.,1.));
#15857 = ORIENTED_EDGE('',*,*,#12831,.F.);
#15858 = ORIENTED_EDGE('',*,*,#15852,.F.);
#15859 = CYLINDRICAL_SURFACE('',#15860,0.85);
#15860 = AXIS2_PLACEMENT_3D('',#15861,#15862,#15863);
#15861 = CARTESIAN_POINT('',(132.6685,-92.925,-4.6E-02));
#15862 = DIRECTION('',(-0.,-0.,-1.));
#15863 = DIRECTION('',(-0.,-1.,0.));
#15864 = ADVANCED_FACE('',(#15865),#15876,.F.);
#15865 = FACE_BOUND('',#15866,.T.);
#15866 = EDGE_LOOP('',(#15867,#15868,#15874,#15875));
#15867 = ORIENTED_EDGE('',*,*,#10779,.T.);
#15868 = ORIENTED_EDGE('',*,*,#15869,.T.);
#15869 = EDGE_CURVE('',#10780,#12843,#15870,.T.);
#15870 = LINE('',#15871,#15872);
#15871 = CARTESIAN_POINT('',(121.2385,-88.595,-4.6E-02));
#15872 = VECTOR('',#15873,1.);
#15873 = DIRECTION('',(0.,0.,1.));
#15874 = ORIENTED_EDGE('',*,*,#12842,.F.);
#15875 = ORIENTED_EDGE('',*,*,#15869,.F.);
#15876 = CYLINDRICAL_SURFACE('',#15877,0.75);
#15877 = AXIS2_PLACEMENT_3D('',#15878,#15879,#15880);
#15878 = CARTESIAN_POINT('',(121.2385,-87.845,-4.6E-02));
#15879 = DIRECTION('',(-0.,-0.,-1.));
#15880 = DIRECTION('',(-0.,-1.,0.));
#15881 = ADVANCED_FACE('',(#15882),#15893,.F.);
#15882 = FACE_BOUND('',#15883,.T.);
#15883 = EDGE_LOOP('',(#15884,#15885,#15891,#15892));
#15884 = ORIENTED_EDGE('',*,*,#10790,.T.);
#15885 = ORIENTED_EDGE('',*,*,#15886,.T.);
#15886 = EDGE_CURVE('',#10791,#12854,#15887,.T.);
#15887 = LINE('',#15888,#15889);
#15888 = CARTESIAN_POINT('',(128.35,-90.9,-4.6E-02));
#15889 = VECTOR('',#15890,1.);
#15890 = DIRECTION('',(0.,0.,1.));
#15891 = ORIENTED_EDGE('',*,*,#12853,.F.);
#15892 = ORIENTED_EDGE('',*,*,#15886,.F.);
#15893 = CYLINDRICAL_SURFACE('',#15894,0.4);
#15894 = AXIS2_PLACEMENT_3D('',#15895,#15896,#15897);
#15895 = CARTESIAN_POINT('',(128.35,-90.5,-4.6E-02));
#15896 = DIRECTION('',(-0.,-0.,-1.));
#15897 = DIRECTION('',(-0.,-1.,0.));
#15898 = ADVANCED_FACE('',(#15899),#15910,.F.);
#15899 = FACE_BOUND('',#15900,.T.);
#15900 = EDGE_LOOP('',(#15901,#15902,#15908,#15909));
#15901 = ORIENTED_EDGE('',*,*,#10801,.T.);
#15902 = ORIENTED_EDGE('',*,*,#15903,.T.);
#15903 = EDGE_CURVE('',#10802,#12865,#15904,.T.);
#15904 = LINE('',#15905,#15906);
#15905 = CARTESIAN_POINT('',(133.9385,-91.135,-4.6E-02));
#15906 = VECTOR('',#15907,1.);
#15907 = DIRECTION('',(0.,0.,1.));
#15908 = ORIENTED_EDGE('',*,*,#12864,.F.);
#15909 = ORIENTED_EDGE('',*,*,#15903,.F.);
#15910 = CYLINDRICAL_SURFACE('',#15911,0.75);
#15911 = AXIS2_PLACEMENT_3D('',#15912,#15913,#15914);
#15912 = CARTESIAN_POINT('',(133.9385,-90.385,-4.6E-02));
#15913 = DIRECTION('',(-0.,-0.,-1.));
#15914 = DIRECTION('',(-0.,-1.,0.));
#15915 = ADVANCED_FACE('',(#15916),#15927,.F.);
#15916 = FACE_BOUND('',#15917,.T.);
#15917 = EDGE_LOOP('',(#15918,#15919,#15925,#15926));
#15918 = ORIENTED_EDGE('',*,*,#10812,.T.);
#15919 = ORIENTED_EDGE('',*,*,#15920,.T.);
#15920 = EDGE_CURVE('',#10813,#12876,#15921,.T.);
#15921 = LINE('',#15922,#15923);
#15922 = CARTESIAN_POINT('',(110.73,-80.1645,-4.6E-02));
#15923 = VECTOR('',#15924,1.);
#15924 = DIRECTION('',(0.,0.,1.));
#15925 = ORIENTED_EDGE('',*,*,#12875,.F.);
#15926 = ORIENTED_EDGE('',*,*,#15920,.F.);
#15927 = CYLINDRICAL_SURFACE('',#15928,0.4445);
#15928 = AXIS2_PLACEMENT_3D('',#15929,#15930,#15931);
#15929 = CARTESIAN_POINT('',(110.73,-79.72,-4.6E-02));
#15930 = DIRECTION('',(-0.,0.,-1.));
#15931 = DIRECTION('',(3.197042680585E-14,-1.,-0.));
#15932 = ADVANCED_FACE('',(#15933),#15944,.F.);
#15933 = FACE_BOUND('',#15934,.T.);
#15934 = EDGE_LOOP('',(#15935,#15936,#15942,#15943));
#15935 = ORIENTED_EDGE('',*,*,#10823,.T.);
#15936 = ORIENTED_EDGE('',*,*,#15937,.T.);
#15937 = EDGE_CURVE('',#10824,#12887,#15938,.T.);
#15938 = LINE('',#15939,#15940);
#15939 = CARTESIAN_POINT('',(110.73,-77.6245,-4.6E-02));
#15940 = VECTOR('',#15941,1.);
#15941 = DIRECTION('',(0.,0.,1.));
#15942 = ORIENTED_EDGE('',*,*,#12886,.F.);
#15943 = ORIENTED_EDGE('',*,*,#15937,.F.);
#15944 = CYLINDRICAL_SURFACE('',#15945,0.4445);
#15945 = AXIS2_PLACEMENT_3D('',#15946,#15947,#15948);
#15946 = CARTESIAN_POINT('',(110.73,-77.18,-4.6E-02));
#15947 = DIRECTION('',(-0.,0.,-1.));
#15948 = DIRECTION('',(3.197042680585E-14,-1.,-0.));
#15949 = ADVANCED_FACE('',(#15950),#15961,.F.);
#15950 = FACE_BOUND('',#15951,.T.);
#15951 = EDGE_LOOP('',(#15952,#15953,#15959,#15960));
#15952 = ORIENTED_EDGE('',*,*,#10834,.T.);
#15953 = ORIENTED_EDGE('',*,*,#15954,.T.);
#15954 = EDGE_CURVE('',#10835,#12898,#15955,.T.);
#15955 = LINE('',#15956,#15957);
#15956 = CARTESIAN_POINT('',(110.73,-75.0845,-4.6E-02));
#15957 = VECTOR('',#15958,1.);
#15958 = DIRECTION('',(0.,0.,1.));
#15959 = ORIENTED_EDGE('',*,*,#12897,.F.);
#15960 = ORIENTED_EDGE('',*,*,#15954,.F.);
#15961 = CYLINDRICAL_SURFACE('',#15962,0.4445);
#15962 = AXIS2_PLACEMENT_3D('',#15963,#15964,#15965);
#15963 = CARTESIAN_POINT('',(110.73,-74.64,-4.6E-02));
#15964 = DIRECTION('',(-0.,0.,-1.));
#15965 = DIRECTION('',(3.197042680585E-14,-1.,-0.));
#15966 = ADVANCED_FACE('',(#15967),#15978,.F.);
#15967 = FACE_BOUND('',#15968,.T.);
#15968 = EDGE_LOOP('',(#15969,#15970,#15976,#15977));
#15969 = ORIENTED_EDGE('',*,*,#10845,.T.);
#15970 = ORIENTED_EDGE('',*,*,#15971,.T.);
#15971 = EDGE_CURVE('',#10846,#12909,#15972,.T.);
#15972 = LINE('',#15973,#15974);
#15973 = CARTESIAN_POINT('',(110.73,-72.5445,-4.6E-02));
#15974 = VECTOR('',#15975,1.);
#15975 = DIRECTION('',(0.,0.,1.));
#15976 = ORIENTED_EDGE('',*,*,#12908,.F.);
#15977 = ORIENTED_EDGE('',*,*,#15971,.F.);
#15978 = CYLINDRICAL_SURFACE('',#15979,0.4445);
#15979 = AXIS2_PLACEMENT_3D('',#15980,#15981,#15982);
#15980 = CARTESIAN_POINT('',(110.73,-72.1,-4.6E-02));
#15981 = DIRECTION('',(-0.,0.,-1.));
#15982 = DIRECTION('',(3.197042680585E-14,-1.,-0.));
#15983 = ADVANCED_FACE('',(#15984),#15995,.F.);
#15984 = FACE_BOUND('',#15985,.T.);
#15985 = EDGE_LOOP('',(#15986,#15987,#15993,#15994));
#15986 = ORIENTED_EDGE('',*,*,#10856,.T.);
#15987 = ORIENTED_EDGE('',*,*,#15988,.T.);
#15988 = EDGE_CURVE('',#10857,#12920,#15989,.T.);
#15989 = LINE('',#15990,#15991);
#15990 = CARTESIAN_POINT('',(110.73,-70.0045,-4.6E-02));
#15991 = VECTOR('',#15992,1.);
#15992 = DIRECTION('',(0.,0.,1.));
#15993 = ORIENTED_EDGE('',*,*,#12919,.F.);
#15994 = ORIENTED_EDGE('',*,*,#15988,.F.);
#15995 = CYLINDRICAL_SURFACE('',#15996,0.4445);
#15996 = AXIS2_PLACEMENT_3D('',#15997,#15998,#15999);
#15997 = CARTESIAN_POINT('',(110.73,-69.56,-4.6E-02));
#15998 = DIRECTION('',(-0.,0.,-1.));
#15999 = DIRECTION('',(3.197042680585E-14,-1.,-0.));
#16000 = ADVANCED_FACE('',(#16001),#16012,.F.);
#16001 = FACE_BOUND('',#16002,.T.);
#16002 = EDGE_LOOP('',(#16003,#16004,#16010,#16011));
#16003 = ORIENTED_EDGE('',*,*,#10867,.T.);
#16004 = ORIENTED_EDGE('',*,*,#16005,.T.);
#16005 = EDGE_CURVE('',#10868,#12931,#16006,.T.);
#16006 = LINE('',#16007,#16008);
#16007 = CARTESIAN_POINT('',(104.65,-65.85,-4.6E-02));
#16008 = VECTOR('',#16009,1.);
#16009 = DIRECTION('',(0.,0.,1.));
#16010 = ORIENTED_EDGE('',*,*,#12930,.F.);
#16011 = ORIENTED_EDGE('',*,*,#16005,.F.);
#16012 = CYLINDRICAL_SURFACE('',#16013,1.6);
#16013 = AXIS2_PLACEMENT_3D('',#16014,#16015,#16016);
#16014 = CARTESIAN_POINT('',(104.65,-64.25,-4.6E-02));
#16015 = DIRECTION('',(-0.,-0.,-1.));
#16016 = DIRECTION('',(-0.,-1.,0.));
#16017 = ADVANCED_FACE('',(#16018),#16029,.F.);
#16018 = FACE_BOUND('',#16019,.T.);
#16019 = EDGE_LOOP('',(#16020,#16021,#16027,#16028));
#16020 = ORIENTED_EDGE('',*,*,#10878,.T.);
#16021 = ORIENTED_EDGE('',*,*,#16022,.T.);
#16022 = EDGE_CURVE('',#10879,#12942,#16023,.T.);
#16023 = LINE('',#16024,#16025);
#16024 = CARTESIAN_POINT('',(110.73,-67.4645,-4.6E-02));
#16025 = VECTOR('',#16026,1.);
#16026 = DIRECTION('',(0.,0.,1.));
#16027 = ORIENTED_EDGE('',*,*,#12941,.F.);
#16028 = ORIENTED_EDGE('',*,*,#16022,.F.);
#16029 = CYLINDRICAL_SURFACE('',#16030,0.4445);
#16030 = AXIS2_PLACEMENT_3D('',#16031,#16032,#16033);
#16031 = CARTESIAN_POINT('',(110.73,-67.02,-4.6E-02));
#16032 = DIRECTION('',(-0.,0.,-1.));
#16033 = DIRECTION('',(3.197042680585E-14,-1.,-0.));
#16034 = ADVANCED_FACE('',(#16035),#16046,.F.);
#16035 = FACE_BOUND('',#16036,.T.);
#16036 = EDGE_LOOP('',(#16037,#16038,#16044,#16045));
#16037 = ORIENTED_EDGE('',*,*,#10889,.T.);
#16038 = ORIENTED_EDGE('',*,*,#16039,.T.);
#16039 = EDGE_CURVE('',#10890,#12953,#16040,.T.);
#16040 = LINE('',#16041,#16042);
#16041 = CARTESIAN_POINT('',(110.73,-64.9245,-4.6E-02));
#16042 = VECTOR('',#16043,1.);
#16043 = DIRECTION('',(0.,0.,1.));
#16044 = ORIENTED_EDGE('',*,*,#12952,.F.);
#16045 = ORIENTED_EDGE('',*,*,#16039,.F.);
#16046 = CYLINDRICAL_SURFACE('',#16047,0.4445);
#16047 = AXIS2_PLACEMENT_3D('',#16048,#16049,#16050);
#16048 = CARTESIAN_POINT('',(110.73,-64.48,-4.6E-02));
#16049 = DIRECTION('',(-0.,0.,-1.));
#16050 = DIRECTION('',(3.197042680585E-14,-1.,-0.));
#16051 = ADVANCED_FACE('',(#16052),#16063,.F.);
#16052 = FACE_BOUND('',#16053,.T.);
#16053 = EDGE_LOOP('',(#16054,#16055,#16061,#16062));
#16054 = ORIENTED_EDGE('',*,*,#10900,.T.);
#16055 = ORIENTED_EDGE('',*,*,#16056,.T.);
#16056 = EDGE_CURVE('',#10901,#12964,#16057,.T.);
#16057 = LINE('',#16058,#16059);
#16058 = CARTESIAN_POINT('',(125.97,-80.1645,-4.6E-02));
#16059 = VECTOR('',#16060,1.);
#16060 = DIRECTION('',(0.,0.,1.));
#16061 = ORIENTED_EDGE('',*,*,#12963,.F.);
#16062 = ORIENTED_EDGE('',*,*,#16056,.F.);
#16063 = CYLINDRICAL_SURFACE('',#16064,0.4445);
#16064 = AXIS2_PLACEMENT_3D('',#16065,#16066,#16067);
#16065 = CARTESIAN_POINT('',(125.97,-79.72,-4.6E-02));
#16066 = DIRECTION('',(-0.,-0.,-1.));
#16067 = DIRECTION('',(-0.,-1.,0.));
#16068 = ADVANCED_FACE('',(#16069),#16080,.F.);
#16069 = FACE_BOUND('',#16070,.T.);
#16070 = EDGE_LOOP('',(#16071,#16072,#16078,#16079));
#16071 = ORIENTED_EDGE('',*,*,#10911,.T.);
#16072 = ORIENTED_EDGE('',*,*,#16073,.T.);
#16073 = EDGE_CURVE('',#10912,#12975,#16074,.T.);
#16074 = LINE('',#16075,#16076);
#16075 = CARTESIAN_POINT('',(125.97,-77.6245,-4.6E-02));
#16076 = VECTOR('',#16077,1.);
#16077 = DIRECTION('',(0.,0.,1.));
#16078 = ORIENTED_EDGE('',*,*,#12974,.F.);
#16079 = ORIENTED_EDGE('',*,*,#16073,.F.);
#16080 = CYLINDRICAL_SURFACE('',#16081,0.4445);
#16081 = AXIS2_PLACEMENT_3D('',#16082,#16083,#16084);
#16082 = CARTESIAN_POINT('',(125.97,-77.18,-4.6E-02));
#16083 = DIRECTION('',(-0.,-0.,-1.));
#16084 = DIRECTION('',(-0.,-1.,0.));
#16085 = ADVANCED_FACE('',(#16086),#16097,.F.);
#16086 = FACE_BOUND('',#16087,.T.);
#16087 = EDGE_LOOP('',(#16088,#16089,#16095,#16096));
#16088 = ORIENTED_EDGE('',*,*,#10922,.T.);
#16089 = ORIENTED_EDGE('',*,*,#16090,.T.);
#16090 = EDGE_CURVE('',#10923,#12986,#16091,.T.);
#16091 = LINE('',#16092,#16093);
#16092 = CARTESIAN_POINT('',(125.97,-75.0845,-4.6E-02));
#16093 = VECTOR('',#16094,1.);
#16094 = DIRECTION('',(0.,0.,1.));
#16095 = ORIENTED_EDGE('',*,*,#12985,.F.);
#16096 = ORIENTED_EDGE('',*,*,#16090,.F.);
#16097 = CYLINDRICAL_SURFACE('',#16098,0.4445);
#16098 = AXIS2_PLACEMENT_3D('',#16099,#16100,#16101);
#16099 = CARTESIAN_POINT('',(125.97,-74.64,-4.6E-02));
#16100 = DIRECTION('',(-0.,-0.,-1.));
#16101 = DIRECTION('',(-0.,-1.,0.));
#16102 = ADVANCED_FACE('',(#16103),#16114,.F.);
#16103 = FACE_BOUND('',#16104,.T.);
#16104 = EDGE_LOOP('',(#16105,#16106,#16112,#16113));
#16105 = ORIENTED_EDGE('',*,*,#10933,.T.);
#16106 = ORIENTED_EDGE('',*,*,#16107,.T.);
#16107 = EDGE_CURVE('',#10934,#12997,#16108,.T.);
#16108 = LINE('',#16109,#16110);
#16109 = CARTESIAN_POINT('',(134.23,-81.2,-4.6E-02));
#16110 = VECTOR('',#16111,1.);
#16111 = DIRECTION('',(0.,0.,1.));
#16112 = ORIENTED_EDGE('',*,*,#12996,.F.);
#16113 = ORIENTED_EDGE('',*,*,#16107,.F.);
#16114 = CYLINDRICAL_SURFACE('',#16115,0.4);
#16115 = AXIS2_PLACEMENT_3D('',#16116,#16117,#16118);
#16116 = CARTESIAN_POINT('',(134.23,-80.8,-4.6E-02));
#16117 = DIRECTION('',(-0.,-0.,-1.));
#16118 = DIRECTION('',(-7.105427357601E-14,-1.,0.));
#16119 = ADVANCED_FACE('',(#16120),#16131,.F.);
#16120 = FACE_BOUND('',#16121,.T.);
#16121 = EDGE_LOOP('',(#16122,#16123,#16129,#16130));
#16122 = ORIENTED_EDGE('',*,*,#10944,.T.);
#16123 = ORIENTED_EDGE('',*,*,#16124,.T.);
#16124 = EDGE_CURVE('',#10945,#13008,#16125,.T.);
#16125 = LINE('',#16126,#16127);
#16126 = CARTESIAN_POINT('',(134.23,-78.66,-4.6E-02));
#16127 = VECTOR('',#16128,1.);
#16128 = DIRECTION('',(0.,0.,1.));
#16129 = ORIENTED_EDGE('',*,*,#13007,.F.);
#16130 = ORIENTED_EDGE('',*,*,#16124,.F.);
#16131 = CYLINDRICAL_SURFACE('',#16132,0.4);
#16132 = AXIS2_PLACEMENT_3D('',#16133,#16134,#16135);
#16133 = CARTESIAN_POINT('',(134.23,-78.26,-4.6E-02));
#16134 = DIRECTION('',(-0.,-0.,-1.));
#16135 = DIRECTION('',(-7.105427357601E-14,-1.,0.));
#16136 = ADVANCED_FACE('',(#16137),#16148,.F.);
#16137 = FACE_BOUND('',#16138,.T.);
#16138 = EDGE_LOOP('',(#16139,#16140,#16146,#16147));
#16139 = ORIENTED_EDGE('',*,*,#10955,.T.);
#16140 = ORIENTED_EDGE('',*,*,#16141,.T.);
#16141 = EDGE_CURVE('',#10956,#13019,#16142,.T.);
#16142 = LINE('',#16143,#16144);
#16143 = CARTESIAN_POINT('',(134.23,-76.12,-4.6E-02));
#16144 = VECTOR('',#16145,1.);
#16145 = DIRECTION('',(0.,0.,1.));
#16146 = ORIENTED_EDGE('',*,*,#13018,.F.);
#16147 = ORIENTED_EDGE('',*,*,#16141,.F.);
#16148 = CYLINDRICAL_SURFACE('',#16149,0.4);
#16149 = AXIS2_PLACEMENT_3D('',#16150,#16151,#16152);
#16150 = CARTESIAN_POINT('',(134.23,-75.72,-4.6E-02));
#16151 = DIRECTION('',(-0.,-0.,-1.));
#16152 = DIRECTION('',(-7.105427357601E-14,-1.,0.));
#16153 = ADVANCED_FACE('',(#16154),#16165,.F.);
#16154 = FACE_BOUND('',#16155,.T.);
#16155 = EDGE_LOOP('',(#16156,#16157,#16163,#16164));
#16156 = ORIENTED_EDGE('',*,*,#10966,.T.);
#16157 = ORIENTED_EDGE('',*,*,#16158,.T.);
#16158 = EDGE_CURVE('',#10967,#13030,#16159,.T.);
#16159 = LINE('',#16160,#16161);
#16160 = CARTESIAN_POINT('',(134.23,-73.58,-4.6E-02));
#16161 = VECTOR('',#16162,1.);
#16162 = DIRECTION('',(0.,0.,1.));
#16163 = ORIENTED_EDGE('',*,*,#13029,.F.);
#16164 = ORIENTED_EDGE('',*,*,#16158,.F.);
#16165 = CYLINDRICAL_SURFACE('',#16166,0.4);
#16166 = AXIS2_PLACEMENT_3D('',#16167,#16168,#16169);
#16167 = CARTESIAN_POINT('',(134.23,-73.18,-4.6E-02));
#16168 = DIRECTION('',(-0.,-0.,-1.));
#16169 = DIRECTION('',(-7.105427357601E-14,-1.,0.));
#16170 = ADVANCED_FACE('',(#16171),#16182,.F.);
#16171 = FACE_BOUND('',#16172,.T.);
#16172 = EDGE_LOOP('',(#16173,#16174,#16180,#16181));
#16173 = ORIENTED_EDGE('',*,*,#10977,.T.);
#16174 = ORIENTED_EDGE('',*,*,#16175,.T.);
#16175 = EDGE_CURVE('',#10978,#13041,#16176,.T.);
#16176 = LINE('',#16177,#16178);
#16177 = CARTESIAN_POINT('',(125.97,-72.5445,-4.6E-02));
#16178 = VECTOR('',#16179,1.);
#16179 = DIRECTION('',(0.,0.,1.));
#16180 = ORIENTED_EDGE('',*,*,#13040,.F.);
#16181 = ORIENTED_EDGE('',*,*,#16175,.F.);
#16182 = CYLINDRICAL_SURFACE('',#16183,0.4445);
#16183 = AXIS2_PLACEMENT_3D('',#16184,#16185,#16186);
#16184 = CARTESIAN_POINT('',(125.97,-72.1,-4.6E-02));
#16185 = DIRECTION('',(-0.,-0.,-1.));
#16186 = DIRECTION('',(-0.,-1.,0.));
#16187 = ADVANCED_FACE('',(#16188),#16199,.F.);
#16188 = FACE_BOUND('',#16189,.T.);
#16189 = EDGE_LOOP('',(#16190,#16191,#16197,#16198));
#16190 = ORIENTED_EDGE('',*,*,#10988,.T.);
#16191 = ORIENTED_EDGE('',*,*,#16192,.T.);
#16192 = EDGE_CURVE('',#10989,#13052,#16193,.T.);
#16193 = LINE('',#16194,#16195);
#16194 = CARTESIAN_POINT('',(125.97,-70.0045,-4.6E-02));
#16195 = VECTOR('',#16196,1.);
#16196 = DIRECTION('',(0.,0.,1.));
#16197 = ORIENTED_EDGE('',*,*,#13051,.F.);
#16198 = ORIENTED_EDGE('',*,*,#16192,.F.);
#16199 = CYLINDRICAL_SURFACE('',#16200,0.4445);
#16200 = AXIS2_PLACEMENT_3D('',#16201,#16202,#16203);
#16201 = CARTESIAN_POINT('',(125.97,-69.56,-4.6E-02));
#16202 = DIRECTION('',(-0.,-0.,-1.));
#16203 = DIRECTION('',(-0.,-1.,0.));
#16204 = ADVANCED_FACE('',(#16205),#16216,.F.);
#16205 = FACE_BOUND('',#16206,.T.);
#16206 = EDGE_LOOP('',(#16207,#16208,#16214,#16215));
#16207 = ORIENTED_EDGE('',*,*,#10999,.T.);
#16208 = ORIENTED_EDGE('',*,*,#16209,.T.);
#16209 = EDGE_CURVE('',#11000,#13063,#16210,.T.);
#16210 = LINE('',#16211,#16212);
#16211 = CARTESIAN_POINT('',(125.97,-67.4645,-4.6E-02));
#16212 = VECTOR('',#16213,1.);
#16213 = DIRECTION('',(0.,0.,1.));
#16214 = ORIENTED_EDGE('',*,*,#13062,.F.);
#16215 = ORIENTED_EDGE('',*,*,#16209,.F.);
#16216 = CYLINDRICAL_SURFACE('',#16217,0.4445);
#16217 = AXIS2_PLACEMENT_3D('',#16218,#16219,#16220);
#16218 = CARTESIAN_POINT('',(125.97,-67.02,-4.6E-02));
#16219 = DIRECTION('',(-0.,-0.,-1.));
#16220 = DIRECTION('',(-0.,-1.,0.));
#16221 = ADVANCED_FACE('',(#16222),#16233,.F.);
#16222 = FACE_BOUND('',#16223,.T.);
#16223 = EDGE_LOOP('',(#16224,#16225,#16231,#16232));
#16224 = ORIENTED_EDGE('',*,*,#11010,.T.);
#16225 = ORIENTED_EDGE('',*,*,#16226,.T.);
#16226 = EDGE_CURVE('',#11011,#13074,#16227,.T.);
#16227 = LINE('',#16228,#16229);
#16228 = CARTESIAN_POINT('',(125.97,-64.9245,-4.6E-02));
#16229 = VECTOR('',#16230,1.);
#16230 = DIRECTION('',(0.,0.,1.));
#16231 = ORIENTED_EDGE('',*,*,#13073,.F.);
#16232 = ORIENTED_EDGE('',*,*,#16226,.F.);
#16233 = CYLINDRICAL_SURFACE('',#16234,0.4445);
#16234 = AXIS2_PLACEMENT_3D('',#16235,#16236,#16237);
#16235 = CARTESIAN_POINT('',(125.97,-64.48,-4.6E-02));
#16236 = DIRECTION('',(-0.,-0.,-1.));
#16237 = DIRECTION('',(-0.,-1.,0.));
#16238 = ADVANCED_FACE('',(#16239),#16250,.F.);
#16239 = FACE_BOUND('',#16240,.T.);
#16240 = EDGE_LOOP('',(#16241,#16242,#16248,#16249));
#16241 = ORIENTED_EDGE('',*,*,#11021,.T.);
#16242 = ORIENTED_EDGE('',*,*,#16243,.T.);
#16243 = EDGE_CURVE('',#11022,#13085,#16244,.T.);
#16244 = LINE('',#16245,#16246);
#16245 = CARTESIAN_POINT('',(134.23,-71.04,-4.6E-02));
#16246 = VECTOR('',#16247,1.);
#16247 = DIRECTION('',(0.,0.,1.));
#16248 = ORIENTED_EDGE('',*,*,#13084,.F.);
#16249 = ORIENTED_EDGE('',*,*,#16243,.F.);
#16250 = CYLINDRICAL_SURFACE('',#16251,0.4);
#16251 = AXIS2_PLACEMENT_3D('',#16252,#16253,#16254);
#16252 = CARTESIAN_POINT('',(134.23,-70.64,-4.6E-02));
#16253 = DIRECTION('',(-0.,-0.,-1.));
#16254 = DIRECTION('',(-7.105427357601E-14,-1.,0.));
#16255 = ADVANCED_FACE('',(#16256),#16267,.F.);
#16256 = FACE_BOUND('',#16257,.T.);
#16257 = EDGE_LOOP('',(#16258,#16259,#16265,#16266));
#16258 = ORIENTED_EDGE('',*,*,#11032,.T.);
#16259 = ORIENTED_EDGE('',*,*,#16260,.T.);
#16260 = EDGE_CURVE('',#11033,#13096,#16261,.T.);
#16261 = LINE('',#16262,#16263);
#16262 = CARTESIAN_POINT('',(134.23,-68.5,-4.6E-02));
#16263 = VECTOR('',#16264,1.);
#16264 = DIRECTION('',(0.,0.,1.));
#16265 = ORIENTED_EDGE('',*,*,#13095,.F.);
#16266 = ORIENTED_EDGE('',*,*,#16260,.F.);
#16267 = CYLINDRICAL_SURFACE('',#16268,0.4);
#16268 = AXIS2_PLACEMENT_3D('',#16269,#16270,#16271);
#16269 = CARTESIAN_POINT('',(134.23,-68.1,-4.6E-02));
#16270 = DIRECTION('',(-0.,-0.,-1.));
#16271 = DIRECTION('',(-7.105427357601E-14,-1.,0.));
#16272 = ADVANCED_FACE('',(#16273),#16284,.F.);
#16273 = FACE_BOUND('',#16274,.T.);
#16274 = EDGE_LOOP('',(#16275,#16276,#16282,#16283));
#16275 = ORIENTED_EDGE('',*,*,#11043,.T.);
#16276 = ORIENTED_EDGE('',*,*,#16277,.T.);
#16277 = EDGE_CURVE('',#11044,#13107,#16278,.T.);
#16278 = LINE('',#16279,#16280);
#16279 = CARTESIAN_POINT('',(134.23,-65.96,-4.6E-02));
#16280 = VECTOR('',#16281,1.);
#16281 = DIRECTION('',(0.,0.,1.));
#16282 = ORIENTED_EDGE('',*,*,#13106,.F.);
#16283 = ORIENTED_EDGE('',*,*,#16277,.F.);
#16284 = CYLINDRICAL_SURFACE('',#16285,0.4);
#16285 = AXIS2_PLACEMENT_3D('',#16286,#16287,#16288);
#16286 = CARTESIAN_POINT('',(134.23,-65.56,-4.6E-02));
#16287 = DIRECTION('',(-0.,-0.,-1.));
#16288 = DIRECTION('',(-7.105427357601E-14,-1.,0.));
#16289 = ADVANCED_FACE('',(#16290),#16301,.F.);
#16290 = FACE_BOUND('',#16291,.T.);
#16291 = EDGE_LOOP('',(#16292,#16293,#16299,#16300));
#16292 = ORIENTED_EDGE('',*,*,#11054,.T.);
#16293 = ORIENTED_EDGE('',*,*,#16294,.T.);
#16294 = EDGE_CURVE('',#11055,#13118,#16295,.T.);
#16295 = LINE('',#16296,#16297);
#16296 = CARTESIAN_POINT('',(137.7485,-94.925,-4.6E-02));
#16297 = VECTOR('',#16298,1.);
#16298 = DIRECTION('',(0.,0.,1.));
#16299 = ORIENTED_EDGE('',*,*,#13117,.F.);
#16300 = ORIENTED_EDGE('',*,*,#16294,.F.);
#16301 = CYLINDRICAL_SURFACE('',#16302,2.);
#16302 = AXIS2_PLACEMENT_3D('',#16303,#16304,#16305);
#16303 = CARTESIAN_POINT('',(137.7485,-92.925,-4.6E-02));
#16304 = DIRECTION('',(-0.,-0.,-1.));
#16305 = DIRECTION('',(-0.,-1.,0.));
#16306 = ADVANCED_FACE('',(#16307),#16318,.F.);
#16307 = FACE_BOUND('',#16308,.T.);
#16308 = EDGE_LOOP('',(#16309,#16310,#16316,#16317));
#16309 = ORIENTED_EDGE('',*,*,#11065,.T.);
#16310 = ORIENTED_EDGE('',*,*,#16311,.T.);
#16311 = EDGE_CURVE('',#11066,#13129,#16312,.T.);
#16312 = LINE('',#16313,#16314);
#16313 = CARTESIAN_POINT('',(142.8285,-93.775,-4.6E-02));
#16314 = VECTOR('',#16315,1.);
#16315 = DIRECTION('',(0.,0.,1.));
#16316 = ORIENTED_EDGE('',*,*,#13128,.F.);
#16317 = ORIENTED_EDGE('',*,*,#16311,.F.);
#16318 = CYLINDRICAL_SURFACE('',#16319,0.85);
#16319 = AXIS2_PLACEMENT_3D('',#16320,#16321,#16322);
#16320 = CARTESIAN_POINT('',(142.8285,-92.925,-4.6E-02));
#16321 = DIRECTION('',(-0.,-0.,-1.));
#16322 = DIRECTION('',(-3.343730521224E-14,-1.,0.));
#16323 = ADVANCED_FACE('',(#16324),#16335,.F.);
#16324 = FACE_BOUND('',#16325,.T.);
#16325 = EDGE_LOOP('',(#16326,#16327,#16333,#16334));
#16326 = ORIENTED_EDGE('',*,*,#11076,.T.);
#16327 = ORIENTED_EDGE('',*,*,#16328,.T.);
#16328 = EDGE_CURVE('',#11077,#13140,#16329,.T.);
#16329 = LINE('',#16330,#16331);
#16330 = CARTESIAN_POINT('',(151.7185,-93.775,-4.6E-02));
#16331 = VECTOR('',#16332,1.);
#16332 = DIRECTION('',(0.,0.,1.));
#16333 = ORIENTED_EDGE('',*,*,#13139,.F.);
#16334 = ORIENTED_EDGE('',*,*,#16328,.F.);
#16335 = CYLINDRICAL_SURFACE('',#16336,0.85);
#16336 = AXIS2_PLACEMENT_3D('',#16337,#16338,#16339);
#16337 = CARTESIAN_POINT('',(151.7185,-92.925,-4.6E-02));
#16338 = DIRECTION('',(-0.,-0.,-1.));
#16339 = DIRECTION('',(-0.,-1.,0.));
#16340 = ADVANCED_FACE('',(#16341),#16352,.F.);
#16341 = FACE_BOUND('',#16342,.T.);
#16342 = EDGE_LOOP('',(#16343,#16344,#16350,#16351));
#16343 = ORIENTED_EDGE('',*,*,#11087,.T.);
#16344 = ORIENTED_EDGE('',*,*,#16345,.T.);
#16345 = EDGE_CURVE('',#11088,#13151,#16346,.T.);
#16346 = LINE('',#16347,#16348);
#16347 = CARTESIAN_POINT('',(140.2885,-88.595,-4.6E-02));
#16348 = VECTOR('',#16349,1.);
#16349 = DIRECTION('',(0.,0.,1.));
#16350 = ORIENTED_EDGE('',*,*,#13150,.F.);
#16351 = ORIENTED_EDGE('',*,*,#16345,.F.);
#16352 = CYLINDRICAL_SURFACE('',#16353,0.75);
#16353 = AXIS2_PLACEMENT_3D('',#16354,#16355,#16356);
#16354 = CARTESIAN_POINT('',(140.2885,-87.845,-4.6E-02));
#16355 = DIRECTION('',(-0.,-0.,-1.));
#16356 = DIRECTION('',(-0.,-1.,0.));
#16357 = ADVANCED_FACE('',(#16358),#16369,.F.);
#16358 = FACE_BOUND('',#16359,.T.);
#16359 = EDGE_LOOP('',(#16360,#16361,#16367,#16368));
#16360 = ORIENTED_EDGE('',*,*,#11098,.T.);
#16361 = ORIENTED_EDGE('',*,*,#16362,.T.);
#16362 = EDGE_CURVE('',#11099,#13162,#16363,.T.);
#16363 = LINE('',#16364,#16365);
#16364 = CARTESIAN_POINT('',(147.05,-92.76,-4.6E-02));
#16365 = VECTOR('',#16366,1.);
#16366 = DIRECTION('',(0.,0.,1.));
#16367 = ORIENTED_EDGE('',*,*,#13161,.F.);
#16368 = ORIENTED_EDGE('',*,*,#16362,.F.);
#16369 = CYLINDRICAL_SURFACE('',#16370,0.4);
#16370 = AXIS2_PLACEMENT_3D('',#16371,#16372,#16373);
#16371 = CARTESIAN_POINT('',(147.05,-92.36,-4.6E-02));
#16372 = DIRECTION('',(-0.,-0.,-1.));
#16373 = DIRECTION('',(-0.,-1.,0.));
#16374 = ADVANCED_FACE('',(#16375),#16386,.F.);
#16375 = FACE_BOUND('',#16376,.T.);
#16376 = EDGE_LOOP('',(#16377,#16378,#16384,#16385));
#16377 = ORIENTED_EDGE('',*,*,#11109,.T.);
#16378 = ORIENTED_EDGE('',*,*,#16379,.T.);
#16379 = EDGE_CURVE('',#11110,#13173,#16380,.T.);
#16380 = LINE('',#16381,#16382);
#16381 = CARTESIAN_POINT('',(152.9885,-91.135,-4.6E-02));
#16382 = VECTOR('',#16383,1.);
#16383 = DIRECTION('',(0.,0.,1.));
#16384 = ORIENTED_EDGE('',*,*,#13172,.F.);
#16385 = ORIENTED_EDGE('',*,*,#16379,.F.);
#16386 = CYLINDRICAL_SURFACE('',#16387,0.75);
#16387 = AXIS2_PLACEMENT_3D('',#16388,#16389,#16390);
#16388 = CARTESIAN_POINT('',(152.9885,-90.385,-4.6E-02));
#16389 = DIRECTION('',(-0.,-0.,-1.));
#16390 = DIRECTION('',(-0.,-1.,0.));
#16391 = ADVANCED_FACE('',(#16392),#16403,.F.);
#16392 = FACE_BOUND('',#16393,.T.);
#16393 = EDGE_LOOP('',(#16394,#16395,#16401,#16402));
#16394 = ORIENTED_EDGE('',*,*,#11120,.T.);
#16395 = ORIENTED_EDGE('',*,*,#16396,.T.);
#16396 = EDGE_CURVE('',#11121,#13184,#16397,.T.);
#16397 = LINE('',#16398,#16399);
#16398 = CARTESIAN_POINT('',(147.05,-85.14,-4.6E-02));
#16399 = VECTOR('',#16400,1.);
#16400 = DIRECTION('',(0.,0.,1.));
#16401 = ORIENTED_EDGE('',*,*,#13183,.F.);
#16402 = ORIENTED_EDGE('',*,*,#16396,.F.);
#16403 = CYLINDRICAL_SURFACE('',#16404,0.4);
#16404 = AXIS2_PLACEMENT_3D('',#16405,#16406,#16407);
#16405 = CARTESIAN_POINT('',(147.05,-84.74,-4.6E-02));
#16406 = DIRECTION('',(-0.,-0.,-1.));
#16407 = DIRECTION('',(-0.,-1.,0.));
#16408 = ADVANCED_FACE('',(#16409),#16425,.F.);
#16409 = FACE_BOUND('',#16410,.T.);
#16410 = EDGE_LOOP('',(#16411,#16417,#16418,#16424));
#16411 = ORIENTED_EDGE('',*,*,#16412,.T.);
#16412 = EDGE_CURVE('',#11132,#13195,#16413,.T.);
#16413 = LINE('',#16414,#16415);
#16414 = CARTESIAN_POINT('',(155.491789,-100.926701,0.));
#16415 = VECTOR('',#16416,1.);
#16416 = DIRECTION('',(0.,0.,1.));
#16417 = ORIENTED_EDGE('',*,*,#13194,.T.);
#16418 = ORIENTED_EDGE('',*,*,#16419,.F.);
#16419 = EDGE_CURVE('',#11134,#13197,#16420,.T.);
#16420 = LINE('',#16421,#16422);
#16421 = CARTESIAN_POINT('',(154.789016,-101.57528,0.));
#16422 = VECTOR('',#16423,1.);
#16423 = DIRECTION('',(0.,0.,1.));
#16424 = ORIENTED_EDGE('',*,*,#11131,.F.);
#16425 = CYLINDRICAL_SURFACE('',#16426,0.499999729127);
#16426 = AXIS2_PLACEMENT_3D('',#16427,#16428,#16429);
#16427 = CARTESIAN_POINT('',(155.23953074567,-101.3584017091,0.));
#16428 = DIRECTION('',(-0.,-0.,-1.));
#16429 = DIRECTION('',(0.504516781969,0.863401885979,-0.));
#16430 = ADVANCED_FACE('',(#16431),#16442,.T.);
#16431 = FACE_BOUND('',#16432,.T.);
#16432 = EDGE_LOOP('',(#16433,#16439,#16440,#16441));
#16433 = ORIENTED_EDGE('',*,*,#16434,.T.);
#16434 = EDGE_CURVE('',#11143,#13206,#16435,.T.);
#16435 = LINE('',#16436,#16437);
#16436 = CARTESIAN_POINT('',(155.744048,-100.995001,0.));
#16437 = VECTOR('',#16438,1.);
#16438 = DIRECTION('',(0.,0.,1.));
#16439 = ORIENTED_EDGE('',*,*,#13205,.T.);
#16440 = ORIENTED_EDGE('',*,*,#16412,.F.);
#16441 = ORIENTED_EDGE('',*,*,#11142,.F.);
#16442 = CYLINDRICAL_SURFACE('',#16443,0.50002311711);
#16443 = AXIS2_PLACEMENT_3D('',#16444,#16445,#16446);
#16444 = CARTESIAN_POINT('',(155.74405526378,-100.4949778829,0.));
#16445 = DIRECTION('',(0.,0.,-1.));
#16446 = DIRECTION('',(-1.452689345975E-05,-0.999999999894,-0.));
#16447 = ADVANCED_FACE('',(#16448),#16459,.T.);
#16448 = FACE_BOUND('',#16449,.T.);
#16449 = EDGE_LOOP('',(#16450,#16451,#16452,#16458));
#16450 = ORIENTED_EDGE('',*,*,#16419,.T.);
#16451 = ORIENTED_EDGE('',*,*,#13327,.T.);
#16452 = ORIENTED_EDGE('',*,*,#16453,.F.);
#16453 = EDGE_CURVE('',#11257,#13320,#16454,.T.);
#16454 = LINE('',#16455,#16456);
#16455 = CARTESIAN_POINT('',(154.838501,-101.792158,0.));
#16456 = VECTOR('',#16457,1.);
#16457 = DIRECTION('',(0.,0.,1.));
#16458 = ORIENTED_EDGE('',*,*,#11264,.F.);
#16459 = CYLINDRICAL_SURFACE('',#16460,0.499989885034);
#16460 = AXIS2_PLACEMENT_3D('',#16461,#16462,#16463);
#16461 = CARTESIAN_POINT('',(154.33851111496,-101.7921560791,0.));
#16462 = DIRECTION('',(0.,0.,-1.));
#16463 = DIRECTION('',(0.901027997796,0.43376093322,0.));
#16464 = ADVANCED_FACE('',(#16465),#16476,.T.);
#16465 = FACE_BOUND('',#16466,.T.);
#16466 = EDGE_LOOP('',(#16467,#16473,#16474,#16475));
#16467 = ORIENTED_EDGE('',*,*,#16468,.T.);
#16468 = EDGE_CURVE('',#11152,#13215,#16469,.T.);
#16469 = LINE('',#16470,#16471);
#16470 = CARTESIAN_POINT('',(157.332953,-100.995001,0.));
#16471 = VECTOR('',#16472,1.);
#16472 = DIRECTION('',(0.,0.,1.));
#16473 = ORIENTED_EDGE('',*,*,#13214,.T.);
#16474 = ORIENTED_EDGE('',*,*,#16434,.F.);
#16475 = ORIENTED_EDGE('',*,*,#11151,.F.);
#16476 = PLANE('',#16477);
#16477 = AXIS2_PLACEMENT_3D('',#16478,#16479,#16480);
#16478 = CARTESIAN_POINT('',(157.332953,-100.995001,0.));
#16479 = DIRECTION('',(0.,-1.,0.));
#16480 = DIRECTION('',(-1.,0.,0.));
#16481 = ADVANCED_FACE('',(#16482),#16493,.T.);
#16482 = FACE_BOUND('',#16483,.T.);
#16483 = EDGE_LOOP('',(#16484,#16485,#16486,#16492));
#16484 = ORIENTED_EDGE('',*,*,#16453,.T.);
#16485 = ORIENTED_EDGE('',*,*,#13319,.T.);
#16486 = ORIENTED_EDGE('',*,*,#16487,.F.);
#16487 = EDGE_CURVE('',#11248,#13311,#16488,.T.);
#16488 = LINE('',#16489,#16490);
#16489 = CARTESIAN_POINT('',(154.838501,-103.197842,0.));
#16490 = VECTOR('',#16491,1.);
#16491 = DIRECTION('',(0.,0.,1.));
#16492 = ORIENTED_EDGE('',*,*,#11256,.F.);
#16493 = PLANE('',#16494);
#16494 = AXIS2_PLACEMENT_3D('',#16495,#16496,#16497);
#16495 = CARTESIAN_POINT('',(154.838501,-101.792158,0.));
#16496 = DIRECTION('',(1.,0.,-0.));
#16497 = DIRECTION('',(0.,-1.,0.));
#16498 = ADVANCED_FACE('',(#16499),#16510,.T.);
#16499 = FACE_BOUND('',#16500,.T.);
#16500 = EDGE_LOOP('',(#16501,#16507,#16508,#16509));
#16501 = ORIENTED_EDGE('',*,*,#16502,.T.);
#16502 = EDGE_CURVE('',#11160,#13223,#16503,.T.);
#16503 = LINE('',#16504,#16505);
#16504 = CARTESIAN_POINT('',(157.585211,-100.926702,0.));
#16505 = VECTOR('',#16506,1.);
#16506 = DIRECTION('',(0.,0.,1.));
#16507 = ORIENTED_EDGE('',*,*,#13222,.T.);
#16508 = ORIENTED_EDGE('',*,*,#16468,.F.);
#16509 = ORIENTED_EDGE('',*,*,#11159,.F.);
#16510 = CYLINDRICAL_SURFACE('',#16511,0.500008729288);
#16511 = AXIS2_PLACEMENT_3D('',#16512,#16513,#16514);
#16512 = CARTESIAN_POINT('',(157.33295034312,-100.4949922707,0.));
#16513 = DIRECTION('',(0.,0.,-1.));
#16514 = DIRECTION('',(0.504512505686,-0.863404384751,0.));
#16515 = ADVANCED_FACE('',(#16516),#16527,.T.);
#16516 = FACE_BOUND('',#16517,.T.);
#16517 = EDGE_LOOP('',(#16518,#16519,#16520,#16526));
#16518 = ORIENTED_EDGE('',*,*,#16487,.T.);
#16519 = ORIENTED_EDGE('',*,*,#13310,.T.);
#16520 = ORIENTED_EDGE('',*,*,#16521,.F.);
#16521 = EDGE_CURVE('',#11239,#13302,#16522,.T.);
#16522 = LINE('',#16523,#16524);
#16523 = CARTESIAN_POINT('',(154.789016,-103.41472,0.));
#16524 = VECTOR('',#16525,1.);
#16525 = DIRECTION('',(0.,0.,1.));
#16526 = ORIENTED_EDGE('',*,*,#11247,.F.);
#16527 = CYLINDRICAL_SURFACE('',#16528,0.499989885034);
#16528 = AXIS2_PLACEMENT_3D('',#16529,#16530,#16531);
#16529 = CARTESIAN_POINT('',(154.33851111496,-103.1978439208,0.));
#16530 = DIRECTION('',(0.,0.,-1.));
#16531 = DIRECTION('',(0.999999999993,3.841811392097E-06,0.));
#16532 = ADVANCED_FACE('',(#16533),#16544,.F.);
#16533 = FACE_BOUND('',#16534,.T.);
#16534 = EDGE_LOOP('',(#16535,#16541,#16542,#16543));
#16535 = ORIENTED_EDGE('',*,*,#16536,.T.);
#16536 = EDGE_CURVE('',#11169,#13232,#16537,.T.);
#16537 = LINE('',#16538,#16539);
#16538 = CARTESIAN_POINT('',(158.287984,-101.57528,0.));
#16539 = VECTOR('',#16540,1.);
#16540 = DIRECTION('',(0.,0.,1.));
#16541 = ORIENTED_EDGE('',*,*,#13231,.T.);
#16542 = ORIENTED_EDGE('',*,*,#16502,.F.);
#16543 = ORIENTED_EDGE('',*,*,#11168,.F.);
#16544 = CYLINDRICAL_SURFACE('',#16545,0.499999422661);
#16545 = AXIS2_PLACEMENT_3D('',#16546,#16547,#16548);
#16546 = CARTESIAN_POINT('',(157.83746929551,-101.35840233,0.));
#16547 = DIRECTION('',(-0.,-0.,-1.));
#16548 = DIRECTION('',(0.901030449374,-0.433755840654,0.));
#16549 = ADVANCED_FACE('',(#16550),#16561,.F.);
#16550 = FACE_BOUND('',#16551,.T.);
#16551 = EDGE_LOOP('',(#16552,#16553,#16554,#16560));
#16552 = ORIENTED_EDGE('',*,*,#16521,.T.);
#16553 = ORIENTED_EDGE('',*,*,#13301,.T.);
#16554 = ORIENTED_EDGE('',*,*,#16555,.F.);
#16555 = EDGE_CURVE('',#11230,#13293,#16556,.T.);
#16556 = LINE('',#16557,#16558);
#16557 = CARTESIAN_POINT('',(155.491789,-104.063297,0.));
#16558 = VECTOR('',#16559,1.);
#16559 = DIRECTION('',(0.,0.,1.));
#16560 = ORIENTED_EDGE('',*,*,#11238,.F.);
#16561 = CYLINDRICAL_SURFACE('',#16562,0.499999092786);
#16562 = AXIS2_PLACEMENT_3D('',#16563,#16564,#16565);
#16563 = CARTESIAN_POINT('',(155.23953060898,-103.6315971077,0.));
#16564 = DIRECTION('',(-0.,-0.,-1.));
#16565 = DIRECTION('',(-0.901030852831,0.43375500256,0.));
#16566 = ADVANCED_FACE('',(#16567),#16578,.T.);
#16567 = FACE_BOUND('',#16568,.T.);
#16568 = EDGE_LOOP('',(#16569,#16575,#16576,#16577));
#16569 = ORIENTED_EDGE('',*,*,#16570,.T.);
#16570 = EDGE_CURVE('',#11178,#13241,#16571,.T.);
#16571 = LINE('',#16572,#16573);
#16572 = CARTESIAN_POINT('',(158.238499,-101.792158,0.));
#16573 = VECTOR('',#16574,1.);
#16574 = DIRECTION('',(0.,0.,1.));
#16575 = ORIENTED_EDGE('',*,*,#13240,.T.);
#16576 = ORIENTED_EDGE('',*,*,#16536,.F.);
#16577 = ORIENTED_EDGE('',*,*,#11177,.F.);
#16578 = CYLINDRICAL_SURFACE('',#16579,0.499989885034);
#16579 = AXIS2_PLACEMENT_3D('',#16580,#16581,#16582);
#16580 = CARTESIAN_POINT('',(158.73848888503,-101.7921560791,0.));
#16581 = DIRECTION('',(0.,0.,-1.));
#16582 = DIRECTION('',(-0.999999999993,-3.841811392097E-06,-0.));
#16583 = ADVANCED_FACE('',(#16584),#16595,.T.);
#16584 = FACE_BOUND('',#16585,.T.);
#16585 = EDGE_LOOP('',(#16586,#16587,#16588,#16594));
#16586 = ORIENTED_EDGE('',*,*,#16555,.T.);
#16587 = ORIENTED_EDGE('',*,*,#13292,.T.);
#16588 = ORIENTED_EDGE('',*,*,#16589,.F.);
#16589 = EDGE_CURVE('',#11222,#13285,#16590,.T.);
#16590 = LINE('',#16591,#16592);
#16591 = CARTESIAN_POINT('',(155.744048,-103.995,0.));
#16592 = VECTOR('',#16593,1.);
#16593 = DIRECTION('',(0.,0.,1.));
#16594 = ORIENTED_EDGE('',*,*,#11229,.F.);
#16595 = CYLINDRICAL_SURFACE('',#16596,0.500040834725);
#16596 = AXIS2_PLACEMENT_3D('',#16597,#16598,#16599);
#16597 = CARTESIAN_POINT('',(155.74405492637,-104.4950408346,0.));
#16598 = DIRECTION('',(0.,0.,-1.));
#16599 = DIRECTION('',(-0.50449065128,0.86341715455,0.));
#16600 = ADVANCED_FACE('',(#16601),#16612,.T.);
#16601 = FACE_BOUND('',#16602,.T.);
#16602 = EDGE_LOOP('',(#16603,#16609,#16610,#16611));
#16603 = ORIENTED_EDGE('',*,*,#16604,.T.);
#16604 = EDGE_CURVE('',#11187,#13250,#16605,.T.);
#16605 = LINE('',#16606,#16607);
#16606 = CARTESIAN_POINT('',(158.238499,-103.197842,0.));
#16607 = VECTOR('',#16608,1.);
#16608 = DIRECTION('',(0.,0.,1.));
#16609 = ORIENTED_EDGE('',*,*,#13249,.T.);
#16610 = ORIENTED_EDGE('',*,*,#16570,.F.);
#16611 = ORIENTED_EDGE('',*,*,#11186,.F.);
#16612 = PLANE('',#16613);
#16613 = AXIS2_PLACEMENT_3D('',#16614,#16615,#16616);
#16614 = CARTESIAN_POINT('',(158.238499,-103.197842,0.));
#16615 = DIRECTION('',(-1.,0.,0.));
#16616 = DIRECTION('',(0.,1.,0.));
#16617 = ADVANCED_FACE('',(#16618),#16629,.T.);
#16618 = FACE_BOUND('',#16619,.T.);
#16619 = EDGE_LOOP('',(#16620,#16621,#16622,#16628));
#16620 = ORIENTED_EDGE('',*,*,#16589,.T.);
#16621 = ORIENTED_EDGE('',*,*,#13284,.T.);
#16622 = ORIENTED_EDGE('',*,*,#16623,.F.);
#16623 = EDGE_CURVE('',#11213,#13276,#16624,.T.);
#16624 = LINE('',#16625,#16626);
#16625 = CARTESIAN_POINT('',(157.332952,-103.995,0.));
#16626 = VECTOR('',#16627,1.);
#16627 = DIRECTION('',(0.,0.,1.));
#16628 = ORIENTED_EDGE('',*,*,#11221,.F.);
#16629 = PLANE('',#16630);
#16630 = AXIS2_PLACEMENT_3D('',#16631,#16632,#16633);
#16631 = CARTESIAN_POINT('',(155.744048,-103.995,0.));
#16632 = DIRECTION('',(0.,1.,0.));
#16633 = DIRECTION('',(1.,0.,0.));
#16634 = ADVANCED_FACE('',(#16635),#16646,.T.);
#16635 = FACE_BOUND('',#16636,.T.);
#16636 = EDGE_LOOP('',(#16637,#16643,#16644,#16645));
#16637 = ORIENTED_EDGE('',*,*,#16638,.T.);
#16638 = EDGE_CURVE('',#11195,#13258,#16639,.T.);
#16639 = LINE('',#16640,#16641);
#16640 = CARTESIAN_POINT('',(158.287984,-103.414719,0.));
#16641 = VECTOR('',#16642,1.);
#16642 = DIRECTION('',(0.,0.,1.));
#16643 = ORIENTED_EDGE('',*,*,#13257,.T.);
#16644 = ORIENTED_EDGE('',*,*,#16604,.F.);
#16645 = ORIENTED_EDGE('',*,*,#11194,.F.);
#16646 = CYLINDRICAL_SURFACE('',#16647,0.49998122973);
#16647 = AXIS2_PLACEMENT_3D('',#16648,#16649,#16650);
#16648 = CARTESIAN_POINT('',(158.73848022972,-103.1978448957,0.));
#16649 = DIRECTION('',(0.,0.,-1.));
#16650 = DIRECTION('',(-0.901026284457,-0.433764492229,-0.));
#16651 = ADVANCED_FACE('',(#16652),#16663,.T.);
#16652 = FACE_BOUND('',#16653,.T.);
#16653 = EDGE_LOOP('',(#16654,#16655,#16656,#16662));
#16654 = ORIENTED_EDGE('',*,*,#16623,.T.);
#16655 = ORIENTED_EDGE('',*,*,#13275,.T.);
#16656 = ORIENTED_EDGE('',*,*,#16657,.F.);
#16657 = EDGE_CURVE('',#11204,#13267,#16658,.T.);
#16658 = LINE('',#16659,#16660);
#16659 = CARTESIAN_POINT('',(157.585211,-104.063299,0.));
#16660 = VECTOR('',#16661,1.);
#16661 = DIRECTION('',(0.,0.,1.));
#16662 = ORIENTED_EDGE('',*,*,#11212,.F.);
#16663 = CYLINDRICAL_SURFACE('',#16664,0.500008729226);
#16664 = AXIS2_PLACEMENT_3D('',#16665,#16666,#16667);
#16665 = CARTESIAN_POINT('',(157.33295034314,-104.4950087292,0.));
#16666 = DIRECTION('',(0.,0.,-1.));
#16667 = DIRECTION('',(3.313649203346E-06,0.999999999995,0.));
#16668 = ADVANCED_FACE('',(#16669),#16675,.F.);
#16669 = FACE_BOUND('',#16670,.T.);
#16670 = EDGE_LOOP('',(#16671,#16672,#16673,#16674));
#16671 = ORIENTED_EDGE('',*,*,#16657,.T.);
#16672 = ORIENTED_EDGE('',*,*,#13266,.T.);
#16673 = ORIENTED_EDGE('',*,*,#16638,.F.);
#16674 = ORIENTED_EDGE('',*,*,#11203,.F.);
#16675 = CYLINDRICAL_SURFACE('',#16676,0.499999755443);
#16676 = AXIS2_PLACEMENT_3D('',#16677,#16678,#16679);
#16677 = CARTESIAN_POINT('',(157.83746986309,-103.6315986161,0.));
#16678 = DIRECTION('',(-0.,-0.,-1.));
#16679 = DIRECTION('',(-0.50451797296,-0.863401190039,0.));
#16680 = ADVANCED_FACE('',(#16681),#16692,.F.);
#16681 = FACE_BOUND('',#16682,.T.);
#16682 = EDGE_LOOP('',(#16683,#16684,#16690,#16691));
#16683 = ORIENTED_EDGE('',*,*,#11273,.T.);
#16684 = ORIENTED_EDGE('',*,*,#16685,.T.);
#16685 = EDGE_CURVE('',#11274,#13337,#16686,.T.);
#16686 = LINE('',#16687,#16688);
#16687 = CARTESIAN_POINT('',(156.7985,-94.925,-4.6E-02));
#16688 = VECTOR('',#16689,1.);
#16689 = DIRECTION('',(0.,0.,1.));
#16690 = ORIENTED_EDGE('',*,*,#13336,.F.);
#16691 = ORIENTED_EDGE('',*,*,#16685,.F.);
#16692 = CYLINDRICAL_SURFACE('',#16693,2.);
#16693 = AXIS2_PLACEMENT_3D('',#16694,#16695,#16696);
#16694 = CARTESIAN_POINT('',(156.7985,-92.925,-4.6E-02));
#16695 = DIRECTION('',(-0.,-0.,-1.));
#16696 = DIRECTION('',(-0.,-1.,0.));
#16697 = ADVANCED_FACE('',(#16698),#16709,.F.);
#16698 = FACE_BOUND('',#16699,.T.);
#16699 = EDGE_LOOP('',(#16700,#16701,#16707,#16708));
#16700 = ORIENTED_EDGE('',*,*,#11284,.T.);
#16701 = ORIENTED_EDGE('',*,*,#16702,.T.);
#16702 = EDGE_CURVE('',#11285,#13348,#16703,.T.);
#16703 = LINE('',#16704,#16705);
#16704 = CARTESIAN_POINT('',(161.8785,-93.775,-4.6E-02));
#16705 = VECTOR('',#16706,1.);
#16706 = DIRECTION('',(0.,0.,1.));
#16707 = ORIENTED_EDGE('',*,*,#13347,.F.);
#16708 = ORIENTED_EDGE('',*,*,#16702,.F.);
#16709 = CYLINDRICAL_SURFACE('',#16710,0.85);
#16710 = AXIS2_PLACEMENT_3D('',#16711,#16712,#16713);
#16711 = CARTESIAN_POINT('',(161.8785,-92.925,-4.6E-02));
#16712 = DIRECTION('',(-0.,-0.,-1.));
#16713 = DIRECTION('',(-0.,-1.,0.));
#16714 = ADVANCED_FACE('',(#16715),#16726,.F.);
#16715 = FACE_BOUND('',#16716,.T.);
#16716 = EDGE_LOOP('',(#16717,#16718,#16724,#16725));
#16717 = ORIENTED_EDGE('',*,*,#11295,.T.);
#16718 = ORIENTED_EDGE('',*,*,#16719,.T.);
#16719 = EDGE_CURVE('',#11296,#13359,#16720,.T.);
#16720 = LINE('',#16721,#16722);
#16721 = CARTESIAN_POINT('',(159.3385,-88.595,-4.6E-02));
#16722 = VECTOR('',#16723,1.);
#16723 = DIRECTION('',(0.,0.,1.));
#16724 = ORIENTED_EDGE('',*,*,#13358,.F.);
#16725 = ORIENTED_EDGE('',*,*,#16719,.F.);
#16726 = CYLINDRICAL_SURFACE('',#16727,0.75);
#16727 = AXIS2_PLACEMENT_3D('',#16728,#16729,#16730);
#16728 = CARTESIAN_POINT('',(159.3385,-87.845,-4.6E-02));
#16729 = DIRECTION('',(-0.,-0.,-1.));
#16730 = DIRECTION('',(-0.,-1.,0.));
#16731 = ADVANCED_FACE('',(#16732),#16743,.F.);
#16732 = FACE_BOUND('',#16733,.T.);
#16733 = EDGE_LOOP('',(#16734,#16735,#16741,#16742));
#16734 = ORIENTED_EDGE('',*,*,#11306,.T.);
#16735 = ORIENTED_EDGE('',*,*,#16736,.T.);
#16736 = EDGE_CURVE('',#11307,#13370,#16737,.T.);
#16737 = LINE('',#16738,#16739);
#16738 = CARTESIAN_POINT('',(141.85,-81.2,-4.6E-02));
#16739 = VECTOR('',#16740,1.);
#16740 = DIRECTION('',(0.,0.,1.));
#16741 = ORIENTED_EDGE('',*,*,#13369,.F.);
#16742 = ORIENTED_EDGE('',*,*,#16736,.F.);
#16743 = CYLINDRICAL_SURFACE('',#16744,0.4);
#16744 = AXIS2_PLACEMENT_3D('',#16745,#16746,#16747);
#16745 = CARTESIAN_POINT('',(141.85,-80.8,-4.6E-02));
#16746 = DIRECTION('',(-0.,-0.,-1.));
#16747 = DIRECTION('',(-0.,-1.,0.));
#16748 = ADVANCED_FACE('',(#16749),#16760,.F.);
#16749 = FACE_BOUND('',#16750,.T.);
#16750 = EDGE_LOOP('',(#16751,#16752,#16758,#16759));
#16751 = ORIENTED_EDGE('',*,*,#11317,.T.);
#16752 = ORIENTED_EDGE('',*,*,#16753,.T.);
#16753 = EDGE_CURVE('',#11318,#13381,#16754,.T.);
#16754 = LINE('',#16755,#16756);
#16755 = CARTESIAN_POINT('',(141.85,-78.66,-4.6E-02));
#16756 = VECTOR('',#16757,1.);
#16757 = DIRECTION('',(0.,0.,1.));
#16758 = ORIENTED_EDGE('',*,*,#13380,.F.);
#16759 = ORIENTED_EDGE('',*,*,#16753,.F.);
#16760 = CYLINDRICAL_SURFACE('',#16761,0.4);
#16761 = AXIS2_PLACEMENT_3D('',#16762,#16763,#16764);
#16762 = CARTESIAN_POINT('',(141.85,-78.26,-4.6E-02));
#16763 = DIRECTION('',(-0.,-0.,-1.));
#16764 = DIRECTION('',(-0.,-1.,0.));
#16765 = ADVANCED_FACE('',(#16766),#16777,.F.);
#16766 = FACE_BOUND('',#16767,.T.);
#16767 = EDGE_LOOP('',(#16768,#16769,#16775,#16776));
#16768 = ORIENTED_EDGE('',*,*,#11328,.T.);
#16769 = ORIENTED_EDGE('',*,*,#16770,.T.);
#16770 = EDGE_CURVE('',#11329,#13392,#16771,.T.);
#16771 = LINE('',#16772,#16773);
#16772 = CARTESIAN_POINT('',(141.85,-76.12,-4.6E-02));
#16773 = VECTOR('',#16774,1.);
#16774 = DIRECTION('',(0.,0.,1.));
#16775 = ORIENTED_EDGE('',*,*,#13391,.F.);
#16776 = ORIENTED_EDGE('',*,*,#16770,.F.);
#16777 = CYLINDRICAL_SURFACE('',#16778,0.4);
#16778 = AXIS2_PLACEMENT_3D('',#16779,#16780,#16781);
#16779 = CARTESIAN_POINT('',(141.85,-75.72,-4.6E-02));
#16780 = DIRECTION('',(-0.,-0.,-1.));
#16781 = DIRECTION('',(-0.,-1.,0.));
#16782 = ADVANCED_FACE('',(#16783),#16794,.F.);
#16783 = FACE_BOUND('',#16784,.T.);
#16784 = EDGE_LOOP('',(#16785,#16786,#16792,#16793));
#16785 = ORIENTED_EDGE('',*,*,#11339,.T.);
#16786 = ORIENTED_EDGE('',*,*,#16787,.T.);
#16787 = EDGE_CURVE('',#11340,#13403,#16788,.T.);
#16788 = LINE('',#16789,#16790);
#16789 = CARTESIAN_POINT('',(141.85,-73.58,-4.6E-02));
#16790 = VECTOR('',#16791,1.);
#16791 = DIRECTION('',(0.,0.,1.));
#16792 = ORIENTED_EDGE('',*,*,#13402,.F.);
#16793 = ORIENTED_EDGE('',*,*,#16787,.F.);
#16794 = CYLINDRICAL_SURFACE('',#16795,0.4);
#16795 = AXIS2_PLACEMENT_3D('',#16796,#16797,#16798);
#16796 = CARTESIAN_POINT('',(141.85,-73.18,-4.6E-02));
#16797 = DIRECTION('',(-0.,-0.,-1.));
#16798 = DIRECTION('',(-0.,-1.,0.));
#16799 = ADVANCED_FACE('',(#16800),#16811,.F.);
#16800 = FACE_BOUND('',#16801,.T.);
#16801 = EDGE_LOOP('',(#16802,#16803,#16809,#16810));
#16802 = ORIENTED_EDGE('',*,*,#11350,.T.);
#16803 = ORIENTED_EDGE('',*,*,#16804,.T.);
#16804 = EDGE_CURVE('',#11351,#13414,#16805,.T.);
#16805 = LINE('',#16806,#16807);
#16806 = CARTESIAN_POINT('',(147.05,-81.81,-4.6E-02));
#16807 = VECTOR('',#16808,1.);
#16808 = DIRECTION('',(0.,0.,1.));
#16809 = ORIENTED_EDGE('',*,*,#13413,.F.);
#16810 = ORIENTED_EDGE('',*,*,#16804,.F.);
#16811 = CYLINDRICAL_SURFACE('',#16812,0.4);
#16812 = AXIS2_PLACEMENT_3D('',#16813,#16814,#16815);
#16813 = CARTESIAN_POINT('',(147.05,-81.41,-4.6E-02));
#16814 = DIRECTION('',(-0.,-0.,-1.));
#16815 = DIRECTION('',(-0.,-1.,0.));
#16816 = ADVANCED_FACE('',(#16817),#16828,.F.);
#16817 = FACE_BOUND('',#16818,.T.);
#16818 = EDGE_LOOP('',(#16819,#16820,#16826,#16827));
#16819 = ORIENTED_EDGE('',*,*,#11361,.T.);
#16820 = ORIENTED_EDGE('',*,*,#16821,.T.);
#16821 = EDGE_CURVE('',#11362,#13425,#16822,.T.);
#16822 = LINE('',#16823,#16824);
#16823 = CARTESIAN_POINT('',(154.35,-81.8,-4.6E-02));
#16824 = VECTOR('',#16825,1.);
#16825 = DIRECTION('',(0.,0.,1.));
#16826 = ORIENTED_EDGE('',*,*,#13424,.F.);
#16827 = ORIENTED_EDGE('',*,*,#16821,.F.);
#16828 = CYLINDRICAL_SURFACE('',#16829,0.5);
#16829 = AXIS2_PLACEMENT_3D('',#16830,#16831,#16832);
#16830 = CARTESIAN_POINT('',(154.35,-81.3,-4.6E-02));
#16831 = DIRECTION('',(-0.,-0.,-1.));
#16832 = DIRECTION('',(-0.,-1.,0.));
#16833 = ADVANCED_FACE('',(#16834),#16845,.F.);
#16834 = FACE_BOUND('',#16835,.T.);
#16835 = EDGE_LOOP('',(#16836,#16837,#16843,#16844));
#16836 = ORIENTED_EDGE('',*,*,#11372,.T.);
#16837 = ORIENTED_EDGE('',*,*,#16838,.T.);
#16838 = EDGE_CURVE('',#11373,#13436,#16839,.T.);
#16839 = LINE('',#16840,#16841);
#16840 = CARTESIAN_POINT('',(147.05,-74.19,-4.6E-02));
#16841 = VECTOR('',#16842,1.);
#16842 = DIRECTION('',(0.,0.,1.));
#16843 = ORIENTED_EDGE('',*,*,#13435,.F.);
#16844 = ORIENTED_EDGE('',*,*,#16838,.F.);
#16845 = CYLINDRICAL_SURFACE('',#16846,0.4);
#16846 = AXIS2_PLACEMENT_3D('',#16847,#16848,#16849);
#16847 = CARTESIAN_POINT('',(147.05,-73.79,-4.6E-02));
#16848 = DIRECTION('',(-0.,-0.,-1.));
#16849 = DIRECTION('',(-0.,-1.,0.));
#16850 = ADVANCED_FACE('',(#16851),#16867,.F.);
#16851 = FACE_BOUND('',#16852,.T.);
#16852 = EDGE_LOOP('',(#16853,#16854,#16860,#16861));
#16853 = ORIENTED_EDGE('',*,*,#11383,.T.);
#16854 = ORIENTED_EDGE('',*,*,#16855,.T.);
#16855 = EDGE_CURVE('',#11386,#13449,#16856,.T.);
#16856 = LINE('',#16857,#16858);
#16857 = CARTESIAN_POINT('',(150.5,-74.95,-4.6E-02));
#16858 = VECTOR('',#16859,1.);
#16859 = DIRECTION('',(0.,0.,1.));
#16860 = ORIENTED_EDGE('',*,*,#13446,.F.);
#16861 = ORIENTED_EDGE('',*,*,#16862,.F.);
#16862 = EDGE_CURVE('',#11384,#13447,#16863,.T.);
#16863 = LINE('',#16864,#16865);
#16864 = CARTESIAN_POINT('',(152.,-74.95,-4.6E-02));
#16865 = VECTOR('',#16866,1.);
#16866 = DIRECTION('',(0.,0.,1.));
#16867 = CYLINDRICAL_SURFACE('',#16868,0.75);
#16868 = AXIS2_PLACEMENT_3D('',#16869,#16870,#16871);
#16869 = CARTESIAN_POINT('',(151.25,-74.95,-4.6E-02));
#16870 = DIRECTION('',(-0.,-0.,-1.));
#16871 = DIRECTION('',(-1.,0.,-0.));
#16872 = ADVANCED_FACE('',(#16873),#16884,.T.);
#16873 = FACE_BOUND('',#16874,.T.);
#16874 = EDGE_LOOP('',(#16875,#16876,#16877,#16878));
#16875 = ORIENTED_EDGE('',*,*,#11411,.T.);
#16876 = ORIENTED_EDGE('',*,*,#16862,.T.);
#16877 = ORIENTED_EDGE('',*,*,#13474,.F.);
#16878 = ORIENTED_EDGE('',*,*,#16879,.F.);
#16879 = EDGE_CURVE('',#11403,#13466,#16880,.T.);
#16880 = LINE('',#16881,#16882);
#16881 = CARTESIAN_POINT('',(152.,-73.65,-4.6E-02));
#16882 = VECTOR('',#16883,1.);
#16883 = DIRECTION('',(0.,0.,1.));
#16884 = PLANE('',#16885);
#16885 = AXIS2_PLACEMENT_3D('',#16886,#16887,#16888);
#16886 = CARTESIAN_POINT('',(152.,-74.95,-4.6E-02));
#16887 = DIRECTION('',(-1.,0.,0.));
#16888 = DIRECTION('',(0.,1.,0.));
#16889 = ADVANCED_FACE('',(#16890),#16901,.F.);
#16890 = FACE_BOUND('',#16891,.T.);
#16891 = EDGE_LOOP('',(#16892,#16893,#16894,#16895));
#16892 = ORIENTED_EDGE('',*,*,#11402,.T.);
#16893 = ORIENTED_EDGE('',*,*,#16879,.T.);
#16894 = ORIENTED_EDGE('',*,*,#13465,.F.);
#16895 = ORIENTED_EDGE('',*,*,#16896,.F.);
#16896 = EDGE_CURVE('',#11395,#13458,#16897,.T.);
#16897 = LINE('',#16898,#16899);
#16898 = CARTESIAN_POINT('',(150.5,-73.65,-4.6E-02));
#16899 = VECTOR('',#16900,1.);
#16900 = DIRECTION('',(0.,0.,1.));
#16901 = CYLINDRICAL_SURFACE('',#16902,0.75);
#16902 = AXIS2_PLACEMENT_3D('',#16903,#16904,#16905);
#16903 = CARTESIAN_POINT('',(151.25,-73.65,-4.6E-02));
#16904 = DIRECTION('',(-0.,-0.,-1.));
#16905 = DIRECTION('',(1.,0.,-0.));
#16906 = ADVANCED_FACE('',(#16907),#16913,.T.);
#16907 = FACE_BOUND('',#16908,.T.);
#16908 = EDGE_LOOP('',(#16909,#16910,#16911,#16912));
#16909 = ORIENTED_EDGE('',*,*,#11394,.T.);
#16910 = ORIENTED_EDGE('',*,*,#16896,.T.);
#16911 = ORIENTED_EDGE('',*,*,#13457,.F.);
#16912 = ORIENTED_EDGE('',*,*,#16855,.F.);
#16913 = PLANE('',#16914);
#16914 = AXIS2_PLACEMENT_3D('',#16915,#16916,#16917);
#16915 = CARTESIAN_POINT('',(150.5,-73.65,-4.6E-02));
#16916 = DIRECTION('',(1.,0.,-0.));
#16917 = DIRECTION('',(0.,-1.,0.));
#16918 = ADVANCED_FACE('',(#16919),#16930,.F.);
#16919 = FACE_BOUND('',#16920,.T.);
#16920 = EDGE_LOOP('',(#16921,#16922,#16928,#16929));
#16921 = ORIENTED_EDGE('',*,*,#11419,.T.);
#16922 = ORIENTED_EDGE('',*,*,#16923,.T.);
#16923 = EDGE_CURVE('',#11420,#13483,#16924,.T.);
#16924 = LINE('',#16925,#16926);
#16925 = CARTESIAN_POINT('',(141.85,-71.04,-4.6E-02));
#16926 = VECTOR('',#16927,1.);
#16927 = DIRECTION('',(0.,0.,1.));
#16928 = ORIENTED_EDGE('',*,*,#13482,.F.);
#16929 = ORIENTED_EDGE('',*,*,#16923,.F.);
#16930 = CYLINDRICAL_SURFACE('',#16931,0.4);
#16931 = AXIS2_PLACEMENT_3D('',#16932,#16933,#16934);
#16932 = CARTESIAN_POINT('',(141.85,-70.64,-4.6E-02));
#16933 = DIRECTION('',(-0.,-0.,-1.));
#16934 = DIRECTION('',(-0.,-1.,0.));
#16935 = ADVANCED_FACE('',(#16936),#16947,.F.);
#16936 = FACE_BOUND('',#16937,.T.);
#16937 = EDGE_LOOP('',(#16938,#16939,#16945,#16946));
#16938 = ORIENTED_EDGE('',*,*,#11430,.T.);
#16939 = ORIENTED_EDGE('',*,*,#16940,.T.);
#16940 = EDGE_CURVE('',#11431,#13494,#16941,.T.);
#16941 = LINE('',#16942,#16943);
#16942 = CARTESIAN_POINT('',(141.85,-68.5,-4.6E-02));
#16943 = VECTOR('',#16944,1.);
#16944 = DIRECTION('',(0.,0.,1.));
#16945 = ORIENTED_EDGE('',*,*,#13493,.F.);
#16946 = ORIENTED_EDGE('',*,*,#16940,.F.);
#16947 = CYLINDRICAL_SURFACE('',#16948,0.4);
#16948 = AXIS2_PLACEMENT_3D('',#16949,#16950,#16951);
#16949 = CARTESIAN_POINT('',(141.85,-68.1,-4.6E-02));
#16950 = DIRECTION('',(-0.,-0.,-1.));
#16951 = DIRECTION('',(-0.,-1.,0.));
#16952 = ADVANCED_FACE('',(#16953),#16964,.F.);
#16953 = FACE_BOUND('',#16954,.T.);
#16954 = EDGE_LOOP('',(#16955,#16956,#16962,#16963));
#16955 = ORIENTED_EDGE('',*,*,#11441,.T.);
#16956 = ORIENTED_EDGE('',*,*,#16957,.T.);
#16957 = EDGE_CURVE('',#11442,#13505,#16958,.T.);
#16958 = LINE('',#16959,#16960);
#16959 = CARTESIAN_POINT('',(141.85,-65.96,-4.6E-02));
#16960 = VECTOR('',#16961,1.);
#16961 = DIRECTION('',(0.,0.,1.));
#16962 = ORIENTED_EDGE('',*,*,#13504,.F.);
#16963 = ORIENTED_EDGE('',*,*,#16957,.F.);
#16964 = CYLINDRICAL_SURFACE('',#16965,0.4);
#16965 = AXIS2_PLACEMENT_3D('',#16966,#16967,#16968);
#16966 = CARTESIAN_POINT('',(141.85,-65.56,-4.6E-02));
#16967 = DIRECTION('',(-0.,-0.,-1.));
#16968 = DIRECTION('',(-0.,-1.,0.));
#16969 = ADVANCED_FACE('',(#16970),#16981,.F.);
#16970 = FACE_BOUND('',#16971,.T.);
#16971 = EDGE_LOOP('',(#16972,#16973,#16979,#16980));
#16972 = ORIENTED_EDGE('',*,*,#11452,.T.);
#16973 = ORIENTED_EDGE('',*,*,#16974,.T.);
#16974 = EDGE_CURVE('',#11453,#13516,#16975,.T.);
#16975 = LINE('',#16976,#16977);
#16976 = CARTESIAN_POINT('',(154.35,-67.3,-4.6E-02));
#16977 = VECTOR('',#16978,1.);
#16978 = DIRECTION('',(0.,0.,1.));
#16979 = ORIENTED_EDGE('',*,*,#13515,.F.);
#16980 = ORIENTED_EDGE('',*,*,#16974,.F.);
#16981 = CYLINDRICAL_SURFACE('',#16982,0.5);
#16982 = AXIS2_PLACEMENT_3D('',#16983,#16984,#16985);
#16983 = CARTESIAN_POINT('',(154.35,-66.8,-4.6E-02));
#16984 = DIRECTION('',(-0.,-0.,-1.));
#16985 = DIRECTION('',(-0.,-1.,0.));
#16986 = ADVANCED_FACE('',(#16987),#16998,.F.);
#16987 = FACE_BOUND('',#16988,.T.);
#16988 = EDGE_LOOP('',(#16989,#16990,#16996,#16997));
#16989 = ORIENTED_EDGE('',*,*,#11463,.T.);
#16990 = ORIENTED_EDGE('',*,*,#16991,.T.);
#16991 = EDGE_CURVE('',#11464,#13527,#16992,.T.);
#16992 = LINE('',#16993,#16994);
#16993 = CARTESIAN_POINT('',(159.35,-81.8,-4.6E-02));
#16994 = VECTOR('',#16995,1.);
#16995 = DIRECTION('',(0.,0.,1.));
#16996 = ORIENTED_EDGE('',*,*,#13526,.F.);
#16997 = ORIENTED_EDGE('',*,*,#16991,.F.);
#16998 = CYLINDRICAL_SURFACE('',#16999,0.5);
#16999 = AXIS2_PLACEMENT_3D('',#17000,#17001,#17002);
#17000 = CARTESIAN_POINT('',(159.35,-81.3,-4.6E-02));
#17001 = DIRECTION('',(-0.,-0.,-1.));
#17002 = DIRECTION('',(-0.,-1.,0.));
#17003 = ADVANCED_FACE('',(#17004),#17020,.F.);
#17004 = FACE_BOUND('',#17005,.T.);
#17005 = EDGE_LOOP('',(#17006,#17007,#17013,#17014));
#17006 = ORIENTED_EDGE('',*,*,#11474,.T.);
#17007 = ORIENTED_EDGE('',*,*,#17008,.T.);
#17008 = EDGE_CURVE('',#11477,#13540,#17009,.T.);
#17009 = LINE('',#17010,#17011);
#17010 = CARTESIAN_POINT('',(161.7,-74.95,-4.6E-02));
#17011 = VECTOR('',#17012,1.);
#17012 = DIRECTION('',(0.,0.,1.));
#17013 = ORIENTED_EDGE('',*,*,#13537,.F.);
#17014 = ORIENTED_EDGE('',*,*,#17015,.F.);
#17015 = EDGE_CURVE('',#11475,#13538,#17016,.T.);
#17016 = LINE('',#17017,#17018);
#17017 = CARTESIAN_POINT('',(163.2,-74.95,-4.6E-02));
#17018 = VECTOR('',#17019,1.);
#17019 = DIRECTION('',(0.,0.,1.));
#17020 = CYLINDRICAL_SURFACE('',#17021,0.75);
#17021 = AXIS2_PLACEMENT_3D('',#17022,#17023,#17024);
#17022 = CARTESIAN_POINT('',(162.45,-74.95,-4.6E-02));
#17023 = DIRECTION('',(-0.,-0.,-1.));
#17024 = DIRECTION('',(-1.,0.,-0.));
#17025 = ADVANCED_FACE('',(#17026),#17037,.T.);
#17026 = FACE_BOUND('',#17027,.T.);
#17027 = EDGE_LOOP('',(#17028,#17029,#17030,#17031));
#17028 = ORIENTED_EDGE('',*,*,#11502,.T.);
#17029 = ORIENTED_EDGE('',*,*,#17015,.T.);
#17030 = ORIENTED_EDGE('',*,*,#13565,.F.);
#17031 = ORIENTED_EDGE('',*,*,#17032,.F.);
#17032 = EDGE_CURVE('',#11494,#13557,#17033,.T.);
#17033 = LINE('',#17034,#17035);
#17034 = CARTESIAN_POINT('',(163.2,-73.65,-4.6E-02));
#17035 = VECTOR('',#17036,1.);
#17036 = DIRECTION('',(0.,0.,1.));
#17037 = PLANE('',#17038);
#17038 = AXIS2_PLACEMENT_3D('',#17039,#17040,#17041);
#17039 = CARTESIAN_POINT('',(163.2,-74.95,-4.6E-02));
#17040 = DIRECTION('',(-1.,0.,0.));
#17041 = DIRECTION('',(0.,1.,0.));
#17042 = ADVANCED_FACE('',(#17043),#17054,.F.);
#17043 = FACE_BOUND('',#17044,.T.);
#17044 = EDGE_LOOP('',(#17045,#17046,#17047,#17048));
#17045 = ORIENTED_EDGE('',*,*,#11493,.T.);
#17046 = ORIENTED_EDGE('',*,*,#17032,.T.);
#17047 = ORIENTED_EDGE('',*,*,#13556,.F.);
#17048 = ORIENTED_EDGE('',*,*,#17049,.F.);
#17049 = EDGE_CURVE('',#11486,#13549,#17050,.T.);
#17050 = LINE('',#17051,#17052);
#17051 = CARTESIAN_POINT('',(161.7,-73.65,-4.6E-02));
#17052 = VECTOR('',#17053,1.);
#17053 = DIRECTION('',(0.,0.,1.));
#17054 = CYLINDRICAL_SURFACE('',#17055,0.75);
#17055 = AXIS2_PLACEMENT_3D('',#17056,#17057,#17058);
#17056 = CARTESIAN_POINT('',(162.45,-73.65,-4.6E-02));
#17057 = DIRECTION('',(-0.,-0.,-1.));
#17058 = DIRECTION('',(1.,0.,-0.));
#17059 = ADVANCED_FACE('',(#17060),#17066,.T.);
#17060 = FACE_BOUND('',#17061,.T.);
#17061 = EDGE_LOOP('',(#17062,#17063,#17064,#17065));
#17062 = ORIENTED_EDGE('',*,*,#11485,.T.);
#17063 = ORIENTED_EDGE('',*,*,#17049,.T.);
#17064 = ORIENTED_EDGE('',*,*,#13548,.F.);
#17065 = ORIENTED_EDGE('',*,*,#17008,.F.);
#17066 = PLANE('',#17067);
#17067 = AXIS2_PLACEMENT_3D('',#17068,#17069,#17070);
#17068 = CARTESIAN_POINT('',(161.7,-73.65,-4.6E-02));
#17069 = DIRECTION('',(1.,0.,-0.));
#17070 = DIRECTION('',(0.,-1.,0.));
#17071 = ADVANCED_FACE('',(#17072),#17083,.F.);
#17072 = FACE_BOUND('',#17073,.T.);
#17073 = EDGE_LOOP('',(#17074,#17075,#17081,#17082));
#17074 = ORIENTED_EDGE('',*,*,#11510,.T.);
#17075 = ORIENTED_EDGE('',*,*,#17076,.T.);
#17076 = EDGE_CURVE('',#11511,#13574,#17077,.T.);
#17077 = LINE('',#17078,#17079);
#17078 = CARTESIAN_POINT('',(156.85,-67.3,-4.6E-02));
#17079 = VECTOR('',#17080,1.);
#17080 = DIRECTION('',(0.,0.,1.));
#17081 = ORIENTED_EDGE('',*,*,#13573,.F.);
#17082 = ORIENTED_EDGE('',*,*,#17076,.F.);
#17083 = CYLINDRICAL_SURFACE('',#17084,0.5);
#17084 = AXIS2_PLACEMENT_3D('',#17085,#17086,#17087);
#17085 = CARTESIAN_POINT('',(156.85,-66.8,-4.6E-02));
#17086 = DIRECTION('',(-0.,-0.,-1.));
#17087 = DIRECTION('',(-0.,-1.,0.));
#17088 = ADVANCED_FACE('',(#17089),#17100,.F.);
#17089 = FACE_BOUND('',#17090,.T.);
#17090 = EDGE_LOOP('',(#17091,#17092,#17098,#17099));
#17091 = ORIENTED_EDGE('',*,*,#11521,.T.);
#17092 = ORIENTED_EDGE('',*,*,#17093,.T.);
#17093 = EDGE_CURVE('',#11522,#13585,#17094,.T.);
#17094 = LINE('',#17095,#17096);
#17095 = CARTESIAN_POINT('',(159.35,-67.3,-4.6E-02));
#17096 = VECTOR('',#17097,1.);
#17097 = DIRECTION('',(0.,0.,1.));
#17098 = ORIENTED_EDGE('',*,*,#13584,.F.);
#17099 = ORIENTED_EDGE('',*,*,#17093,.F.);
#17100 = CYLINDRICAL_SURFACE('',#17101,0.5);
#17101 = AXIS2_PLACEMENT_3D('',#17102,#17103,#17104);
#17102 = CARTESIAN_POINT('',(159.35,-66.8,-4.6E-02));
#17103 = DIRECTION('',(-0.,-0.,-1.));
#17104 = DIRECTION('',(-0.,-1.,0.));
#17105 = ADVANCED_FACE('',(#17106),#17117,.F.);
#17106 = FACE_BOUND('',#17107,.T.);
#17107 = EDGE_LOOP('',(#17108,#17109,#17115,#17116));
#17108 = ORIENTED_EDGE('',*,*,#11532,.T.);
#17109 = ORIENTED_EDGE('',*,*,#17110,.T.);
#17110 = EDGE_CURVE('',#11533,#13596,#17111,.T.);
#17111 = LINE('',#17112,#17113);
#17112 = CARTESIAN_POINT('',(170.2,-65.85,-4.6E-02));
#17113 = VECTOR('',#17114,1.);
#17114 = DIRECTION('',(0.,0.,1.));
#17115 = ORIENTED_EDGE('',*,*,#13595,.F.);
#17116 = ORIENTED_EDGE('',*,*,#17110,.F.);
#17117 = CYLINDRICAL_SURFACE('',#17118,1.6);
#17118 = AXIS2_PLACEMENT_3D('',#17119,#17120,#17121);
#17119 = CARTESIAN_POINT('',(170.2,-64.25,-4.6E-02));
#17120 = DIRECTION('',(-0.,-0.,-1.));
#17121 = DIRECTION('',(-0.,-1.,0.));
#17122 = ( GEOMETRIC_REPRESENTATION_CONTEXT(3) 
GLOBAL_UNCERTAINTY_ASSIGNED_CONTEXT((#17126)) 
GLOBAL_UNIT_ASSIGNED_CONTEXT((#17123,#17124,#17125)) 
REPRESENTATION_CONTEXT('Context #1',
  '3D Context with UNIT and UNCERTAINTY') );
#17123 = ( LENGTH_UNIT() NAMED_UNIT(*) SI_UNIT(.MILLI.,.METRE.) );
#17124 = ( NAMED_UNIT(*) PLANE_ANGLE_UNIT() SI_UNIT($,.RADIAN.) );
#17125 = ( NAMED_UNIT(*) SI_UNIT($,.STERADIAN.) SOLID_ANGLE_UNIT() );
#17126 = UNCERTAINTY_MEASURE_WITH_UNIT(LENGTH_MEASURE(1.E-07),#17123,
  'distance_accuracy_value','confusion accuracy');
#17127 = CONTEXT_DEPENDENT_SHAPE_REPRESENTATION(#17128,#17130);
#17128 = ( REPRESENTATION_RELATIONSHIP('','',#9377,#10) 
REPRESENTATION_RELATIONSHIP_WITH_TRANSFORMATION(#17129) 
SHAPE_REPRESENTATION_RELATIONSHIP() );
#17129 = ITEM_DEFINED_TRANSFORMATION('','',#11,#83);
#17130 = PRODUCT_DEFINITION_SHAPE('Placement','Placement of an item',
  #17131);
#17131 = NEXT_ASSEMBLY_USAGE_OCCURRENCE('18','=>[0:1:1:5]','',#5,#9372,$
  );
#17132 = PRODUCT_RELATED_PRODUCT_CATEGORY('part',$,(#9374));
#17133 = MECHANICAL_DESIGN_GEOMETRIC_PRESENTATION_REPRESENTATION('',(
    #17134),#17122);
#17134 = STYLED_ITEM('color',(#17135),#9378);
#17135 = PRESENTATION_STYLE_ASSIGNMENT((#17136));
#17136 = SURFACE_STYLE_USAGE(.BOTH.,#17137);
#17137 = SURFACE_SIDE_STYLE('',(#17138));
#17138 = SURFACE_STYLE_FILL_AREA(#17139);
#17139 = FILL_AREA_STYLE('',(#17140));
#17140 = FILL_AREA_STYLE_COLOUR('',#17141);
#17141 = COLOUR_RGB('',0.313304153717,0.484529207832,0.410020903123);
#17142 = MECHANICAL_DESIGN_GEOMETRIC_PRESENTATION_REPRESENTATION('',(
    #17143,#17151,#17158,#17165,#17172,#17179,#17186,#17193,#17200,
    #17207,#17214,#17222,#17229,#17236,#17243,#17250,#17257,#17264,
    #17271,#17278,#17285,#17292,#17299,#17306,#17313,#17320,#17327,
    #17334),#8920);
#17143 = STYLED_ITEM('color',(#17144),#8068);
#17144 = PRESENTATION_STYLE_ASSIGNMENT((#17145));
#17145 = SURFACE_STYLE_USAGE(.BOTH.,#17146);
#17146 = SURFACE_SIDE_STYLE('',(#17147));
#17147 = SURFACE_STYLE_FILL_AREA(#17148);
#17148 = FILL_AREA_STYLE('',(#17149));
#17149 = FILL_AREA_STYLE_COLOUR('',#17150);
#17150 = COLOUR_RGB('',0.823999987314,0.819999987296,0.781000009244);
#17151 = STYLED_ITEM('color',(#17152),#8144);
#17152 = PRESENTATION_STYLE_ASSIGNMENT((#17153));
#17153 = SURFACE_STYLE_USAGE(.BOTH.,#17154);
#17154 = SURFACE_SIDE_STYLE('',(#17155));
#17155 = SURFACE_STYLE_FILL_AREA(#17156);
#17156 = FILL_AREA_STYLE('',(#17157));
#17157 = FILL_AREA_STYLE_COLOUR('',#17150);
#17158 = STYLED_ITEM('color',(#17159),#8175);
#17159 = PRESENTATION_STYLE_ASSIGNMENT((#17160));
#17160 = SURFACE_STYLE_USAGE(.BOTH.,#17161);
#17161 = SURFACE_SIDE_STYLE('',(#17162));
#17162 = SURFACE_STYLE_FILL_AREA(#17163);
#17163 = FILL_AREA_STYLE('',(#17164));
#17164 = FILL_AREA_STYLE_COLOUR('',#17150);
#17165 = STYLED_ITEM('color',(#17166),#8200);
#17166 = PRESENTATION_STYLE_ASSIGNMENT((#17167));
#17167 = SURFACE_STYLE_USAGE(.BOTH.,#17168);
#17168 = SURFACE_SIDE_STYLE('',(#17169));
#17169 = SURFACE_STYLE_FILL_AREA(#17170);
#17170 = FILL_AREA_STYLE('',(#17171));
#17171 = FILL_AREA_STYLE_COLOUR('',#17150);
#17172 = STYLED_ITEM('color',(#17173),#8225);
#17173 = PRESENTATION_STYLE_ASSIGNMENT((#17174));
#17174 = SURFACE_STYLE_USAGE(.BOTH.,#17175);
#17175 = SURFACE_SIDE_STYLE('',(#17176));
#17176 = SURFACE_STYLE_FILL_AREA(#17177);
#17177 = FILL_AREA_STYLE('',(#17178));
#17178 = FILL_AREA_STYLE_COLOUR('',#17150);
#17179 = STYLED_ITEM('color',(#17180),#8249);
#17180 = PRESENTATION_STYLE_ASSIGNMENT((#17181));
#17181 = SURFACE_STYLE_USAGE(.BOTH.,#17182);
#17182 = SURFACE_SIDE_STYLE('',(#17183));
#17183 = SURFACE_STYLE_FILL_AREA(#17184);
#17184 = FILL_AREA_STYLE('',(#17185));
#17185 = FILL_AREA_STYLE_COLOUR('',#17150);
#17186 = STYLED_ITEM('color',(#17187),#8273);
#17187 = PRESENTATION_STYLE_ASSIGNMENT((#17188));
#17188 = SURFACE_STYLE_USAGE(.BOTH.,#17189);
#17189 = SURFACE_SIDE_STYLE('',(#17190));
#17190 = SURFACE_STYLE_FILL_AREA(#17191);
#17191 = FILL_AREA_STYLE('',(#17192));
#17192 = FILL_AREA_STYLE_COLOUR('',#17150);
#17193 = STYLED_ITEM('color',(#17194),#8298);
#17194 = PRESENTATION_STYLE_ASSIGNMENT((#17195));
#17195 = SURFACE_STYLE_USAGE(.BOTH.,#17196);
#17196 = SURFACE_SIDE_STYLE('',(#17197));
#17197 = SURFACE_STYLE_FILL_AREA(#17198);
#17198 = FILL_AREA_STYLE('',(#17199));
#17199 = FILL_AREA_STYLE_COLOUR('',#17150);
#17200 = STYLED_ITEM('color',(#17201),#8323);
#17201 = PRESENTATION_STYLE_ASSIGNMENT((#17202));
#17202 = SURFACE_STYLE_USAGE(.BOTH.,#17203);
#17203 = SURFACE_SIDE_STYLE('',(#17204));
#17204 = SURFACE_STYLE_FILL_AREA(#17205);
#17205 = FILL_AREA_STYLE('',(#17206));
#17206 = FILL_AREA_STYLE_COLOUR('',#17150);
#17207 = STYLED_ITEM('color',(#17208),#8340);
#17208 = PRESENTATION_STYLE_ASSIGNMENT((#17209));
#17209 = SURFACE_STYLE_USAGE(.BOTH.,#17210);
#17210 = SURFACE_SIDE_STYLE('',(#17211));
#17211 = SURFACE_STYLE_FILL_AREA(#17212);
#17212 = FILL_AREA_STYLE('',(#17213));
#17213 = FILL_AREA_STYLE_COLOUR('',#17150);
#17214 = STYLED_ITEM('color',(#17215),#8426);
#17215 = PRESENTATION_STYLE_ASSIGNMENT((#17216));
#17216 = SURFACE_STYLE_USAGE(.BOTH.,#17217);
#17217 = SURFACE_SIDE_STYLE('',(#17218));
#17218 = SURFACE_STYLE_FILL_AREA(#17219);
#17219 = FILL_AREA_STYLE('',(#17220));
#17220 = FILL_AREA_STYLE_COLOUR('',#17221);
#17221 = COLOUR_RGB('',0.379000005575,0.270000008848,0.214999999939);
#17222 = STYLED_ITEM('color',(#17223),#8458);
#17223 = PRESENTATION_STYLE_ASSIGNMENT((#17224));
#17224 = SURFACE_STYLE_USAGE(.BOTH.,#17225);
#17225 = SURFACE_SIDE_STYLE('',(#17226));
#17226 = SURFACE_STYLE_FILL_AREA(#17227);
#17227 = FILL_AREA_STYLE('',(#17228));
#17228 = FILL_AREA_STYLE_COLOUR('',#17221);
#17229 = STYLED_ITEM('color',(#17230),#8482);
#17230 = PRESENTATION_STYLE_ASSIGNMENT((#17231));
#17231 = SURFACE_STYLE_USAGE(.BOTH.,#17232);
#17232 = SURFACE_SIDE_STYLE('',(#17233));
#17233 = SURFACE_STYLE_FILL_AREA(#17234);
#17234 = FILL_AREA_STYLE('',(#17235));
#17235 = FILL_AREA_STYLE_COLOUR('',#17221);
#17236 = STYLED_ITEM('color',(#17237),#8507);
#17237 = PRESENTATION_STYLE_ASSIGNMENT((#17238));
#17238 = SURFACE_STYLE_USAGE(.BOTH.,#17239);
#17239 = SURFACE_SIDE_STYLE('',(#17240));
#17240 = SURFACE_STYLE_FILL_AREA(#17241);
#17241 = FILL_AREA_STYLE('',(#17242));
#17242 = FILL_AREA_STYLE_COLOUR('',#17221);
#17243 = STYLED_ITEM('color',(#17244),#8531);
#17244 = PRESENTATION_STYLE_ASSIGNMENT((#17245));
#17245 = SURFACE_STYLE_USAGE(.BOTH.,#17246);
#17246 = SURFACE_SIDE_STYLE('',(#17247));
#17247 = SURFACE_STYLE_FILL_AREA(#17248);
#17248 = FILL_AREA_STYLE('',(#17249));
#17249 = FILL_AREA_STYLE_COLOUR('',#17221);
#17250 = STYLED_ITEM('color',(#17251),#8556);
#17251 = PRESENTATION_STYLE_ASSIGNMENT((#17252));
#17252 = SURFACE_STYLE_USAGE(.BOTH.,#17253);
#17253 = SURFACE_SIDE_STYLE('',(#17254));
#17254 = SURFACE_STYLE_FILL_AREA(#17255);
#17255 = FILL_AREA_STYLE('',(#17256));
#17256 = FILL_AREA_STYLE_COLOUR('',#17221);
#17257 = STYLED_ITEM('color',(#17258),#8580);
#17258 = PRESENTATION_STYLE_ASSIGNMENT((#17259));
#17259 = SURFACE_STYLE_USAGE(.BOTH.,#17260);
#17260 = SURFACE_SIDE_STYLE('',(#17261));
#17261 = SURFACE_STYLE_FILL_AREA(#17262);
#17262 = FILL_AREA_STYLE('',(#17263));
#17263 = FILL_AREA_STYLE_COLOUR('',#17221);
#17264 = STYLED_ITEM('color',(#17265),#8605);
#17265 = PRESENTATION_STYLE_ASSIGNMENT((#17266));
#17266 = SURFACE_STYLE_USAGE(.BOTH.,#17267);
#17267 = SURFACE_SIDE_STYLE('',(#17268));
#17268 = SURFACE_STYLE_FILL_AREA(#17269);
#17269 = FILL_AREA_STYLE('',(#17270));
#17270 = FILL_AREA_STYLE_COLOUR('',#17221);
#17271 = STYLED_ITEM('color',(#17272),#8622);
#17272 = PRESENTATION_STYLE_ASSIGNMENT((#17273));
#17273 = SURFACE_STYLE_USAGE(.BOTH.,#17274);
#17274 = SURFACE_SIDE_STYLE('',(#17275));
#17275 = SURFACE_STYLE_FILL_AREA(#17276);
#17276 = FILL_AREA_STYLE('',(#17277));
#17277 = FILL_AREA_STYLE_COLOUR('',#17150);
#17278 = STYLED_ITEM('color',(#17279),#8708);
#17279 = PRESENTATION_STYLE_ASSIGNMENT((#17280));
#17280 = SURFACE_STYLE_USAGE(.BOTH.,#17281);
#17281 = SURFACE_SIDE_STYLE('',(#17282));
#17282 = SURFACE_STYLE_FILL_AREA(#17283);
#17283 = FILL_AREA_STYLE('',(#17284));
#17284 = FILL_AREA_STYLE_COLOUR('',#17150);
#17285 = STYLED_ITEM('color',(#17286),#8739);
#17286 = PRESENTATION_STYLE_ASSIGNMENT((#17287));
#17287 = SURFACE_STYLE_USAGE(.BOTH.,#17288);
#17288 = SURFACE_SIDE_STYLE('',(#17289));
#17289 = SURFACE_STYLE_FILL_AREA(#17290);
#17290 = FILL_AREA_STYLE('',(#17291));
#17291 = FILL_AREA_STYLE_COLOUR('',#17150);
#17292 = STYLED_ITEM('color',(#17293),#8764);
#17293 = PRESENTATION_STYLE_ASSIGNMENT((#17294));
#17294 = SURFACE_STYLE_USAGE(.BOTH.,#17295);
#17295 = SURFACE_SIDE_STYLE('',(#17296));
#17296 = SURFACE_STYLE_FILL_AREA(#17297);
#17297 = FILL_AREA_STYLE('',(#17298));
#17298 = FILL_AREA_STYLE_COLOUR('',#17150);
#17299 = STYLED_ITEM('color',(#17300),#8789);
#17300 = PRESENTATION_STYLE_ASSIGNMENT((#17301));
#17301 = SURFACE_STYLE_USAGE(.BOTH.,#17302);
#17302 = SURFACE_SIDE_STYLE('',(#17303));
#17303 = SURFACE_STYLE_FILL_AREA(#17304);
#17304 = FILL_AREA_STYLE('',(#17305));
#17305 = FILL_AREA_STYLE_COLOUR('',#17150);
#17306 = STYLED_ITEM('color',(#17307),#8813);
#17307 = PRESENTATION_STYLE_ASSIGNMENT((#17308));
#17308 = SURFACE_STYLE_USAGE(.BOTH.,#17309);
#17309 = SURFACE_SIDE_STYLE('',(#17310));
#17310 = SURFACE_STYLE_FILL_AREA(#17311);
#17311 = FILL_AREA_STYLE('',(#17312));
#17312 = FILL_AREA_STYLE_COLOUR('',#17150);
#17313 = STYLED_ITEM('color',(#17314),#8837);
#17314 = PRESENTATION_STYLE_ASSIGNMENT((#17315));
#17315 = SURFACE_STYLE_USAGE(.BOTH.,#17316);
#17316 = SURFACE_SIDE_STYLE('',(#17317));
#17317 = SURFACE_STYLE_FILL_AREA(#17318);
#17318 = FILL_AREA_STYLE('',(#17319));
#17319 = FILL_AREA_STYLE_COLOUR('',#17150);
#17320 = STYLED_ITEM('color',(#17321),#8862);
#17321 = PRESENTATION_STYLE_ASSIGNMENT((#17322));
#17322 = SURFACE_STYLE_USAGE(.BOTH.,#17323);
#17323 = SURFACE_SIDE_STYLE('',(#17324));
#17324 = SURFACE_STYLE_FILL_AREA(#17325);
#17325 = FILL_AREA_STYLE('',(#17326));
#17326 = FILL_AREA_STYLE_COLOUR('',#17150);
#17327 = STYLED_ITEM('color',(#17328),#8887);
#17328 = PRESENTATION_STYLE_ASSIGNMENT((#17329));
#17329 = SURFACE_STYLE_USAGE(.BOTH.,#17330);
#17330 = SURFACE_SIDE_STYLE('',(#17331));
#17331 = SURFACE_STYLE_FILL_AREA(#17332);
#17332 = FILL_AREA_STYLE('',(#17333));
#17333 = FILL_AREA_STYLE_COLOUR('',#17150);
#17334 = STYLED_ITEM('color',(#17335),#8904);
#17335 = PRESENTATION_STYLE_ASSIGNMENT((#17336));
#17336 = SURFACE_STYLE_USAGE(.BOTH.,#17337);
#17337 = SURFACE_SIDE_STYLE('',(#17338));
#17338 = SURFACE_STYLE_FILL_AREA(#17339);
#17339 = FILL_AREA_STYLE('',(#17340));
#17340 = FILL_AREA_STYLE_COLOUR('',#17150);
#17341 = MECHANICAL_DESIGN_GEOMETRIC_PRESENTATION_REPRESENTATION('',(
    #17342,#17350,#17357,#17364,#17371,#17378,#17385,#17392,#17399,
    #17406,#17413,#17420,#17427,#17434,#17441,#17448,#17455,#17462,
    #17469,#17476,#17483,#17490,#17497,#17504,#17511,#17518,#17525,
    #17532,#17539,#17546,#17553,#17560,#17567,#17574,#17581,#17588,
    #17595,#17602,#17609,#17616,#17623,#17630,#17637,#17644,#17651,
    #17658,#17665,#17672,#17679,#17686,#17693,#17700,#17707,#17714,
    #17721,#17728,#17735,#17742,#17749,#17756,#17763,#17770,#17777,
    #17784,#17791,#17798,#17805,#17812,#17819,#17826,#17833,#17840,
    #17847,#17854,#17861,#17868,#17875,#17882,#17889,#17896,#17903,
    #17910,#17917,#17924,#17931,#17938,#17945,#17952,#17959,#17966,
    #17973,#17980,#17987,#17994,#18001,#18008,#18015,#18022,#18029,
    #18036,#18043,#18050,#18057,#18064,#18071,#18078,#18085,#18092,
    #18099,#18106,#18113,#18120,#18127,#18134,#18141,#18148,#18155,
    #18162,#18169,#18176,#18183,#18190,#18197,#18204,#18211,#18218,
    #18225,#18232,#18239,#18246,#18253,#18260,#18267,#18274,#18281,
    #18288,#18295,#18302,#18309,#18316,#18323,#18330,#18337,#18344,
    #18351,#18358,#18365,#18372,#18379,#18386,#18393,#18400,#18407,
    #18414,#18421,#18428,#18435,#18442,#18449,#18456,#18463,#18470,
    #18477,#18484,#18491,#18498,#18505,#18512,#18519,#18526,#18533,
    #18540,#18547,#18554,#18561,#18568,#18575,#18582,#18589,#18596,
    #18603,#18610,#18617,#18624,#18631,#18638,#18645,#18652,#18659,
    #18666,#18673,#18680,#18687,#18694,#18701,#18708,#18715,#18722,
    #18729,#18736,#18743,#18750,#18757,#18764,#18771,#18778,#18785,
    #18792,#18799,#18806,#18813,#18820,#18827,#18834,#18841,#18848,
    #18855,#18862,#18869,#18876,#18883,#18890,#18897,#18904,#18911,
    #18918,#18925,#18932,#18939,#18946,#18953,#18960,#18967,#18974,
    #18981,#18988,#18995,#19002,#19009,#19016,#19023,#19030,#19037,
    #19044,#19051,#19058,#19065,#19072,#19079,#19086),#8047);
#17342 = STYLED_ITEM('color',(#17343),#103);
#17343 = PRESENTATION_STYLE_ASSIGNMENT((#17344));
#17344 = SURFACE_STYLE_USAGE(.BOTH.,#17345);
#17345 = SURFACE_SIDE_STYLE('',(#17346));
#17346 = SURFACE_STYLE_FILL_AREA(#17347);
#17347 = FILL_AREA_STYLE('',(#17348));
#17348 = FILL_AREA_STYLE_COLOUR('',#17349);
#17349 = COLOUR_RGB('',0.147999998088,0.144999993226,0.144999993226);
#17350 = STYLED_ITEM('color',(#17351),#143);
#17351 = PRESENTATION_STYLE_ASSIGNMENT((#17352));
#17352 = SURFACE_STYLE_USAGE(.BOTH.,#17353);
#17353 = SURFACE_SIDE_STYLE('',(#17354));
#17354 = SURFACE_STYLE_FILL_AREA(#17355);
#17355 = FILL_AREA_STYLE('',(#17356));
#17356 = FILL_AREA_STYLE_COLOUR('',#17349);
#17357 = STYLED_ITEM('color',(#17358),#284);
#17358 = PRESENTATION_STYLE_ASSIGNMENT((#17359));
#17359 = SURFACE_STYLE_USAGE(.BOTH.,#17360);
#17360 = SURFACE_SIDE_STYLE('',(#17361));
#17361 = SURFACE_STYLE_FILL_AREA(#17362);
#17362 = FILL_AREA_STYLE('',(#17363));
#17363 = FILL_AREA_STYLE_COLOUR('',#17349);
#17364 = STYLED_ITEM('color',(#17365),#307);
#17365 = PRESENTATION_STYLE_ASSIGNMENT((#17366));
#17366 = SURFACE_STYLE_USAGE(.BOTH.,#17367);
#17367 = SURFACE_SIDE_STYLE('',(#17368));
#17368 = SURFACE_STYLE_FILL_AREA(#17369);
#17369 = FILL_AREA_STYLE('',(#17370));
#17370 = FILL_AREA_STYLE_COLOUR('',#17349);
#17371 = STYLED_ITEM('color',(#17372),#442);
#17372 = PRESENTATION_STYLE_ASSIGNMENT((#17373));
#17373 = SURFACE_STYLE_USAGE(.BOTH.,#17374);
#17374 = SURFACE_SIDE_STYLE('',(#17375));
#17375 = SURFACE_STYLE_FILL_AREA(#17376);
#17376 = FILL_AREA_STYLE('',(#17377));
#17377 = FILL_AREA_STYLE_COLOUR('',#17349);
#17378 = STYLED_ITEM('color',(#17379),#459);
#17379 = PRESENTATION_STYLE_ASSIGNMENT((#17380));
#17380 = SURFACE_STYLE_USAGE(.BOTH.,#17381);
#17381 = SURFACE_SIDE_STYLE('',(#17382));
#17382 = SURFACE_STYLE_FILL_AREA(#17383);
#17383 = FILL_AREA_STYLE('',(#17384));
#17384 = FILL_AREA_STYLE_COLOUR('',#17349);
#17385 = STYLED_ITEM('color',(#17386),#489);
#17386 = PRESENTATION_STYLE_ASSIGNMENT((#17387));
#17387 = SURFACE_STYLE_USAGE(.BOTH.,#17388);
#17388 = SURFACE_SIDE_STYLE('',(#17389));
#17389 = SURFACE_STYLE_FILL_AREA(#17390);
#17390 = FILL_AREA_STYLE('',(#17391));
#17391 = FILL_AREA_STYLE_COLOUR('',#17349);
#17392 = STYLED_ITEM('color',(#17393),#519);
#17393 = PRESENTATION_STYLE_ASSIGNMENT((#17394));
#17394 = SURFACE_STYLE_USAGE(.BOTH.,#17395);
#17395 = SURFACE_SIDE_STYLE('',(#17396));
#17396 = SURFACE_STYLE_FILL_AREA(#17397);
#17397 = FILL_AREA_STYLE('',(#17398));
#17398 = FILL_AREA_STYLE_COLOUR('',#17150);
#17399 = STYLED_ITEM('color',(#17400),#550);
#17400 = PRESENTATION_STYLE_ASSIGNMENT((#17401));
#17401 = SURFACE_STYLE_USAGE(.BOTH.,#17402);
#17402 = SURFACE_SIDE_STYLE('',(#17403));
#17403 = SURFACE_STYLE_FILL_AREA(#17404);
#17404 = FILL_AREA_STYLE('',(#17405));
#17405 = FILL_AREA_STYLE_COLOUR('',#17150);
#17406 = STYLED_ITEM('color',(#17407),#581);
#17407 = PRESENTATION_STYLE_ASSIGNMENT((#17408));
#17408 = SURFACE_STYLE_USAGE(.BOTH.,#17409);
#17409 = SURFACE_SIDE_STYLE('',(#17410));
#17410 = SURFACE_STYLE_FILL_AREA(#17411);
#17411 = FILL_AREA_STYLE('',(#17412));
#17412 = FILL_AREA_STYLE_COLOUR('',#17349);
#17413 = STYLED_ITEM('color',(#17414),#612);
#17414 = PRESENTATION_STYLE_ASSIGNMENT((#17415));
#17415 = SURFACE_STYLE_USAGE(.BOTH.,#17416);
#17416 = SURFACE_SIDE_STYLE('',(#17417));
#17417 = SURFACE_STYLE_FILL_AREA(#17418);
#17418 = FILL_AREA_STYLE('',(#17419));
#17419 = FILL_AREA_STYLE_COLOUR('',#17349);
#17420 = STYLED_ITEM('color',(#17421),#643);
#17421 = PRESENTATION_STYLE_ASSIGNMENT((#17422));
#17422 = SURFACE_STYLE_USAGE(.BOTH.,#17423);
#17423 = SURFACE_SIDE_STYLE('',(#17424));
#17424 = SURFACE_STYLE_FILL_AREA(#17425);
#17425 = FILL_AREA_STYLE('',(#17426));
#17426 = FILL_AREA_STYLE_COLOUR('',#17150);
#17427 = STYLED_ITEM('color',(#17428),#674);
#17428 = PRESENTATION_STYLE_ASSIGNMENT((#17429));
#17429 = SURFACE_STYLE_USAGE(.BOTH.,#17430);
#17430 = SURFACE_SIDE_STYLE('',(#17431));
#17431 = SURFACE_STYLE_FILL_AREA(#17432);
#17432 = FILL_AREA_STYLE('',(#17433));
#17433 = FILL_AREA_STYLE_COLOUR('',#17150);
#17434 = STYLED_ITEM('color',(#17435),#705);
#17435 = PRESENTATION_STYLE_ASSIGNMENT((#17436));
#17436 = SURFACE_STYLE_USAGE(.BOTH.,#17437);
#17437 = SURFACE_SIDE_STYLE('',(#17438));
#17438 = SURFACE_STYLE_FILL_AREA(#17439);
#17439 = FILL_AREA_STYLE('',(#17440));
#17440 = FILL_AREA_STYLE_COLOUR('',#17349);
#17441 = STYLED_ITEM('color',(#17442),#736);
#17442 = PRESENTATION_STYLE_ASSIGNMENT((#17443));
#17443 = SURFACE_STYLE_USAGE(.BOTH.,#17444);
#17444 = SURFACE_SIDE_STYLE('',(#17445));
#17445 = SURFACE_STYLE_FILL_AREA(#17446);
#17446 = FILL_AREA_STYLE('',(#17447));
#17447 = FILL_AREA_STYLE_COLOUR('',#17349);
#17448 = STYLED_ITEM('color',(#17449),#767);
#17449 = PRESENTATION_STYLE_ASSIGNMENT((#17450));
#17450 = SURFACE_STYLE_USAGE(.BOTH.,#17451);
#17451 = SURFACE_SIDE_STYLE('',(#17452));
#17452 = SURFACE_STYLE_FILL_AREA(#17453);
#17453 = FILL_AREA_STYLE('',(#17454));
#17454 = FILL_AREA_STYLE_COLOUR('',#17150);
#17455 = STYLED_ITEM('color',(#17456),#798);
#17456 = PRESENTATION_STYLE_ASSIGNMENT((#17457));
#17457 = SURFACE_STYLE_USAGE(.BOTH.,#17458);
#17458 = SURFACE_SIDE_STYLE('',(#17459));
#17459 = SURFACE_STYLE_FILL_AREA(#17460);
#17460 = FILL_AREA_STYLE('',(#17461));
#17461 = FILL_AREA_STYLE_COLOUR('',#17150);
#17462 = STYLED_ITEM('color',(#17463),#829);
#17463 = PRESENTATION_STYLE_ASSIGNMENT((#17464));
#17464 = SURFACE_STYLE_USAGE(.BOTH.,#17465);
#17465 = SURFACE_SIDE_STYLE('',(#17466));
#17466 = SURFACE_STYLE_FILL_AREA(#17467);
#17467 = FILL_AREA_STYLE('',(#17468));
#17468 = FILL_AREA_STYLE_COLOUR('',#17349);
#17469 = STYLED_ITEM('color',(#17470),#860);
#17470 = PRESENTATION_STYLE_ASSIGNMENT((#17471));
#17471 = SURFACE_STYLE_USAGE(.BOTH.,#17472);
#17472 = SURFACE_SIDE_STYLE('',(#17473));
#17473 = SURFACE_STYLE_FILL_AREA(#17474);
#17474 = FILL_AREA_STYLE('',(#17475));
#17475 = FILL_AREA_STYLE_COLOUR('',#17349);
#17476 = STYLED_ITEM('color',(#17477),#891);
#17477 = PRESENTATION_STYLE_ASSIGNMENT((#17478));
#17478 = SURFACE_STYLE_USAGE(.BOTH.,#17479);
#17479 = SURFACE_SIDE_STYLE('',(#17480));
#17480 = SURFACE_STYLE_FILL_AREA(#17481);
#17481 = FILL_AREA_STYLE('',(#17482));
#17482 = FILL_AREA_STYLE_COLOUR('',#17150);
#17483 = STYLED_ITEM('color',(#17484),#922);
#17484 = PRESENTATION_STYLE_ASSIGNMENT((#17485));
#17485 = SURFACE_STYLE_USAGE(.BOTH.,#17486);
#17486 = SURFACE_SIDE_STYLE('',(#17487));
#17487 = SURFACE_STYLE_FILL_AREA(#17488);
#17488 = FILL_AREA_STYLE('',(#17489));
#17489 = FILL_AREA_STYLE_COLOUR('',#17349);
#17490 = STYLED_ITEM('color',(#17491),#945);
#17491 = PRESENTATION_STYLE_ASSIGNMENT((#17492));
#17492 = SURFACE_STYLE_USAGE(.BOTH.,#17493);
#17493 = SURFACE_SIDE_STYLE('',(#17494));
#17494 = SURFACE_STYLE_FILL_AREA(#17495);
#17495 = FILL_AREA_STYLE('',(#17496));
#17496 = FILL_AREA_STYLE_COLOUR('',#17349);
#17497 = STYLED_ITEM('color',(#17498),#969);
#17498 = PRESENTATION_STYLE_ASSIGNMENT((#17499));
#17499 = SURFACE_STYLE_USAGE(.BOTH.,#17500);
#17500 = SURFACE_SIDE_STYLE('',(#17501));
#17501 = SURFACE_STYLE_FILL_AREA(#17502);
#17502 = FILL_AREA_STYLE('',(#17503));
#17503 = FILL_AREA_STYLE_COLOUR('',#17349);
#17504 = STYLED_ITEM('color',(#17505),#999);
#17505 = PRESENTATION_STYLE_ASSIGNMENT((#17506));
#17506 = SURFACE_STYLE_USAGE(.BOTH.,#17507);
#17507 = SURFACE_SIDE_STYLE('',(#17508));
#17508 = SURFACE_STYLE_FILL_AREA(#17509);
#17509 = FILL_AREA_STYLE('',(#17510));
#17510 = FILL_AREA_STYLE_COLOUR('',#17150);
#17511 = STYLED_ITEM('color',(#17512),#1030);
#17512 = PRESENTATION_STYLE_ASSIGNMENT((#17513));
#17513 = SURFACE_STYLE_USAGE(.BOTH.,#17514);
#17514 = SURFACE_SIDE_STYLE('',(#17515));
#17515 = SURFACE_STYLE_FILL_AREA(#17516);
#17516 = FILL_AREA_STYLE('',(#17517));
#17517 = FILL_AREA_STYLE_COLOUR('',#17150);
#17518 = STYLED_ITEM('color',(#17519),#1061);
#17519 = PRESENTATION_STYLE_ASSIGNMENT((#17520));
#17520 = SURFACE_STYLE_USAGE(.BOTH.,#17521);
#17521 = SURFACE_SIDE_STYLE('',(#17522));
#17522 = SURFACE_STYLE_FILL_AREA(#17523);
#17523 = FILL_AREA_STYLE('',(#17524));
#17524 = FILL_AREA_STYLE_COLOUR('',#17349);
#17525 = STYLED_ITEM('color',(#17526),#1092);
#17526 = PRESENTATION_STYLE_ASSIGNMENT((#17527));
#17527 = SURFACE_STYLE_USAGE(.BOTH.,#17528);
#17528 = SURFACE_SIDE_STYLE('',(#17529));
#17529 = SURFACE_STYLE_FILL_AREA(#17530);
#17530 = FILL_AREA_STYLE('',(#17531));
#17531 = FILL_AREA_STYLE_COLOUR('',#17349);
#17532 = STYLED_ITEM('color',(#17533),#1123);
#17533 = PRESENTATION_STYLE_ASSIGNMENT((#17534));
#17534 = SURFACE_STYLE_USAGE(.BOTH.,#17535);
#17535 = SURFACE_SIDE_STYLE('',(#17536));
#17536 = SURFACE_STYLE_FILL_AREA(#17537);
#17537 = FILL_AREA_STYLE('',(#17538));
#17538 = FILL_AREA_STYLE_COLOUR('',#17150);
#17539 = STYLED_ITEM('color',(#17540),#1154);
#17540 = PRESENTATION_STYLE_ASSIGNMENT((#17541));
#17541 = SURFACE_STYLE_USAGE(.BOTH.,#17542);
#17542 = SURFACE_SIDE_STYLE('',(#17543));
#17543 = SURFACE_STYLE_FILL_AREA(#17544);
#17544 = FILL_AREA_STYLE('',(#17545));
#17545 = FILL_AREA_STYLE_COLOUR('',#17150);
#17546 = STYLED_ITEM('color',(#17547),#1185);
#17547 = PRESENTATION_STYLE_ASSIGNMENT((#17548));
#17548 = SURFACE_STYLE_USAGE(.BOTH.,#17549);
#17549 = SURFACE_SIDE_STYLE('',(#17550));
#17550 = SURFACE_STYLE_FILL_AREA(#17551);
#17551 = FILL_AREA_STYLE('',(#17552));
#17552 = FILL_AREA_STYLE_COLOUR('',#17349);
#17553 = STYLED_ITEM('color',(#17554),#1216);
#17554 = PRESENTATION_STYLE_ASSIGNMENT((#17555));
#17555 = SURFACE_STYLE_USAGE(.BOTH.,#17556);
#17556 = SURFACE_SIDE_STYLE('',(#17557));
#17557 = SURFACE_STYLE_FILL_AREA(#17558);
#17558 = FILL_AREA_STYLE('',(#17559));
#17559 = FILL_AREA_STYLE_COLOUR('',#17349);
#17560 = STYLED_ITEM('color',(#17561),#1247);
#17561 = PRESENTATION_STYLE_ASSIGNMENT((#17562));
#17562 = SURFACE_STYLE_USAGE(.BOTH.,#17563);
#17563 = SURFACE_SIDE_STYLE('',(#17564));
#17564 = SURFACE_STYLE_FILL_AREA(#17565);
#17565 = FILL_AREA_STYLE('',(#17566));
#17566 = FILL_AREA_STYLE_COLOUR('',#17150);
#17567 = STYLED_ITEM('color',(#17568),#1278);
#17568 = PRESENTATION_STYLE_ASSIGNMENT((#17569));
#17569 = SURFACE_STYLE_USAGE(.BOTH.,#17570);
#17570 = SURFACE_SIDE_STYLE('',(#17571));
#17571 = SURFACE_STYLE_FILL_AREA(#17572);
#17572 = FILL_AREA_STYLE('',(#17573));
#17573 = FILL_AREA_STYLE_COLOUR('',#17150);
#17574 = STYLED_ITEM('color',(#17575),#1309);
#17575 = PRESENTATION_STYLE_ASSIGNMENT((#17576));
#17576 = SURFACE_STYLE_USAGE(.BOTH.,#17577);
#17577 = SURFACE_SIDE_STYLE('',(#17578));
#17578 = SURFACE_STYLE_FILL_AREA(#17579);
#17579 = FILL_AREA_STYLE('',(#17580));
#17580 = FILL_AREA_STYLE_COLOUR('',#17349);
#17581 = STYLED_ITEM('color',(#17582),#1340);
#17582 = PRESENTATION_STYLE_ASSIGNMENT((#17583));
#17583 = SURFACE_STYLE_USAGE(.BOTH.,#17584);
#17584 = SURFACE_SIDE_STYLE('',(#17585));
#17585 = SURFACE_STYLE_FILL_AREA(#17586);
#17586 = FILL_AREA_STYLE('',(#17587));
#17587 = FILL_AREA_STYLE_COLOUR('',#17349);
#17588 = STYLED_ITEM('color',(#17589),#1371);
#17589 = PRESENTATION_STYLE_ASSIGNMENT((#17590));
#17590 = SURFACE_STYLE_USAGE(.BOTH.,#17591);
#17591 = SURFACE_SIDE_STYLE('',(#17592));
#17592 = SURFACE_STYLE_FILL_AREA(#17593);
#17593 = FILL_AREA_STYLE('',(#17594));
#17594 = FILL_AREA_STYLE_COLOUR('',#17150);
#17595 = STYLED_ITEM('color',(#17596),#1402);
#17596 = PRESENTATION_STYLE_ASSIGNMENT((#17597));
#17597 = SURFACE_STYLE_USAGE(.BOTH.,#17598);
#17598 = SURFACE_SIDE_STYLE('',(#17599));
#17599 = SURFACE_STYLE_FILL_AREA(#17600);
#17600 = FILL_AREA_STYLE('',(#17601));
#17601 = FILL_AREA_STYLE_COLOUR('',#17349);
#17602 = STYLED_ITEM('color',(#17603),#1419);
#17603 = PRESENTATION_STYLE_ASSIGNMENT((#17604));
#17604 = SURFACE_STYLE_USAGE(.BOTH.,#17605);
#17605 = SURFACE_SIDE_STYLE('',(#17606));
#17606 = SURFACE_STYLE_FILL_AREA(#17607);
#17607 = FILL_AREA_STYLE('',(#17608));
#17608 = FILL_AREA_STYLE_COLOUR('',#17349);
#17609 = STYLED_ITEM('color',(#17610),#1449);
#17610 = PRESENTATION_STYLE_ASSIGNMENT((#17611));
#17611 = SURFACE_STYLE_USAGE(.BOTH.,#17612);
#17612 = SURFACE_SIDE_STYLE('',(#17613));
#17613 = SURFACE_STYLE_FILL_AREA(#17614);
#17614 = FILL_AREA_STYLE('',(#17615));
#17615 = FILL_AREA_STYLE_COLOUR('',#17150);
#17616 = STYLED_ITEM('color',(#17617),#1507);
#17617 = PRESENTATION_STYLE_ASSIGNMENT((#17618));
#17618 = SURFACE_STYLE_USAGE(.BOTH.,#17619);
#17619 = SURFACE_SIDE_STYLE('',(#17620));
#17620 = SURFACE_STYLE_FILL_AREA(#17621);
#17621 = FILL_AREA_STYLE('',(#17622));
#17622 = FILL_AREA_STYLE_COLOUR('',#17150);
#17623 = STYLED_ITEM('color',(#17624),#1565);
#17624 = PRESENTATION_STYLE_ASSIGNMENT((#17625));
#17625 = SURFACE_STYLE_USAGE(.BOTH.,#17626);
#17626 = SURFACE_SIDE_STYLE('',(#17627));
#17627 = SURFACE_STYLE_FILL_AREA(#17628);
#17628 = FILL_AREA_STYLE('',(#17629));
#17629 = FILL_AREA_STYLE_COLOUR('',#17349);
#17630 = STYLED_ITEM('color',(#17631),#1595);
#17631 = PRESENTATION_STYLE_ASSIGNMENT((#17632));
#17632 = SURFACE_STYLE_USAGE(.BOTH.,#17633);
#17633 = SURFACE_SIDE_STYLE('',(#17634));
#17634 = SURFACE_STYLE_FILL_AREA(#17635);
#17635 = FILL_AREA_STYLE('',(#17636));
#17636 = FILL_AREA_STYLE_COLOUR('',#17150);
#17637 = STYLED_ITEM('color',(#17638),#1653);
#17638 = PRESENTATION_STYLE_ASSIGNMENT((#17639));
#17639 = SURFACE_STYLE_USAGE(.BOTH.,#17640);
#17640 = SURFACE_SIDE_STYLE('',(#17641));
#17641 = SURFACE_STYLE_FILL_AREA(#17642);
#17642 = FILL_AREA_STYLE('',(#17643));
#17643 = FILL_AREA_STYLE_COLOUR('',#17150);
#17644 = STYLED_ITEM('color',(#17645),#1670);
#17645 = PRESENTATION_STYLE_ASSIGNMENT((#17646));
#17646 = SURFACE_STYLE_USAGE(.BOTH.,#17647);
#17647 = SURFACE_SIDE_STYLE('',(#17648));
#17648 = SURFACE_STYLE_FILL_AREA(#17649);
#17649 = FILL_AREA_STYLE('',(#17650));
#17650 = FILL_AREA_STYLE_COLOUR('',#17150);
#17651 = STYLED_ITEM('color',(#17652),#1695);
#17652 = PRESENTATION_STYLE_ASSIGNMENT((#17653));
#17653 = SURFACE_STYLE_USAGE(.BOTH.,#17654);
#17654 = SURFACE_SIDE_STYLE('',(#17655));
#17655 = SURFACE_STYLE_FILL_AREA(#17656);
#17656 = FILL_AREA_STYLE('',(#17657));
#17657 = FILL_AREA_STYLE_COLOUR('',#17150);
#17658 = STYLED_ITEM('color',(#17659),#1745);
#17659 = PRESENTATION_STYLE_ASSIGNMENT((#17660));
#17660 = SURFACE_STYLE_USAGE(.BOTH.,#17661);
#17661 = SURFACE_SIDE_STYLE('',(#17662));
#17662 = SURFACE_STYLE_FILL_AREA(#17663);
#17663 = FILL_AREA_STYLE('',(#17664));
#17664 = FILL_AREA_STYLE_COLOUR('',#17349);
#17665 = STYLED_ITEM('color',(#17666),#1776);
#17666 = PRESENTATION_STYLE_ASSIGNMENT((#17667));
#17667 = SURFACE_STYLE_USAGE(.BOTH.,#17668);
#17668 = SURFACE_SIDE_STYLE('',(#17669));
#17669 = SURFACE_STYLE_FILL_AREA(#17670);
#17670 = FILL_AREA_STYLE('',(#17671));
#17671 = FILL_AREA_STYLE_COLOUR('',#17150);
#17672 = STYLED_ITEM('color',(#17673),#1834);
#17673 = PRESENTATION_STYLE_ASSIGNMENT((#17674));
#17674 = SURFACE_STYLE_USAGE(.BOTH.,#17675);
#17675 = SURFACE_SIDE_STYLE('',(#17676));
#17676 = SURFACE_STYLE_FILL_AREA(#17677);
#17677 = FILL_AREA_STYLE('',(#17678));
#17678 = FILL_AREA_STYLE_COLOUR('',#17150);
#17679 = STYLED_ITEM('color',(#17680),#1892);
#17680 = PRESENTATION_STYLE_ASSIGNMENT((#17681));
#17681 = SURFACE_STYLE_USAGE(.BOTH.,#17682);
#17682 = SURFACE_SIDE_STYLE('',(#17683));
#17683 = SURFACE_STYLE_FILL_AREA(#17684);
#17684 = FILL_AREA_STYLE('',(#17685));
#17685 = FILL_AREA_STYLE_COLOUR('',#17349);
#17686 = STYLED_ITEM('color',(#17687),#1923);
#17687 = PRESENTATION_STYLE_ASSIGNMENT((#17688));
#17688 = SURFACE_STYLE_USAGE(.BOTH.,#17689);
#17689 = SURFACE_SIDE_STYLE('',(#17690));
#17690 = SURFACE_STYLE_FILL_AREA(#17691);
#17691 = FILL_AREA_STYLE('',(#17692));
#17692 = FILL_AREA_STYLE_COLOUR('',#17150);
#17693 = STYLED_ITEM('color',(#17694),#1981);
#17694 = PRESENTATION_STYLE_ASSIGNMENT((#17695));
#17695 = SURFACE_STYLE_USAGE(.BOTH.,#17696);
#17696 = SURFACE_SIDE_STYLE('',(#17697));
#17697 = SURFACE_STYLE_FILL_AREA(#17698);
#17698 = FILL_AREA_STYLE('',(#17699));
#17699 = FILL_AREA_STYLE_COLOUR('',#17150);
#17700 = STYLED_ITEM('color',(#17701),#1998);
#17701 = PRESENTATION_STYLE_ASSIGNMENT((#17702));
#17702 = SURFACE_STYLE_USAGE(.BOTH.,#17703);
#17703 = SURFACE_SIDE_STYLE('',(#17704));
#17704 = SURFACE_STYLE_FILL_AREA(#17705);
#17705 = FILL_AREA_STYLE('',(#17706));
#17706 = FILL_AREA_STYLE_COLOUR('',#17150);
#17707 = STYLED_ITEM('color',(#17708),#2023);
#17708 = PRESENTATION_STYLE_ASSIGNMENT((#17709));
#17709 = SURFACE_STYLE_USAGE(.BOTH.,#17710);
#17710 = SURFACE_SIDE_STYLE('',(#17711));
#17711 = SURFACE_STYLE_FILL_AREA(#17712);
#17712 = FILL_AREA_STYLE('',(#17713));
#17713 = FILL_AREA_STYLE_COLOUR('',#17150);
#17714 = STYLED_ITEM('color',(#17715),#2073);
#17715 = PRESENTATION_STYLE_ASSIGNMENT((#17716));
#17716 = SURFACE_STYLE_USAGE(.BOTH.,#17717);
#17717 = SURFACE_SIDE_STYLE('',(#17718));
#17718 = SURFACE_STYLE_FILL_AREA(#17719);
#17719 = FILL_AREA_STYLE('',(#17720));
#17720 = FILL_AREA_STYLE_COLOUR('',#17349);
#17721 = STYLED_ITEM('color',(#17722),#2104);
#17722 = PRESENTATION_STYLE_ASSIGNMENT((#17723));
#17723 = SURFACE_STYLE_USAGE(.BOTH.,#17724);
#17724 = SURFACE_SIDE_STYLE('',(#17725));
#17725 = SURFACE_STYLE_FILL_AREA(#17726);
#17726 = FILL_AREA_STYLE('',(#17727));
#17727 = FILL_AREA_STYLE_COLOUR('',#17150);
#17728 = STYLED_ITEM('color',(#17729),#2162);
#17729 = PRESENTATION_STYLE_ASSIGNMENT((#17730));
#17730 = SURFACE_STYLE_USAGE(.BOTH.,#17731);
#17731 = SURFACE_SIDE_STYLE('',(#17732));
#17732 = SURFACE_STYLE_FILL_AREA(#17733);
#17733 = FILL_AREA_STYLE('',(#17734));
#17734 = FILL_AREA_STYLE_COLOUR('',#17150);
#17735 = STYLED_ITEM('color',(#17736),#2220);
#17736 = PRESENTATION_STYLE_ASSIGNMENT((#17737));
#17737 = SURFACE_STYLE_USAGE(.BOTH.,#17738);
#17738 = SURFACE_SIDE_STYLE('',(#17739));
#17739 = SURFACE_STYLE_FILL_AREA(#17740);
#17740 = FILL_AREA_STYLE('',(#17741));
#17741 = FILL_AREA_STYLE_COLOUR('',#17349);
#17742 = STYLED_ITEM('color',(#17743),#2251);
#17743 = PRESENTATION_STYLE_ASSIGNMENT((#17744));
#17744 = SURFACE_STYLE_USAGE(.BOTH.,#17745);
#17745 = SURFACE_SIDE_STYLE('',(#17746));
#17746 = SURFACE_STYLE_FILL_AREA(#17747);
#17747 = FILL_AREA_STYLE('',(#17748));
#17748 = FILL_AREA_STYLE_COLOUR('',#17150);
#17749 = STYLED_ITEM('color',(#17750),#2309);
#17750 = PRESENTATION_STYLE_ASSIGNMENT((#17751));
#17751 = SURFACE_STYLE_USAGE(.BOTH.,#17752);
#17752 = SURFACE_SIDE_STYLE('',(#17753));
#17753 = SURFACE_STYLE_FILL_AREA(#17754);
#17754 = FILL_AREA_STYLE('',(#17755));
#17755 = FILL_AREA_STYLE_COLOUR('',#17150);
#17756 = STYLED_ITEM('color',(#17757),#2326);
#17757 = PRESENTATION_STYLE_ASSIGNMENT((#17758));
#17758 = SURFACE_STYLE_USAGE(.BOTH.,#17759);
#17759 = SURFACE_SIDE_STYLE('',(#17760));
#17760 = SURFACE_STYLE_FILL_AREA(#17761);
#17761 = FILL_AREA_STYLE('',(#17762));
#17762 = FILL_AREA_STYLE_COLOUR('',#17150);
#17763 = STYLED_ITEM('color',(#17764),#2351);
#17764 = PRESENTATION_STYLE_ASSIGNMENT((#17765));
#17765 = SURFACE_STYLE_USAGE(.BOTH.,#17766);
#17766 = SURFACE_SIDE_STYLE('',(#17767));
#17767 = SURFACE_STYLE_FILL_AREA(#17768);
#17768 = FILL_AREA_STYLE('',(#17769));
#17769 = FILL_AREA_STYLE_COLOUR('',#17150);
#17770 = STYLED_ITEM('color',(#17771),#2401);
#17771 = PRESENTATION_STYLE_ASSIGNMENT((#17772));
#17772 = SURFACE_STYLE_USAGE(.BOTH.,#17773);
#17773 = SURFACE_SIDE_STYLE('',(#17774));
#17774 = SURFACE_STYLE_FILL_AREA(#17775);
#17775 = FILL_AREA_STYLE('',(#17776));
#17776 = FILL_AREA_STYLE_COLOUR('',#17349);
#17777 = STYLED_ITEM('color',(#17778),#2432);
#17778 = PRESENTATION_STYLE_ASSIGNMENT((#17779));
#17779 = SURFACE_STYLE_USAGE(.BOTH.,#17780);
#17780 = SURFACE_SIDE_STYLE('',(#17781));
#17781 = SURFACE_STYLE_FILL_AREA(#17782);
#17782 = FILL_AREA_STYLE('',(#17783));
#17783 = FILL_AREA_STYLE_COLOUR('',#17150);
#17784 = STYLED_ITEM('color',(#17785),#2490);
#17785 = PRESENTATION_STYLE_ASSIGNMENT((#17786));
#17786 = SURFACE_STYLE_USAGE(.BOTH.,#17787);
#17787 = SURFACE_SIDE_STYLE('',(#17788));
#17788 = SURFACE_STYLE_FILL_AREA(#17789);
#17789 = FILL_AREA_STYLE('',(#17790));
#17790 = FILL_AREA_STYLE_COLOUR('',#17150);
#17791 = STYLED_ITEM('color',(#17792),#2548);
#17792 = PRESENTATION_STYLE_ASSIGNMENT((#17793));
#17793 = SURFACE_STYLE_USAGE(.BOTH.,#17794);
#17794 = SURFACE_SIDE_STYLE('',(#17795));
#17795 = SURFACE_STYLE_FILL_AREA(#17796);
#17796 = FILL_AREA_STYLE('',(#17797));
#17797 = FILL_AREA_STYLE_COLOUR('',#17349);
#17798 = STYLED_ITEM('color',(#17799),#2579);
#17799 = PRESENTATION_STYLE_ASSIGNMENT((#17800));
#17800 = SURFACE_STYLE_USAGE(.BOTH.,#17801);
#17801 = SURFACE_SIDE_STYLE('',(#17802));
#17802 = SURFACE_STYLE_FILL_AREA(#17803);
#17803 = FILL_AREA_STYLE('',(#17804));
#17804 = FILL_AREA_STYLE_COLOUR('',#17150);
#17805 = STYLED_ITEM('color',(#17806),#2596);
#17806 = PRESENTATION_STYLE_ASSIGNMENT((#17807));
#17807 = SURFACE_STYLE_USAGE(.BOTH.,#17808);
#17808 = SURFACE_SIDE_STYLE('',(#17809));
#17809 = SURFACE_STYLE_FILL_AREA(#17810);
#17810 = FILL_AREA_STYLE('',(#17811));
#17811 = FILL_AREA_STYLE_COLOUR('',#17349);
#17812 = STYLED_ITEM('color',(#17813),#2619);
#17813 = PRESENTATION_STYLE_ASSIGNMENT((#17814));
#17814 = SURFACE_STYLE_USAGE(.BOTH.,#17815);
#17815 = SURFACE_SIDE_STYLE('',(#17816));
#17816 = SURFACE_STYLE_FILL_AREA(#17817);
#17817 = FILL_AREA_STYLE('',(#17818));
#17818 = FILL_AREA_STYLE_COLOUR('',#17349);
#17819 = STYLED_ITEM('color',(#17820),#2643);
#17820 = PRESENTATION_STYLE_ASSIGNMENT((#17821));
#17821 = SURFACE_STYLE_USAGE(.BOTH.,#17822);
#17822 = SURFACE_SIDE_STYLE('',(#17823));
#17823 = SURFACE_STYLE_FILL_AREA(#17824);
#17824 = FILL_AREA_STYLE('',(#17825));
#17825 = FILL_AREA_STYLE_COLOUR('',#17150);
#17826 = STYLED_ITEM('color',(#17827),#2701);
#17827 = PRESENTATION_STYLE_ASSIGNMENT((#17828));
#17828 = SURFACE_STYLE_USAGE(.BOTH.,#17829);
#17829 = SURFACE_SIDE_STYLE('',(#17830));
#17830 = SURFACE_STYLE_FILL_AREA(#17831);
#17831 = FILL_AREA_STYLE('',(#17832));
#17832 = FILL_AREA_STYLE_COLOUR('',#17150);
#17833 = STYLED_ITEM('color',(#17834),#2759);
#17834 = PRESENTATION_STYLE_ASSIGNMENT((#17835));
#17835 = SURFACE_STYLE_USAGE(.BOTH.,#17836);
#17836 = SURFACE_SIDE_STYLE('',(#17837));
#17837 = SURFACE_STYLE_FILL_AREA(#17838);
#17838 = FILL_AREA_STYLE('',(#17839));
#17839 = FILL_AREA_STYLE_COLOUR('',#17349);
#17840 = STYLED_ITEM('color',(#17841),#2789);
#17841 = PRESENTATION_STYLE_ASSIGNMENT((#17842));
#17842 = SURFACE_STYLE_USAGE(.BOTH.,#17843);
#17843 = SURFACE_SIDE_STYLE('',(#17844));
#17844 = SURFACE_STYLE_FILL_AREA(#17845);
#17845 = FILL_AREA_STYLE('',(#17846));
#17846 = FILL_AREA_STYLE_COLOUR('',#17150);
#17847 = STYLED_ITEM('color',(#17848),#2847);
#17848 = PRESENTATION_STYLE_ASSIGNMENT((#17849));
#17849 = SURFACE_STYLE_USAGE(.BOTH.,#17850);
#17850 = SURFACE_SIDE_STYLE('',(#17851));
#17851 = SURFACE_STYLE_FILL_AREA(#17852);
#17852 = FILL_AREA_STYLE('',(#17853));
#17853 = FILL_AREA_STYLE_COLOUR('',#17150);
#17854 = STYLED_ITEM('color',(#17855),#2864);
#17855 = PRESENTATION_STYLE_ASSIGNMENT((#17856));
#17856 = SURFACE_STYLE_USAGE(.BOTH.,#17857);
#17857 = SURFACE_SIDE_STYLE('',(#17858));
#17858 = SURFACE_STYLE_FILL_AREA(#17859);
#17859 = FILL_AREA_STYLE('',(#17860));
#17860 = FILL_AREA_STYLE_COLOUR('',#17150);
#17861 = STYLED_ITEM('color',(#17862),#2922);
#17862 = PRESENTATION_STYLE_ASSIGNMENT((#17863));
#17863 = SURFACE_STYLE_USAGE(.BOTH.,#17864);
#17864 = SURFACE_SIDE_STYLE('',(#17865));
#17865 = SURFACE_STYLE_FILL_AREA(#17866);
#17866 = FILL_AREA_STYLE('',(#17867));
#17867 = FILL_AREA_STYLE_COLOUR('',#17150);
#17868 = STYLED_ITEM('color',(#17869),#2939);
#17869 = PRESENTATION_STYLE_ASSIGNMENT((#17870));
#17870 = SURFACE_STYLE_USAGE(.BOTH.,#17871);
#17871 = SURFACE_SIDE_STYLE('',(#17872));
#17872 = SURFACE_STYLE_FILL_AREA(#17873);
#17873 = FILL_AREA_STYLE('',(#17874));
#17874 = FILL_AREA_STYLE_COLOUR('',#17349);
#17875 = STYLED_ITEM('color',(#17876),#2970);
#17876 = PRESENTATION_STYLE_ASSIGNMENT((#17877));
#17877 = SURFACE_STYLE_USAGE(.BOTH.,#17878);
#17878 = SURFACE_SIDE_STYLE('',(#17879));
#17879 = SURFACE_STYLE_FILL_AREA(#17880);
#17880 = FILL_AREA_STYLE('',(#17881));
#17881 = FILL_AREA_STYLE_COLOUR('',#17150);
#17882 = STYLED_ITEM('color',(#17883),#3028);
#17883 = PRESENTATION_STYLE_ASSIGNMENT((#17884));
#17884 = SURFACE_STYLE_USAGE(.BOTH.,#17885);
#17885 = SURFACE_SIDE_STYLE('',(#17886));
#17886 = SURFACE_STYLE_FILL_AREA(#17887);
#17887 = FILL_AREA_STYLE('',(#17888));
#17888 = FILL_AREA_STYLE_COLOUR('',#17150);
#17889 = STYLED_ITEM('color',(#17890),#3086);
#17890 = PRESENTATION_STYLE_ASSIGNMENT((#17891));
#17891 = SURFACE_STYLE_USAGE(.BOTH.,#17892);
#17892 = SURFACE_SIDE_STYLE('',(#17893));
#17893 = SURFACE_STYLE_FILL_AREA(#17894);
#17894 = FILL_AREA_STYLE('',(#17895));
#17895 = FILL_AREA_STYLE_COLOUR('',#17349);
#17896 = STYLED_ITEM('color',(#17897),#3117);
#17897 = PRESENTATION_STYLE_ASSIGNMENT((#17898));
#17898 = SURFACE_STYLE_USAGE(.BOTH.,#17899);
#17899 = SURFACE_SIDE_STYLE('',(#17900));
#17900 = SURFACE_STYLE_FILL_AREA(#17901);
#17901 = FILL_AREA_STYLE('',(#17902));
#17902 = FILL_AREA_STYLE_COLOUR('',#17150);
#17903 = STYLED_ITEM('color',(#17904),#3175);
#17904 = PRESENTATION_STYLE_ASSIGNMENT((#17905));
#17905 = SURFACE_STYLE_USAGE(.BOTH.,#17906);
#17906 = SURFACE_SIDE_STYLE('',(#17907));
#17907 = SURFACE_STYLE_FILL_AREA(#17908);
#17908 = FILL_AREA_STYLE('',(#17909));
#17909 = FILL_AREA_STYLE_COLOUR('',#17150);
#17910 = STYLED_ITEM('color',(#17911),#3192);
#17911 = PRESENTATION_STYLE_ASSIGNMENT((#17912));
#17912 = SURFACE_STYLE_USAGE(.BOTH.,#17913);
#17913 = SURFACE_SIDE_STYLE('',(#17914));
#17914 = SURFACE_STYLE_FILL_AREA(#17915);
#17915 = FILL_AREA_STYLE('',(#17916));
#17916 = FILL_AREA_STYLE_COLOUR('',#17150);
#17917 = STYLED_ITEM('color',(#17918),#3250);
#17918 = PRESENTATION_STYLE_ASSIGNMENT((#17919));
#17919 = SURFACE_STYLE_USAGE(.BOTH.,#17920);
#17920 = SURFACE_SIDE_STYLE('',(#17921));
#17921 = SURFACE_STYLE_FILL_AREA(#17922);
#17922 = FILL_AREA_STYLE('',(#17923));
#17923 = FILL_AREA_STYLE_COLOUR('',#17150);
#17924 = STYLED_ITEM('color',(#17925),#3267);
#17925 = PRESENTATION_STYLE_ASSIGNMENT((#17926));
#17926 = SURFACE_STYLE_USAGE(.BOTH.,#17927);
#17927 = SURFACE_SIDE_STYLE('',(#17928));
#17928 = SURFACE_STYLE_FILL_AREA(#17929);
#17929 = FILL_AREA_STYLE('',(#17930));
#17930 = FILL_AREA_STYLE_COLOUR('',#17349);
#17931 = STYLED_ITEM('color',(#17932),#3298);
#17932 = PRESENTATION_STYLE_ASSIGNMENT((#17933));
#17933 = SURFACE_STYLE_USAGE(.BOTH.,#17934);
#17934 = SURFACE_SIDE_STYLE('',(#17935));
#17935 = SURFACE_STYLE_FILL_AREA(#17936);
#17936 = FILL_AREA_STYLE('',(#17937));
#17937 = FILL_AREA_STYLE_COLOUR('',#17150);
#17938 = STYLED_ITEM('color',(#17939),#3356);
#17939 = PRESENTATION_STYLE_ASSIGNMENT((#17940));
#17940 = SURFACE_STYLE_USAGE(.BOTH.,#17941);
#17941 = SURFACE_SIDE_STYLE('',(#17942));
#17942 = SURFACE_STYLE_FILL_AREA(#17943);
#17943 = FILL_AREA_STYLE('',(#17944));
#17944 = FILL_AREA_STYLE_COLOUR('',#17150);
#17945 = STYLED_ITEM('color',(#17946),#3414);
#17946 = PRESENTATION_STYLE_ASSIGNMENT((#17947));
#17947 = SURFACE_STYLE_USAGE(.BOTH.,#17948);
#17948 = SURFACE_SIDE_STYLE('',(#17949));
#17949 = SURFACE_STYLE_FILL_AREA(#17950);
#17950 = FILL_AREA_STYLE('',(#17951));
#17951 = FILL_AREA_STYLE_COLOUR('',#17349);
#17952 = STYLED_ITEM('color',(#17953),#3445);
#17953 = PRESENTATION_STYLE_ASSIGNMENT((#17954));
#17954 = SURFACE_STYLE_USAGE(.BOTH.,#17955);
#17955 = SURFACE_SIDE_STYLE('',(#17956));
#17956 = SURFACE_STYLE_FILL_AREA(#17957);
#17957 = FILL_AREA_STYLE('',(#17958));
#17958 = FILL_AREA_STYLE_COLOUR('',#17150);
#17959 = STYLED_ITEM('color',(#17960),#3503);
#17960 = PRESENTATION_STYLE_ASSIGNMENT((#17961));
#17961 = SURFACE_STYLE_USAGE(.BOTH.,#17962);
#17962 = SURFACE_SIDE_STYLE('',(#17963));
#17963 = SURFACE_STYLE_FILL_AREA(#17964);
#17964 = FILL_AREA_STYLE('',(#17965));
#17965 = FILL_AREA_STYLE_COLOUR('',#17150);
#17966 = STYLED_ITEM('color',(#17967),#3520);
#17967 = PRESENTATION_STYLE_ASSIGNMENT((#17968));
#17968 = SURFACE_STYLE_USAGE(.BOTH.,#17969);
#17969 = SURFACE_SIDE_STYLE('',(#17970));
#17970 = SURFACE_STYLE_FILL_AREA(#17971);
#17971 = FILL_AREA_STYLE('',(#17972));
#17972 = FILL_AREA_STYLE_COLOUR('',#17150);
#17973 = STYLED_ITEM('color',(#17974),#3578);
#17974 = PRESENTATION_STYLE_ASSIGNMENT((#17975));
#17975 = SURFACE_STYLE_USAGE(.BOTH.,#17976);
#17976 = SURFACE_SIDE_STYLE('',(#17977));
#17977 = SURFACE_STYLE_FILL_AREA(#17978);
#17978 = FILL_AREA_STYLE('',(#17979));
#17979 = FILL_AREA_STYLE_COLOUR('',#17150);
#17980 = STYLED_ITEM('color',(#17981),#3595);
#17981 = PRESENTATION_STYLE_ASSIGNMENT((#17982));
#17982 = SURFACE_STYLE_USAGE(.BOTH.,#17983);
#17983 = SURFACE_SIDE_STYLE('',(#17984));
#17984 = SURFACE_STYLE_FILL_AREA(#17985);
#17985 = FILL_AREA_STYLE('',(#17986));
#17986 = FILL_AREA_STYLE_COLOUR('',#17349);
#17987 = STYLED_ITEM('color',(#17988),#3626);
#17988 = PRESENTATION_STYLE_ASSIGNMENT((#17989));
#17989 = SURFACE_STYLE_USAGE(.BOTH.,#17990);
#17990 = SURFACE_SIDE_STYLE('',(#17991));
#17991 = SURFACE_STYLE_FILL_AREA(#17992);
#17992 = FILL_AREA_STYLE('',(#17993));
#17993 = FILL_AREA_STYLE_COLOUR('',#17150);
#17994 = STYLED_ITEM('color',(#17995),#3684);
#17995 = PRESENTATION_STYLE_ASSIGNMENT((#17996));
#17996 = SURFACE_STYLE_USAGE(.BOTH.,#17997);
#17997 = SURFACE_SIDE_STYLE('',(#17998));
#17998 = SURFACE_STYLE_FILL_AREA(#17999);
#17999 = FILL_AREA_STYLE('',(#18000));
#18000 = FILL_AREA_STYLE_COLOUR('',#17150);
#18001 = STYLED_ITEM('color',(#18002),#3742);
#18002 = PRESENTATION_STYLE_ASSIGNMENT((#18003));
#18003 = SURFACE_STYLE_USAGE(.BOTH.,#18004);
#18004 = SURFACE_SIDE_STYLE('',(#18005));
#18005 = SURFACE_STYLE_FILL_AREA(#18006);
#18006 = FILL_AREA_STYLE('',(#18007));
#18007 = FILL_AREA_STYLE_COLOUR('',#17349);
#18008 = STYLED_ITEM('color',(#18009),#3773);
#18009 = PRESENTATION_STYLE_ASSIGNMENT((#18010));
#18010 = SURFACE_STYLE_USAGE(.BOTH.,#18011);
#18011 = SURFACE_SIDE_STYLE('',(#18012));
#18012 = SURFACE_STYLE_FILL_AREA(#18013);
#18013 = FILL_AREA_STYLE('',(#18014));
#18014 = FILL_AREA_STYLE_COLOUR('',#17150);
#18015 = STYLED_ITEM('color',(#18016),#3790);
#18016 = PRESENTATION_STYLE_ASSIGNMENT((#18017));
#18017 = SURFACE_STYLE_USAGE(.BOTH.,#18018);
#18018 = SURFACE_SIDE_STYLE('',(#18019));
#18019 = SURFACE_STYLE_FILL_AREA(#18020);
#18020 = FILL_AREA_STYLE('',(#18021));
#18021 = FILL_AREA_STYLE_COLOUR('',#17349);
#18022 = STYLED_ITEM('color',(#18023),#3807);
#18023 = PRESENTATION_STYLE_ASSIGNMENT((#18024));
#18024 = SURFACE_STYLE_USAGE(.BOTH.,#18025);
#18025 = SURFACE_SIDE_STYLE('',(#18026));
#18026 = SURFACE_STYLE_FILL_AREA(#18027);
#18027 = FILL_AREA_STYLE('',(#18028));
#18028 = FILL_AREA_STYLE_COLOUR('',#17349);
#18029 = STYLED_ITEM('color',(#18030),#3885);
#18030 = PRESENTATION_STYLE_ASSIGNMENT((#18031));
#18031 = SURFACE_STYLE_USAGE(.BOTH.,#18032);
#18032 = SURFACE_SIDE_STYLE('',(#18033));
#18033 = SURFACE_STYLE_FILL_AREA(#18034);
#18034 = FILL_AREA_STYLE('',(#18035));
#18035 = FILL_AREA_STYLE_COLOUR('',#17150);
#18036 = STYLED_ITEM('color',(#18037),#3904);
#18037 = PRESENTATION_STYLE_ASSIGNMENT((#18038));
#18038 = SURFACE_STYLE_USAGE(.BOTH.,#18039);
#18039 = SURFACE_SIDE_STYLE('',(#18040));
#18040 = SURFACE_STYLE_FILL_AREA(#18041);
#18041 = FILL_AREA_STYLE('',(#18042));
#18042 = FILL_AREA_STYLE_COLOUR('',#17150);
#18043 = STYLED_ITEM('color',(#18044),#3953);
#18044 = PRESENTATION_STYLE_ASSIGNMENT((#18045));
#18045 = SURFACE_STYLE_USAGE(.BOTH.,#18046);
#18046 = SURFACE_SIDE_STYLE('',(#18047));
#18047 = SURFACE_STYLE_FILL_AREA(#18048);
#18048 = FILL_AREA_STYLE('',(#18049));
#18049 = FILL_AREA_STYLE_COLOUR('',#17150);
#18050 = STYLED_ITEM('color',(#18051),#3977);
#18051 = PRESENTATION_STYLE_ASSIGNMENT((#18052));
#18052 = SURFACE_STYLE_USAGE(.BOTH.,#18053);
#18053 = SURFACE_SIDE_STYLE('',(#18054));
#18054 = SURFACE_STYLE_FILL_AREA(#18055);
#18055 = FILL_AREA_STYLE('',(#18056));
#18056 = FILL_AREA_STYLE_COLOUR('',#17150);
#18057 = STYLED_ITEM('color',(#18058),#4024);
#18058 = PRESENTATION_STYLE_ASSIGNMENT((#18059));
#18059 = SURFACE_STYLE_USAGE(.BOTH.,#18060);
#18060 = SURFACE_SIDE_STYLE('',(#18061));
#18061 = SURFACE_STYLE_FILL_AREA(#18062);
#18062 = FILL_AREA_STYLE('',(#18063));
#18063 = FILL_AREA_STYLE_COLOUR('',#17150);
#18064 = STYLED_ITEM('color',(#18065),#4036);
#18065 = PRESENTATION_STYLE_ASSIGNMENT((#18066));
#18066 = SURFACE_STYLE_USAGE(.BOTH.,#18067);
#18067 = SURFACE_SIDE_STYLE('',(#18068));
#18068 = SURFACE_STYLE_FILL_AREA(#18069);
#18069 = FILL_AREA_STYLE('',(#18070));
#18070 = FILL_AREA_STYLE_COLOUR('',#17150);
#18071 = STYLED_ITEM('color',(#18072),#4055);
#18072 = PRESENTATION_STYLE_ASSIGNMENT((#18073));
#18073 = SURFACE_STYLE_USAGE(.BOTH.,#18074);
#18074 = SURFACE_SIDE_STYLE('',(#18075));
#18075 = SURFACE_STYLE_FILL_AREA(#18076);
#18076 = FILL_AREA_STYLE('',(#18077));
#18077 = FILL_AREA_STYLE_COLOUR('',#17150);
#18078 = STYLED_ITEM('color',(#18079),#4072);
#18079 = PRESENTATION_STYLE_ASSIGNMENT((#18080));
#18080 = SURFACE_STYLE_USAGE(.BOTH.,#18081);
#18081 = SURFACE_SIDE_STYLE('',(#18082));
#18082 = SURFACE_STYLE_FILL_AREA(#18083);
#18083 = FILL_AREA_STYLE('',(#18084));
#18084 = FILL_AREA_STYLE_COLOUR('',#17150);
#18085 = STYLED_ITEM('color',(#18086),#4121);
#18086 = PRESENTATION_STYLE_ASSIGNMENT((#18087));
#18087 = SURFACE_STYLE_USAGE(.BOTH.,#18088);
#18088 = SURFACE_SIDE_STYLE('',(#18089));
#18089 = SURFACE_STYLE_FILL_AREA(#18090);
#18090 = FILL_AREA_STYLE('',(#18091));
#18091 = FILL_AREA_STYLE_COLOUR('',#17150);
#18092 = STYLED_ITEM('color',(#18093),#4145);
#18093 = PRESENTATION_STYLE_ASSIGNMENT((#18094));
#18094 = SURFACE_STYLE_USAGE(.BOTH.,#18095);
#18095 = SURFACE_SIDE_STYLE('',(#18096));
#18096 = SURFACE_STYLE_FILL_AREA(#18097);
#18097 = FILL_AREA_STYLE('',(#18098));
#18098 = FILL_AREA_STYLE_COLOUR('',#17150);
#18099 = STYLED_ITEM('color',(#18100),#4187);
#18100 = PRESENTATION_STYLE_ASSIGNMENT((#18101));
#18101 = SURFACE_STYLE_USAGE(.BOTH.,#18102);
#18102 = SURFACE_SIDE_STYLE('',(#18103));
#18103 = SURFACE_STYLE_FILL_AREA(#18104);
#18104 = FILL_AREA_STYLE('',(#18105));
#18105 = FILL_AREA_STYLE_COLOUR('',#17150);
#18106 = STYLED_ITEM('color',(#18107),#4204);
#18107 = PRESENTATION_STYLE_ASSIGNMENT((#18108));
#18108 = SURFACE_STYLE_USAGE(.BOTH.,#18109);
#18109 = SURFACE_SIDE_STYLE('',(#18110));
#18110 = SURFACE_STYLE_FILL_AREA(#18111);
#18111 = FILL_AREA_STYLE('',(#18112));
#18112 = FILL_AREA_STYLE_COLOUR('',#17150);
#18113 = STYLED_ITEM('color',(#18114),#4221);
#18114 = PRESENTATION_STYLE_ASSIGNMENT((#18115));
#18115 = SURFACE_STYLE_USAGE(.BOTH.,#18116);
#18116 = SURFACE_SIDE_STYLE('',(#18117));
#18117 = SURFACE_STYLE_FILL_AREA(#18118);
#18118 = FILL_AREA_STYLE('',(#18119));
#18119 = FILL_AREA_STYLE_COLOUR('',#17150);
#18120 = STYLED_ITEM('color',(#18121),#4240);
#18121 = PRESENTATION_STYLE_ASSIGNMENT((#18122));
#18122 = SURFACE_STYLE_USAGE(.BOTH.,#18123);
#18123 = SURFACE_SIDE_STYLE('',(#18124));
#18124 = SURFACE_STYLE_FILL_AREA(#18125);
#18125 = FILL_AREA_STYLE('',(#18126));
#18126 = FILL_AREA_STYLE_COLOUR('',#17150);
#18127 = STYLED_ITEM('color',(#18128),#4305);
#18128 = PRESENTATION_STYLE_ASSIGNMENT((#18129));
#18129 = SURFACE_STYLE_USAGE(.BOTH.,#18130);
#18130 = SURFACE_SIDE_STYLE('',(#18131));
#18131 = SURFACE_STYLE_FILL_AREA(#18132);
#18132 = FILL_AREA_STYLE('',(#18133));
#18133 = FILL_AREA_STYLE_COLOUR('',#17150);
#18134 = STYLED_ITEM('color',(#18135),#4329);
#18135 = PRESENTATION_STYLE_ASSIGNMENT((#18136));
#18136 = SURFACE_STYLE_USAGE(.BOTH.,#18137);
#18137 = SURFACE_SIDE_STYLE('',(#18138));
#18138 = SURFACE_STYLE_FILL_AREA(#18139);
#18139 = FILL_AREA_STYLE('',(#18140));
#18140 = FILL_AREA_STYLE_COLOUR('',#17150);
#18141 = STYLED_ITEM('color',(#18142),#4392);
#18142 = PRESENTATION_STYLE_ASSIGNMENT((#18143));
#18143 = SURFACE_STYLE_USAGE(.BOTH.,#18144);
#18144 = SURFACE_SIDE_STYLE('',(#18145));
#18145 = SURFACE_STYLE_FILL_AREA(#18146);
#18146 = FILL_AREA_STYLE('',(#18147));
#18147 = FILL_AREA_STYLE_COLOUR('',#17150);
#18148 = STYLED_ITEM('color',(#18149),#4404);
#18149 = PRESENTATION_STYLE_ASSIGNMENT((#18150));
#18150 = SURFACE_STYLE_USAGE(.BOTH.,#18151);
#18151 = SURFACE_SIDE_STYLE('',(#18152));
#18152 = SURFACE_STYLE_FILL_AREA(#18153);
#18153 = FILL_AREA_STYLE('',(#18154));
#18154 = FILL_AREA_STYLE_COLOUR('',#17150);
#18155 = STYLED_ITEM('color',(#18156),#4469);
#18156 = PRESENTATION_STYLE_ASSIGNMENT((#18157));
#18157 = SURFACE_STYLE_USAGE(.BOTH.,#18158);
#18158 = SURFACE_SIDE_STYLE('',(#18159));
#18159 = SURFACE_STYLE_FILL_AREA(#18160);
#18160 = FILL_AREA_STYLE('',(#18161));
#18161 = FILL_AREA_STYLE_COLOUR('',#17150);
#18162 = STYLED_ITEM('color',(#18163),#4493);
#18163 = PRESENTATION_STYLE_ASSIGNMENT((#18164));
#18164 = SURFACE_STYLE_USAGE(.BOTH.,#18165);
#18165 = SURFACE_SIDE_STYLE('',(#18166));
#18166 = SURFACE_STYLE_FILL_AREA(#18167);
#18167 = FILL_AREA_STYLE('',(#18168));
#18168 = FILL_AREA_STYLE_COLOUR('',#17150);
#18169 = STYLED_ITEM('color',(#18170),#4556);
#18170 = PRESENTATION_STYLE_ASSIGNMENT((#18171));
#18171 = SURFACE_STYLE_USAGE(.BOTH.,#18172);
#18172 = SURFACE_SIDE_STYLE('',(#18173));
#18173 = SURFACE_STYLE_FILL_AREA(#18174);
#18174 = FILL_AREA_STYLE('',(#18175));
#18175 = FILL_AREA_STYLE_COLOUR('',#17150);
#18176 = STYLED_ITEM('color',(#18177),#4573);
#18177 = PRESENTATION_STYLE_ASSIGNMENT((#18178));
#18178 = SURFACE_STYLE_USAGE(.BOTH.,#18179);
#18179 = SURFACE_SIDE_STYLE('',(#18180));
#18180 = SURFACE_STYLE_FILL_AREA(#18181);
#18181 = FILL_AREA_STYLE('',(#18182));
#18182 = FILL_AREA_STYLE_COLOUR('',#17150);
#18183 = STYLED_ITEM('color',(#18184),#4587);
#18184 = PRESENTATION_STYLE_ASSIGNMENT((#18185));
#18185 = SURFACE_STYLE_USAGE(.BOTH.,#18186);
#18186 = SURFACE_SIDE_STYLE('',(#18187));
#18187 = SURFACE_STYLE_FILL_AREA(#18188);
#18188 = FILL_AREA_STYLE('',(#18189));
#18189 = FILL_AREA_STYLE_COLOUR('',#17150);
#18190 = STYLED_ITEM('color',(#18191),#4604);
#18191 = PRESENTATION_STYLE_ASSIGNMENT((#18192));
#18192 = SURFACE_STYLE_USAGE(.BOTH.,#18193);
#18193 = SURFACE_SIDE_STYLE('',(#18194));
#18194 = SURFACE_STYLE_FILL_AREA(#18195);
#18195 = FILL_AREA_STYLE('',(#18196));
#18196 = FILL_AREA_STYLE_COLOUR('',#17150);
#18197 = STYLED_ITEM('color',(#18198),#4621);
#18198 = PRESENTATION_STYLE_ASSIGNMENT((#18199));
#18199 = SURFACE_STYLE_USAGE(.BOTH.,#18200);
#18200 = SURFACE_SIDE_STYLE('',(#18201));
#18201 = SURFACE_STYLE_FILL_AREA(#18202);
#18202 = FILL_AREA_STYLE('',(#18203));
#18203 = FILL_AREA_STYLE_COLOUR('',#17150);
#18204 = STYLED_ITEM('color',(#18205),#4640);
#18205 = PRESENTATION_STYLE_ASSIGNMENT((#18206));
#18206 = SURFACE_STYLE_USAGE(.BOTH.,#18207);
#18207 = SURFACE_SIDE_STYLE('',(#18208));
#18208 = SURFACE_STYLE_FILL_AREA(#18209);
#18209 = FILL_AREA_STYLE('',(#18210));
#18210 = FILL_AREA_STYLE_COLOUR('',#17150);
#18211 = STYLED_ITEM('color',(#18212),#4705);
#18212 = PRESENTATION_STYLE_ASSIGNMENT((#18213));
#18213 = SURFACE_STYLE_USAGE(.BOTH.,#18214);
#18214 = SURFACE_SIDE_STYLE('',(#18215));
#18215 = SURFACE_STYLE_FILL_AREA(#18216);
#18216 = FILL_AREA_STYLE('',(#18217));
#18217 = FILL_AREA_STYLE_COLOUR('',#17150);
#18218 = STYLED_ITEM('color',(#18219),#4729);
#18219 = PRESENTATION_STYLE_ASSIGNMENT((#18220));
#18220 = SURFACE_STYLE_USAGE(.BOTH.,#18221);
#18221 = SURFACE_SIDE_STYLE('',(#18222));
#18222 = SURFACE_STYLE_FILL_AREA(#18223);
#18223 = FILL_AREA_STYLE('',(#18224));
#18224 = FILL_AREA_STYLE_COLOUR('',#17150);
#18225 = STYLED_ITEM('color',(#18226),#4792);
#18226 = PRESENTATION_STYLE_ASSIGNMENT((#18227));
#18227 = SURFACE_STYLE_USAGE(.BOTH.,#18228);
#18228 = SURFACE_SIDE_STYLE('',(#18229));
#18229 = SURFACE_STYLE_FILL_AREA(#18230);
#18230 = FILL_AREA_STYLE('',(#18231));
#18231 = FILL_AREA_STYLE_COLOUR('',#17150);
#18232 = STYLED_ITEM('color',(#18233),#4804);
#18233 = PRESENTATION_STYLE_ASSIGNMENT((#18234));
#18234 = SURFACE_STYLE_USAGE(.BOTH.,#18235);
#18235 = SURFACE_SIDE_STYLE('',(#18236));
#18236 = SURFACE_STYLE_FILL_AREA(#18237);
#18237 = FILL_AREA_STYLE('',(#18238));
#18238 = FILL_AREA_STYLE_COLOUR('',#17150);
#18239 = STYLED_ITEM('color',(#18240),#4869);
#18240 = PRESENTATION_STYLE_ASSIGNMENT((#18241));
#18241 = SURFACE_STYLE_USAGE(.BOTH.,#18242);
#18242 = SURFACE_SIDE_STYLE('',(#18243));
#18243 = SURFACE_STYLE_FILL_AREA(#18244);
#18244 = FILL_AREA_STYLE('',(#18245));
#18245 = FILL_AREA_STYLE_COLOUR('',#17150);
#18246 = STYLED_ITEM('color',(#18247),#4893);
#18247 = PRESENTATION_STYLE_ASSIGNMENT((#18248));
#18248 = SURFACE_STYLE_USAGE(.BOTH.,#18249);
#18249 = SURFACE_SIDE_STYLE('',(#18250));
#18250 = SURFACE_STYLE_FILL_AREA(#18251);
#18251 = FILL_AREA_STYLE('',(#18252));
#18252 = FILL_AREA_STYLE_COLOUR('',#17150);
#18253 = STYLED_ITEM('color',(#18254),#4956);
#18254 = PRESENTATION_STYLE_ASSIGNMENT((#18255));
#18255 = SURFACE_STYLE_USAGE(.BOTH.,#18256);
#18256 = SURFACE_SIDE_STYLE('',(#18257));
#18257 = SURFACE_STYLE_FILL_AREA(#18258);
#18258 = FILL_AREA_STYLE('',(#18259));
#18259 = FILL_AREA_STYLE_COLOUR('',#17150);
#18260 = STYLED_ITEM('color',(#18261),#4973);
#18261 = PRESENTATION_STYLE_ASSIGNMENT((#18262));
#18262 = SURFACE_STYLE_USAGE(.BOTH.,#18263);
#18263 = SURFACE_SIDE_STYLE('',(#18264));
#18264 = SURFACE_STYLE_FILL_AREA(#18265);
#18265 = FILL_AREA_STYLE('',(#18266));
#18266 = FILL_AREA_STYLE_COLOUR('',#17150);
#18267 = STYLED_ITEM('color',(#18268),#4987);
#18268 = PRESENTATION_STYLE_ASSIGNMENT((#18269));
#18269 = SURFACE_STYLE_USAGE(.BOTH.,#18270);
#18270 = SURFACE_SIDE_STYLE('',(#18271));
#18271 = SURFACE_STYLE_FILL_AREA(#18272);
#18272 = FILL_AREA_STYLE('',(#18273));
#18273 = FILL_AREA_STYLE_COLOUR('',#17150);
#18274 = STYLED_ITEM('color',(#18275),#5004);
#18275 = PRESENTATION_STYLE_ASSIGNMENT((#18276));
#18276 = SURFACE_STYLE_USAGE(.BOTH.,#18277);
#18277 = SURFACE_SIDE_STYLE('',(#18278));
#18278 = SURFACE_STYLE_FILL_AREA(#18279);
#18279 = FILL_AREA_STYLE('',(#18280));
#18280 = FILL_AREA_STYLE_COLOUR('',#17150);
#18281 = STYLED_ITEM('color',(#18282),#5021);
#18282 = PRESENTATION_STYLE_ASSIGNMENT((#18283));
#18283 = SURFACE_STYLE_USAGE(.BOTH.,#18284);
#18284 = SURFACE_SIDE_STYLE('',(#18285));
#18285 = SURFACE_STYLE_FILL_AREA(#18286);
#18286 = FILL_AREA_STYLE('',(#18287));
#18287 = FILL_AREA_STYLE_COLOUR('',#17150);
#18288 = STYLED_ITEM('color',(#18289),#5040);
#18289 = PRESENTATION_STYLE_ASSIGNMENT((#18290));
#18290 = SURFACE_STYLE_USAGE(.BOTH.,#18291);
#18291 = SURFACE_SIDE_STYLE('',(#18292));
#18292 = SURFACE_STYLE_FILL_AREA(#18293);
#18293 = FILL_AREA_STYLE('',(#18294));
#18294 = FILL_AREA_STYLE_COLOUR('',#17150);
#18295 = STYLED_ITEM('color',(#18296),#5105);
#18296 = PRESENTATION_STYLE_ASSIGNMENT((#18297));
#18297 = SURFACE_STYLE_USAGE(.BOTH.,#18298);
#18298 = SURFACE_SIDE_STYLE('',(#18299));
#18299 = SURFACE_STYLE_FILL_AREA(#18300);
#18300 = FILL_AREA_STYLE('',(#18301));
#18301 = FILL_AREA_STYLE_COLOUR('',#17150);
#18302 = STYLED_ITEM('color',(#18303),#5129);
#18303 = PRESENTATION_STYLE_ASSIGNMENT((#18304));
#18304 = SURFACE_STYLE_USAGE(.BOTH.,#18305);
#18305 = SURFACE_SIDE_STYLE('',(#18306));
#18306 = SURFACE_STYLE_FILL_AREA(#18307);
#18307 = FILL_AREA_STYLE('',(#18308));
#18308 = FILL_AREA_STYLE_COLOUR('',#17150);
#18309 = STYLED_ITEM('color',(#18310),#5192);
#18310 = PRESENTATION_STYLE_ASSIGNMENT((#18311));
#18311 = SURFACE_STYLE_USAGE(.BOTH.,#18312);
#18312 = SURFACE_SIDE_STYLE('',(#18313));
#18313 = SURFACE_STYLE_FILL_AREA(#18314);
#18314 = FILL_AREA_STYLE('',(#18315));
#18315 = FILL_AREA_STYLE_COLOUR('',#17150);
#18316 = STYLED_ITEM('color',(#18317),#5204);
#18317 = PRESENTATION_STYLE_ASSIGNMENT((#18318));
#18318 = SURFACE_STYLE_USAGE(.BOTH.,#18319);
#18319 = SURFACE_SIDE_STYLE('',(#18320));
#18320 = SURFACE_STYLE_FILL_AREA(#18321);
#18321 = FILL_AREA_STYLE('',(#18322));
#18322 = FILL_AREA_STYLE_COLOUR('',#17150);
#18323 = STYLED_ITEM('color',(#18324),#5221);
#18324 = PRESENTATION_STYLE_ASSIGNMENT((#18325));
#18325 = SURFACE_STYLE_USAGE(.BOTH.,#18326);
#18326 = SURFACE_SIDE_STYLE('',(#18327));
#18327 = SURFACE_STYLE_FILL_AREA(#18328);
#18328 = FILL_AREA_STYLE('',(#18329));
#18329 = FILL_AREA_STYLE_COLOUR('',#17349);
#18330 = STYLED_ITEM('color',(#18331),#5570);
#18331 = PRESENTATION_STYLE_ASSIGNMENT((#18332));
#18332 = SURFACE_STYLE_USAGE(.BOTH.,#18333);
#18333 = SURFACE_SIDE_STYLE('',(#18334));
#18334 = SURFACE_STYLE_FILL_AREA(#18335);
#18335 = FILL_AREA_STYLE('',(#18336));
#18336 = FILL_AREA_STYLE_COLOUR('',#17349);
#18337 = STYLED_ITEM('color',(#18338),#5642);
#18338 = PRESENTATION_STYLE_ASSIGNMENT((#18339));
#18339 = SURFACE_STYLE_USAGE(.BOTH.,#18340);
#18340 = SURFACE_SIDE_STYLE('',(#18341));
#18341 = SURFACE_STYLE_FILL_AREA(#18342);
#18342 = FILL_AREA_STYLE('',(#18343));
#18343 = FILL_AREA_STYLE_COLOUR('',#17150);
#18344 = STYLED_ITEM('color',(#18345),#5661);
#18345 = PRESENTATION_STYLE_ASSIGNMENT((#18346));
#18346 = SURFACE_STYLE_USAGE(.BOTH.,#18347);
#18347 = SURFACE_SIDE_STYLE('',(#18348));
#18348 = SURFACE_STYLE_FILL_AREA(#18349);
#18349 = FILL_AREA_STYLE('',(#18350));
#18350 = FILL_AREA_STYLE_COLOUR('',#17150);
#18351 = STYLED_ITEM('color',(#18352),#5710);
#18352 = PRESENTATION_STYLE_ASSIGNMENT((#18353));
#18353 = SURFACE_STYLE_USAGE(.BOTH.,#18354);
#18354 = SURFACE_SIDE_STYLE('',(#18355));
#18355 = SURFACE_STYLE_FILL_AREA(#18356);
#18356 = FILL_AREA_STYLE('',(#18357));
#18357 = FILL_AREA_STYLE_COLOUR('',#17150);
#18358 = STYLED_ITEM('color',(#18359),#5734);
#18359 = PRESENTATION_STYLE_ASSIGNMENT((#18360));
#18360 = SURFACE_STYLE_USAGE(.BOTH.,#18361);
#18361 = SURFACE_SIDE_STYLE('',(#18362));
#18362 = SURFACE_STYLE_FILL_AREA(#18363);
#18363 = FILL_AREA_STYLE('',(#18364));
#18364 = FILL_AREA_STYLE_COLOUR('',#17150);
#18365 = STYLED_ITEM('color',(#18366),#5781);
#18366 = PRESENTATION_STYLE_ASSIGNMENT((#18367));
#18367 = SURFACE_STYLE_USAGE(.BOTH.,#18368);
#18368 = SURFACE_SIDE_STYLE('',(#18369));
#18369 = SURFACE_STYLE_FILL_AREA(#18370);
#18370 = FILL_AREA_STYLE('',(#18371));
#18371 = FILL_AREA_STYLE_COLOUR('',#17150);
#18372 = STYLED_ITEM('color',(#18373),#5793);
#18373 = PRESENTATION_STYLE_ASSIGNMENT((#18374));
#18374 = SURFACE_STYLE_USAGE(.BOTH.,#18375);
#18375 = SURFACE_SIDE_STYLE('',(#18376));
#18376 = SURFACE_STYLE_FILL_AREA(#18377);
#18377 = FILL_AREA_STYLE('',(#18378));
#18378 = FILL_AREA_STYLE_COLOUR('',#17150);
#18379 = STYLED_ITEM('color',(#18380),#5847);
#18380 = PRESENTATION_STYLE_ASSIGNMENT((#18381));
#18381 = SURFACE_STYLE_USAGE(.BOTH.,#18382);
#18382 = SURFACE_SIDE_STYLE('',(#18383));
#18383 = SURFACE_STYLE_FILL_AREA(#18384);
#18384 = FILL_AREA_STYLE('',(#18385));
#18385 = FILL_AREA_STYLE_COLOUR('',#17150);
#18386 = STYLED_ITEM('color',(#18387),#5871);
#18387 = PRESENTATION_STYLE_ASSIGNMENT((#18388));
#18388 = SURFACE_STYLE_USAGE(.BOTH.,#18389);
#18389 = SURFACE_SIDE_STYLE('',(#18390));
#18390 = SURFACE_STYLE_FILL_AREA(#18391);
#18391 = FILL_AREA_STYLE('',(#18392));
#18392 = FILL_AREA_STYLE_COLOUR('',#17150);
#18393 = STYLED_ITEM('color',(#18394),#5913);
#18394 = PRESENTATION_STYLE_ASSIGNMENT((#18395));
#18395 = SURFACE_STYLE_USAGE(.BOTH.,#18396);
#18396 = SURFACE_SIDE_STYLE('',(#18397));
#18397 = SURFACE_STYLE_FILL_AREA(#18398);
#18398 = FILL_AREA_STYLE('',(#18399));
#18399 = FILL_AREA_STYLE_COLOUR('',#17150);
#18400 = STYLED_ITEM('color',(#18401),#5932);
#18401 = PRESENTATION_STYLE_ASSIGNMENT((#18402));
#18402 = SURFACE_STYLE_USAGE(.BOTH.,#18403);
#18403 = SURFACE_SIDE_STYLE('',(#18404));
#18404 = SURFACE_STYLE_FILL_AREA(#18405);
#18405 = FILL_AREA_STYLE('',(#18406));
#18406 = FILL_AREA_STYLE_COLOUR('',#17150);
#18407 = STYLED_ITEM('color',(#18408),#5944);
#18408 = PRESENTATION_STYLE_ASSIGNMENT((#18409));
#18409 = SURFACE_STYLE_USAGE(.BOTH.,#18410);
#18410 = SURFACE_SIDE_STYLE('',(#18411));
#18411 = SURFACE_STYLE_FILL_AREA(#18412);
#18412 = FILL_AREA_STYLE('',(#18413));
#18413 = FILL_AREA_STYLE_COLOUR('',#17150);
#18414 = STYLED_ITEM('color',(#18415),#5961);
#18415 = PRESENTATION_STYLE_ASSIGNMENT((#18416));
#18416 = SURFACE_STYLE_USAGE(.BOTH.,#18417);
#18417 = SURFACE_SIDE_STYLE('',(#18418));
#18418 = SURFACE_STYLE_FILL_AREA(#18419);
#18419 = FILL_AREA_STYLE('',(#18420));
#18420 = FILL_AREA_STYLE_COLOUR('',#17150);
#18421 = STYLED_ITEM('color',(#18422),#5978);
#18422 = PRESENTATION_STYLE_ASSIGNMENT((#18423));
#18423 = SURFACE_STYLE_USAGE(.BOTH.,#18424);
#18424 = SURFACE_SIDE_STYLE('',(#18425));
#18425 = SURFACE_STYLE_FILL_AREA(#18426);
#18426 = FILL_AREA_STYLE('',(#18427));
#18427 = FILL_AREA_STYLE_COLOUR('',#17150);
#18428 = STYLED_ITEM('color',(#18429),#5997);
#18429 = PRESENTATION_STYLE_ASSIGNMENT((#18430));
#18430 = SURFACE_STYLE_USAGE(.BOTH.,#18431);
#18431 = SURFACE_SIDE_STYLE('',(#18432));
#18432 = SURFACE_STYLE_FILL_AREA(#18433);
#18433 = FILL_AREA_STYLE('',(#18434));
#18434 = FILL_AREA_STYLE_COLOUR('',#17150);
#18435 = STYLED_ITEM('color',(#18436),#6014);
#18436 = PRESENTATION_STYLE_ASSIGNMENT((#18437));
#18437 = SURFACE_STYLE_USAGE(.BOTH.,#18438);
#18438 = SURFACE_SIDE_STYLE('',(#18439));
#18439 = SURFACE_STYLE_FILL_AREA(#18440);
#18440 = FILL_AREA_STYLE('',(#18441));
#18441 = FILL_AREA_STYLE_COLOUR('',#17150);
#18442 = STYLED_ITEM('color',(#18443),#6079);
#18443 = PRESENTATION_STYLE_ASSIGNMENT((#18444));
#18444 = SURFACE_STYLE_USAGE(.BOTH.,#18445);
#18445 = SURFACE_SIDE_STYLE('',(#18446));
#18446 = SURFACE_STYLE_FILL_AREA(#18447);
#18447 = FILL_AREA_STYLE('',(#18448));
#18448 = FILL_AREA_STYLE_COLOUR('',#17150);
#18449 = STYLED_ITEM('color',(#18450),#6103);
#18450 = PRESENTATION_STYLE_ASSIGNMENT((#18451));
#18451 = SURFACE_STYLE_USAGE(.BOTH.,#18452);
#18452 = SURFACE_SIDE_STYLE('',(#18453));
#18453 = SURFACE_STYLE_FILL_AREA(#18454);
#18454 = FILL_AREA_STYLE('',(#18455));
#18455 = FILL_AREA_STYLE_COLOUR('',#17150);
#18456 = STYLED_ITEM('color',(#18457),#6161);
#18457 = PRESENTATION_STYLE_ASSIGNMENT((#18458));
#18458 = SURFACE_STYLE_USAGE(.BOTH.,#18459);
#18459 = SURFACE_SIDE_STYLE('',(#18460));
#18460 = SURFACE_STYLE_FILL_AREA(#18461);
#18461 = FILL_AREA_STYLE('',(#18462));
#18462 = FILL_AREA_STYLE_COLOUR('',#17150);
#18463 = STYLED_ITEM('color',(#18464),#6183);
#18464 = PRESENTATION_STYLE_ASSIGNMENT((#18465));
#18465 = SURFACE_STYLE_USAGE(.BOTH.,#18466);
#18466 = SURFACE_SIDE_STYLE('',(#18467));
#18467 = SURFACE_STYLE_FILL_AREA(#18468);
#18468 = FILL_AREA_STYLE('',(#18469));
#18469 = FILL_AREA_STYLE_COLOUR('',#17150);
#18470 = STYLED_ITEM('color',(#18471),#6248);
#18471 = PRESENTATION_STYLE_ASSIGNMENT((#18472));
#18472 = SURFACE_STYLE_USAGE(.BOTH.,#18473);
#18473 = SURFACE_SIDE_STYLE('',(#18474));
#18474 = SURFACE_STYLE_FILL_AREA(#18475);
#18475 = FILL_AREA_STYLE('',(#18476));
#18476 = FILL_AREA_STYLE_COLOUR('',#17150);
#18477 = STYLED_ITEM('color',(#18478),#6272);
#18478 = PRESENTATION_STYLE_ASSIGNMENT((#18479));
#18479 = SURFACE_STYLE_USAGE(.BOTH.,#18480);
#18480 = SURFACE_SIDE_STYLE('',(#18481));
#18481 = SURFACE_STYLE_FILL_AREA(#18482);
#18482 = FILL_AREA_STYLE('',(#18483));
#18483 = FILL_AREA_STYLE_COLOUR('',#17150);
#18484 = STYLED_ITEM('color',(#18485),#6330);
#18485 = PRESENTATION_STYLE_ASSIGNMENT((#18486));
#18486 = SURFACE_STYLE_USAGE(.BOTH.,#18487);
#18487 = SURFACE_SIDE_STYLE('',(#18488));
#18488 = SURFACE_STYLE_FILL_AREA(#18489);
#18489 = FILL_AREA_STYLE('',(#18490));
#18490 = FILL_AREA_STYLE_COLOUR('',#17150);
#18491 = STYLED_ITEM('color',(#18492),#6344);
#18492 = PRESENTATION_STYLE_ASSIGNMENT((#18493));
#18493 = SURFACE_STYLE_USAGE(.BOTH.,#18494);
#18494 = SURFACE_SIDE_STYLE('',(#18495));
#18495 = SURFACE_STYLE_FILL_AREA(#18496);
#18496 = FILL_AREA_STYLE('',(#18497));
#18497 = FILL_AREA_STYLE_COLOUR('',#17150);
#18498 = STYLED_ITEM('color',(#18499),#6361);
#18499 = PRESENTATION_STYLE_ASSIGNMENT((#18500));
#18500 = SURFACE_STYLE_USAGE(.BOTH.,#18501);
#18501 = SURFACE_SIDE_STYLE('',(#18502));
#18502 = SURFACE_STYLE_FILL_AREA(#18503);
#18503 = FILL_AREA_STYLE('',(#18504));
#18504 = FILL_AREA_STYLE_COLOUR('',#17150);
#18505 = STYLED_ITEM('color',(#18506),#6378);
#18506 = PRESENTATION_STYLE_ASSIGNMENT((#18507));
#18507 = SURFACE_STYLE_USAGE(.BOTH.,#18508);
#18508 = SURFACE_SIDE_STYLE('',(#18509));
#18509 = SURFACE_STYLE_FILL_AREA(#18510);
#18510 = FILL_AREA_STYLE('',(#18511));
#18511 = FILL_AREA_STYLE_COLOUR('',#17150);
#18512 = STYLED_ITEM('color',(#18513),#6397);
#18513 = PRESENTATION_STYLE_ASSIGNMENT((#18514));
#18514 = SURFACE_STYLE_USAGE(.BOTH.,#18515);
#18515 = SURFACE_SIDE_STYLE('',(#18516));
#18516 = SURFACE_STYLE_FILL_AREA(#18517);
#18517 = FILL_AREA_STYLE('',(#18518));
#18518 = FILL_AREA_STYLE_COLOUR('',#17150);
#18519 = STYLED_ITEM('color',(#18520),#6414);
#18520 = PRESENTATION_STYLE_ASSIGNMENT((#18521));
#18521 = SURFACE_STYLE_USAGE(.BOTH.,#18522);
#18522 = SURFACE_SIDE_STYLE('',(#18523));
#18523 = SURFACE_STYLE_FILL_AREA(#18524);
#18524 = FILL_AREA_STYLE('',(#18525));
#18525 = FILL_AREA_STYLE_COLOUR('',#17150);
#18526 = STYLED_ITEM('color',(#18527),#6479);
#18527 = PRESENTATION_STYLE_ASSIGNMENT((#18528));
#18528 = SURFACE_STYLE_USAGE(.BOTH.,#18529);
#18529 = SURFACE_SIDE_STYLE('',(#18530));
#18530 = SURFACE_STYLE_FILL_AREA(#18531);
#18531 = FILL_AREA_STYLE('',(#18532));
#18532 = FILL_AREA_STYLE_COLOUR('',#17150);
#18533 = STYLED_ITEM('color',(#18534),#6503);
#18534 = PRESENTATION_STYLE_ASSIGNMENT((#18535));
#18535 = SURFACE_STYLE_USAGE(.BOTH.,#18536);
#18536 = SURFACE_SIDE_STYLE('',(#18537));
#18537 = SURFACE_STYLE_FILL_AREA(#18538);
#18538 = FILL_AREA_STYLE('',(#18539));
#18539 = FILL_AREA_STYLE_COLOUR('',#17150);
#18540 = STYLED_ITEM('color',(#18541),#6561);
#18541 = PRESENTATION_STYLE_ASSIGNMENT((#18542));
#18542 = SURFACE_STYLE_USAGE(.BOTH.,#18543);
#18543 = SURFACE_SIDE_STYLE('',(#18544));
#18544 = SURFACE_STYLE_FILL_AREA(#18545);
#18545 = FILL_AREA_STYLE('',(#18546));
#18546 = FILL_AREA_STYLE_COLOUR('',#17150);
#18547 = STYLED_ITEM('color',(#18548),#6583);
#18548 = PRESENTATION_STYLE_ASSIGNMENT((#18549));
#18549 = SURFACE_STYLE_USAGE(.BOTH.,#18550);
#18550 = SURFACE_SIDE_STYLE('',(#18551));
#18551 = SURFACE_STYLE_FILL_AREA(#18552);
#18552 = FILL_AREA_STYLE('',(#18553));
#18553 = FILL_AREA_STYLE_COLOUR('',#17150);
#18554 = STYLED_ITEM('color',(#18555),#6648);
#18555 = PRESENTATION_STYLE_ASSIGNMENT((#18556));
#18556 = SURFACE_STYLE_USAGE(.BOTH.,#18557);
#18557 = SURFACE_SIDE_STYLE('',(#18558));
#18558 = SURFACE_STYLE_FILL_AREA(#18559);
#18559 = FILL_AREA_STYLE('',(#18560));
#18560 = FILL_AREA_STYLE_COLOUR('',#17150);
#18561 = STYLED_ITEM('color',(#18562),#6672);
#18562 = PRESENTATION_STYLE_ASSIGNMENT((#18563));
#18563 = SURFACE_STYLE_USAGE(.BOTH.,#18564);
#18564 = SURFACE_SIDE_STYLE('',(#18565));
#18565 = SURFACE_STYLE_FILL_AREA(#18566);
#18566 = FILL_AREA_STYLE('',(#18567));
#18567 = FILL_AREA_STYLE_COLOUR('',#17150);
#18568 = STYLED_ITEM('color',(#18569),#6730);
#18569 = PRESENTATION_STYLE_ASSIGNMENT((#18570));
#18570 = SURFACE_STYLE_USAGE(.BOTH.,#18571);
#18571 = SURFACE_SIDE_STYLE('',(#18572));
#18572 = SURFACE_STYLE_FILL_AREA(#18573);
#18573 = FILL_AREA_STYLE('',(#18574));
#18574 = FILL_AREA_STYLE_COLOUR('',#17150);
#18575 = STYLED_ITEM('color',(#18576),#6744);
#18576 = PRESENTATION_STYLE_ASSIGNMENT((#18577));
#18577 = SURFACE_STYLE_USAGE(.BOTH.,#18578);
#18578 = SURFACE_SIDE_STYLE('',(#18579));
#18579 = SURFACE_STYLE_FILL_AREA(#18580);
#18580 = FILL_AREA_STYLE('',(#18581));
#18581 = FILL_AREA_STYLE_COLOUR('',#17150);
#18582 = STYLED_ITEM('color',(#18583),#6761);
#18583 = PRESENTATION_STYLE_ASSIGNMENT((#18584));
#18584 = SURFACE_STYLE_USAGE(.BOTH.,#18585);
#18585 = SURFACE_SIDE_STYLE('',(#18586));
#18586 = SURFACE_STYLE_FILL_AREA(#18587);
#18587 = FILL_AREA_STYLE('',(#18588));
#18588 = FILL_AREA_STYLE_COLOUR('',#17150);
#18589 = STYLED_ITEM('color',(#18590),#6778);
#18590 = PRESENTATION_STYLE_ASSIGNMENT((#18591));
#18591 = SURFACE_STYLE_USAGE(.BOTH.,#18592);
#18592 = SURFACE_SIDE_STYLE('',(#18593));
#18593 = SURFACE_STYLE_FILL_AREA(#18594);
#18594 = FILL_AREA_STYLE('',(#18595));
#18595 = FILL_AREA_STYLE_COLOUR('',#17150);
#18596 = STYLED_ITEM('color',(#18597),#6797);
#18597 = PRESENTATION_STYLE_ASSIGNMENT((#18598));
#18598 = SURFACE_STYLE_USAGE(.BOTH.,#18599);
#18599 = SURFACE_SIDE_STYLE('',(#18600));
#18600 = SURFACE_STYLE_FILL_AREA(#18601);
#18601 = FILL_AREA_STYLE('',(#18602));
#18602 = FILL_AREA_STYLE_COLOUR('',#17150);
#18603 = STYLED_ITEM('color',(#18604),#6814);
#18604 = PRESENTATION_STYLE_ASSIGNMENT((#18605));
#18605 = SURFACE_STYLE_USAGE(.BOTH.,#18606);
#18606 = SURFACE_SIDE_STYLE('',(#18607));
#18607 = SURFACE_STYLE_FILL_AREA(#18608);
#18608 = FILL_AREA_STYLE('',(#18609));
#18609 = FILL_AREA_STYLE_COLOUR('',#17150);
#18610 = STYLED_ITEM('color',(#18611),#6879);
#18611 = PRESENTATION_STYLE_ASSIGNMENT((#18612));
#18612 = SURFACE_STYLE_USAGE(.BOTH.,#18613);
#18613 = SURFACE_SIDE_STYLE('',(#18614));
#18614 = SURFACE_STYLE_FILL_AREA(#18615);
#18615 = FILL_AREA_STYLE('',(#18616));
#18616 = FILL_AREA_STYLE_COLOUR('',#17150);
#18617 = STYLED_ITEM('color',(#18618),#6903);
#18618 = PRESENTATION_STYLE_ASSIGNMENT((#18619));
#18619 = SURFACE_STYLE_USAGE(.BOTH.,#18620);
#18620 = SURFACE_SIDE_STYLE('',(#18621));
#18621 = SURFACE_STYLE_FILL_AREA(#18622);
#18622 = FILL_AREA_STYLE('',(#18623));
#18623 = FILL_AREA_STYLE_COLOUR('',#17150);
#18624 = STYLED_ITEM('color',(#18625),#6961);
#18625 = PRESENTATION_STYLE_ASSIGNMENT((#18626));
#18626 = SURFACE_STYLE_USAGE(.BOTH.,#18627);
#18627 = SURFACE_SIDE_STYLE('',(#18628));
#18628 = SURFACE_STYLE_FILL_AREA(#18629);
#18629 = FILL_AREA_STYLE('',(#18630));
#18630 = FILL_AREA_STYLE_COLOUR('',#17150);
#18631 = STYLED_ITEM('color',(#18632),#6978);
#18632 = PRESENTATION_STYLE_ASSIGNMENT((#18633));
#18633 = SURFACE_STYLE_USAGE(.BOTH.,#18634);
#18634 = SURFACE_SIDE_STYLE('',(#18635));
#18635 = SURFACE_STYLE_FILL_AREA(#18636);
#18636 = FILL_AREA_STYLE('',(#18637));
#18637 = FILL_AREA_STYLE_COLOUR('',#17349);
#18638 = STYLED_ITEM('color',(#18639),#6995);
#18639 = PRESENTATION_STYLE_ASSIGNMENT((#18640));
#18640 = SURFACE_STYLE_USAGE(.BOTH.,#18641);
#18641 = SURFACE_SIDE_STYLE('',(#18642));
#18642 = SURFACE_STYLE_FILL_AREA(#18643);
#18643 = FILL_AREA_STYLE('',(#18644));
#18644 = FILL_AREA_STYLE_COLOUR('',#17349);
#18645 = STYLED_ITEM('color',(#18646),#7024);
#18646 = PRESENTATION_STYLE_ASSIGNMENT((#18647));
#18647 = SURFACE_STYLE_USAGE(.BOTH.,#18648);
#18648 = SURFACE_SIDE_STYLE('',(#18649));
#18649 = SURFACE_STYLE_FILL_AREA(#18650);
#18650 = FILL_AREA_STYLE('',(#18651));
#18651 = FILL_AREA_STYLE_COLOUR('',#17150);
#18652 = STYLED_ITEM('color',(#18653),#7041);
#18653 = PRESENTATION_STYLE_ASSIGNMENT((#18654));
#18654 = SURFACE_STYLE_USAGE(.BOTH.,#18655);
#18655 = SURFACE_SIDE_STYLE('',(#18656));
#18656 = SURFACE_STYLE_FILL_AREA(#18657);
#18657 = FILL_AREA_STYLE('',(#18658));
#18658 = FILL_AREA_STYLE_COLOUR('',#17150);
#18659 = STYLED_ITEM('color',(#18660),#7058);
#18660 = PRESENTATION_STYLE_ASSIGNMENT((#18661));
#18661 = SURFACE_STYLE_USAGE(.BOTH.,#18662);
#18662 = SURFACE_SIDE_STYLE('',(#18663));
#18663 = SURFACE_STYLE_FILL_AREA(#18664);
#18664 = FILL_AREA_STYLE('',(#18665));
#18665 = FILL_AREA_STYLE_COLOUR('',#17150);
#18666 = STYLED_ITEM('color',(#18667),#7070);
#18667 = PRESENTATION_STYLE_ASSIGNMENT((#18668));
#18668 = SURFACE_STYLE_USAGE(.BOTH.,#18669);
#18669 = SURFACE_SIDE_STYLE('',(#18670));
#18670 = SURFACE_STYLE_FILL_AREA(#18671);
#18671 = FILL_AREA_STYLE('',(#18672));
#18672 = FILL_AREA_STYLE_COLOUR('',#17150);
#18673 = STYLED_ITEM('color',(#18674),#7087);
#18674 = PRESENTATION_STYLE_ASSIGNMENT((#18675));
#18675 = SURFACE_STYLE_USAGE(.BOTH.,#18676);
#18676 = SURFACE_SIDE_STYLE('',(#18677));
#18677 = SURFACE_STYLE_FILL_AREA(#18678);
#18678 = FILL_AREA_STYLE('',(#18679));
#18679 = FILL_AREA_STYLE_COLOUR('',#17150);
#18680 = STYLED_ITEM('color',(#18681),#7104);
#18681 = PRESENTATION_STYLE_ASSIGNMENT((#18682));
#18682 = SURFACE_STYLE_USAGE(.BOTH.,#18683);
#18683 = SURFACE_SIDE_STYLE('',(#18684));
#18684 = SURFACE_STYLE_FILL_AREA(#18685);
#18685 = FILL_AREA_STYLE('',(#18686));
#18686 = FILL_AREA_STYLE_COLOUR('',#17150);
#18687 = STYLED_ITEM('color',(#18688),#7116);
#18688 = PRESENTATION_STYLE_ASSIGNMENT((#18689));
#18689 = SURFACE_STYLE_USAGE(.BOTH.,#18690);
#18690 = SURFACE_SIDE_STYLE('',(#18691));
#18691 = SURFACE_STYLE_FILL_AREA(#18692);
#18692 = FILL_AREA_STYLE('',(#18693));
#18693 = FILL_AREA_STYLE_COLOUR('',#17150);
#18694 = STYLED_ITEM('color',(#18695),#7133);
#18695 = PRESENTATION_STYLE_ASSIGNMENT((#18696));
#18696 = SURFACE_STYLE_USAGE(.BOTH.,#18697);
#18697 = SURFACE_SIDE_STYLE('',(#18698));
#18698 = SURFACE_STYLE_FILL_AREA(#18699);
#18699 = FILL_AREA_STYLE('',(#18700));
#18700 = FILL_AREA_STYLE_COLOUR('',#17150);
#18701 = STYLED_ITEM('color',(#18702),#7150);
#18702 = PRESENTATION_STYLE_ASSIGNMENT((#18703));
#18703 = SURFACE_STYLE_USAGE(.BOTH.,#18704);
#18704 = SURFACE_SIDE_STYLE('',(#18705));
#18705 = SURFACE_STYLE_FILL_AREA(#18706);
#18706 = FILL_AREA_STYLE('',(#18707));
#18707 = FILL_AREA_STYLE_COLOUR('',#17150);
#18708 = STYLED_ITEM('color',(#18709),#7167);
#18709 = PRESENTATION_STYLE_ASSIGNMENT((#18710));
#18710 = SURFACE_STYLE_USAGE(.BOTH.,#18711);
#18711 = SURFACE_SIDE_STYLE('',(#18712));
#18712 = SURFACE_STYLE_FILL_AREA(#18713);
#18713 = FILL_AREA_STYLE('',(#18714));
#18714 = FILL_AREA_STYLE_COLOUR('',#17150);
#18715 = STYLED_ITEM('color',(#18716),#7184);
#18716 = PRESENTATION_STYLE_ASSIGNMENT((#18717));
#18717 = SURFACE_STYLE_USAGE(.BOTH.,#18718);
#18718 = SURFACE_SIDE_STYLE('',(#18719));
#18719 = SURFACE_STYLE_FILL_AREA(#18720);
#18720 = FILL_AREA_STYLE('',(#18721));
#18721 = FILL_AREA_STYLE_COLOUR('',#17150);
#18722 = STYLED_ITEM('color',(#18723),#7196);
#18723 = PRESENTATION_STYLE_ASSIGNMENT((#18724));
#18724 = SURFACE_STYLE_USAGE(.BOTH.,#18725);
#18725 = SURFACE_SIDE_STYLE('',(#18726));
#18726 = SURFACE_STYLE_FILL_AREA(#18727);
#18727 = FILL_AREA_STYLE('',(#18728));
#18728 = FILL_AREA_STYLE_COLOUR('',#17150);
#18729 = STYLED_ITEM('color',(#18730),#7213);
#18730 = PRESENTATION_STYLE_ASSIGNMENT((#18731));
#18731 = SURFACE_STYLE_USAGE(.BOTH.,#18732);
#18732 = SURFACE_SIDE_STYLE('',(#18733));
#18733 = SURFACE_STYLE_FILL_AREA(#18734);
#18734 = FILL_AREA_STYLE('',(#18735));
#18735 = FILL_AREA_STYLE_COLOUR('',#17150);
#18736 = STYLED_ITEM('color',(#18737),#7230);
#18737 = PRESENTATION_STYLE_ASSIGNMENT((#18738));
#18738 = SURFACE_STYLE_USAGE(.BOTH.,#18739);
#18739 = SURFACE_SIDE_STYLE('',(#18740));
#18740 = SURFACE_STYLE_FILL_AREA(#18741);
#18741 = FILL_AREA_STYLE('',(#18742));
#18742 = FILL_AREA_STYLE_COLOUR('',#17150);
#18743 = STYLED_ITEM('color',(#18744),#7247);
#18744 = PRESENTATION_STYLE_ASSIGNMENT((#18745));
#18745 = SURFACE_STYLE_USAGE(.BOTH.,#18746);
#18746 = SURFACE_SIDE_STYLE('',(#18747));
#18747 = SURFACE_STYLE_FILL_AREA(#18748);
#18748 = FILL_AREA_STYLE('',(#18749));
#18749 = FILL_AREA_STYLE_COLOUR('',#17150);
#18750 = STYLED_ITEM('color',(#18751),#7264);
#18751 = PRESENTATION_STYLE_ASSIGNMENT((#18752));
#18752 = SURFACE_STYLE_USAGE(.BOTH.,#18753);
#18753 = SURFACE_SIDE_STYLE('',(#18754));
#18754 = SURFACE_STYLE_FILL_AREA(#18755);
#18755 = FILL_AREA_STYLE('',(#18756));
#18756 = FILL_AREA_STYLE_COLOUR('',#17150);
#18757 = STYLED_ITEM('color',(#18758),#7276);
#18758 = PRESENTATION_STYLE_ASSIGNMENT((#18759));
#18759 = SURFACE_STYLE_USAGE(.BOTH.,#18760);
#18760 = SURFACE_SIDE_STYLE('',(#18761));
#18761 = SURFACE_STYLE_FILL_AREA(#18762);
#18762 = FILL_AREA_STYLE('',(#18763));
#18763 = FILL_AREA_STYLE_COLOUR('',#17150);
#18764 = STYLED_ITEM('color',(#18765),#7293);
#18765 = PRESENTATION_STYLE_ASSIGNMENT((#18766));
#18766 = SURFACE_STYLE_USAGE(.BOTH.,#18767);
#18767 = SURFACE_SIDE_STYLE('',(#18768));
#18768 = SURFACE_STYLE_FILL_AREA(#18769);
#18769 = FILL_AREA_STYLE('',(#18770));
#18770 = FILL_AREA_STYLE_COLOUR('',#17150);
#18771 = STYLED_ITEM('color',(#18772),#7310);
#18772 = PRESENTATION_STYLE_ASSIGNMENT((#18773));
#18773 = SURFACE_STYLE_USAGE(.BOTH.,#18774);
#18774 = SURFACE_SIDE_STYLE('',(#18775));
#18775 = SURFACE_STYLE_FILL_AREA(#18776);
#18776 = FILL_AREA_STYLE('',(#18777));
#18777 = FILL_AREA_STYLE_COLOUR('',#17150);
#18778 = STYLED_ITEM('color',(#18779),#7327);
#18779 = PRESENTATION_STYLE_ASSIGNMENT((#18780));
#18780 = SURFACE_STYLE_USAGE(.BOTH.,#18781);
#18781 = SURFACE_SIDE_STYLE('',(#18782));
#18782 = SURFACE_STYLE_FILL_AREA(#18783);
#18783 = FILL_AREA_STYLE('',(#18784));
#18784 = FILL_AREA_STYLE_COLOUR('',#17150);
#18785 = STYLED_ITEM('color',(#18786),#7344);
#18786 = PRESENTATION_STYLE_ASSIGNMENT((#18787));
#18787 = SURFACE_STYLE_USAGE(.BOTH.,#18788);
#18788 = SURFACE_SIDE_STYLE('',(#18789));
#18789 = SURFACE_STYLE_FILL_AREA(#18790);
#18790 = FILL_AREA_STYLE('',(#18791));
#18791 = FILL_AREA_STYLE_COLOUR('',#17150);
#18792 = STYLED_ITEM('color',(#18793),#7356);
#18793 = PRESENTATION_STYLE_ASSIGNMENT((#18794));
#18794 = SURFACE_STYLE_USAGE(.BOTH.,#18795);
#18795 = SURFACE_SIDE_STYLE('',(#18796));
#18796 = SURFACE_STYLE_FILL_AREA(#18797);
#18797 = FILL_AREA_STYLE('',(#18798));
#18798 = FILL_AREA_STYLE_COLOUR('',#17150);
#18799 = STYLED_ITEM('color',(#18800),#7373);
#18800 = PRESENTATION_STYLE_ASSIGNMENT((#18801));
#18801 = SURFACE_STYLE_USAGE(.BOTH.,#18802);
#18802 = SURFACE_SIDE_STYLE('',(#18803));
#18803 = SURFACE_STYLE_FILL_AREA(#18804);
#18804 = FILL_AREA_STYLE('',(#18805));
#18805 = FILL_AREA_STYLE_COLOUR('',#17150);
#18806 = STYLED_ITEM('color',(#18807),#7390);
#18807 = PRESENTATION_STYLE_ASSIGNMENT((#18808));
#18808 = SURFACE_STYLE_USAGE(.BOTH.,#18809);
#18809 = SURFACE_SIDE_STYLE('',(#18810));
#18810 = SURFACE_STYLE_FILL_AREA(#18811);
#18811 = FILL_AREA_STYLE('',(#18812));
#18812 = FILL_AREA_STYLE_COLOUR('',#17150);
#18813 = STYLED_ITEM('color',(#18814),#7407);
#18814 = PRESENTATION_STYLE_ASSIGNMENT((#18815));
#18815 = SURFACE_STYLE_USAGE(.BOTH.,#18816);
#18816 = SURFACE_SIDE_STYLE('',(#18817));
#18817 = SURFACE_STYLE_FILL_AREA(#18818);
#18818 = FILL_AREA_STYLE('',(#18819));
#18819 = FILL_AREA_STYLE_COLOUR('',#17150);
#18820 = STYLED_ITEM('color',(#18821),#7424);
#18821 = PRESENTATION_STYLE_ASSIGNMENT((#18822));
#18822 = SURFACE_STYLE_USAGE(.BOTH.,#18823);
#18823 = SURFACE_SIDE_STYLE('',(#18824));
#18824 = SURFACE_STYLE_FILL_AREA(#18825);
#18825 = FILL_AREA_STYLE('',(#18826));
#18826 = FILL_AREA_STYLE_COLOUR('',#17150);
#18827 = STYLED_ITEM('color',(#18828),#7436);
#18828 = PRESENTATION_STYLE_ASSIGNMENT((#18829));
#18829 = SURFACE_STYLE_USAGE(.BOTH.,#18830);
#18830 = SURFACE_SIDE_STYLE('',(#18831));
#18831 = SURFACE_STYLE_FILL_AREA(#18832);
#18832 = FILL_AREA_STYLE('',(#18833));
#18833 = FILL_AREA_STYLE_COLOUR('',#17150);
#18834 = STYLED_ITEM('color',(#18835),#7453);
#18835 = PRESENTATION_STYLE_ASSIGNMENT((#18836));
#18836 = SURFACE_STYLE_USAGE(.BOTH.,#18837);
#18837 = SURFACE_SIDE_STYLE('',(#18838));
#18838 = SURFACE_STYLE_FILL_AREA(#18839);
#18839 = FILL_AREA_STYLE('',(#18840));
#18840 = FILL_AREA_STYLE_COLOUR('',#17150);
#18841 = STYLED_ITEM('color',(#18842),#7470);
#18842 = PRESENTATION_STYLE_ASSIGNMENT((#18843));
#18843 = SURFACE_STYLE_USAGE(.BOTH.,#18844);
#18844 = SURFACE_SIDE_STYLE('',(#18845));
#18845 = SURFACE_STYLE_FILL_AREA(#18846);
#18846 = FILL_AREA_STYLE('',(#18847));
#18847 = FILL_AREA_STYLE_COLOUR('',#17150);
#18848 = STYLED_ITEM('color',(#18849),#7487);
#18849 = PRESENTATION_STYLE_ASSIGNMENT((#18850));
#18850 = SURFACE_STYLE_USAGE(.BOTH.,#18851);
#18851 = SURFACE_SIDE_STYLE('',(#18852));
#18852 = SURFACE_STYLE_FILL_AREA(#18853);
#18853 = FILL_AREA_STYLE('',(#18854));
#18854 = FILL_AREA_STYLE_COLOUR('',#17150);
#18855 = STYLED_ITEM('color',(#18856),#7504);
#18856 = PRESENTATION_STYLE_ASSIGNMENT((#18857));
#18857 = SURFACE_STYLE_USAGE(.BOTH.,#18858);
#18858 = SURFACE_SIDE_STYLE('',(#18859));
#18859 = SURFACE_STYLE_FILL_AREA(#18860);
#18860 = FILL_AREA_STYLE('',(#18861));
#18861 = FILL_AREA_STYLE_COLOUR('',#17150);
#18862 = STYLED_ITEM('color',(#18863),#7516);
#18863 = PRESENTATION_STYLE_ASSIGNMENT((#18864));
#18864 = SURFACE_STYLE_USAGE(.BOTH.,#18865);
#18865 = SURFACE_SIDE_STYLE('',(#18866));
#18866 = SURFACE_STYLE_FILL_AREA(#18867);
#18867 = FILL_AREA_STYLE('',(#18868));
#18868 = FILL_AREA_STYLE_COLOUR('',#17349);
#18869 = STYLED_ITEM('color',(#18870),#7544);
#18870 = PRESENTATION_STYLE_ASSIGNMENT((#18871));
#18871 = SURFACE_STYLE_USAGE(.BOTH.,#18872);
#18872 = SURFACE_SIDE_STYLE('',(#18873));
#18873 = SURFACE_STYLE_FILL_AREA(#18874);
#18874 = FILL_AREA_STYLE('',(#18875));
#18875 = FILL_AREA_STYLE_COLOUR('',#17349);
#18876 = STYLED_ITEM('color',(#18877),#7555);
#18877 = PRESENTATION_STYLE_ASSIGNMENT((#18878));
#18878 = SURFACE_STYLE_USAGE(.BOTH.,#18879);
#18879 = SURFACE_SIDE_STYLE('',(#18880));
#18880 = SURFACE_STYLE_FILL_AREA(#18881);
#18881 = FILL_AREA_STYLE('',(#18882));
#18882 = FILL_AREA_STYLE_COLOUR('',#17150);
#18883 = STYLED_ITEM('color',(#18884),#7572);
#18884 = PRESENTATION_STYLE_ASSIGNMENT((#18885));
#18885 = SURFACE_STYLE_USAGE(.BOTH.,#18886);
#18886 = SURFACE_SIDE_STYLE('',(#18887));
#18887 = SURFACE_STYLE_FILL_AREA(#18888);
#18888 = FILL_AREA_STYLE('',(#18889));
#18889 = FILL_AREA_STYLE_COLOUR('',#17150);
#18890 = STYLED_ITEM('color',(#18891),#7589);
#18891 = PRESENTATION_STYLE_ASSIGNMENT((#18892));
#18892 = SURFACE_STYLE_USAGE(.BOTH.,#18893);
#18893 = SURFACE_SIDE_STYLE('',(#18894));
#18894 = SURFACE_STYLE_FILL_AREA(#18895);
#18895 = FILL_AREA_STYLE('',(#18896));
#18896 = FILL_AREA_STYLE_COLOUR('',#17150);
#18897 = STYLED_ITEM('color',(#18898),#7601);
#18898 = PRESENTATION_STYLE_ASSIGNMENT((#18899));
#18899 = SURFACE_STYLE_USAGE(.BOTH.,#18900);
#18900 = SURFACE_SIDE_STYLE('',(#18901));
#18901 = SURFACE_STYLE_FILL_AREA(#18902);
#18902 = FILL_AREA_STYLE('',(#18903));
#18903 = FILL_AREA_STYLE_COLOUR('',#17150);
#18904 = STYLED_ITEM('color',(#18905),#7618);
#18905 = PRESENTATION_STYLE_ASSIGNMENT((#18906));
#18906 = SURFACE_STYLE_USAGE(.BOTH.,#18907);
#18907 = SURFACE_SIDE_STYLE('',(#18908));
#18908 = SURFACE_STYLE_FILL_AREA(#18909);
#18909 = FILL_AREA_STYLE('',(#18910));
#18910 = FILL_AREA_STYLE_COLOUR('',#17150);
#18911 = STYLED_ITEM('color',(#18912),#7635);
#18912 = PRESENTATION_STYLE_ASSIGNMENT((#18913));
#18913 = SURFACE_STYLE_USAGE(.BOTH.,#18914);
#18914 = SURFACE_SIDE_STYLE('',(#18915));
#18915 = SURFACE_STYLE_FILL_AREA(#18916);
#18916 = FILL_AREA_STYLE('',(#18917));
#18917 = FILL_AREA_STYLE_COLOUR('',#17150);
#18918 = STYLED_ITEM('color',(#18919),#7647);
#18919 = PRESENTATION_STYLE_ASSIGNMENT((#18920));
#18920 = SURFACE_STYLE_USAGE(.BOTH.,#18921);
#18921 = SURFACE_SIDE_STYLE('',(#18922));
#18922 = SURFACE_STYLE_FILL_AREA(#18923);
#18923 = FILL_AREA_STYLE('',(#18924));
#18924 = FILL_AREA_STYLE_COLOUR('',#17150);
#18925 = STYLED_ITEM('color',(#18926),#7664);
#18926 = PRESENTATION_STYLE_ASSIGNMENT((#18927));
#18927 = SURFACE_STYLE_USAGE(.BOTH.,#18928);
#18928 = SURFACE_SIDE_STYLE('',(#18929));
#18929 = SURFACE_STYLE_FILL_AREA(#18930);
#18930 = FILL_AREA_STYLE('',(#18931));
#18931 = FILL_AREA_STYLE_COLOUR('',#17150);
#18932 = STYLED_ITEM('color',(#18933),#7681);
#18933 = PRESENTATION_STYLE_ASSIGNMENT((#18934));
#18934 = SURFACE_STYLE_USAGE(.BOTH.,#18935);
#18935 = SURFACE_SIDE_STYLE('',(#18936));
#18936 = SURFACE_STYLE_FILL_AREA(#18937);
#18937 = FILL_AREA_STYLE('',(#18938));
#18938 = FILL_AREA_STYLE_COLOUR('',#17150);
#18939 = STYLED_ITEM('color',(#18940),#7698);
#18940 = PRESENTATION_STYLE_ASSIGNMENT((#18941));
#18941 = SURFACE_STYLE_USAGE(.BOTH.,#18942);
#18942 = SURFACE_SIDE_STYLE('',(#18943));
#18943 = SURFACE_STYLE_FILL_AREA(#18944);
#18944 = FILL_AREA_STYLE('',(#18945));
#18945 = FILL_AREA_STYLE_COLOUR('',#17150);
#18946 = STYLED_ITEM('color',(#18947),#7715);
#18947 = PRESENTATION_STYLE_ASSIGNMENT((#18948));
#18948 = SURFACE_STYLE_USAGE(.BOTH.,#18949);
#18949 = SURFACE_SIDE_STYLE('',(#18950));
#18950 = SURFACE_STYLE_FILL_AREA(#18951);
#18951 = FILL_AREA_STYLE('',(#18952));
#18952 = FILL_AREA_STYLE_COLOUR('',#17150);
#18953 = STYLED_ITEM('color',(#18954),#7727);
#18954 = PRESENTATION_STYLE_ASSIGNMENT((#18955));
#18955 = SURFACE_STYLE_USAGE(.BOTH.,#18956);
#18956 = SURFACE_SIDE_STYLE('',(#18957));
#18957 = SURFACE_STYLE_FILL_AREA(#18958);
#18958 = FILL_AREA_STYLE('',(#18959));
#18959 = FILL_AREA_STYLE_COLOUR('',#17150);
#18960 = STYLED_ITEM('color',(#18961),#7744);
#18961 = PRESENTATION_STYLE_ASSIGNMENT((#18962));
#18962 = SURFACE_STYLE_USAGE(.BOTH.,#18963);
#18963 = SURFACE_SIDE_STYLE('',(#18964));
#18964 = SURFACE_STYLE_FILL_AREA(#18965);
#18965 = FILL_AREA_STYLE('',(#18966));
#18966 = FILL_AREA_STYLE_COLOUR('',#17150);
#18967 = STYLED_ITEM('color',(#18968),#7761);
#18968 = PRESENTATION_STYLE_ASSIGNMENT((#18969));
#18969 = SURFACE_STYLE_USAGE(.BOTH.,#18970);
#18970 = SURFACE_SIDE_STYLE('',(#18971));
#18971 = SURFACE_STYLE_FILL_AREA(#18972);
#18972 = FILL_AREA_STYLE('',(#18973));
#18973 = FILL_AREA_STYLE_COLOUR('',#17150);
#18974 = STYLED_ITEM('color',(#18975),#7778);
#18975 = PRESENTATION_STYLE_ASSIGNMENT((#18976));
#18976 = SURFACE_STYLE_USAGE(.BOTH.,#18977);
#18977 = SURFACE_SIDE_STYLE('',(#18978));
#18978 = SURFACE_STYLE_FILL_AREA(#18979);
#18979 = FILL_AREA_STYLE('',(#18980));
#18980 = FILL_AREA_STYLE_COLOUR('',#17150);
#18981 = STYLED_ITEM('color',(#18982),#7795);
#18982 = PRESENTATION_STYLE_ASSIGNMENT((#18983));
#18983 = SURFACE_STYLE_USAGE(.BOTH.,#18984);
#18984 = SURFACE_SIDE_STYLE('',(#18985));
#18985 = SURFACE_STYLE_FILL_AREA(#18986);
#18986 = FILL_AREA_STYLE('',(#18987));
#18987 = FILL_AREA_STYLE_COLOUR('',#17150);
#18988 = STYLED_ITEM('color',(#18989),#7807);
#18989 = PRESENTATION_STYLE_ASSIGNMENT((#18990));
#18990 = SURFACE_STYLE_USAGE(.BOTH.,#18991);
#18991 = SURFACE_SIDE_STYLE('',(#18992));
#18992 = SURFACE_STYLE_FILL_AREA(#18993);
#18993 = FILL_AREA_STYLE('',(#18994));
#18994 = FILL_AREA_STYLE_COLOUR('',#17150);
#18995 = STYLED_ITEM('color',(#18996),#7824);
#18996 = PRESENTATION_STYLE_ASSIGNMENT((#18997));
#18997 = SURFACE_STYLE_USAGE(.BOTH.,#18998);
#18998 = SURFACE_SIDE_STYLE('',(#18999));
#18999 = SURFACE_STYLE_FILL_AREA(#19000);
#19000 = FILL_AREA_STYLE('',(#19001));
#19001 = FILL_AREA_STYLE_COLOUR('',#17150);
#19002 = STYLED_ITEM('color',(#19003),#7841);
#19003 = PRESENTATION_STYLE_ASSIGNMENT((#19004));
#19004 = SURFACE_STYLE_USAGE(.BOTH.,#19005);
#19005 = SURFACE_SIDE_STYLE('',(#19006));
#19006 = SURFACE_STYLE_FILL_AREA(#19007);
#19007 = FILL_AREA_STYLE('',(#19008));
#19008 = FILL_AREA_STYLE_COLOUR('',#17150);
#19009 = STYLED_ITEM('color',(#19010),#7858);
#19010 = PRESENTATION_STYLE_ASSIGNMENT((#19011));
#19011 = SURFACE_STYLE_USAGE(.BOTH.,#19012);
#19012 = SURFACE_SIDE_STYLE('',(#19013));
#19013 = SURFACE_STYLE_FILL_AREA(#19014);
#19014 = FILL_AREA_STYLE('',(#19015));
#19015 = FILL_AREA_STYLE_COLOUR('',#17150);
#19016 = STYLED_ITEM('color',(#19017),#7875);
#19017 = PRESENTATION_STYLE_ASSIGNMENT((#19018));
#19018 = SURFACE_STYLE_USAGE(.BOTH.,#19019);
#19019 = SURFACE_SIDE_STYLE('',(#19020));
#19020 = SURFACE_STYLE_FILL_AREA(#19021);
#19021 = FILL_AREA_STYLE('',(#19022));
#19022 = FILL_AREA_STYLE_COLOUR('',#17150);
#19023 = STYLED_ITEM('color',(#19024),#7887);
#19024 = PRESENTATION_STYLE_ASSIGNMENT((#19025));
#19025 = SURFACE_STYLE_USAGE(.BOTH.,#19026);
#19026 = SURFACE_SIDE_STYLE('',(#19027));
#19027 = SURFACE_STYLE_FILL_AREA(#19028);
#19028 = FILL_AREA_STYLE('',(#19029));
#19029 = FILL_AREA_STYLE_COLOUR('',#17150);
#19030 = STYLED_ITEM('color',(#19031),#7904);
#19031 = PRESENTATION_STYLE_ASSIGNMENT((#19032));
#19032 = SURFACE_STYLE_USAGE(.BOTH.,#19033);
#19033 = SURFACE_SIDE_STYLE('',(#19034));
#19034 = SURFACE_STYLE_FILL_AREA(#19035);
#19035 = FILL_AREA_STYLE('',(#19036));
#19036 = FILL_AREA_STYLE_COLOUR('',#17150);
#19037 = STYLED_ITEM('color',(#19038),#7921);
#19038 = PRESENTATION_STYLE_ASSIGNMENT((#19039));
#19039 = SURFACE_STYLE_USAGE(.BOTH.,#19040);
#19040 = SURFACE_SIDE_STYLE('',(#19041));
#19041 = SURFACE_STYLE_FILL_AREA(#19042);
#19042 = FILL_AREA_STYLE('',(#19043));
#19043 = FILL_AREA_STYLE_COLOUR('',#17150);
#19044 = STYLED_ITEM('color',(#19045),#7938);
#19045 = PRESENTATION_STYLE_ASSIGNMENT((#19046));
#19046 = SURFACE_STYLE_USAGE(.BOTH.,#19047);
#19047 = SURFACE_SIDE_STYLE('',(#19048));
#19048 = SURFACE_STYLE_FILL_AREA(#19049);
#19049 = FILL_AREA_STYLE('',(#19050));
#19050 = FILL_AREA_STYLE_COLOUR('',#17150);
#19051 = STYLED_ITEM('color',(#19052),#7955);
#19052 = PRESENTATION_STYLE_ASSIGNMENT((#19053));
#19053 = SURFACE_STYLE_USAGE(.BOTH.,#19054);
#19054 = SURFACE_SIDE_STYLE('',(#19055));
#19055 = SURFACE_STYLE_FILL_AREA(#19056);
#19056 = FILL_AREA_STYLE('',(#19057));
#19057 = FILL_AREA_STYLE_COLOUR('',#17150);
#19058 = STYLED_ITEM('color',(#19059),#7967);
#19059 = PRESENTATION_STYLE_ASSIGNMENT((#19060));
#19060 = SURFACE_STYLE_USAGE(.BOTH.,#19061);
#19061 = SURFACE_SIDE_STYLE('',(#19062));
#19062 = SURFACE_STYLE_FILL_AREA(#19063);
#19063 = FILL_AREA_STYLE('',(#19064));
#19064 = FILL_AREA_STYLE_COLOUR('',#17150);
#19065 = STYLED_ITEM('color',(#19066),#7984);
#19066 = PRESENTATION_STYLE_ASSIGNMENT((#19067));
#19067 = SURFACE_STYLE_USAGE(.BOTH.,#19068);
#19068 = SURFACE_SIDE_STYLE('',(#19069));
#19069 = SURFACE_STYLE_FILL_AREA(#19070);
#19070 = FILL_AREA_STYLE('',(#19071));
#19071 = FILL_AREA_STYLE_COLOUR('',#17150);
#19072 = STYLED_ITEM('color',(#19073),#8001);
#19073 = PRESENTATION_STYLE_ASSIGNMENT((#19074));
#19074 = SURFACE_STYLE_USAGE(.BOTH.,#19075);
#19075 = SURFACE_SIDE_STYLE('',(#19076));
#19076 = SURFACE_STYLE_FILL_AREA(#19077);
#19077 = FILL_AREA_STYLE('',(#19078));
#19078 = FILL_AREA_STYLE_COLOUR('',#17150);
#19079 = STYLED_ITEM('color',(#19080),#8018);
#19080 = PRESENTATION_STYLE_ASSIGNMENT((#19081));
#19081 = SURFACE_STYLE_USAGE(.BOTH.,#19082);
#19082 = SURFACE_SIDE_STYLE('',(#19083));
#19083 = SURFACE_STYLE_FILL_AREA(#19084);
#19084 = FILL_AREA_STYLE('',(#19085));
#19085 = FILL_AREA_STYLE_COLOUR('',#17150);
#19086 = STYLED_ITEM('color',(#19087),#8035);
#19087 = PRESENTATION_STYLE_ASSIGNMENT((#19088));
#19088 = SURFACE_STYLE_USAGE(.BOTH.,#19089);
#19089 = SURFACE_SIDE_STYLE('',(#19090));
#19090 = SURFACE_STYLE_FILL_AREA(#19091);
#19091 = FILL_AREA_STYLE('',(#19092));
#19092 = FILL_AREA_STYLE_COLOUR('',#17150);
#19093 = MECHANICAL_DESIGN_GEOMETRIC_PRESENTATION_REPRESENTATION('',(
    #19094,#19101,#19108,#19115,#19122,#19129,#19136,#19143,#19151,
    #19158,#19165,#19173,#19180,#19187,#19194,#19201),#9299);
#19094 = STYLED_ITEM('color',(#19095),#8951);
#19095 = PRESENTATION_STYLE_ASSIGNMENT((#19096));
#19096 = SURFACE_STYLE_USAGE(.BOTH.,#19097);
#19097 = SURFACE_SIDE_STYLE('',(#19098));
#19098 = SURFACE_STYLE_FILL_AREA(#19099);
#19099 = FILL_AREA_STYLE('',(#19100));
#19100 = FILL_AREA_STYLE_COLOUR('',#17150);
#19101 = STYLED_ITEM('color',(#19102),#8984);
#19102 = PRESENTATION_STYLE_ASSIGNMENT((#19103));
#19103 = SURFACE_STYLE_USAGE(.BOTH.,#19104);
#19104 = SURFACE_SIDE_STYLE('',(#19105));
#19105 = SURFACE_STYLE_FILL_AREA(#19106);
#19106 = FILL_AREA_STYLE('',(#19107));
#19107 = FILL_AREA_STYLE_COLOUR('',#17150);
#19108 = STYLED_ITEM('color',(#19109),#9010);
#19109 = PRESENTATION_STYLE_ASSIGNMENT((#19110));
#19110 = SURFACE_STYLE_USAGE(.BOTH.,#19111);
#19111 = SURFACE_SIDE_STYLE('',(#19112));
#19112 = SURFACE_STYLE_FILL_AREA(#19113);
#19113 = FILL_AREA_STYLE('',(#19114));
#19114 = FILL_AREA_STYLE_COLOUR('',#17150);
#19115 = STYLED_ITEM('color',(#19116),#9035);
#19116 = PRESENTATION_STYLE_ASSIGNMENT((#19117));
#19117 = SURFACE_STYLE_USAGE(.BOTH.,#19118);
#19118 = SURFACE_SIDE_STYLE('',(#19119));
#19119 = SURFACE_STYLE_FILL_AREA(#19120);
#19120 = FILL_AREA_STYLE('',(#19121));
#19121 = FILL_AREA_STYLE_COLOUR('',#17150);
#19122 = STYLED_ITEM('color',(#19123),#9061);
#19123 = PRESENTATION_STYLE_ASSIGNMENT((#19124));
#19124 = SURFACE_STYLE_USAGE(.BOTH.,#19125);
#19125 = SURFACE_SIDE_STYLE('',(#19126));
#19126 = SURFACE_STYLE_FILL_AREA(#19127);
#19127 = FILL_AREA_STYLE('',(#19128));
#19128 = FILL_AREA_STYLE_COLOUR('',#17150);
#19129 = STYLED_ITEM('color',(#19130),#9086);
#19130 = PRESENTATION_STYLE_ASSIGNMENT((#19131));
#19131 = SURFACE_STYLE_USAGE(.BOTH.,#19132);
#19132 = SURFACE_SIDE_STYLE('',(#19133));
#19133 = SURFACE_STYLE_FILL_AREA(#19134);
#19134 = FILL_AREA_STYLE('',(#19135));
#19135 = FILL_AREA_STYLE_COLOUR('',#17150);
#19136 = STYLED_ITEM('color',(#19137),#9095);
#19137 = PRESENTATION_STYLE_ASSIGNMENT((#19138));
#19138 = SURFACE_STYLE_USAGE(.BOTH.,#19139);
#19139 = SURFACE_SIDE_STYLE('',(#19140));
#19140 = SURFACE_STYLE_FILL_AREA(#19141);
#19141 = FILL_AREA_STYLE('',(#19142));
#19142 = FILL_AREA_STYLE_COLOUR('',#17150);
#19143 = STYLED_ITEM('color',(#19144),#9106);
#19144 = PRESENTATION_STYLE_ASSIGNMENT((#19145));
#19145 = SURFACE_STYLE_USAGE(.BOTH.,#19146);
#19146 = SURFACE_SIDE_STYLE('',(#19147));
#19147 = SURFACE_STYLE_FILL_AREA(#19148);
#19148 = FILL_AREA_STYLE('',(#19149));
#19149 = FILL_AREA_STYLE_COLOUR('',#19150);
#19150 = COLOUR_RGB('',0.699999984889,9.999999991362E-02,
  5.000000142576E-02);
#19151 = STYLED_ITEM('color',(#19152),#9139);
#19152 = PRESENTATION_STYLE_ASSIGNMENT((#19153));
#19153 = SURFACE_STYLE_USAGE(.BOTH.,#19154);
#19154 = SURFACE_SIDE_STYLE('',(#19155));
#19155 = SURFACE_STYLE_FILL_AREA(#19156);
#19156 = FILL_AREA_STYLE('',(#19157));
#19157 = FILL_AREA_STYLE_COLOUR('',#19150);
#19158 = STYLED_ITEM('color',(#19159),#9159);
#19159 = PRESENTATION_STYLE_ASSIGNMENT((#19160));
#19160 = SURFACE_STYLE_USAGE(.BOTH.,#19161);
#19161 = SURFACE_SIDE_STYLE('',(#19162));
#19162 = SURFACE_STYLE_FILL_AREA(#19163);
#19163 = FILL_AREA_STYLE('',(#19164));
#19164 = FILL_AREA_STYLE_COLOUR('',#19150);
#19165 = STYLED_ITEM('color',(#19166),#9179);
#19166 = PRESENTATION_STYLE_ASSIGNMENT((#19167));
#19167 = SURFACE_STYLE_USAGE(.BOTH.,#19168);
#19168 = SURFACE_SIDE_STYLE('',(#19169));
#19169 = SURFACE_STYLE_FILL_AREA(#19170);
#19170 = FILL_AREA_STYLE('',(#19171));
#19171 = FILL_AREA_STYLE_COLOUR('',#19172);
#19172 = COLOUR_RGB('',0.,0.631244006163,0.748016017657);
#19173 = STYLED_ITEM('color',(#19174),#9204);
#19174 = PRESENTATION_STYLE_ASSIGNMENT((#19175));
#19175 = SURFACE_STYLE_USAGE(.BOTH.,#19176);
#19176 = SURFACE_SIDE_STYLE('',(#19177));
#19177 = SURFACE_STYLE_FILL_AREA(#19178);
#19178 = FILL_AREA_STYLE('',(#19179));
#19179 = FILL_AREA_STYLE_COLOUR('',#19172);
#19180 = STYLED_ITEM('color',(#19181),#9229);
#19181 = PRESENTATION_STYLE_ASSIGNMENT((#19182));
#19182 = SURFACE_STYLE_USAGE(.BOTH.,#19183);
#19183 = SURFACE_SIDE_STYLE('',(#19184));
#19184 = SURFACE_STYLE_FILL_AREA(#19185);
#19185 = FILL_AREA_STYLE('',(#19186));
#19186 = FILL_AREA_STYLE_COLOUR('',#19172);
#19187 = STYLED_ITEM('color',(#19188),#9255);
#19188 = PRESENTATION_STYLE_ASSIGNMENT((#19189));
#19189 = SURFACE_STYLE_USAGE(.BOTH.,#19190);
#19190 = SURFACE_SIDE_STYLE('',(#19191));
#19191 = SURFACE_STYLE_FILL_AREA(#19192);
#19192 = FILL_AREA_STYLE('',(#19193));
#19193 = FILL_AREA_STYLE_COLOUR('',#19172);
#19194 = STYLED_ITEM('color',(#19195),#9281);
#19195 = PRESENTATION_STYLE_ASSIGNMENT((#19196));
#19196 = SURFACE_STYLE_USAGE(.BOTH.,#19197);
#19197 = SURFACE_SIDE_STYLE('',(#19198));
#19198 = SURFACE_STYLE_FILL_AREA(#19199);
#19199 = FILL_AREA_STYLE('',(#19200));
#19200 = FILL_AREA_STYLE_COLOUR('',#19172);
#19201 = STYLED_ITEM('color',(#19202),#9290);
#19202 = PRESENTATION_STYLE_ASSIGNMENT((#19203));
#19203 = SURFACE_STYLE_USAGE(.BOTH.,#19204);
#19204 = SURFACE_SIDE_STYLE('',(#19205));
#19205 = SURFACE_STYLE_FILL_AREA(#19206);
#19206 = FILL_AREA_STYLE('',(#19207));
#19207 = FILL_AREA_STYLE_COLOUR('',#19172);
ENDSEC;
END-ISO-10303-21;
