solid ASCII
  facet normal -9.798935e-01 1.189806e-01 1.601633e-01
    outer loop
      vertex   -3.480467e+01 3.554513e+01 2.650000e+00
      vertex   -3.487531e+01 3.541632e+01 2.313535e+00
      vertex   -3.484826e+01 3.518616e+01 2.650000e+00
    endloop
  endfacet
  facet normal -9.887196e-01 7.409429e-02 1.301674e-01
    outer loop
      vertex   -3.484826e+01 3.518616e+01 2.650000e+00
      vertex   -3.487531e+01 3.541632e+01 2.313535e+00
      vertex   -3.489256e+01 3.518616e+01 2.313535e+00
    endloop
  endfacet
  facet normal -9.887196e-01 -7.409429e-02 1.301674e-01
    outer loop
      vertex   -3.484826e+01 3.518616e+01 2.650000e+00
      vertex   -3.489256e+01 3.518616e+01 2.313535e+00
      vertex   -3.487531e+01 3.495599e+01 2.313535e+00
    endloop
  endfacet
  facet normal -9.216731e-01 -6.906985e-02 3.817695e-01
    outer loop
      vertex   -3.487531e+01 3.495599e+01 2.313535e+00
      vertex   -3.489256e+01 3.518616e+01 2.313535e+00
      vertex   -3.502243e+01 3.518616e+01 2.000000e+00
    endloop
  endfacet
  facet normal -9.216731e-01 -6.906985e-02 3.817695e-01
    outer loop
      vertex   -3.487531e+01 3.495599e+01 2.313535e+00
      vertex   -3.502243e+01 3.518616e+01 2.000000e+00
      vertex   -3.500373e+01 3.493664e+01 2.000000e+00
    endloop
  endfacet
  facet normal -7.919549e-01 -5.934882e-02 6.076884e-01
    outer loop
      vertex   -3.500373e+01 3.493664e+01 2.000000e+00
      vertex   -3.502243e+01 3.518616e+01 2.000000e+00
      vertex   -3.522902e+01 3.518616e+01 1.730761e+00
    endloop
  endfacet
  facet normal -7.919549e-01 -5.934882e-02 6.076884e-01
    outer loop
      vertex   -3.500373e+01 3.493664e+01 2.000000e+00
      vertex   -3.522902e+01 3.518616e+01 1.730761e+00
      vertex   -3.520802e+01 3.490585e+01 1.730761e+00
    endloop
  endfacet
  facet normal -6.081289e-01 -4.557296e-02 7.925291e-01
    outer loop
      vertex   -3.520802e+01 3.490585e+01 1.730761e+00
      vertex   -3.522902e+01 3.518616e+01 1.730761e+00
      vertex   -3.549826e+01 3.518616e+01 1.524167e+00
    endloop
  endfacet
  facet normal -6.081289e-01 -4.557296e-02 7.925291e-01
    outer loop
      vertex   -3.520802e+01 3.490585e+01 1.730761e+00
      vertex   -3.549826e+01 3.518616e+01 1.524167e+00
      vertex   -3.547425e+01 3.486572e+01 1.524167e+00
    endloop
  endfacet
  facet normal -3.825262e-01 -2.866637e-02 9.234999e-01
    outer loop
      vertex   -3.547425e+01 3.486572e+01 1.524167e+00
      vertex   -3.549826e+01 3.518616e+01 1.524167e+00
      vertex   -3.581180e+01 3.518616e+01 1.394296e+00
    endloop
  endfacet
  facet normal -3.825262e-01 -2.866637e-02 9.234999e-01
    outer loop
      vertex   -3.547425e+01 3.486572e+01 1.524167e+00
      vertex   -3.581180e+01 3.518616e+01 1.394296e+00
      vertex   -3.578428e+01 3.481899e+01 1.394296e+00
    endloop
  endfacet
  facet normal -1.305199e-01 -9.781118e-03 9.913974e-01
    outer loop
      vertex   -3.578428e+01 3.481899e+01 1.394296e+00
      vertex   -3.581180e+01 3.518616e+01 1.394296e+00
      vertex   -3.614826e+01 3.518616e+01 1.350000e+00
    endloop
  endfacet
  facet normal -1.326599e-01 -1.193961e-02 9.910897e-01
    outer loop
      vertex   -3.578428e+01 3.481899e+01 1.394296e+00
      vertex   -3.614826e+01 3.518616e+01 1.350000e+00
      vertex   -3.610326e+01 3.468620e+01 1.350000e+00
    endloop
  endfacet
  facet normal -9.680425e-01 2.209494e-01 1.186389e-01
    outer loop
      vertex   -3.487531e+01 3.541632e+01 2.313535e+00
      vertex   -3.480467e+01 3.554513e+01 2.650000e+00
      vertex   -3.482395e+01 3.564135e+01 2.313535e+00
    endloop
  endfacet
  facet normal -9.239874e-01 3.504222e-01 1.531393e-01
    outer loop
      vertex   -3.482395e+01 3.564135e+01 2.313535e+00
      vertex   -3.480467e+01 3.554513e+01 2.650000e+00
      vertex   -3.467645e+01 3.588324e+01 2.650000e+00
    endloop
  endfacet
  facet normal -9.211829e-01 3.615377e-01 1.439186e-01
    outer loop
      vertex   -3.482395e+01 3.564135e+01 2.313535e+00
      vertex   -3.467645e+01 3.588324e+01 2.650000e+00
      vertex   -3.473962e+01 3.585620e+01 2.313535e+00
    endloop
  endfacet
  facet normal -8.596066e-01 4.962941e-01 1.215266e-01
    outer loop
      vertex   -3.473962e+01 3.585620e+01 2.313535e+00
      vertex   -3.467645e+01 3.588324e+01 2.650000e+00
      vertex   -3.462422e+01 3.605609e+01 2.313535e+00
    endloop
  endfacet
  facet normal -8.004305e-01 4.621288e-01 3.817695e-01
    outer loop
      vertex   -3.473962e+01 3.585620e+01 2.313535e+00
      vertex   -3.462422e+01 3.605609e+01 2.313535e+00
      vertex   -3.473152e+01 3.612925e+01 2.000000e+00
    endloop
  endfacet
  facet normal -7.226137e-01 5.762652e-01 3.817695e-01
    outer loop
      vertex   -3.473152e+01 3.612925e+01 2.000000e+00
      vertex   -3.462422e+01 3.605609e+01 2.313535e+00
      vertex   -3.457551e+01 3.632488e+01 2.000000e+00
    endloop
  endfacet
  facet normal -6.209115e-01 4.951604e-01 6.076884e-01
    outer loop
      vertex   -3.473152e+01 3.612925e+01 2.000000e+00
      vertex   -3.457551e+01 3.632488e+01 2.000000e+00
      vertex   -3.472696e+01 3.646540e+01 1.730761e+00
    endloop
  endfacet
  facet normal -5.401766e-01 5.821719e-01 6.076884e-01
    outer loop
      vertex   -3.472696e+01 3.646540e+01 1.730761e+00
      vertex   -3.457551e+01 3.632488e+01 2.000000e+00
      vertex   -3.452090e+01 3.665660e+01 1.730761e+00
    endloop
  endfacet
  facet normal -4.147926e-01 4.470401e-01 7.925291e-01
    outer loop
      vertex   -3.472696e+01 3.646540e+01 1.730761e+00
      vertex   -3.452090e+01 3.665660e+01 1.730761e+00
      vertex   -3.468876e+01 3.686710e+01 1.524167e+00
    endloop
  endfacet
  facet normal -3.435318e-01 5.038686e-01 7.925291e-01
    outer loop
      vertex   -3.468876e+01 3.686710e+01 1.524167e+00
      vertex   -3.452090e+01 3.665660e+01 1.730761e+00
      vertex   -3.442326e+01 3.704811e+01 1.524167e+00
    endloop
  endfacet
  facet normal -2.160889e-01 3.169442e-01 9.234999e-01
    outer loop
      vertex   -3.468876e+01 3.686710e+01 1.524167e+00
      vertex   -3.442326e+01 3.704811e+01 1.524167e+00
      vertex   -3.458003e+01 3.731964e+01 1.394296e+00
    endloop
  endfacet
  facet normal -1.664373e-01 3.456106e-01 9.234999e-01
    outer loop
      vertex   -3.458003e+01 3.731964e+01 1.394296e+00
      vertex   -3.442326e+01 3.704811e+01 1.524167e+00
      vertex   -3.424829e+01 3.747940e+01 1.394296e+00
    endloop
  endfacet
  facet normal -5.596779e-02 1.162183e-01 9.916456e-01
    outer loop
      vertex   -3.458003e+01 3.731964e+01 1.394296e+00
      vertex   -3.424829e+01 3.747940e+01 1.394296e+00
      vertex   -3.467509e+01 3.765183e+01 1.350000e+00
    endloop
  endfacet
  facet normal -5.287038e-02 1.236964e-01 9.909107e-01
    outer loop
      vertex   -3.467509e+01 3.765183e+01 1.350000e+00
      vertex   -3.424829e+01 3.747940e+01 1.394296e+00
      vertex   -3.421351e+01 3.784912e+01 1.350000e+00
    endloop
  endfacet
  facet normal -3.774804e-02 1.223762e-01 9.917657e-01
    outer loop
      vertex   -3.421351e+01 3.784912e+01 1.350000e+00
      vertex   -3.424829e+01 3.747940e+01 1.394296e+00
      vertex   -3.389645e+01 3.758793e+01 1.394296e+00
    endloop
  endfacet
  facet normal -3.003354e-02 1.315855e-01 9.908498e-01
    outer loop
      vertex   -3.421351e+01 3.784912e+01 1.350000e+00
      vertex   -3.389645e+01 3.758793e+01 1.394296e+00
      vertex   -3.372411e+01 3.796082e+01 1.350000e+00
    endloop
  endfacet
  facet normal -1.908721e-02 1.266354e-01 9.917657e-01
    outer loop
      vertex   -3.372411e+01 3.796082e+01 1.350000e+00
      vertex   -3.389645e+01 3.758793e+01 1.394296e+00
      vertex   -3.353236e+01 3.764281e+01 1.394296e+00
    endloop
  endfacet
  facet normal -6.035292e-03 1.343862e-01 9.909107e-01
    outer loop
      vertex   -3.372411e+01 3.796082e+01 1.350000e+00
      vertex   -3.353236e+01 3.764281e+01 1.394296e+00
      vertex   -3.322264e+01 3.798334e+01 1.350000e+00
    endloop
  endfacet
  facet normal 0.000000e+00 1.289926e-01 9.916456e-01
    outer loop
      vertex   -3.322264e+01 3.798334e+01 1.350000e+00
      vertex   -3.353236e+01 3.764281e+01 1.394296e+00
      vertex   -3.316416e+01 3.764281e+01 1.394296e+00
    endloop
  endfacet
  facet normal 1.787935e-02 1.319907e-01 9.910897e-01
    outer loop
      vertex   -3.322264e+01 3.798334e+01 1.350000e+00
      vertex   -3.316416e+01 3.764281e+01 1.394296e+00
      vertex   -3.272520e+01 3.791596e+01 1.350000e+00
    endloop
  endfacet
  facet normal 1.950754e-02 1.294240e-01 9.913974e-01
    outer loop
      vertex   -3.272520e+01 3.791596e+01 1.350000e+00
      vertex   -3.316416e+01 3.764281e+01 1.394296e+00
      vertex   -3.280007e+01 3.758793e+01 1.394296e+00
    endloop
  endfacet
  facet normal 3.857931e-02 1.250710e-01 9.913974e-01
    outer loop
      vertex   -3.272520e+01 3.791596e+01 1.350000e+00
      vertex   -3.280007e+01 3.758793e+01 1.394296e+00
      vertex   -3.244823e+01 3.747940e+01 1.394296e+00
    endloop
  endfacet
  facet normal 1.130677e-01 3.665566e-01 9.234999e-01
    outer loop
      vertex   -3.244823e+01 3.747940e+01 1.394296e+00
      vertex   -3.280007e+01 3.758793e+01 1.394296e+00
      vertex   -3.286984e+01 3.728225e+01 1.524167e+00
    endloop
  endfacet
  facet normal 1.130677e-01 3.665566e-01 9.234999e-01
    outer loop
      vertex   -3.244823e+01 3.747940e+01 1.394296e+00
      vertex   -3.286984e+01 3.728225e+01 1.524167e+00
      vertex   -3.256278e+01 3.718754e+01 1.524167e+00
    endloop
  endfacet
  facet normal 1.797518e-01 5.827409e-01 7.925291e-01
    outer loop
      vertex   -3.256278e+01 3.718754e+01 1.524167e+00
      vertex   -3.286984e+01 3.728225e+01 1.524167e+00
      vertex   -3.292975e+01 3.701977e+01 1.730761e+00
    endloop
  endfacet
  facet normal 1.797518e-01 5.827409e-01 7.925291e-01
    outer loop
      vertex   -3.256278e+01 3.718754e+01 1.524167e+00
      vertex   -3.292975e+01 3.701977e+01 1.730761e+00
      vertex   -3.266114e+01 3.693691e+01 1.730761e+00
    endloop
  endfacet
  facet normal 2.340874e-01 7.588926e-01 6.076884e-01
    outer loop
      vertex   -3.266114e+01 3.693691e+01 1.730761e+00
      vertex   -3.292975e+01 3.701977e+01 1.730761e+00
      vertex   -3.297572e+01 3.681835e+01 2.000000e+00
    endloop
  endfacet
  facet normal 2.340874e-01 7.588926e-01 6.076884e-01
    outer loop
      vertex   -3.266114e+01 3.693691e+01 1.730761e+00
      vertex   -3.297572e+01 3.681835e+01 2.000000e+00
      vertex   -3.273662e+01 3.674460e+01 2.000000e+00
    endloop
  endfacet
  facet normal 2.724297e-01 8.831954e-01 3.817695e-01
    outer loop
      vertex   -3.273662e+01 3.674460e+01 2.000000e+00
      vertex   -3.297572e+01 3.681835e+01 2.000000e+00
      vertex   -3.300462e+01 3.669174e+01 2.313535e+00
    endloop
  endfacet
  facet normal 2.724297e-01 8.831954e-01 3.817695e-01
    outer loop
      vertex   -3.273662e+01 3.674460e+01 2.000000e+00
      vertex   -3.300462e+01 3.669174e+01 2.313535e+00
      vertex   -3.278407e+01 3.662370e+01 2.313535e+00
    endloop
  endfacet
  facet normal 2.923792e-01 9.478701e-01 1.267152e-01
    outer loop
      vertex   -3.278407e+01 3.662370e+01 2.313535e+00
      vertex   -3.300462e+01 3.669174e+01 2.313535e+00
      vertex   -3.281635e+01 3.658868e+01 2.650000e+00
    endloop
  endfacet
  facet normal 4.604374e-01 8.772903e-01 1.354960e-01
    outer loop
      vertex   -3.278407e+01 3.662370e+01 2.313535e+00
      vertex   -3.281635e+01 3.658868e+01 2.650000e+00
      vertex   -3.249616e+01 3.642063e+01 2.650000e+00
    endloop
  endfacet
  facet normal -8.121242e-01 5.605689e-01 1.619161e-01
    outer loop
      vertex   -3.467645e+01 3.588324e+01 2.650000e+00
      vertex   -3.447103e+01 3.618084e+01 2.650000e+00
      vertex   -3.462422e+01 3.605609e+01 2.313535e+00
    endloop
  endfacet
  facet normal -7.758137e-01 6.186908e-01 1.238342e-01
    outer loop
      vertex   -3.462422e+01 3.605609e+01 2.313535e+00
      vertex   -3.447103e+01 3.618084e+01 2.650000e+00
      vertex   -3.448031e+01 3.623655e+01 2.313535e+00
    endloop
  endfacet
  facet normal -7.226137e-01 5.762652e-01 3.817695e-01
    outer loop
      vertex   -3.462422e+01 3.605609e+01 2.313535e+00
      vertex   -3.448031e+01 3.623655e+01 2.313535e+00
      vertex   -3.457551e+01 3.632488e+01 2.000000e+00
    endloop
  endfacet
  facet normal -6.286548e-01 6.775287e-01 3.817695e-01
    outer loop
      vertex   -3.457551e+01 3.632488e+01 2.000000e+00
      vertex   -3.448031e+01 3.623655e+01 2.313535e+00
      vertex   -3.439209e+01 3.649508e+01 2.000000e+00
    endloop
  endfacet
  facet normal -5.401766e-01 5.821719e-01 6.076884e-01
    outer loop
      vertex   -3.457551e+01 3.632488e+01 2.000000e+00
      vertex   -3.439209e+01 3.649508e+01 2.000000e+00
      vertex   -3.452090e+01 3.665660e+01 1.730761e+00
    endloop
  endfacet
  facet normal -4.473750e-01 6.561787e-01 6.076884e-01
    outer loop
      vertex   -3.452090e+01 3.665660e+01 1.730761e+00
      vertex   -3.439209e+01 3.649508e+01 2.000000e+00
      vertex   -3.428864e+01 3.681495e+01 1.730761e+00
    endloop
  endfacet
  facet normal -3.435318e-01 5.038686e-01 7.925291e-01
    outer loop
      vertex   -3.452090e+01 3.665660e+01 1.730761e+00
      vertex   -3.428864e+01 3.681495e+01 1.730761e+00
      vertex   -3.442326e+01 3.704811e+01 1.524167e+00
    endloop
  endfacet
  facet normal -2.645971e-01 5.494416e-01 7.925291e-01
    outer loop
      vertex   -3.442326e+01 3.704811e+01 1.524167e+00
      vertex   -3.428864e+01 3.681495e+01 1.730761e+00
      vertex   -3.413374e+01 3.718754e+01 1.524167e+00
    endloop
  endfacet
  facet normal -1.664373e-01 3.456106e-01 9.234999e-01
    outer loop
      vertex   -3.442326e+01 3.704811e+01 1.524167e+00
      vertex   -3.413374e+01 3.718754e+01 1.524167e+00
      vertex   -3.424829e+01 3.747940e+01 1.394296e+00
    endloop
  endfacet
  facet normal -1.130677e-01 3.665566e-01 9.234999e-01
    outer loop
      vertex   -3.424829e+01 3.747940e+01 1.394296e+00
      vertex   -3.413374e+01 3.718754e+01 1.524167e+00
      vertex   -3.389645e+01 3.758793e+01 1.394296e+00
    endloop
  endfacet
  facet normal -6.565166e-01 7.410540e-01 1.408009e-01
    outer loop
      vertex   -3.447103e+01 3.618084e+01 2.650000e+00
      vertex   -3.420036e+01 3.642063e+01 2.650000e+00
      vertex   -3.448031e+01 3.623655e+01 2.313535e+00
    endloop
  endfacet
  facet normal -6.711136e-01 7.232885e-01 1.626662e-01
    outer loop
      vertex   -3.448031e+01 3.623655e+01 2.313535e+00
      vertex   -3.420036e+01 3.642063e+01 2.650000e+00
      vertex   -3.431111e+01 3.639354e+01 2.313535e+00
    endloop
  endfacet
  facet normal -6.286548e-01 6.775287e-01 3.817695e-01
    outer loop
      vertex   -3.448031e+01 3.623655e+01 2.313535e+00
      vertex   -3.431111e+01 3.639354e+01 2.313535e+00
      vertex   -3.439209e+01 3.649508e+01 2.000000e+00
    endloop
  endfacet
  facet normal -5.206528e-01 7.636574e-01 3.817695e-01
    outer loop
      vertex   -3.439209e+01 3.649508e+01 2.000000e+00
      vertex   -3.431111e+01 3.639354e+01 2.313535e+00
      vertex   -3.418534e+01 3.663603e+01 2.000000e+00
    endloop
  endfacet
  facet normal -4.473750e-01 6.561787e-01 6.076884e-01
    outer loop
      vertex   -3.439209e+01 3.649508e+01 2.000000e+00
      vertex   -3.418534e+01 3.663603e+01 2.000000e+00
      vertex   -3.428864e+01 3.681495e+01 1.730761e+00
    endloop
  endfacet
  facet normal -3.445799e-01 7.155275e-01 6.076884e-01
    outer loop
      vertex   -3.428864e+01 3.681495e+01 1.730761e+00
      vertex   -3.418534e+01 3.663603e+01 2.000000e+00
      vertex   -3.403538e+01 3.693691e+01 1.730761e+00
    endloop
  endfacet
  facet normal -2.645971e-01 5.494416e-01 7.925291e-01
    outer loop
      vertex   -3.428864e+01 3.681495e+01 1.730761e+00
      vertex   -3.403538e+01 3.693691e+01 1.730761e+00
      vertex   -3.413374e+01 3.718754e+01 1.524167e+00
    endloop
  endfacet
  facet normal -1.797518e-01 5.827409e-01 7.925291e-01
    outer loop
      vertex   -3.413374e+01 3.718754e+01 1.524167e+00
      vertex   -3.403538e+01 3.693691e+01 1.730761e+00
      vertex   -3.382668e+01 3.728225e+01 1.524167e+00
    endloop
  endfacet
  facet normal -1.130677e-01 3.665566e-01 9.234999e-01
    outer loop
      vertex   -3.413374e+01 3.718754e+01 1.524167e+00
      vertex   -3.382668e+01 3.728225e+01 1.524167e+00
      vertex   -3.389645e+01 3.758793e+01 1.394296e+00
    endloop
  endfacet
  facet normal -5.717243e-02 3.793143e-01 9.234999e-01
    outer loop
      vertex   -3.389645e+01 3.758793e+01 1.394296e+00
      vertex   -3.382668e+01 3.728225e+01 1.524167e+00
      vertex   -3.353236e+01 3.764281e+01 1.394296e+00
    endloop
  endfacet
  facet normal -5.593804e-01 8.204604e-01 1.180609e-01
    outer loop
      vertex   -3.431111e+01 3.639354e+01 2.313535e+00
      vertex   -3.420036e+01 3.642063e+01 2.650000e+00
      vertex   -3.412041e+01 3.652356e+01 2.313535e+00
    endloop
  endfacet
  facet normal -4.588554e-01 8.742759e-01 1.584092e-01
    outer loop
      vertex   -3.412041e+01 3.652356e+01 2.313535e+00
      vertex   -3.420036e+01 3.642063e+01 2.650000e+00
      vertex   -3.388017e+01 3.658868e+01 2.650000e+00
    endloop
  endfacet
  facet normal -4.299597e-01 8.928204e-01 1.341878e-01
    outer loop
      vertex   -3.412041e+01 3.652356e+01 2.313535e+00
      vertex   -3.388017e+01 3.658868e+01 2.650000e+00
      vertex   -3.391246e+01 3.662370e+01 2.313535e+00
    endloop
  endfacet
  facet normal -2.923792e-01 9.478701e-01 1.267152e-01
    outer loop
      vertex   -3.391246e+01 3.662370e+01 2.313535e+00
      vertex   -3.388017e+01 3.658868e+01 2.650000e+00
      vertex   -3.369190e+01 3.669174e+01 2.313535e+00
    endloop
  endfacet
  facet normal -2.724297e-01 8.831954e-01 3.817695e-01
    outer loop
      vertex   -3.391246e+01 3.662370e+01 2.313535e+00
      vertex   -3.369190e+01 3.669174e+01 2.313535e+00
      vertex   -3.372080e+01 3.681835e+01 2.000000e+00
    endloop
  endfacet
  facet normal -1.377534e-01 9.139344e-01 3.817695e-01
    outer loop
      vertex   -3.372080e+01 3.681835e+01 2.000000e+00
      vertex   -3.369190e+01 3.669174e+01 2.313535e+00
      vertex   -3.347337e+01 3.685564e+01 2.000000e+00
    endloop
  endfacet
  facet normal -1.183657e-01 7.853053e-01 6.076884e-01
    outer loop
      vertex   -3.372080e+01 3.681835e+01 2.000000e+00
      vertex   -3.347337e+01 3.685564e+01 2.000000e+00
      vertex   -3.348881e+01 3.706166e+01 1.730761e+00
    endloop
  endfacet
  facet normal -0.000000e+00 7.941756e-01 6.076884e-01
    outer loop
      vertex   -3.348881e+01 3.706166e+01 1.730761e+00
      vertex   -3.347337e+01 3.685564e+01 2.000000e+00
      vertex   -3.320771e+01 3.706166e+01 1.730761e+00
    endloop
  endfacet
  facet normal -0.000000e+00 6.098342e-01 7.925291e-01
    outer loop
      vertex   -3.348881e+01 3.706166e+01 1.730761e+00
      vertex   -3.320771e+01 3.706166e+01 1.730761e+00
      vertex   -3.318759e+01 3.733015e+01 1.524167e+00
    endloop
  endfacet
  facet normal 9.089106e-02 6.030228e-01 7.925291e-01
    outer loop
      vertex   -3.318759e+01 3.733015e+01 1.524167e+00
      vertex   -3.320771e+01 3.706166e+01 1.730761e+00
      vertex   -3.286984e+01 3.728225e+01 1.524167e+00
    endloop
  endfacet
  facet normal 5.717243e-02 3.793143e-01 9.234999e-01
    outer loop
      vertex   -3.318759e+01 3.733015e+01 1.524167e+00
      vertex   -3.286984e+01 3.728225e+01 1.524167e+00
      vertex   -3.280007e+01 3.758793e+01 1.394296e+00
    endloop
  endfacet
  facet normal -2.361807e-01 9.582227e-01 1.613320e-01
    outer loop
      vertex   -3.388017e+01 3.658868e+01 2.650000e+00
      vertex   -3.352907e+01 3.667522e+01 2.650000e+00
      vertex   -3.369190e+01 3.669174e+01 2.313535e+00
    endloop
  endfacet
  facet normal -1.479690e-01 9.817100e-01 1.197944e-01
    outer loop
      vertex   -3.369190e+01 3.669174e+01 2.313535e+00
      vertex   -3.352907e+01 3.667522e+01 2.650000e+00
      vertex   -3.346367e+01 3.672614e+01 2.313535e+00
    endloop
  endfacet
  facet normal -1.377534e-01 9.139344e-01 3.817695e-01
    outer loop
      vertex   -3.369190e+01 3.669174e+01 2.313535e+00
      vertex   -3.346367e+01 3.672614e+01 2.313535e+00
      vertex   -3.347337e+01 3.685564e+01 2.000000e+00
    endloop
  endfacet
  facet normal -0.000000e+00 9.242576e-01 3.817695e-01
    outer loop
      vertex   -3.347337e+01 3.685564e+01 2.000000e+00
      vertex   -3.346367e+01 3.672614e+01 2.313535e+00
      vertex   -3.322315e+01 3.685564e+01 2.000000e+00
    endloop
  endfacet
  facet normal -0.000000e+00 7.941756e-01 6.076884e-01
    outer loop
      vertex   -3.347337e+01 3.685564e+01 2.000000e+00
      vertex   -3.322315e+01 3.685564e+01 2.000000e+00
      vertex   -3.320771e+01 3.706166e+01 1.730761e+00
    endloop
  endfacet
  facet normal 1.183657e-01 7.853053e-01 6.076884e-01
    outer loop
      vertex   -3.320771e+01 3.706166e+01 1.730761e+00
      vertex   -3.322315e+01 3.685564e+01 2.000000e+00
      vertex   -3.292975e+01 3.701977e+01 1.730761e+00
    endloop
  endfacet
  facet normal 9.089106e-02 6.030228e-01 7.925291e-01
    outer loop
      vertex   -3.320771e+01 3.706166e+01 1.730761e+00
      vertex   -3.292975e+01 3.701977e+01 1.730761e+00
      vertex   -3.286984e+01 3.728225e+01 1.524167e+00
    endloop
  endfacet
  facet normal -0.000000e+00 9.887436e-01 1.496199e-01
    outer loop
      vertex   -3.352907e+01 3.667522e+01 2.650000e+00
      vertex   -3.316746e+01 3.667522e+01 2.650000e+00
      vertex   -3.346367e+01 3.672614e+01 2.313535e+00
    endloop
  endfacet
  facet normal -0.000000e+00 9.887436e-01 1.496199e-01
    outer loop
      vertex   -3.346367e+01 3.672614e+01 2.313535e+00
      vertex   -3.316746e+01 3.667522e+01 2.650000e+00
      vertex   -3.323286e+01 3.672614e+01 2.313535e+00
    endloop
  endfacet
  facet normal -0.000000e+00 9.242576e-01 3.817695e-01
    outer loop
      vertex   -3.346367e+01 3.672614e+01 2.313535e+00
      vertex   -3.323286e+01 3.672614e+01 2.313535e+00
      vertex   -3.322315e+01 3.685564e+01 2.000000e+00
    endloop
  endfacet
  facet normal 1.377534e-01 9.139344e-01 3.817695e-01
    outer loop
      vertex   -3.322315e+01 3.685564e+01 2.000000e+00
      vertex   -3.323286e+01 3.672614e+01 2.313535e+00
      vertex   -3.297572e+01 3.681835e+01 2.000000e+00
    endloop
  endfacet
  facet normal 1.183657e-01 7.853053e-01 6.076884e-01
    outer loop
      vertex   -3.322315e+01 3.685564e+01 2.000000e+00
      vertex   -3.297572e+01 3.681835e+01 2.000000e+00
      vertex   -3.292975e+01 3.701977e+01 1.730761e+00
    endloop
  endfacet
  facet normal 1.479690e-01 9.817100e-01 1.197944e-01
    outer loop
      vertex   -3.323286e+01 3.672614e+01 2.313535e+00
      vertex   -3.316746e+01 3.667522e+01 2.650000e+00
      vertex   -3.300462e+01 3.669174e+01 2.313535e+00
    endloop
  endfacet
  facet normal 2.361807e-01 9.582227e-01 1.613320e-01
    outer loop
      vertex   -3.300462e+01 3.669174e+01 2.313535e+00
      vertex   -3.316746e+01 3.667522e+01 2.650000e+00
      vertex   -3.281635e+01 3.658868e+01 2.650000e+00
    endloop
  endfacet
  facet normal 6.549969e-01 7.393387e-01 1.560684e-01
    outer loop
      vertex   -3.222550e+01 3.618084e+01 2.650000e+00
      vertex   -3.238541e+01 3.639354e+01 2.313535e+00
      vertex   -3.249616e+01 3.642063e+01 2.650000e+00
    endloop
  endfacet
  facet normal 5.593804e-01 8.204604e-01 1.180609e-01
    outer loop
      vertex   -3.249616e+01 3.642063e+01 2.650000e+00
      vertex   -3.238541e+01 3.639354e+01 2.313535e+00
      vertex   -3.257611e+01 3.652356e+01 2.313535e+00
    endloop
  endfacet
  facet normal 4.275684e-01 8.878549e-01 1.699972e-01
    outer loop
      vertex   -3.249616e+01 3.642063e+01 2.650000e+00
      vertex   -3.257611e+01 3.652356e+01 2.313535e+00
      vertex   -3.278407e+01 3.662370e+01 2.313535e+00
    endloop
  endfacet
  facet normal 4.010203e-01 8.327273e-01 3.817695e-01
    outer loop
      vertex   -3.278407e+01 3.662370e+01 2.313535e+00
      vertex   -3.257611e+01 3.652356e+01 2.313535e+00
      vertex   -3.251118e+01 3.663603e+01 2.000000e+00
    endloop
  endfacet
  facet normal 4.010203e-01 8.327273e-01 3.817695e-01
    outer loop
      vertex   -3.278407e+01 3.662370e+01 2.313535e+00
      vertex   -3.251118e+01 3.663603e+01 2.000000e+00
      vertex   -3.273662e+01 3.674460e+01 2.000000e+00
    endloop
  endfacet
  facet normal 3.445799e-01 7.155275e-01 6.076884e-01
    outer loop
      vertex   -3.273662e+01 3.674460e+01 2.000000e+00
      vertex   -3.251118e+01 3.663603e+01 2.000000e+00
      vertex   -3.240788e+01 3.681495e+01 1.730761e+00
    endloop
  endfacet
  facet normal 3.445799e-01 7.155275e-01 6.076884e-01
    outer loop
      vertex   -3.273662e+01 3.674460e+01 2.000000e+00
      vertex   -3.240788e+01 3.681495e+01 1.730761e+00
      vertex   -3.266114e+01 3.693691e+01 1.730761e+00
    endloop
  endfacet
  facet normal 2.645971e-01 5.494416e-01 7.925291e-01
    outer loop
      vertex   -3.266114e+01 3.693691e+01 1.730761e+00
      vertex   -3.240788e+01 3.681495e+01 1.730761e+00
      vertex   -3.227326e+01 3.704811e+01 1.524167e+00
    endloop
  endfacet
  facet normal 2.645971e-01 5.494416e-01 7.925291e-01
    outer loop
      vertex   -3.266114e+01 3.693691e+01 1.730761e+00
      vertex   -3.227326e+01 3.704811e+01 1.524167e+00
      vertex   -3.256278e+01 3.718754e+01 1.524167e+00
    endloop
  endfacet
  facet normal 1.664373e-01 3.456106e-01 9.234999e-01
    outer loop
      vertex   -3.256278e+01 3.718754e+01 1.524167e+00
      vertex   -3.227326e+01 3.704811e+01 1.524167e+00
      vertex   -3.211649e+01 3.731964e+01 1.394296e+00
    endloop
  endfacet
  facet normal 1.664373e-01 3.456106e-01 9.234999e-01
    outer loop
      vertex   -3.256278e+01 3.718754e+01 1.524167e+00
      vertex   -3.211649e+01 3.731964e+01 1.394296e+00
      vertex   -3.244823e+01 3.747940e+01 1.394296e+00
    endloop
  endfacet
  facet normal 5.596779e-02 1.162183e-01 9.916456e-01
    outer loop
      vertex   -3.244823e+01 3.747940e+01 1.394296e+00
      vertex   -3.211649e+01 3.731964e+01 1.394296e+00
      vertex   -3.224779e+01 3.776084e+01 1.350000e+00
    endloop
  endfacet
  facet normal 4.115986e-02 1.266770e-01 9.910897e-01
    outer loop
      vertex   -3.244823e+01 3.747940e+01 1.394296e+00
      vertex   -3.224779e+01 3.776084e+01 1.350000e+00
      vertex   -3.272520e+01 3.791596e+01 1.350000e+00
    endloop
  endfacet
  facet normal 8.121242e-01 5.605689e-01 1.619161e-01
    outer loop
      vertex   -3.202008e+01 3.588324e+01 2.650000e+00
      vertex   -3.207230e+01 3.605609e+01 2.313535e+00
      vertex   -3.222550e+01 3.618084e+01 2.650000e+00
    endloop
  endfacet
  facet normal 7.758137e-01 6.186908e-01 1.238342e-01
    outer loop
      vertex   -3.222550e+01 3.618084e+01 2.650000e+00
      vertex   -3.207230e+01 3.605609e+01 2.313535e+00
      vertex   -3.221621e+01 3.623655e+01 2.313535e+00
    endloop
  endfacet
  facet normal 6.735915e-01 7.259590e-01 1.387729e-01
    outer loop
      vertex   -3.222550e+01 3.618084e+01 2.650000e+00
      vertex   -3.221621e+01 3.623655e+01 2.313535e+00
      vertex   -3.238541e+01 3.639354e+01 2.313535e+00
    endloop
  endfacet
  facet normal 6.286548e-01 6.775287e-01 3.817695e-01
    outer loop
      vertex   -3.238541e+01 3.639354e+01 2.313535e+00
      vertex   -3.221621e+01 3.623655e+01 2.313535e+00
      vertex   -3.212101e+01 3.632488e+01 2.000000e+00
    endloop
  endfacet
  facet normal 6.286548e-01 6.775287e-01 3.817695e-01
    outer loop
      vertex   -3.238541e+01 3.639354e+01 2.313535e+00
      vertex   -3.212101e+01 3.632488e+01 2.000000e+00
      vertex   -3.230444e+01 3.649508e+01 2.000000e+00
    endloop
  endfacet
  facet normal 5.401766e-01 5.821719e-01 6.076884e-01
    outer loop
      vertex   -3.230444e+01 3.649508e+01 2.000000e+00
      vertex   -3.212101e+01 3.632488e+01 2.000000e+00
      vertex   -3.196957e+01 3.646540e+01 1.730761e+00
    endloop
  endfacet
  facet normal 5.401766e-01 5.821719e-01 6.076884e-01
    outer loop
      vertex   -3.230444e+01 3.649508e+01 2.000000e+00
      vertex   -3.196957e+01 3.646540e+01 1.730761e+00
      vertex   -3.217563e+01 3.665660e+01 1.730761e+00
    endloop
  endfacet
  facet normal 4.147926e-01 4.470401e-01 7.925291e-01
    outer loop
      vertex   -3.217563e+01 3.665660e+01 1.730761e+00
      vertex   -3.196957e+01 3.646540e+01 1.730761e+00
      vertex   -3.177220e+01 3.664853e+01 1.524167e+00
    endloop
  endfacet
  facet normal 4.147926e-01 4.470401e-01 7.925291e-01
    outer loop
      vertex   -3.217563e+01 3.665660e+01 1.730761e+00
      vertex   -3.177220e+01 3.664853e+01 1.524167e+00
      vertex   -3.200776e+01 3.686710e+01 1.524167e+00
    endloop
  endfacet
  facet normal 2.609134e-01 2.811978e-01 9.234999e-01
    outer loop
      vertex   -3.200776e+01 3.686710e+01 1.524167e+00
      vertex   -3.177220e+01 3.664853e+01 1.524167e+00
      vertex   -3.154236e+01 3.686179e+01 1.394296e+00
    endloop
  endfacet
  facet normal 2.609134e-01 2.811978e-01 9.234999e-01
    outer loop
      vertex   -3.200776e+01 3.686710e+01 1.524167e+00
      vertex   -3.154236e+01 3.686179e+01 1.394296e+00
      vertex   -3.181227e+01 3.711223e+01 1.394296e+00
    endloop
  endfacet
  facet normal 8.710683e-02 9.387884e-02 9.917657e-01
    outer loop
      vertex   -3.181227e+01 3.711223e+01 1.394296e+00
      vertex   -3.154236e+01 3.686179e+01 1.394296e+00
      vertex   -3.141329e+01 3.720998e+01 1.350000e+00
    endloop
  endfacet
  facet normal 8.415210e-02 1.055234e-01 9.908498e-01
    outer loop
      vertex   -3.181227e+01 3.711223e+01 1.394296e+00
      vertex   -3.141329e+01 3.720998e+01 1.350000e+00
      vertex   -3.180575e+01 3.752296e+01 1.350000e+00
    endloop
  endfacet
  facet normal 8.596066e-01 4.962941e-01 1.215266e-01
    outer loop
      vertex   -3.207230e+01 3.605609e+01 2.313535e+00
      vertex   -3.202008e+01 3.588324e+01 2.650000e+00
      vertex   -3.195690e+01 3.585620e+01 2.313535e+00
    endloop
  endfacet
  facet normal 9.250649e-01 3.508309e-01 1.455080e-01
    outer loop
      vertex   -3.195690e+01 3.585620e+01 2.313535e+00
      vertex   -3.202008e+01 3.588324e+01 2.650000e+00
      vertex   -3.189185e+01 3.554513e+01 2.650000e+00
    endloop
  endfacet
  facet normal 9.194960e-01 3.608756e-01 1.558713e-01
    outer loop
      vertex   -3.195690e+01 3.585620e+01 2.313535e+00
      vertex   -3.189185e+01 3.554513e+01 2.650000e+00
      vertex   -3.187257e+01 3.564135e+01 2.313535e+00
    endloop
  endfacet
  facet normal 9.680425e-01 2.209494e-01 1.186389e-01
    outer loop
      vertex   -3.187257e+01 3.564135e+01 2.313535e+00
      vertex   -3.189185e+01 3.554513e+01 2.650000e+00
      vertex   -3.182121e+01 3.541632e+01 2.313535e+00
    endloop
  endfacet
  facet normal 9.010845e-01 2.056667e-01 3.817695e-01
    outer loop
      vertex   -3.187257e+01 3.564135e+01 2.313535e+00
      vertex   -3.182121e+01 3.541632e+01 2.313535e+00
      vertex   -3.169279e+01 3.543568e+01 2.000000e+00
    endloop
  endfacet
  facet normal 9.216731e-01 6.906985e-02 3.817695e-01
    outer loop
      vertex   -3.169279e+01 3.543568e+01 2.000000e+00
      vertex   -3.182121e+01 3.541632e+01 2.313535e+00
      vertex   -3.167409e+01 3.518616e+01 2.000000e+00
    endloop
  endfacet
  facet normal 7.919549e-01 5.934882e-02 6.076884e-01
    outer loop
      vertex   -3.169279e+01 3.543568e+01 2.000000e+00
      vertex   -3.167409e+01 3.518616e+01 2.000000e+00
      vertex   -3.146750e+01 3.518616e+01 1.730761e+00
    endloop
  endfacet
  facet normal 7.919549e-01 -5.934882e-02 6.076884e-01
    outer loop
      vertex   -3.146750e+01 3.518616e+01 1.730761e+00
      vertex   -3.167409e+01 3.518616e+01 2.000000e+00
      vertex   -3.148851e+01 3.490585e+01 1.730761e+00
    endloop
  endfacet
  facet normal 6.081289e-01 -4.557296e-02 7.925291e-01
    outer loop
      vertex   -3.146750e+01 3.518616e+01 1.730761e+00
      vertex   -3.148851e+01 3.490585e+01 1.730761e+00
      vertex   -3.122228e+01 3.486572e+01 1.524167e+00
    endloop
  endfacet
  facet normal 5.945443e-01 -1.357009e-01 7.925291e-01
    outer loop
      vertex   -3.122228e+01 3.486572e+01 1.524167e+00
      vertex   -3.148851e+01 3.490585e+01 1.730761e+00
      vertex   -3.129378e+01 3.455244e+01 1.524167e+00
    endloop
  endfacet
  facet normal 3.739812e-01 -8.535876e-02 9.234999e-01
    outer loop
      vertex   -3.122228e+01 3.486572e+01 1.524167e+00
      vertex   -3.129378e+01 3.455244e+01 1.524167e+00
      vertex   -3.099417e+01 3.446002e+01 1.394296e+00
    endloop
  endfacet
  facet normal 3.570820e-01 -1.401444e-01 9.234999e-01
    outer loop
      vertex   -3.099417e+01 3.446002e+01 1.394296e+00
      vertex   -3.129378e+01 3.455244e+01 1.524167e+00
      vertex   -3.112869e+01 3.411727e+01 1.394296e+00
    endloop
  endfacet
  facet normal 1.218383e-01 -4.781800e-02 9.913974e-01
    outer loop
      vertex   -3.099417e+01 3.446002e+01 1.394296e+00
      vertex   -3.112869e+01 3.411727e+01 1.394296e+00
      vertex   -3.082555e+01 3.397128e+01 1.350000e+00
    endloop
  endfacet
  facet normal 1.133505e-01 -6.544297e-02 9.913974e-01
    outer loop
      vertex   -3.082555e+01 3.397128e+01 1.350000e+00
      vertex   -3.112869e+01 3.411727e+01 1.394296e+00
      vertex   -3.131279e+01 3.379840e+01 1.394296e+00
    endloop
  endfacet
  facet normal 1.143420e-01 -6.831619e-02 9.910897e-01
    outer loop
      vertex   -3.082555e+01 3.397128e+01 1.350000e+00
      vertex   -3.131279e+01 3.379840e+01 1.394296e+00
      vertex   -3.108301e+01 3.354036e+01 1.350000e+00
    endloop
  endfacet
  facet normal 1.008505e-01 -8.042557e-02 9.916456e-01
    outer loop
      vertex   -3.108301e+01 3.354036e+01 1.350000e+00
      vertex   -3.131279e+01 3.379840e+01 1.394296e+00
      vertex   -3.154236e+01 3.351053e+01 1.394296e+00
    endloop
  endfacet
  facet normal 1.013044e-01 -8.850702e-02 9.909107e-01
    outer loop
      vertex   -3.108301e+01 3.354036e+01 1.350000e+00
      vertex   -3.154236e+01 3.351053e+01 1.394296e+00
      vertex   -3.141329e+01 3.316233e+01 1.350000e+00
    endloop
  endfacet
  facet normal 8.710683e-02 -9.387884e-02 9.917657e-01
    outer loop
      vertex   -3.141329e+01 3.316233e+01 1.350000e+00
      vertex   -3.154236e+01 3.351053e+01 1.394296e+00
      vertex   -3.181227e+01 3.326009e+01 1.394296e+00
    endloop
  endfacet
  facet normal 8.415210e-02 -1.055234e-01 9.908498e-01
    outer loop
      vertex   -3.141329e+01 3.316233e+01 1.350000e+00
      vertex   -3.181227e+01 3.326009e+01 1.394296e+00
      vertex   -3.180575e+01 3.284935e+01 1.350000e+00
    endloop
  endfacet
  facet normal 7.214201e-02 -1.058129e-01 9.917657e-01
    outer loop
      vertex   -3.180575e+01 3.284935e+01 1.350000e+00
      vertex   -3.181227e+01 3.326009e+01 1.394296e+00
      vertex   -3.211649e+01 3.305267e+01 1.394296e+00
    endloop
  endfacet
  facet normal 6.374560e-02 -1.184592e-01 9.909107e-01
    outer loop
      vertex   -3.180575e+01 3.284935e+01 1.350000e+00
      vertex   -3.211649e+01 3.305267e+01 1.394296e+00
      vertex   -3.224779e+01 3.261148e+01 1.350000e+00
    endloop
  endfacet
  facet normal 5.596779e-02 -1.162183e-01 9.916456e-01
    outer loop
      vertex   -3.224779e+01 3.261148e+01 1.350000e+00
      vertex   -3.211649e+01 3.305267e+01 1.394296e+00
      vertex   -3.244823e+01 3.289292e+01 1.394296e+00
    endloop
  endfacet
  facet normal 4.115986e-02 -1.266770e-01 9.910897e-01
    outer loop
      vertex   -3.224779e+01 3.261148e+01 1.350000e+00
      vertex   -3.244823e+01 3.289292e+01 1.394296e+00
      vertex   -3.272520e+01 3.245636e+01 1.350000e+00
    endloop
  endfacet
  facet normal 3.857931e-02 -1.250710e-01 9.913974e-01
    outer loop
      vertex   -3.272520e+01 3.245636e+01 1.350000e+00
      vertex   -3.244823e+01 3.289292e+01 1.394296e+00
      vertex   -3.280007e+01 3.278439e+01 1.394296e+00
    endloop
  endfacet
  facet normal 1.950754e-02 -1.294240e-01 9.913974e-01
    outer loop
      vertex   -3.272520e+01 3.245636e+01 1.350000e+00
      vertex   -3.280007e+01 3.278439e+01 1.394296e+00
      vertex   -3.316416e+01 3.272951e+01 1.394296e+00
    endloop
  endfacet
  facet normal 5.717243e-02 -3.793143e-01 9.234999e-01
    outer loop
      vertex   -3.316416e+01 3.272951e+01 1.394296e+00
      vertex   -3.280007e+01 3.278439e+01 1.394296e+00
      vertex   -3.286984e+01 3.309006e+01 1.524167e+00
    endloop
  endfacet
  facet normal 5.717243e-02 -3.793143e-01 9.234999e-01
    outer loop
      vertex   -3.316416e+01 3.272951e+01 1.394296e+00
      vertex   -3.286984e+01 3.309006e+01 1.524167e+00
      vertex   -3.318759e+01 3.304217e+01 1.524167e+00
    endloop
  endfacet
  facet normal 9.089106e-02 -6.030228e-01 7.925291e-01
    outer loop
      vertex   -3.318759e+01 3.304217e+01 1.524167e+00
      vertex   -3.286984e+01 3.309006e+01 1.524167e+00
      vertex   -3.292975e+01 3.335255e+01 1.730761e+00
    endloop
  endfacet
  facet normal 9.089106e-02 -6.030228e-01 7.925291e-01
    outer loop
      vertex   -3.318759e+01 3.304217e+01 1.524167e+00
      vertex   -3.292975e+01 3.335255e+01 1.730761e+00
      vertex   -3.320771e+01 3.331066e+01 1.730761e+00
    endloop
  endfacet
  facet normal 1.183657e-01 -7.853053e-01 6.076884e-01
    outer loop
      vertex   -3.320771e+01 3.331066e+01 1.730761e+00
      vertex   -3.292975e+01 3.335255e+01 1.730761e+00
      vertex   -3.297572e+01 3.355397e+01 2.000000e+00
    endloop
  endfacet
  facet normal 1.183657e-01 -7.853053e-01 6.076884e-01
    outer loop
      vertex   -3.320771e+01 3.331066e+01 1.730761e+00
      vertex   -3.297572e+01 3.355397e+01 2.000000e+00
      vertex   -3.322315e+01 3.351667e+01 2.000000e+00
    endloop
  endfacet
  facet normal 1.377534e-01 -9.139344e-01 3.817695e-01
    outer loop
      vertex   -3.322315e+01 3.351667e+01 2.000000e+00
      vertex   -3.297572e+01 3.355397e+01 2.000000e+00
      vertex   -3.300462e+01 3.368058e+01 2.313535e+00
    endloop
  endfacet
  facet normal 1.377534e-01 -9.139344e-01 3.817695e-01
    outer loop
      vertex   -3.322315e+01 3.351667e+01 2.000000e+00
      vertex   -3.300462e+01 3.368058e+01 2.313535e+00
      vertex   -3.323286e+01 3.364618e+01 2.313535e+00
    endloop
  endfacet
  facet normal 1.479690e-01 -9.817100e-01 1.197944e-01
    outer loop
      vertex   -3.323286e+01 3.364618e+01 2.313535e+00
      vertex   -3.300462e+01 3.368058e+01 2.313535e+00
      vertex   -3.316746e+01 3.369710e+01 2.650000e+00
    endloop
  endfacet
  facet normal 0.000000e+00 -9.887436e-01 1.496199e-01
    outer loop
      vertex   -3.323286e+01 3.364618e+01 2.313535e+00
      vertex   -3.316746e+01 3.369710e+01 2.650000e+00
      vertex   -3.352907e+01 3.369710e+01 2.650000e+00
    endloop
  endfacet
  facet normal 9.798935e-01 1.189806e-01 1.601633e-01
    outer loop
      vertex   -3.189185e+01 3.554513e+01 2.650000e+00
      vertex   -3.184826e+01 3.518616e+01 2.650000e+00
      vertex   -3.182121e+01 3.541632e+01 2.313535e+00
    endloop
  endfacet
  facet normal 9.887196e-01 7.409429e-02 1.301674e-01
    outer loop
      vertex   -3.182121e+01 3.541632e+01 2.313535e+00
      vertex   -3.184826e+01 3.518616e+01 2.650000e+00
      vertex   -3.180396e+01 3.518616e+01 2.313535e+00
    endloop
  endfacet
  facet normal 9.216731e-01 6.906985e-02 3.817695e-01
    outer loop
      vertex   -3.182121e+01 3.541632e+01 2.313535e+00
      vertex   -3.180396e+01 3.518616e+01 2.313535e+00
      vertex   -3.167409e+01 3.518616e+01 2.000000e+00
    endloop
  endfacet
  facet normal 9.216731e-01 -6.906985e-02 3.817695e-01
    outer loop
      vertex   -3.167409e+01 3.518616e+01 2.000000e+00
      vertex   -3.180396e+01 3.518616e+01 2.313535e+00
      vertex   -3.169279e+01 3.493664e+01 2.000000e+00
    endloop
  endfacet
  facet normal 7.919549e-01 -5.934882e-02 6.076884e-01
    outer loop
      vertex   -3.167409e+01 3.518616e+01 2.000000e+00
      vertex   -3.169279e+01 3.493664e+01 2.000000e+00
      vertex   -3.148851e+01 3.490585e+01 1.730761e+00
    endloop
  endfacet
  facet normal 7.742639e-01 -1.767207e-01 6.076884e-01
    outer loop
      vertex   -3.148851e+01 3.490585e+01 1.730761e+00
      vertex   -3.169279e+01 3.493664e+01 2.000000e+00
      vertex   -3.155106e+01 3.463179e+01 1.730761e+00
    endloop
  endfacet
  facet normal 5.945443e-01 -1.357009e-01 7.925291e-01
    outer loop
      vertex   -3.148851e+01 3.490585e+01 1.730761e+00
      vertex   -3.155106e+01 3.463179e+01 1.730761e+00
      vertex   -3.129378e+01 3.455244e+01 1.524167e+00
    endloop
  endfacet
  facet normal 5.676786e-01 -2.227974e-01 7.925291e-01
    outer loop
      vertex   -3.129378e+01 3.455244e+01 1.524167e+00
      vertex   -3.155106e+01 3.463179e+01 1.730761e+00
      vertex   -3.141118e+01 3.425331e+01 1.524167e+00
    endloop
  endfacet
  facet normal 3.570820e-01 -1.401444e-01 9.234999e-01
    outer loop
      vertex   -3.129378e+01 3.455244e+01 1.524167e+00
      vertex   -3.141118e+01 3.425331e+01 1.524167e+00
      vertex   -3.112869e+01 3.411727e+01 1.394296e+00
    endloop
  endfacet
  facet normal 3.322063e-01 -1.917994e-01 9.234999e-01
    outer loop
      vertex   -3.112869e+01 3.411727e+01 1.394296e+00
      vertex   -3.141118e+01 3.425331e+01 1.524167e+00
      vertex   -3.131279e+01 3.379840e+01 1.394296e+00
    endloop
  endfacet
  facet normal 9.887196e-01 -7.409429e-02 1.301674e-01
    outer loop
      vertex   -3.180396e+01 3.518616e+01 2.313535e+00
      vertex   -3.184826e+01 3.518616e+01 2.650000e+00
      vertex   -3.182121e+01 3.495599e+01 2.313535e+00
    endloop
  endfacet
  facet normal 9.798935e-01 -1.189806e-01 1.601633e-01
    outer loop
      vertex   -3.182121e+01 3.495599e+01 2.313535e+00
      vertex   -3.184826e+01 3.518616e+01 2.650000e+00
      vertex   -3.189185e+01 3.482719e+01 2.650000e+00
    endloop
  endfacet
  facet normal 9.680425e-01 -2.209494e-01 1.186389e-01
    outer loop
      vertex   -3.182121e+01 3.495599e+01 2.313535e+00
      vertex   -3.189185e+01 3.482719e+01 2.650000e+00
      vertex   -3.187257e+01 3.473097e+01 2.313535e+00
    endloop
  endfacet
  facet normal 9.239874e-01 -3.504222e-01 1.531393e-01
    outer loop
      vertex   -3.187257e+01 3.473097e+01 2.313535e+00
      vertex   -3.189185e+01 3.482719e+01 2.650000e+00
      vertex   -3.202008e+01 3.448907e+01 2.650000e+00
    endloop
  endfacet
  facet normal 9.211829e-01 -3.615377e-01 1.439186e-01
    outer loop
      vertex   -3.187257e+01 3.473097e+01 2.313535e+00
      vertex   -3.202008e+01 3.448907e+01 2.650000e+00
      vertex   -3.195690e+01 3.451611e+01 2.313535e+00
    endloop
  endfacet
  facet normal 8.596066e-01 -4.962941e-01 1.215266e-01
    outer loop
      vertex   -3.195690e+01 3.451611e+01 2.313535e+00
      vertex   -3.202008e+01 3.448907e+01 2.650000e+00
      vertex   -3.207230e+01 3.431623e+01 2.313535e+00
    endloop
  endfacet
  facet normal 8.004305e-01 -4.621288e-01 3.817695e-01
    outer loop
      vertex   -3.195690e+01 3.451611e+01 2.313535e+00
      vertex   -3.207230e+01 3.431623e+01 2.313535e+00
      vertex   -3.196500e+01 3.424307e+01 2.000000e+00
    endloop
  endfacet
  facet normal 7.226137e-01 -5.762652e-01 3.817695e-01
    outer loop
      vertex   -3.196500e+01 3.424307e+01 2.000000e+00
      vertex   -3.207230e+01 3.431623e+01 2.313535e+00
      vertex   -3.212101e+01 3.404744e+01 2.000000e+00
    endloop
  endfacet
  facet normal 6.209115e-01 -4.951604e-01 6.076884e-01
    outer loop
      vertex   -3.196500e+01 3.424307e+01 2.000000e+00
      vertex   -3.212101e+01 3.404744e+01 2.000000e+00
      vertex   -3.196957e+01 3.390692e+01 1.730761e+00
    endloop
  endfacet
  facet normal 5.401766e-01 -5.821719e-01 6.076884e-01
    outer loop
      vertex   -3.196957e+01 3.390692e+01 1.730761e+00
      vertex   -3.212101e+01 3.404744e+01 2.000000e+00
      vertex   -3.217563e+01 3.371572e+01 1.730761e+00
    endloop
  endfacet
  facet normal 4.147926e-01 -4.470401e-01 7.925291e-01
    outer loop
      vertex   -3.196957e+01 3.390692e+01 1.730761e+00
      vertex   -3.217563e+01 3.371572e+01 1.730761e+00
      vertex   -3.200776e+01 3.350522e+01 1.524167e+00
    endloop
  endfacet
  facet normal 3.435318e-01 -5.038686e-01 7.925291e-01
    outer loop
      vertex   -3.200776e+01 3.350522e+01 1.524167e+00
      vertex   -3.217563e+01 3.371572e+01 1.730761e+00
      vertex   -3.227326e+01 3.332420e+01 1.524167e+00
    endloop
  endfacet
  facet normal 2.160889e-01 -3.169442e-01 9.234999e-01
    outer loop
      vertex   -3.200776e+01 3.350522e+01 1.524167e+00
      vertex   -3.227326e+01 3.332420e+01 1.524167e+00
      vertex   -3.211649e+01 3.305267e+01 1.394296e+00
    endloop
  endfacet
  facet normal 1.664373e-01 -3.456106e-01 9.234999e-01
    outer loop
      vertex   -3.211649e+01 3.305267e+01 1.394296e+00
      vertex   -3.227326e+01 3.332420e+01 1.524167e+00
      vertex   -3.244823e+01 3.289292e+01 1.394296e+00
    endloop
  endfacet
  facet normal 8.121242e-01 -5.605689e-01 1.619161e-01
    outer loop
      vertex   -3.202008e+01 3.448907e+01 2.650000e+00
      vertex   -3.222550e+01 3.419147e+01 2.650000e+00
      vertex   -3.207230e+01 3.431623e+01 2.313535e+00
    endloop
  endfacet
  facet normal 7.758137e-01 -6.186908e-01 1.238342e-01
    outer loop
      vertex   -3.207230e+01 3.431623e+01 2.313535e+00
      vertex   -3.222550e+01 3.419147e+01 2.650000e+00
      vertex   -3.221621e+01 3.413577e+01 2.313535e+00
    endloop
  endfacet
  facet normal 7.226137e-01 -5.762652e-01 3.817695e-01
    outer loop
      vertex   -3.207230e+01 3.431623e+01 2.313535e+00
      vertex   -3.221621e+01 3.413577e+01 2.313535e+00
      vertex   -3.212101e+01 3.404744e+01 2.000000e+00
    endloop
  endfacet
  facet normal 6.286548e-01 -6.775287e-01 3.817695e-01
    outer loop
      vertex   -3.212101e+01 3.404744e+01 2.000000e+00
      vertex   -3.221621e+01 3.413577e+01 2.313535e+00
      vertex   -3.230444e+01 3.387724e+01 2.000000e+00
    endloop
  endfacet
  facet normal 5.401766e-01 -5.821719e-01 6.076884e-01
    outer loop
      vertex   -3.212101e+01 3.404744e+01 2.000000e+00
      vertex   -3.230444e+01 3.387724e+01 2.000000e+00
      vertex   -3.217563e+01 3.371572e+01 1.730761e+00
    endloop
  endfacet
  facet normal 4.473750e-01 -6.561787e-01 6.076884e-01
    outer loop
      vertex   -3.217563e+01 3.371572e+01 1.730761e+00
      vertex   -3.230444e+01 3.387724e+01 2.000000e+00
      vertex   -3.240788e+01 3.355737e+01 1.730761e+00
    endloop
  endfacet
  facet normal 3.435318e-01 -5.038686e-01 7.925291e-01
    outer loop
      vertex   -3.217563e+01 3.371572e+01 1.730761e+00
      vertex   -3.240788e+01 3.355737e+01 1.730761e+00
      vertex   -3.227326e+01 3.332420e+01 1.524167e+00
    endloop
  endfacet
  facet normal 2.645971e-01 -5.494416e-01 7.925291e-01
    outer loop
      vertex   -3.227326e+01 3.332420e+01 1.524167e+00
      vertex   -3.240788e+01 3.355737e+01 1.730761e+00
      vertex   -3.256278e+01 3.318478e+01 1.524167e+00
    endloop
  endfacet
  facet normal 1.664373e-01 -3.456106e-01 9.234999e-01
    outer loop
      vertex   -3.227326e+01 3.332420e+01 1.524167e+00
      vertex   -3.256278e+01 3.318478e+01 1.524167e+00
      vertex   -3.244823e+01 3.289292e+01 1.394296e+00
    endloop
  endfacet
  facet normal 1.130677e-01 -3.665566e-01 9.234999e-01
    outer loop
      vertex   -3.244823e+01 3.289292e+01 1.394296e+00
      vertex   -3.256278e+01 3.318478e+01 1.524167e+00
      vertex   -3.280007e+01 3.278439e+01 1.394296e+00
    endloop
  endfacet
  facet normal 6.565166e-01 -7.410540e-01 1.408009e-01
    outer loop
      vertex   -3.222550e+01 3.419147e+01 2.650000e+00
      vertex   -3.249616e+01 3.395168e+01 2.650000e+00
      vertex   -3.221621e+01 3.413577e+01 2.313535e+00
    endloop
  endfacet
  facet normal 6.711136e-01 -7.232885e-01 1.626662e-01
    outer loop
      vertex   -3.221621e+01 3.413577e+01 2.313535e+00
      vertex   -3.249616e+01 3.395168e+01 2.650000e+00
      vertex   -3.238541e+01 3.397878e+01 2.313535e+00
    endloop
  endfacet
  facet normal 6.286548e-01 -6.775287e-01 3.817695e-01
    outer loop
      vertex   -3.221621e+01 3.413577e+01 2.313535e+00
      vertex   -3.238541e+01 3.397878e+01 2.313535e+00
      vertex   -3.230444e+01 3.387724e+01 2.000000e+00
    endloop
  endfacet
  facet normal 5.206528e-01 -7.636574e-01 3.817695e-01
    outer loop
      vertex   -3.230444e+01 3.387724e+01 2.000000e+00
      vertex   -3.238541e+01 3.397878e+01 2.313535e+00
      vertex   -3.251118e+01 3.373629e+01 2.000000e+00
    endloop
  endfacet
  facet normal 4.473750e-01 -6.561787e-01 6.076884e-01
    outer loop
      vertex   -3.230444e+01 3.387724e+01 2.000000e+00
      vertex   -3.251118e+01 3.373629e+01 2.000000e+00
      vertex   -3.240788e+01 3.355737e+01 1.730761e+00
    endloop
  endfacet
  facet normal 3.445799e-01 -7.155275e-01 6.076884e-01
    outer loop
      vertex   -3.240788e+01 3.355737e+01 1.730761e+00
      vertex   -3.251118e+01 3.373629e+01 2.000000e+00
      vertex   -3.266114e+01 3.343541e+01 1.730761e+00
    endloop
  endfacet
  facet normal 2.645971e-01 -5.494416e-01 7.925291e-01
    outer loop
      vertex   -3.240788e+01 3.355737e+01 1.730761e+00
      vertex   -3.266114e+01 3.343541e+01 1.730761e+00
      vertex   -3.256278e+01 3.318478e+01 1.524167e+00
    endloop
  endfacet
  facet normal 1.797518e-01 -5.827409e-01 7.925291e-01
    outer loop
      vertex   -3.256278e+01 3.318478e+01 1.524167e+00
      vertex   -3.266114e+01 3.343541e+01 1.730761e+00
      vertex   -3.286984e+01 3.309006e+01 1.524167e+00
    endloop
  endfacet
  facet normal 1.130677e-01 -3.665566e-01 9.234999e-01
    outer loop
      vertex   -3.256278e+01 3.318478e+01 1.524167e+00
      vertex   -3.286984e+01 3.309006e+01 1.524167e+00
      vertex   -3.280007e+01 3.278439e+01 1.394296e+00
    endloop
  endfacet
  facet normal 5.593804e-01 -8.204604e-01 1.180609e-01
    outer loop
      vertex   -3.238541e+01 3.397878e+01 2.313535e+00
      vertex   -3.249616e+01 3.395168e+01 2.650000e+00
      vertex   -3.257611e+01 3.384876e+01 2.313535e+00
    endloop
  endfacet
  facet normal 4.588554e-01 -8.742759e-01 1.584092e-01
    outer loop
      vertex   -3.257611e+01 3.384876e+01 2.313535e+00
      vertex   -3.249616e+01 3.395168e+01 2.650000e+00
      vertex   -3.281635e+01 3.378363e+01 2.650000e+00
    endloop
  endfacet
  facet normal 4.299597e-01 -8.928204e-01 1.341878e-01
    outer loop
      vertex   -3.257611e+01 3.384876e+01 2.313535e+00
      vertex   -3.281635e+01 3.378363e+01 2.650000e+00
      vertex   -3.278407e+01 3.374861e+01 2.313535e+00
    endloop
  endfacet
  facet normal 2.923792e-01 -9.478701e-01 1.267152e-01
    outer loop
      vertex   -3.278407e+01 3.374861e+01 2.313535e+00
      vertex   -3.281635e+01 3.378363e+01 2.650000e+00
      vertex   -3.300462e+01 3.368058e+01 2.313535e+00
    endloop
  endfacet
  facet normal 2.724297e-01 -8.831954e-01 3.817695e-01
    outer loop
      vertex   -3.278407e+01 3.374861e+01 2.313535e+00
      vertex   -3.300462e+01 3.368058e+01 2.313535e+00
      vertex   -3.297572e+01 3.355397e+01 2.000000e+00
    endloop
  endfacet
  facet normal 2.361807e-01 -9.582227e-01 1.613320e-01
    outer loop
      vertex   -3.281635e+01 3.378363e+01 2.650000e+00
      vertex   -3.316746e+01 3.369710e+01 2.650000e+00
      vertex   -3.300462e+01 3.368058e+01 2.313535e+00
    endloop
  endfacet
  facet normal -2.361807e-01 -9.582227e-01 1.613320e-01
    outer loop
      vertex   -3.388017e+01 3.378363e+01 2.650000e+00
      vertex   -3.369190e+01 3.368058e+01 2.313535e+00
      vertex   -3.352907e+01 3.369710e+01 2.650000e+00
    endloop
  endfacet
  facet normal -1.479690e-01 -9.817100e-01 1.197944e-01
    outer loop
      vertex   -3.352907e+01 3.369710e+01 2.650000e+00
      vertex   -3.369190e+01 3.368058e+01 2.313535e+00
      vertex   -3.346367e+01 3.364618e+01 2.313535e+00
    endloop
  endfacet
  facet normal 0.000000e+00 -9.887436e-01 1.496199e-01
    outer loop
      vertex   -3.352907e+01 3.369710e+01 2.650000e+00
      vertex   -3.346367e+01 3.364618e+01 2.313535e+00
      vertex   -3.323286e+01 3.364618e+01 2.313535e+00
    endloop
  endfacet
  facet normal 0.000000e+00 -9.242576e-01 3.817695e-01
    outer loop
      vertex   -3.323286e+01 3.364618e+01 2.313535e+00
      vertex   -3.346367e+01 3.364618e+01 2.313535e+00
      vertex   -3.347337e+01 3.351667e+01 2.000000e+00
    endloop
  endfacet
  facet normal 0.000000e+00 -9.242576e-01 3.817695e-01
    outer loop
      vertex   -3.323286e+01 3.364618e+01 2.313535e+00
      vertex   -3.347337e+01 3.351667e+01 2.000000e+00
      vertex   -3.322315e+01 3.351667e+01 2.000000e+00
    endloop
  endfacet
  facet normal 0.000000e+00 -7.941756e-01 6.076884e-01
    outer loop
      vertex   -3.322315e+01 3.351667e+01 2.000000e+00
      vertex   -3.347337e+01 3.351667e+01 2.000000e+00
      vertex   -3.348881e+01 3.331066e+01 1.730761e+00
    endloop
  endfacet
  facet normal 0.000000e+00 -7.941756e-01 6.076884e-01
    outer loop
      vertex   -3.322315e+01 3.351667e+01 2.000000e+00
      vertex   -3.348881e+01 3.331066e+01 1.730761e+00
      vertex   -3.320771e+01 3.331066e+01 1.730761e+00
    endloop
  endfacet
  facet normal 0.000000e+00 -6.098342e-01 7.925291e-01
    outer loop
      vertex   -3.320771e+01 3.331066e+01 1.730761e+00
      vertex   -3.348881e+01 3.331066e+01 1.730761e+00
      vertex   -3.350893e+01 3.304217e+01 1.524167e+00
    endloop
  endfacet
  facet normal 0.000000e+00 -6.098342e-01 7.925291e-01
    outer loop
      vertex   -3.320771e+01 3.331066e+01 1.730761e+00
      vertex   -3.350893e+01 3.304217e+01 1.524167e+00
      vertex   -3.318759e+01 3.304217e+01 1.524167e+00
    endloop
  endfacet
  facet normal 0.000000e+00 -3.835988e-01 9.234999e-01
    outer loop
      vertex   -3.318759e+01 3.304217e+01 1.524167e+00
      vertex   -3.350893e+01 3.304217e+01 1.524167e+00
      vertex   -3.353236e+01 3.272951e+01 1.394296e+00
    endloop
  endfacet
  facet normal 0.000000e+00 -3.835988e-01 9.234999e-01
    outer loop
      vertex   -3.318759e+01 3.304217e+01 1.524167e+00
      vertex   -3.353236e+01 3.272951e+01 1.394296e+00
      vertex   -3.316416e+01 3.272951e+01 1.394296e+00
    endloop
  endfacet
  facet normal 0.000000e+00 -1.289926e-01 9.916456e-01
    outer loop
      vertex   -3.316416e+01 3.272951e+01 1.394296e+00
      vertex   -3.353236e+01 3.272951e+01 1.394296e+00
      vertex   -3.322264e+01 3.238898e+01 1.350000e+00
    endloop
  endfacet
  facet normal 1.787935e-02 -1.319907e-01 9.910897e-01
    outer loop
      vertex   -3.316416e+01 3.272951e+01 1.394296e+00
      vertex   -3.322264e+01 3.238898e+01 1.350000e+00
      vertex   -3.272520e+01 3.245636e+01 1.350000e+00
    endloop
  endfacet
  facet normal -2.923792e-01 -9.478701e-01 1.267152e-01
    outer loop
      vertex   -3.369190e+01 3.368058e+01 2.313535e+00
      vertex   -3.388017e+01 3.378363e+01 2.650000e+00
      vertex   -3.391246e+01 3.374861e+01 2.313535e+00
    endloop
  endfacet
  facet normal -4.604374e-01 -8.772903e-01 1.354960e-01
    outer loop
      vertex   -3.391246e+01 3.374861e+01 2.313535e+00
      vertex   -3.388017e+01 3.378363e+01 2.650000e+00
      vertex   -3.420036e+01 3.395168e+01 2.650000e+00
    endloop
  endfacet
  facet normal -4.275684e-01 -8.878549e-01 1.699972e-01
    outer loop
      vertex   -3.391246e+01 3.374861e+01 2.313535e+00
      vertex   -3.420036e+01 3.395168e+01 2.650000e+00
      vertex   -3.412041e+01 3.384876e+01 2.313535e+00
    endloop
  endfacet
  facet normal -5.593804e-01 -8.204604e-01 1.180609e-01
    outer loop
      vertex   -3.412041e+01 3.384876e+01 2.313535e+00
      vertex   -3.420036e+01 3.395168e+01 2.650000e+00
      vertex   -3.431111e+01 3.397878e+01 2.313535e+00
    endloop
  endfacet
  facet normal -5.206528e-01 -7.636574e-01 3.817695e-01
    outer loop
      vertex   -3.412041e+01 3.384876e+01 2.313535e+00
      vertex   -3.431111e+01 3.397878e+01 2.313535e+00
      vertex   -3.439209e+01 3.387724e+01 2.000000e+00
    endloop
  endfacet
  facet normal -6.286548e-01 -6.775287e-01 3.817695e-01
    outer loop
      vertex   -3.439209e+01 3.387724e+01 2.000000e+00
      vertex   -3.431111e+01 3.397878e+01 2.313535e+00
      vertex   -3.457551e+01 3.404744e+01 2.000000e+00
    endloop
  endfacet
  facet normal -5.401766e-01 -5.821719e-01 6.076884e-01
    outer loop
      vertex   -3.439209e+01 3.387724e+01 2.000000e+00
      vertex   -3.457551e+01 3.404744e+01 2.000000e+00
      vertex   -3.472696e+01 3.390692e+01 1.730761e+00
    endloop
  endfacet
  facet normal -6.209115e-01 -4.951604e-01 6.076884e-01
    outer loop
      vertex   -3.472696e+01 3.390692e+01 1.730761e+00
      vertex   -3.457551e+01 3.404744e+01 2.000000e+00
      vertex   -3.490222e+01 3.412669e+01 1.730761e+00
    endloop
  endfacet
  facet normal -4.767875e-01 -3.802254e-01 7.925291e-01
    outer loop
      vertex   -3.472696e+01 3.390692e+01 1.730761e+00
      vertex   -3.490222e+01 3.412669e+01 1.730761e+00
      vertex   -3.512467e+01 3.397502e+01 1.524167e+00
    endloop
  endfacet
  facet normal -5.281319e-01 -3.049171e-01 7.925291e-01
    outer loop
      vertex   -3.512467e+01 3.397502e+01 1.524167e+00
      vertex   -3.490222e+01 3.412669e+01 1.730761e+00
      vertex   -3.528534e+01 3.425331e+01 1.524167e+00
    endloop
  endfacet
  facet normal -3.322063e-01 -1.917994e-01 9.234999e-01
    outer loop
      vertex   -3.512467e+01 3.397502e+01 1.524167e+00
      vertex   -3.528534e+01 3.425331e+01 1.524167e+00
      vertex   -3.556783e+01 3.411727e+01 1.394296e+00
    endloop
  endfacet
  facet normal -3.570820e-01 -1.401444e-01 9.234999e-01
    outer loop
      vertex   -3.556783e+01 3.411727e+01 1.394296e+00
      vertex   -3.528534e+01 3.425331e+01 1.524167e+00
      vertex   -3.570235e+01 3.446002e+01 1.394296e+00
    endloop
  endfacet
  facet normal -1.192130e-01 -4.678767e-02 9.917657e-01
    outer loop
      vertex   -3.556783e+01 3.411727e+01 1.394296e+00
      vertex   -3.570235e+01 3.446002e+01 1.394296e+00
      vertex   -3.596972e+01 3.420231e+01 1.350000e+00
    endloop
  endfacet
  facet normal -1.296739e-01 -3.578772e-02 9.909107e-01
    outer loop
      vertex   -3.596972e+01 3.420231e+01 1.350000e+00
      vertex   -3.570235e+01 3.446002e+01 1.394296e+00
      vertex   -3.610326e+01 3.468620e+01 1.350000e+00
    endloop
  endfacet
  facet normal -1.257585e-01 -2.870356e-02 9.916456e-01
    outer loop
      vertex   -3.610326e+01 3.468620e+01 1.350000e+00
      vertex   -3.570235e+01 3.446002e+01 1.394296e+00
      vertex   -3.578428e+01 3.481899e+01 1.394296e+00
    endloop
  endfacet
  facet normal -6.549969e-01 -7.393387e-01 1.560684e-01
    outer loop
      vertex   -3.420036e+01 3.395168e+01 2.650000e+00
      vertex   -3.447103e+01 3.419147e+01 2.650000e+00
      vertex   -3.431111e+01 3.397878e+01 2.313535e+00
    endloop
  endfacet
  facet normal -6.735915e-01 -7.259590e-01 1.387729e-01
    outer loop
      vertex   -3.431111e+01 3.397878e+01 2.313535e+00
      vertex   -3.447103e+01 3.419147e+01 2.650000e+00
      vertex   -3.448031e+01 3.413577e+01 2.313535e+00
    endloop
  endfacet
  facet normal -6.286548e-01 -6.775287e-01 3.817695e-01
    outer loop
      vertex   -3.431111e+01 3.397878e+01 2.313535e+00
      vertex   -3.448031e+01 3.413577e+01 2.313535e+00
      vertex   -3.457551e+01 3.404744e+01 2.000000e+00
    endloop
  endfacet
  facet normal -7.226137e-01 -5.762652e-01 3.817695e-01
    outer loop
      vertex   -3.457551e+01 3.404744e+01 2.000000e+00
      vertex   -3.448031e+01 3.413577e+01 2.313535e+00
      vertex   -3.473152e+01 3.424307e+01 2.000000e+00
    endloop
  endfacet
  facet normal -6.209115e-01 -4.951604e-01 6.076884e-01
    outer loop
      vertex   -3.457551e+01 3.404744e+01 2.000000e+00
      vertex   -3.473152e+01 3.424307e+01 2.000000e+00
      vertex   -3.490222e+01 3.412669e+01 1.730761e+00
    endloop
  endfacet
  facet normal -6.877762e-01 -3.970878e-01 6.076884e-01
    outer loop
      vertex   -3.490222e+01 3.412669e+01 1.730761e+00
      vertex   -3.473152e+01 3.424307e+01 2.000000e+00
      vertex   -3.504277e+01 3.437013e+01 1.730761e+00
    endloop
  endfacet
  facet normal -5.281319e-01 -3.049171e-01 7.925291e-01
    outer loop
      vertex   -3.490222e+01 3.412669e+01 1.730761e+00
      vertex   -3.504277e+01 3.437013e+01 1.730761e+00
      vertex   -3.528534e+01 3.425331e+01 1.524167e+00
    endloop
  endfacet
  facet normal -5.676786e-01 -2.227974e-01 7.925291e-01
    outer loop
      vertex   -3.528534e+01 3.425331e+01 1.524167e+00
      vertex   -3.504277e+01 3.437013e+01 1.730761e+00
      vertex   -3.540274e+01 3.455244e+01 1.524167e+00
    endloop
  endfacet
  facet normal -3.570820e-01 -1.401444e-01 9.234999e-01
    outer loop
      vertex   -3.528534e+01 3.425331e+01 1.524167e+00
      vertex   -3.540274e+01 3.455244e+01 1.524167e+00
      vertex   -3.570235e+01 3.446002e+01 1.394296e+00
    endloop
  endfacet
  facet normal -3.739812e-01 -8.535876e-02 9.234999e-01
    outer loop
      vertex   -3.570235e+01 3.446002e+01 1.394296e+00
      vertex   -3.540274e+01 3.455244e+01 1.524167e+00
      vertex   -3.578428e+01 3.481899e+01 1.394296e+00
    endloop
  endfacet
  facet normal -7.758137e-01 -6.186908e-01 1.238342e-01
    outer loop
      vertex   -3.448031e+01 3.413577e+01 2.313535e+00
      vertex   -3.447103e+01 3.419147e+01 2.650000e+00
      vertex   -3.462422e+01 3.431623e+01 2.313535e+00
    endloop
  endfacet
  facet normal -8.121242e-01 -5.605689e-01 1.619161e-01
    outer loop
      vertex   -3.462422e+01 3.431623e+01 2.313535e+00
      vertex   -3.447103e+01 3.419147e+01 2.650000e+00
      vertex   -3.467645e+01 3.448907e+01 2.650000e+00
    endloop
  endfacet
  facet normal -8.596066e-01 -4.962941e-01 1.215266e-01
    outer loop
      vertex   -3.462422e+01 3.431623e+01 2.313535e+00
      vertex   -3.467645e+01 3.448907e+01 2.650000e+00
      vertex   -3.473962e+01 3.451611e+01 2.313535e+00
    endloop
  endfacet
  facet normal -9.250649e-01 -3.508309e-01 1.455080e-01
    outer loop
      vertex   -3.473962e+01 3.451611e+01 2.313535e+00
      vertex   -3.467645e+01 3.448907e+01 2.650000e+00
      vertex   -3.480467e+01 3.482719e+01 2.650000e+00
    endloop
  endfacet
  facet normal -9.194960e-01 -3.608756e-01 1.558713e-01
    outer loop
      vertex   -3.473962e+01 3.451611e+01 2.313535e+00
      vertex   -3.480467e+01 3.482719e+01 2.650000e+00
      vertex   -3.482395e+01 3.473097e+01 2.313535e+00
    endloop
  endfacet
  facet normal -9.680425e-01 -2.209494e-01 1.186389e-01
    outer loop
      vertex   -3.482395e+01 3.473097e+01 2.313535e+00
      vertex   -3.480467e+01 3.482719e+01 2.650000e+00
      vertex   -3.487531e+01 3.495599e+01 2.313535e+00
    endloop
  endfacet
  facet normal -9.010845e-01 -2.056667e-01 3.817695e-01
    outer loop
      vertex   -3.482395e+01 3.473097e+01 2.313535e+00
      vertex   -3.487531e+01 3.495599e+01 2.313535e+00
      vertex   -3.500373e+01 3.493664e+01 2.000000e+00
    endloop
  endfacet
  facet normal -9.798935e-01 -1.189806e-01 1.601633e-01
    outer loop
      vertex   -3.480467e+01 3.482719e+01 2.650000e+00
      vertex   -3.484826e+01 3.518616e+01 2.650000e+00
      vertex   -3.487531e+01 3.495599e+01 2.313535e+00
    endloop
  endfacet
  facet normal -1.216033e-01 -5.856107e-02 9.908498e-01
    outer loop
      vertex   -3.596972e+01 3.420231e+01 1.350000e+00
      vertex   -3.575192e+01 3.375004e+01 1.350000e+00
      vertex   -3.556783e+01 3.411727e+01 1.394296e+00
    endloop
  endfacet
  facet normal -1.109082e-01 -6.403288e-02 9.917657e-01
    outer loop
      vertex   -3.556783e+01 3.411727e+01 1.394296e+00
      vertex   -3.575192e+01 3.375004e+01 1.350000e+00
      vertex   -3.538373e+01 3.379840e+01 1.394296e+00
    endloop
  endfacet
  facet normal -3.322063e-01 -1.917994e-01 9.234999e-01
    outer loop
      vertex   -3.556783e+01 3.411727e+01 1.394296e+00
      vertex   -3.538373e+01 3.379840e+01 1.394296e+00
      vertex   -3.512467e+01 3.397502e+01 1.524167e+00
    endloop
  endfacet
  facet normal -2.999096e-01 -2.391699e-01 9.234999e-01
    outer loop
      vertex   -3.512467e+01 3.397502e+01 1.524167e+00
      vertex   -3.538373e+01 3.379840e+01 1.394296e+00
      vertex   -3.492432e+01 3.372379e+01 1.524167e+00
    endloop
  endfacet
  facet normal -4.767875e-01 -3.802254e-01 7.925291e-01
    outer loop
      vertex   -3.512467e+01 3.397502e+01 1.524167e+00
      vertex   -3.492432e+01 3.372379e+01 1.524167e+00
      vertex   -3.472696e+01 3.390692e+01 1.730761e+00
    endloop
  endfacet
  facet normal -4.147926e-01 -4.470401e-01 7.925291e-01
    outer loop
      vertex   -3.472696e+01 3.390692e+01 1.730761e+00
      vertex   -3.492432e+01 3.372379e+01 1.524167e+00
      vertex   -3.452090e+01 3.371572e+01 1.730761e+00
    endloop
  endfacet
  facet normal -5.401766e-01 -5.821719e-01 6.076884e-01
    outer loop
      vertex   -3.472696e+01 3.390692e+01 1.730761e+00
      vertex   -3.452090e+01 3.371572e+01 1.730761e+00
      vertex   -3.439209e+01 3.387724e+01 2.000000e+00
    endloop
  endfacet
  facet normal -4.473750e-01 -6.561787e-01 6.076884e-01
    outer loop
      vertex   -3.439209e+01 3.387724e+01 2.000000e+00
      vertex   -3.452090e+01 3.371572e+01 1.730761e+00
      vertex   -3.418534e+01 3.373629e+01 2.000000e+00
    endloop
  endfacet
  facet normal -5.206528e-01 -7.636574e-01 3.817695e-01
    outer loop
      vertex   -3.439209e+01 3.387724e+01 2.000000e+00
      vertex   -3.418534e+01 3.373629e+01 2.000000e+00
      vertex   -3.412041e+01 3.384876e+01 2.313535e+00
    endloop
  endfacet
  facet normal -4.010203e-01 -8.327273e-01 3.817695e-01
    outer loop
      vertex   -3.412041e+01 3.384876e+01 2.313535e+00
      vertex   -3.418534e+01 3.373629e+01 2.000000e+00
      vertex   -3.391246e+01 3.374861e+01 2.313535e+00
    endloop
  endfacet
  facet normal -1.088303e-01 -7.906985e-02 9.909107e-01
    outer loop
      vertex   -3.575192e+01 3.375004e+01 1.350000e+00
      vertex   -3.545686e+01 3.334393e+01 1.350000e+00
      vertex   -3.538373e+01 3.379840e+01 1.394296e+00
    endloop
  endfacet
  facet normal -1.008505e-01 -8.042557e-02 9.916456e-01
    outer loop
      vertex   -3.538373e+01 3.379840e+01 1.394296e+00
      vertex   -3.545686e+01 3.334393e+01 1.350000e+00
      vertex   -3.515416e+01 3.351053e+01 1.394296e+00
    endloop
  endfacet
  facet normal -2.999096e-01 -2.391699e-01 9.234999e-01
    outer loop
      vertex   -3.538373e+01 3.379840e+01 1.394296e+00
      vertex   -3.515416e+01 3.351053e+01 1.394296e+00
      vertex   -3.492432e+01 3.372379e+01 1.524167e+00
    endloop
  endfacet
  facet normal -2.609134e-01 -2.811978e-01 9.234999e-01
    outer loop
      vertex   -3.492432e+01 3.372379e+01 1.524167e+00
      vertex   -3.515416e+01 3.351053e+01 1.394296e+00
      vertex   -3.468876e+01 3.350522e+01 1.524167e+00
    endloop
  endfacet
  facet normal -4.147926e-01 -4.470401e-01 7.925291e-01
    outer loop
      vertex   -3.492432e+01 3.372379e+01 1.524167e+00
      vertex   -3.468876e+01 3.350522e+01 1.524167e+00
      vertex   -3.452090e+01 3.371572e+01 1.730761e+00
    endloop
  endfacet
  facet normal -3.435318e-01 -5.038686e-01 7.925291e-01
    outer loop
      vertex   -3.452090e+01 3.371572e+01 1.730761e+00
      vertex   -3.468876e+01 3.350522e+01 1.524167e+00
      vertex   -3.428864e+01 3.355737e+01 1.730761e+00
    endloop
  endfacet
  facet normal -4.473750e-01 -6.561787e-01 6.076884e-01
    outer loop
      vertex   -3.452090e+01 3.371572e+01 1.730761e+00
      vertex   -3.428864e+01 3.355737e+01 1.730761e+00
      vertex   -3.418534e+01 3.373629e+01 2.000000e+00
    endloop
  endfacet
  facet normal -3.445799e-01 -7.155275e-01 6.076884e-01
    outer loop
      vertex   -3.418534e+01 3.373629e+01 2.000000e+00
      vertex   -3.428864e+01 3.355737e+01 1.730761e+00
      vertex   -3.395990e+01 3.362772e+01 2.000000e+00
    endloop
  endfacet
  facet normal -4.010203e-01 -8.327273e-01 3.817695e-01
    outer loop
      vertex   -3.418534e+01 3.373629e+01 2.000000e+00
      vertex   -3.395990e+01 3.362772e+01 2.000000e+00
      vertex   -3.391246e+01 3.374861e+01 2.313535e+00
    endloop
  endfacet
  facet normal -2.724297e-01 -8.831954e-01 3.817695e-01
    outer loop
      vertex   -3.391246e+01 3.374861e+01 2.313535e+00
      vertex   -3.395990e+01 3.362772e+01 2.000000e+00
      vertex   -3.369190e+01 3.368058e+01 2.313535e+00
    endloop
  endfacet
  facet normal -9.204686e-02 -9.627347e-02 9.910897e-01
    outer loop
      vertex   -3.545686e+01 3.334393e+01 1.350000e+00
      vertex   -3.509403e+01 3.299703e+01 1.350000e+00
      vertex   -3.515416e+01 3.351053e+01 1.394296e+00
    endloop
  endfacet
  facet normal -8.902504e-02 -9.594618e-02 9.913974e-01
    outer loop
      vertex   -3.515416e+01 3.351053e+01 1.394296e+00
      vertex   -3.509403e+01 3.299703e+01 1.350000e+00
      vertex   -3.488425e+01 3.326009e+01 1.394296e+00
    endloop
  endfacet
  facet normal -2.609134e-01 -2.811978e-01 9.234999e-01
    outer loop
      vertex   -3.515416e+01 3.351053e+01 1.394296e+00
      vertex   -3.488425e+01 3.326009e+01 1.394296e+00
      vertex   -3.468876e+01 3.350522e+01 1.524167e+00
    endloop
  endfacet
  facet normal -2.160889e-01 -3.169442e-01 9.234999e-01
    outer loop
      vertex   -3.468876e+01 3.350522e+01 1.524167e+00
      vertex   -3.488425e+01 3.326009e+01 1.394296e+00
      vertex   -3.442326e+01 3.332420e+01 1.524167e+00
    endloop
  endfacet
  facet normal -3.435318e-01 -5.038686e-01 7.925291e-01
    outer loop
      vertex   -3.468876e+01 3.350522e+01 1.524167e+00
      vertex   -3.442326e+01 3.332420e+01 1.524167e+00
      vertex   -3.428864e+01 3.355737e+01 1.730761e+00
    endloop
  endfacet
  facet normal -2.645971e-01 -5.494416e-01 7.925291e-01
    outer loop
      vertex   -3.428864e+01 3.355737e+01 1.730761e+00
      vertex   -3.442326e+01 3.332420e+01 1.524167e+00
      vertex   -3.403538e+01 3.343541e+01 1.730761e+00
    endloop
  endfacet
  facet normal -3.445799e-01 -7.155275e-01 6.076884e-01
    outer loop
      vertex   -3.428864e+01 3.355737e+01 1.730761e+00
      vertex   -3.403538e+01 3.343541e+01 1.730761e+00
      vertex   -3.395990e+01 3.362772e+01 2.000000e+00
    endloop
  endfacet
  facet normal -2.340874e-01 -7.588926e-01 6.076884e-01
    outer loop
      vertex   -3.395990e+01 3.362772e+01 2.000000e+00
      vertex   -3.403538e+01 3.343541e+01 1.730761e+00
      vertex   -3.372080e+01 3.355397e+01 2.000000e+00
    endloop
  endfacet
  facet normal -2.724297e-01 -8.831954e-01 3.817695e-01
    outer loop
      vertex   -3.395990e+01 3.362772e+01 2.000000e+00
      vertex   -3.372080e+01 3.355397e+01 2.000000e+00
      vertex   -3.369190e+01 3.368058e+01 2.313535e+00
    endloop
  endfacet
  facet normal -1.377534e-01 -9.139344e-01 3.817695e-01
    outer loop
      vertex   -3.369190e+01 3.368058e+01 2.313535e+00
      vertex   -3.372080e+01 3.355397e+01 2.000000e+00
      vertex   -3.346367e+01 3.364618e+01 2.313535e+00
    endloop
  endfacet
  facet normal -7.373067e-02 -1.081430e-01 9.913974e-01
    outer loop
      vertex   -3.488425e+01 3.326009e+01 1.394296e+00
      vertex   -3.509403e+01 3.299703e+01 1.350000e+00
      vertex   -3.458003e+01 3.305267e+01 1.394296e+00
    endloop
  endfacet
  facet normal -7.337734e-02 -1.111619e-01 9.910897e-01
    outer loop
      vertex   -3.458003e+01 3.305267e+01 1.394296e+00
      vertex   -3.509403e+01 3.299703e+01 1.350000e+00
      vertex   -3.467509e+01 3.272049e+01 1.350000e+00
    endloop
  endfacet
  facet normal -5.596779e-02 -1.162183e-01 9.916456e-01
    outer loop
      vertex   -3.458003e+01 3.305267e+01 1.394296e+00
      vertex   -3.467509e+01 3.272049e+01 1.350000e+00
      vertex   -3.424829e+01 3.289292e+01 1.394296e+00
    endloop
  endfacet
  facet normal -5.287038e-02 -1.236964e-01 9.909107e-01
    outer loop
      vertex   -3.424829e+01 3.289292e+01 1.394296e+00
      vertex   -3.467509e+01 3.272049e+01 1.350000e+00
      vertex   -3.421351e+01 3.252320e+01 1.350000e+00
    endloop
  endfacet
  facet normal -3.774804e-02 -1.223762e-01 9.917657e-01
    outer loop
      vertex   -3.424829e+01 3.289292e+01 1.394296e+00
      vertex   -3.421351e+01 3.252320e+01 1.350000e+00
      vertex   -3.389645e+01 3.278439e+01 1.394296e+00
    endloop
  endfacet
  facet normal -3.003354e-02 -1.315855e-01 9.908498e-01
    outer loop
      vertex   -3.389645e+01 3.278439e+01 1.394296e+00
      vertex   -3.421351e+01 3.252320e+01 1.350000e+00
      vertex   -3.372411e+01 3.241150e+01 1.350000e+00
    endloop
  endfacet
  facet normal -1.908721e-02 -1.266354e-01 9.917657e-01
    outer loop
      vertex   -3.389645e+01 3.278439e+01 1.394296e+00
      vertex   -3.372411e+01 3.241150e+01 1.350000e+00
      vertex   -3.353236e+01 3.272951e+01 1.394296e+00
    endloop
  endfacet
  facet normal -6.035292e-03 -1.343862e-01 9.909107e-01
    outer loop
      vertex   -3.353236e+01 3.272951e+01 1.394296e+00
      vertex   -3.372411e+01 3.241150e+01 1.350000e+00
      vertex   -3.322264e+01 3.238898e+01 1.350000e+00
    endloop
  endfacet
  facet normal 1.247028e-01 -4.680176e-02 9.910897e-01
    outer loop
      vertex   -3.082555e+01 3.397128e+01 1.350000e+00
      vertex   -3.064917e+01 3.444126e+01 1.350000e+00
      vertex   -3.099417e+01 3.446002e+01 1.394296e+00
    endloop
  endfacet
  facet normal 1.257585e-01 -2.870356e-02 9.916456e-01
    outer loop
      vertex   -3.099417e+01 3.446002e+01 1.394296e+00
      vertex   -3.064917e+01 3.444126e+01 1.350000e+00
      vertex   -3.091224e+01 3.481899e+01 1.394296e+00
    endloop
  endfacet
  facet normal 3.739812e-01 -8.535876e-02 9.234999e-01
    outer loop
      vertex   -3.099417e+01 3.446002e+01 1.394296e+00
      vertex   -3.091224e+01 3.481899e+01 1.394296e+00
      vertex   -3.122228e+01 3.486572e+01 1.524167e+00
    endloop
  endfacet
  facet normal 3.825262e-01 -2.866637e-02 9.234999e-01
    outer loop
      vertex   -3.122228e+01 3.486572e+01 1.524167e+00
      vertex   -3.091224e+01 3.481899e+01 1.394296e+00
      vertex   -3.119826e+01 3.518616e+01 1.524167e+00
    endloop
  endfacet
  facet normal 6.081289e-01 -4.557296e-02 7.925291e-01
    outer loop
      vertex   -3.122228e+01 3.486572e+01 1.524167e+00
      vertex   -3.119826e+01 3.518616e+01 1.524167e+00
      vertex   -3.146750e+01 3.518616e+01 1.730761e+00
    endloop
  endfacet
  facet normal 6.081289e-01 4.557296e-02 7.925291e-01
    outer loop
      vertex   -3.146750e+01 3.518616e+01 1.730761e+00
      vertex   -3.119826e+01 3.518616e+01 1.524167e+00
      vertex   -3.148851e+01 3.546647e+01 1.730761e+00
    endloop
  endfacet
  facet normal 7.919549e-01 5.934882e-02 6.076884e-01
    outer loop
      vertex   -3.146750e+01 3.518616e+01 1.730761e+00
      vertex   -3.148851e+01 3.546647e+01 1.730761e+00
      vertex   -3.169279e+01 3.543568e+01 2.000000e+00
    endloop
  endfacet
  facet normal 7.742639e-01 1.767207e-01 6.076884e-01
    outer loop
      vertex   -3.169279e+01 3.543568e+01 2.000000e+00
      vertex   -3.148851e+01 3.546647e+01 1.730761e+00
      vertex   -3.174847e+01 3.567963e+01 2.000000e+00
    endloop
  endfacet
  facet normal 9.010845e-01 2.056667e-01 3.817695e-01
    outer loop
      vertex   -3.169279e+01 3.543568e+01 2.000000e+00
      vertex   -3.174847e+01 3.567963e+01 2.000000e+00
      vertex   -3.187257e+01 3.564135e+01 2.313535e+00
    endloop
  endfacet
  facet normal 8.603671e-01 3.376692e-01 3.817695e-01
    outer loop
      vertex   -3.187257e+01 3.564135e+01 2.313535e+00
      vertex   -3.174847e+01 3.567963e+01 2.000000e+00
      vertex   -3.195690e+01 3.585620e+01 2.313535e+00
    endloop
  endfacet
  facet normal 1.323599e-01 -2.401977e-02 9.909107e-01
    outer loop
      vertex   -3.064917e+01 3.444126e+01 1.350000e+00
      vertex   -3.055953e+01 3.493517e+01 1.350000e+00
      vertex   -3.091224e+01 3.481899e+01 1.394296e+00
    endloop
  endfacet
  facet normal 1.277077e-01 -9.570366e-03 9.917657e-01
    outer loop
      vertex   -3.091224e+01 3.481899e+01 1.394296e+00
      vertex   -3.055953e+01 3.493517e+01 1.350000e+00
      vertex   -3.088473e+01 3.518616e+01 1.394296e+00
    endloop
  endfacet
  facet normal 3.825262e-01 -2.866637e-02 9.234999e-01
    outer loop
      vertex   -3.091224e+01 3.481899e+01 1.394296e+00
      vertex   -3.088473e+01 3.518616e+01 1.394296e+00
      vertex   -3.119826e+01 3.518616e+01 1.524167e+00
    endloop
  endfacet
  facet normal 3.825262e-01 2.866637e-02 9.234999e-01
    outer loop
      vertex   -3.119826e+01 3.518616e+01 1.524167e+00
      vertex   -3.088473e+01 3.518616e+01 1.394296e+00
      vertex   -3.122228e+01 3.550660e+01 1.524167e+00
    endloop
  endfacet
  facet normal 6.081289e-01 4.557296e-02 7.925291e-01
    outer loop
      vertex   -3.119826e+01 3.518616e+01 1.524167e+00
      vertex   -3.122228e+01 3.550660e+01 1.524167e+00
      vertex   -3.148851e+01 3.546647e+01 1.730761e+00
    endloop
  endfacet
  facet normal 5.945443e-01 1.357009e-01 7.925291e-01
    outer loop
      vertex   -3.148851e+01 3.546647e+01 1.730761e+00
      vertex   -3.122228e+01 3.550660e+01 1.524167e+00
      vertex   -3.155106e+01 3.574052e+01 1.730761e+00
    endloop
  endfacet
  facet normal 7.742639e-01 1.767207e-01 6.076884e-01
    outer loop
      vertex   -3.148851e+01 3.546647e+01 1.730761e+00
      vertex   -3.155106e+01 3.574052e+01 1.730761e+00
      vertex   -3.174847e+01 3.567963e+01 2.000000e+00
    endloop
  endfacet
  facet normal 7.392772e-01 2.901449e-01 6.076884e-01
    outer loop
      vertex   -3.174847e+01 3.567963e+01 2.000000e+00
      vertex   -3.155106e+01 3.574052e+01 1.730761e+00
      vertex   -3.183989e+01 3.591255e+01 2.000000e+00
    endloop
  endfacet
  facet normal 8.603671e-01 3.376692e-01 3.817695e-01
    outer loop
      vertex   -3.174847e+01 3.567963e+01 2.000000e+00
      vertex   -3.183989e+01 3.591255e+01 2.000000e+00
      vertex   -3.195690e+01 3.585620e+01 2.313535e+00
    endloop
  endfacet
  facet normal 8.004305e-01 4.621288e-01 3.817695e-01
    outer loop
      vertex   -3.195690e+01 3.585620e+01 2.313535e+00
      vertex   -3.183989e+01 3.591255e+01 2.000000e+00
      vertex   -3.207230e+01 3.605609e+01 2.313535e+00
    endloop
  endfacet
  facet normal 1.349695e-01 -0.000000e+00 9.908498e-01
    outer loop
      vertex   -3.055953e+01 3.493517e+01 1.350000e+00
      vertex   -3.055953e+01 3.543715e+01 1.350000e+00
      vertex   -3.088473e+01 3.518616e+01 1.394296e+00
    endloop
  endfacet
  facet normal 1.277077e-01 9.570366e-03 9.917657e-01
    outer loop
      vertex   -3.088473e+01 3.518616e+01 1.394296e+00
      vertex   -3.055953e+01 3.543715e+01 1.350000e+00
      vertex   -3.091224e+01 3.555333e+01 1.394296e+00
    endloop
  endfacet
  facet normal 3.825262e-01 2.866637e-02 9.234999e-01
    outer loop
      vertex   -3.088473e+01 3.518616e+01 1.394296e+00
      vertex   -3.091224e+01 3.555333e+01 1.394296e+00
      vertex   -3.122228e+01 3.550660e+01 1.524167e+00
    endloop
  endfacet
  facet normal 3.739812e-01 8.535876e-02 9.234999e-01
    outer loop
      vertex   -3.122228e+01 3.550660e+01 1.524167e+00
      vertex   -3.091224e+01 3.555333e+01 1.394296e+00
      vertex   -3.129378e+01 3.581988e+01 1.524167e+00
    endloop
  endfacet
  facet normal 5.945443e-01 1.357009e-01 7.925291e-01
    outer loop
      vertex   -3.122228e+01 3.550660e+01 1.524167e+00
      vertex   -3.129378e+01 3.581988e+01 1.524167e+00
      vertex   -3.155106e+01 3.574052e+01 1.730761e+00
    endloop
  endfacet
  facet normal 5.676786e-01 2.227974e-01 7.925291e-01
    outer loop
      vertex   -3.155106e+01 3.574052e+01 1.730761e+00
      vertex   -3.129378e+01 3.581988e+01 1.524167e+00
      vertex   -3.165375e+01 3.600219e+01 1.730761e+00
    endloop
  endfacet
  facet normal 7.392772e-01 2.901449e-01 6.076884e-01
    outer loop
      vertex   -3.155106e+01 3.574052e+01 1.730761e+00
      vertex   -3.165375e+01 3.600219e+01 1.730761e+00
      vertex   -3.183989e+01 3.591255e+01 2.000000e+00
    endloop
  endfacet
  facet normal 6.877762e-01 3.970878e-01 6.076884e-01
    outer loop
      vertex   -3.183989e+01 3.591255e+01 2.000000e+00
      vertex   -3.165375e+01 3.600219e+01 1.730761e+00
      vertex   -3.196500e+01 3.612925e+01 2.000000e+00
    endloop
  endfacet
  facet normal 8.004305e-01 4.621288e-01 3.817695e-01
    outer loop
      vertex   -3.183989e+01 3.591255e+01 2.000000e+00
      vertex   -3.196500e+01 3.612925e+01 2.000000e+00
      vertex   -3.207230e+01 3.605609e+01 2.313535e+00
    endloop
  endfacet
  facet normal 7.226137e-01 5.762652e-01 3.817695e-01
    outer loop
      vertex   -3.207230e+01 3.605609e+01 2.313535e+00
      vertex   -3.196500e+01 3.612925e+01 2.000000e+00
      vertex   -3.221621e+01 3.623655e+01 2.313535e+00
    endloop
  endfacet
  facet normal 1.323599e-01 2.401977e-02 9.909107e-01
    outer loop
      vertex   -3.055953e+01 3.543715e+01 1.350000e+00
      vertex   -3.064917e+01 3.593106e+01 1.350000e+00
      vertex   -3.091224e+01 3.555333e+01 1.394296e+00
    endloop
  endfacet
  facet normal 1.257585e-01 2.870356e-02 9.916456e-01
    outer loop
      vertex   -3.091224e+01 3.555333e+01 1.394296e+00
      vertex   -3.064917e+01 3.593106e+01 1.350000e+00
      vertex   -3.099417e+01 3.591230e+01 1.394296e+00
    endloop
  endfacet
  facet normal 3.739812e-01 8.535876e-02 9.234999e-01
    outer loop
      vertex   -3.091224e+01 3.555333e+01 1.394296e+00
      vertex   -3.099417e+01 3.591230e+01 1.394296e+00
      vertex   -3.129378e+01 3.581988e+01 1.524167e+00
    endloop
  endfacet
  facet normal 3.570820e-01 1.401444e-01 9.234999e-01
    outer loop
      vertex   -3.129378e+01 3.581988e+01 1.524167e+00
      vertex   -3.099417e+01 3.591230e+01 1.394296e+00
      vertex   -3.141118e+01 3.611901e+01 1.524167e+00
    endloop
  endfacet
  facet normal 5.676786e-01 2.227974e-01 7.925291e-01
    outer loop
      vertex   -3.129378e+01 3.581988e+01 1.524167e+00
      vertex   -3.141118e+01 3.611901e+01 1.524167e+00
      vertex   -3.165375e+01 3.600219e+01 1.730761e+00
    endloop
  endfacet
  facet normal 5.281319e-01 3.049171e-01 7.925291e-01
    outer loop
      vertex   -3.165375e+01 3.600219e+01 1.730761e+00
      vertex   -3.141118e+01 3.611901e+01 1.524167e+00
      vertex   -3.179430e+01 3.624563e+01 1.730761e+00
    endloop
  endfacet
  facet normal 6.877762e-01 3.970878e-01 6.076884e-01
    outer loop
      vertex   -3.165375e+01 3.600219e+01 1.730761e+00
      vertex   -3.179430e+01 3.624563e+01 1.730761e+00
      vertex   -3.196500e+01 3.612925e+01 2.000000e+00
    endloop
  endfacet
  facet normal 6.209115e-01 4.951604e-01 6.076884e-01
    outer loop
      vertex   -3.196500e+01 3.612925e+01 2.000000e+00
      vertex   -3.179430e+01 3.624563e+01 1.730761e+00
      vertex   -3.212101e+01 3.632488e+01 2.000000e+00
    endloop
  endfacet
  facet normal 7.226137e-01 5.762652e-01 3.817695e-01
    outer loop
      vertex   -3.196500e+01 3.612925e+01 2.000000e+00
      vertex   -3.212101e+01 3.632488e+01 2.000000e+00
      vertex   -3.221621e+01 3.623655e+01 2.313535e+00
    endloop
  endfacet
  facet normal 1.247028e-01 4.680176e-02 9.910897e-01
    outer loop
      vertex   -3.064917e+01 3.593106e+01 1.350000e+00
      vertex   -3.082555e+01 3.640103e+01 1.350000e+00
      vertex   -3.099417e+01 3.591230e+01 1.394296e+00
    endloop
  endfacet
  facet normal 1.218383e-01 4.781800e-02 9.913974e-01
    outer loop
      vertex   -3.099417e+01 3.591230e+01 1.394296e+00
      vertex   -3.082555e+01 3.640103e+01 1.350000e+00
      vertex   -3.112869e+01 3.625505e+01 1.394296e+00
    endloop
  endfacet
  facet normal 3.570820e-01 1.401444e-01 9.234999e-01
    outer loop
      vertex   -3.099417e+01 3.591230e+01 1.394296e+00
      vertex   -3.112869e+01 3.625505e+01 1.394296e+00
      vertex   -3.141118e+01 3.611901e+01 1.524167e+00
    endloop
  endfacet
  facet normal 3.322063e-01 1.917994e-01 9.234999e-01
    outer loop
      vertex   -3.141118e+01 3.611901e+01 1.524167e+00
      vertex   -3.112869e+01 3.625505e+01 1.394296e+00
      vertex   -3.157185e+01 3.639730e+01 1.524167e+00
    endloop
  endfacet
  facet normal 5.281319e-01 3.049171e-01 7.925291e-01
    outer loop
      vertex   -3.141118e+01 3.611901e+01 1.524167e+00
      vertex   -3.157185e+01 3.639730e+01 1.524167e+00
      vertex   -3.179430e+01 3.624563e+01 1.730761e+00
    endloop
  endfacet
  facet normal 4.767875e-01 3.802254e-01 7.925291e-01
    outer loop
      vertex   -3.179430e+01 3.624563e+01 1.730761e+00
      vertex   -3.157185e+01 3.639730e+01 1.524167e+00
      vertex   -3.196957e+01 3.646540e+01 1.730761e+00
    endloop
  endfacet
  facet normal 6.209115e-01 4.951604e-01 6.076884e-01
    outer loop
      vertex   -3.179430e+01 3.624563e+01 1.730761e+00
      vertex   -3.196957e+01 3.646540e+01 1.730761e+00
      vertex   -3.212101e+01 3.632488e+01 2.000000e+00
    endloop
  endfacet
  facet normal 1.133505e-01 6.544297e-02 9.913974e-01
    outer loop
      vertex   -3.112869e+01 3.625505e+01 1.394296e+00
      vertex   -3.082555e+01 3.640103e+01 1.350000e+00
      vertex   -3.131279e+01 3.657392e+01 1.394296e+00
    endloop
  endfacet
  facet normal 1.143420e-01 6.831619e-02 9.910897e-01
    outer loop
      vertex   -3.131279e+01 3.657392e+01 1.394296e+00
      vertex   -3.082555e+01 3.640103e+01 1.350000e+00
      vertex   -3.108301e+01 3.683196e+01 1.350000e+00
    endloop
  endfacet
  facet normal 1.008505e-01 8.042557e-02 9.916456e-01
    outer loop
      vertex   -3.131279e+01 3.657392e+01 1.394296e+00
      vertex   -3.108301e+01 3.683196e+01 1.350000e+00
      vertex   -3.154236e+01 3.686179e+01 1.394296e+00
    endloop
  endfacet
  facet normal 1.013044e-01 8.850702e-02 9.909107e-01
    outer loop
      vertex   -3.154236e+01 3.686179e+01 1.394296e+00
      vertex   -3.108301e+01 3.683196e+01 1.350000e+00
      vertex   -3.141329e+01 3.720998e+01 1.350000e+00
    endloop
  endfacet
  facet normal 7.214201e-02 1.058129e-01 9.917657e-01
    outer loop
      vertex   -3.181227e+01 3.711223e+01 1.394296e+00
      vertex   -3.180575e+01 3.752296e+01 1.350000e+00
      vertex   -3.211649e+01 3.731964e+01 1.394296e+00
    endloop
  endfacet
  facet normal 6.374560e-02 1.184592e-01 9.909107e-01
    outer loop
      vertex   -3.211649e+01 3.731964e+01 1.394296e+00
      vertex   -3.180575e+01 3.752296e+01 1.350000e+00
      vertex   -3.224779e+01 3.776084e+01 1.350000e+00
    endloop
  endfacet
  facet normal -7.337734e-02 1.111619e-01 9.910897e-01
    outer loop
      vertex   -3.467509e+01 3.765183e+01 1.350000e+00
      vertex   -3.509403e+01 3.737529e+01 1.350000e+00
      vertex   -3.458003e+01 3.731964e+01 1.394296e+00
    endloop
  endfacet
  facet normal -7.373067e-02 1.081430e-01 9.913974e-01
    outer loop
      vertex   -3.458003e+01 3.731964e+01 1.394296e+00
      vertex   -3.509403e+01 3.737529e+01 1.350000e+00
      vertex   -3.488425e+01 3.711223e+01 1.394296e+00
    endloop
  endfacet
  facet normal -2.160889e-01 3.169442e-01 9.234999e-01
    outer loop
      vertex   -3.458003e+01 3.731964e+01 1.394296e+00
      vertex   -3.488425e+01 3.711223e+01 1.394296e+00
      vertex   -3.468876e+01 3.686710e+01 1.524167e+00
    endloop
  endfacet
  facet normal -2.609134e-01 2.811978e-01 9.234999e-01
    outer loop
      vertex   -3.468876e+01 3.686710e+01 1.524167e+00
      vertex   -3.488425e+01 3.711223e+01 1.394296e+00
      vertex   -3.492432e+01 3.664853e+01 1.524167e+00
    endloop
  endfacet
  facet normal -4.147926e-01 4.470401e-01 7.925291e-01
    outer loop
      vertex   -3.468876e+01 3.686710e+01 1.524167e+00
      vertex   -3.492432e+01 3.664853e+01 1.524167e+00
      vertex   -3.472696e+01 3.646540e+01 1.730761e+00
    endloop
  endfacet
  facet normal -4.767875e-01 3.802254e-01 7.925291e-01
    outer loop
      vertex   -3.472696e+01 3.646540e+01 1.730761e+00
      vertex   -3.492432e+01 3.664853e+01 1.524167e+00
      vertex   -3.490222e+01 3.624563e+01 1.730761e+00
    endloop
  endfacet
  facet normal -6.209115e-01 4.951604e-01 6.076884e-01
    outer loop
      vertex   -3.472696e+01 3.646540e+01 1.730761e+00
      vertex   -3.490222e+01 3.624563e+01 1.730761e+00
      vertex   -3.473152e+01 3.612925e+01 2.000000e+00
    endloop
  endfacet
  facet normal -6.877762e-01 3.970878e-01 6.076884e-01
    outer loop
      vertex   -3.473152e+01 3.612925e+01 2.000000e+00
      vertex   -3.490222e+01 3.624563e+01 1.730761e+00
      vertex   -3.485663e+01 3.591255e+01 2.000000e+00
    endloop
  endfacet
  facet normal -8.004305e-01 4.621288e-01 3.817695e-01
    outer loop
      vertex   -3.473152e+01 3.612925e+01 2.000000e+00
      vertex   -3.485663e+01 3.591255e+01 2.000000e+00
      vertex   -3.473962e+01 3.585620e+01 2.313535e+00
    endloop
  endfacet
  facet normal -8.603671e-01 3.376692e-01 3.817695e-01
    outer loop
      vertex   -3.473962e+01 3.585620e+01 2.313535e+00
      vertex   -3.485663e+01 3.591255e+01 2.000000e+00
      vertex   -3.482395e+01 3.564135e+01 2.313535e+00
    endloop
  endfacet
  facet normal -8.902504e-02 9.594618e-02 9.913974e-01
    outer loop
      vertex   -3.488425e+01 3.711223e+01 1.394296e+00
      vertex   -3.509403e+01 3.737529e+01 1.350000e+00
      vertex   -3.515416e+01 3.686179e+01 1.394296e+00
    endloop
  endfacet
  facet normal -9.204686e-02 9.627347e-02 9.910897e-01
    outer loop
      vertex   -3.515416e+01 3.686179e+01 1.394296e+00
      vertex   -3.509403e+01 3.737529e+01 1.350000e+00
      vertex   -3.545686e+01 3.702839e+01 1.350000e+00
    endloop
  endfacet
  facet normal -1.008505e-01 8.042557e-02 9.916456e-01
    outer loop
      vertex   -3.515416e+01 3.686179e+01 1.394296e+00
      vertex   -3.545686e+01 3.702839e+01 1.350000e+00
      vertex   -3.538373e+01 3.657392e+01 1.394296e+00
    endloop
  endfacet
  facet normal -1.088303e-01 7.906985e-02 9.909107e-01
    outer loop
      vertex   -3.538373e+01 3.657392e+01 1.394296e+00
      vertex   -3.545686e+01 3.702839e+01 1.350000e+00
      vertex   -3.575192e+01 3.662228e+01 1.350000e+00
    endloop
  endfacet
  facet normal -1.109082e-01 6.403288e-02 9.917657e-01
    outer loop
      vertex   -3.538373e+01 3.657392e+01 1.394296e+00
      vertex   -3.575192e+01 3.662228e+01 1.350000e+00
      vertex   -3.556783e+01 3.625505e+01 1.394296e+00
    endloop
  endfacet
  facet normal -1.216033e-01 5.856107e-02 9.908498e-01
    outer loop
      vertex   -3.556783e+01 3.625505e+01 1.394296e+00
      vertex   -3.575192e+01 3.662228e+01 1.350000e+00
      vertex   -3.596972e+01 3.617001e+01 1.350000e+00
    endloop
  endfacet
  facet normal -1.192130e-01 4.678767e-02 9.917657e-01
    outer loop
      vertex   -3.556783e+01 3.625505e+01 1.394296e+00
      vertex   -3.596972e+01 3.617001e+01 1.350000e+00
      vertex   -3.570235e+01 3.591230e+01 1.394296e+00
    endloop
  endfacet
  facet normal -1.296739e-01 3.578772e-02 9.909107e-01
    outer loop
      vertex   -3.570235e+01 3.591230e+01 1.394296e+00
      vertex   -3.596972e+01 3.617001e+01 1.350000e+00
      vertex   -3.610326e+01 3.568612e+01 1.350000e+00
    endloop
  endfacet
  facet normal -1.257585e-01 2.870356e-02 9.916456e-01
    outer loop
      vertex   -3.570235e+01 3.591230e+01 1.394296e+00
      vertex   -3.610326e+01 3.568612e+01 1.350000e+00
      vertex   -3.578428e+01 3.555333e+01 1.394296e+00
    endloop
  endfacet
  facet normal -1.326599e-01 1.193961e-02 9.910897e-01
    outer loop
      vertex   -3.578428e+01 3.555333e+01 1.394296e+00
      vertex   -3.610326e+01 3.568612e+01 1.350000e+00
      vertex   -3.614826e+01 3.518616e+01 1.350000e+00
    endloop
  endfacet
  facet normal -1.305199e-01 9.781118e-03 9.913974e-01
    outer loop
      vertex   -3.578428e+01 3.555333e+01 1.394296e+00
      vertex   -3.614826e+01 3.518616e+01 1.350000e+00
      vertex   -3.581180e+01 3.518616e+01 1.394296e+00
    endloop
  endfacet
  facet normal 9.216731e-01 -6.906985e-02 3.817695e-01
    outer loop
      vertex   -3.169279e+01 3.493664e+01 2.000000e+00
      vertex   -3.180396e+01 3.518616e+01 2.313535e+00
      vertex   -3.182121e+01 3.495599e+01 2.313535e+00
    endloop
  endfacet
  facet normal -9.216731e-01 6.906985e-02 3.817695e-01
    outer loop
      vertex   -3.502243e+01 3.518616e+01 2.000000e+00
      vertex   -3.489256e+01 3.518616e+01 2.313535e+00
      vertex   -3.500373e+01 3.543568e+01 2.000000e+00
    endloop
  endfacet
  facet normal -9.216731e-01 6.906985e-02 3.817695e-01
    outer loop
      vertex   -3.500373e+01 3.543568e+01 2.000000e+00
      vertex   -3.489256e+01 3.518616e+01 2.313535e+00
      vertex   -3.487531e+01 3.541632e+01 2.313535e+00
    endloop
  endfacet
  facet normal -9.010845e-01 2.056667e-01 3.817695e-01
    outer loop
      vertex   -3.500373e+01 3.543568e+01 2.000000e+00
      vertex   -3.487531e+01 3.541632e+01 2.313535e+00
      vertex   -3.494805e+01 3.567963e+01 2.000000e+00
    endloop
  endfacet
  facet normal -9.010845e-01 2.056667e-01 3.817695e-01
    outer loop
      vertex   -3.494805e+01 3.567963e+01 2.000000e+00
      vertex   -3.487531e+01 3.541632e+01 2.313535e+00
      vertex   -3.482395e+01 3.564135e+01 2.313535e+00
    endloop
  endfacet
  facet normal -8.603671e-01 3.376692e-01 3.817695e-01
    outer loop
      vertex   -3.494805e+01 3.567963e+01 2.000000e+00
      vertex   -3.482395e+01 3.564135e+01 2.313535e+00
      vertex   -3.485663e+01 3.591255e+01 2.000000e+00
    endloop
  endfacet
  facet normal -7.919549e-01 5.934882e-02 6.076884e-01
    outer loop
      vertex   -3.522902e+01 3.518616e+01 1.730761e+00
      vertex   -3.502243e+01 3.518616e+01 2.000000e+00
      vertex   -3.520802e+01 3.546647e+01 1.730761e+00
    endloop
  endfacet
  facet normal -7.919549e-01 5.934882e-02 6.076884e-01
    outer loop
      vertex   -3.520802e+01 3.546647e+01 1.730761e+00
      vertex   -3.502243e+01 3.518616e+01 2.000000e+00
      vertex   -3.500373e+01 3.543568e+01 2.000000e+00
    endloop
  endfacet
  facet normal -7.742639e-01 1.767207e-01 6.076884e-01
    outer loop
      vertex   -3.520802e+01 3.546647e+01 1.730761e+00
      vertex   -3.500373e+01 3.543568e+01 2.000000e+00
      vertex   -3.514547e+01 3.574052e+01 1.730761e+00
    endloop
  endfacet
  facet normal -7.742639e-01 1.767207e-01 6.076884e-01
    outer loop
      vertex   -3.514547e+01 3.574052e+01 1.730761e+00
      vertex   -3.500373e+01 3.543568e+01 2.000000e+00
      vertex   -3.494805e+01 3.567963e+01 2.000000e+00
    endloop
  endfacet
  facet normal -7.392772e-01 2.901449e-01 6.076884e-01
    outer loop
      vertex   -3.514547e+01 3.574052e+01 1.730761e+00
      vertex   -3.494805e+01 3.567963e+01 2.000000e+00
      vertex   -3.504277e+01 3.600219e+01 1.730761e+00
    endloop
  endfacet
  facet normal -7.392772e-01 2.901449e-01 6.076884e-01
    outer loop
      vertex   -3.504277e+01 3.600219e+01 1.730761e+00
      vertex   -3.494805e+01 3.567963e+01 2.000000e+00
      vertex   -3.485663e+01 3.591255e+01 2.000000e+00
    endloop
  endfacet
  facet normal -6.877762e-01 3.970878e-01 6.076884e-01
    outer loop
      vertex   -3.504277e+01 3.600219e+01 1.730761e+00
      vertex   -3.485663e+01 3.591255e+01 2.000000e+00
      vertex   -3.490222e+01 3.624563e+01 1.730761e+00
    endloop
  endfacet
  facet normal -6.081289e-01 4.557296e-02 7.925291e-01
    outer loop
      vertex   -3.549826e+01 3.518616e+01 1.524167e+00
      vertex   -3.522902e+01 3.518616e+01 1.730761e+00
      vertex   -3.547425e+01 3.550660e+01 1.524167e+00
    endloop
  endfacet
  facet normal -6.081289e-01 4.557296e-02 7.925291e-01
    outer loop
      vertex   -3.547425e+01 3.550660e+01 1.524167e+00
      vertex   -3.522902e+01 3.518616e+01 1.730761e+00
      vertex   -3.520802e+01 3.546647e+01 1.730761e+00
    endloop
  endfacet
  facet normal -5.945443e-01 1.357009e-01 7.925291e-01
    outer loop
      vertex   -3.547425e+01 3.550660e+01 1.524167e+00
      vertex   -3.520802e+01 3.546647e+01 1.730761e+00
      vertex   -3.540274e+01 3.581988e+01 1.524167e+00
    endloop
  endfacet
  facet normal -5.945443e-01 1.357009e-01 7.925291e-01
    outer loop
      vertex   -3.540274e+01 3.581988e+01 1.524167e+00
      vertex   -3.520802e+01 3.546647e+01 1.730761e+00
      vertex   -3.514547e+01 3.574052e+01 1.730761e+00
    endloop
  endfacet
  facet normal -5.676786e-01 2.227974e-01 7.925291e-01
    outer loop
      vertex   -3.540274e+01 3.581988e+01 1.524167e+00
      vertex   -3.514547e+01 3.574052e+01 1.730761e+00
      vertex   -3.528534e+01 3.611901e+01 1.524167e+00
    endloop
  endfacet
  facet normal -5.676786e-01 2.227974e-01 7.925291e-01
    outer loop
      vertex   -3.528534e+01 3.611901e+01 1.524167e+00
      vertex   -3.514547e+01 3.574052e+01 1.730761e+00
      vertex   -3.504277e+01 3.600219e+01 1.730761e+00
    endloop
  endfacet
  facet normal -5.281319e-01 3.049171e-01 7.925291e-01
    outer loop
      vertex   -3.528534e+01 3.611901e+01 1.524167e+00
      vertex   -3.504277e+01 3.600219e+01 1.730761e+00
      vertex   -3.512467e+01 3.639730e+01 1.524167e+00
    endloop
  endfacet
  facet normal -5.281319e-01 3.049171e-01 7.925291e-01
    outer loop
      vertex   -3.512467e+01 3.639730e+01 1.524167e+00
      vertex   -3.504277e+01 3.600219e+01 1.730761e+00
      vertex   -3.490222e+01 3.624563e+01 1.730761e+00
    endloop
  endfacet
  facet normal -4.767875e-01 3.802254e-01 7.925291e-01
    outer loop
      vertex   -3.512467e+01 3.639730e+01 1.524167e+00
      vertex   -3.490222e+01 3.624563e+01 1.730761e+00
      vertex   -3.492432e+01 3.664853e+01 1.524167e+00
    endloop
  endfacet
  facet normal -3.825262e-01 2.866637e-02 9.234999e-01
    outer loop
      vertex   -3.581180e+01 3.518616e+01 1.394296e+00
      vertex   -3.549826e+01 3.518616e+01 1.524167e+00
      vertex   -3.578428e+01 3.555333e+01 1.394296e+00
    endloop
  endfacet
  facet normal -3.825262e-01 2.866637e-02 9.234999e-01
    outer loop
      vertex   -3.578428e+01 3.555333e+01 1.394296e+00
      vertex   -3.549826e+01 3.518616e+01 1.524167e+00
      vertex   -3.547425e+01 3.550660e+01 1.524167e+00
    endloop
  endfacet
  facet normal -3.739812e-01 8.535876e-02 9.234999e-01
    outer loop
      vertex   -3.578428e+01 3.555333e+01 1.394296e+00
      vertex   -3.547425e+01 3.550660e+01 1.524167e+00
      vertex   -3.570235e+01 3.591230e+01 1.394296e+00
    endloop
  endfacet
  facet normal -3.739812e-01 8.535876e-02 9.234999e-01
    outer loop
      vertex   -3.570235e+01 3.591230e+01 1.394296e+00
      vertex   -3.547425e+01 3.550660e+01 1.524167e+00
      vertex   -3.540274e+01 3.581988e+01 1.524167e+00
    endloop
  endfacet
  facet normal -3.570820e-01 1.401444e-01 9.234999e-01
    outer loop
      vertex   -3.570235e+01 3.591230e+01 1.394296e+00
      vertex   -3.540274e+01 3.581988e+01 1.524167e+00
      vertex   -3.556783e+01 3.625505e+01 1.394296e+00
    endloop
  endfacet
  facet normal -3.570820e-01 1.401444e-01 9.234999e-01
    outer loop
      vertex   -3.556783e+01 3.625505e+01 1.394296e+00
      vertex   -3.540274e+01 3.581988e+01 1.524167e+00
      vertex   -3.528534e+01 3.611901e+01 1.524167e+00
    endloop
  endfacet
  facet normal -3.322063e-01 1.917994e-01 9.234999e-01
    outer loop
      vertex   -3.556783e+01 3.625505e+01 1.394296e+00
      vertex   -3.528534e+01 3.611901e+01 1.524167e+00
      vertex   -3.538373e+01 3.657392e+01 1.394296e+00
    endloop
  endfacet
  facet normal -3.322063e-01 1.917994e-01 9.234999e-01
    outer loop
      vertex   -3.538373e+01 3.657392e+01 1.394296e+00
      vertex   -3.528534e+01 3.611901e+01 1.524167e+00
      vertex   -3.512467e+01 3.639730e+01 1.524167e+00
    endloop
  endfacet
  facet normal -2.999096e-01 2.391699e-01 9.234999e-01
    outer loop
      vertex   -3.538373e+01 3.657392e+01 1.394296e+00
      vertex   -3.512467e+01 3.639730e+01 1.524167e+00
      vertex   -3.515416e+01 3.686179e+01 1.394296e+00
    endloop
  endfacet
  facet normal -2.999096e-01 2.391699e-01 9.234999e-01
    outer loop
      vertex   -3.515416e+01 3.686179e+01 1.394296e+00
      vertex   -3.512467e+01 3.639730e+01 1.524167e+00
      vertex   -3.492432e+01 3.664853e+01 1.524167e+00
    endloop
  endfacet
  facet normal -2.609134e-01 2.811978e-01 9.234999e-01
    outer loop
      vertex   -3.515416e+01 3.686179e+01 1.394296e+00
      vertex   -3.492432e+01 3.664853e+01 1.524167e+00
      vertex   -3.488425e+01 3.711223e+01 1.394296e+00
    endloop
  endfacet
  facet normal -5.206528e-01 7.636574e-01 3.817695e-01
    outer loop
      vertex   -3.431111e+01 3.639354e+01 2.313535e+00
      vertex   -3.412041e+01 3.652356e+01 2.313535e+00
      vertex   -3.418534e+01 3.663603e+01 2.000000e+00
    endloop
  endfacet
  facet normal -4.010203e-01 8.327273e-01 3.817695e-01
    outer loop
      vertex   -3.418534e+01 3.663603e+01 2.000000e+00
      vertex   -3.412041e+01 3.652356e+01 2.313535e+00
      vertex   -3.395990e+01 3.674460e+01 2.000000e+00
    endloop
  endfacet
  facet normal -3.445799e-01 7.155275e-01 6.076884e-01
    outer loop
      vertex   -3.418534e+01 3.663603e+01 2.000000e+00
      vertex   -3.395990e+01 3.674460e+01 2.000000e+00
      vertex   -3.403538e+01 3.693691e+01 1.730761e+00
    endloop
  endfacet
  facet normal -2.340874e-01 7.588926e-01 6.076884e-01
    outer loop
      vertex   -3.403538e+01 3.693691e+01 1.730761e+00
      vertex   -3.395990e+01 3.674460e+01 2.000000e+00
      vertex   -3.376677e+01 3.701977e+01 1.730761e+00
    endloop
  endfacet
  facet normal -1.797518e-01 5.827409e-01 7.925291e-01
    outer loop
      vertex   -3.403538e+01 3.693691e+01 1.730761e+00
      vertex   -3.376677e+01 3.701977e+01 1.730761e+00
      vertex   -3.382668e+01 3.728225e+01 1.524167e+00
    endloop
  endfacet
  facet normal -9.089106e-02 6.030228e-01 7.925291e-01
    outer loop
      vertex   -3.382668e+01 3.728225e+01 1.524167e+00
      vertex   -3.376677e+01 3.701977e+01 1.730761e+00
      vertex   -3.350893e+01 3.733015e+01 1.524167e+00
    endloop
  endfacet
  facet normal -5.717243e-02 3.793143e-01 9.234999e-01
    outer loop
      vertex   -3.382668e+01 3.728225e+01 1.524167e+00
      vertex   -3.350893e+01 3.733015e+01 1.524167e+00
      vertex   -3.353236e+01 3.764281e+01 1.394296e+00
    endloop
  endfacet
  facet normal -0.000000e+00 3.835988e-01 9.234999e-01
    outer loop
      vertex   -3.353236e+01 3.764281e+01 1.394296e+00
      vertex   -3.350893e+01 3.733015e+01 1.524167e+00
      vertex   -3.316416e+01 3.764281e+01 1.394296e+00
    endloop
  endfacet
  facet normal -2.724297e-01 8.831954e-01 3.817695e-01
    outer loop
      vertex   -3.391246e+01 3.662370e+01 2.313535e+00
      vertex   -3.372080e+01 3.681835e+01 2.000000e+00
      vertex   -3.395990e+01 3.674460e+01 2.000000e+00
    endloop
  endfacet
  facet normal -2.340874e-01 7.588926e-01 6.076884e-01
    outer loop
      vertex   -3.395990e+01 3.674460e+01 2.000000e+00
      vertex   -3.372080e+01 3.681835e+01 2.000000e+00
      vertex   -3.376677e+01 3.701977e+01 1.730761e+00
    endloop
  endfacet
  facet normal -9.089106e-02 6.030228e-01 7.925291e-01
    outer loop
      vertex   -3.350893e+01 3.733015e+01 1.524167e+00
      vertex   -3.376677e+01 3.701977e+01 1.730761e+00
      vertex   -3.348881e+01 3.706166e+01 1.730761e+00
    endloop
  endfacet
  facet normal -1.183657e-01 7.853053e-01 6.076884e-01
    outer loop
      vertex   -3.348881e+01 3.706166e+01 1.730761e+00
      vertex   -3.376677e+01 3.701977e+01 1.730761e+00
      vertex   -3.372080e+01 3.681835e+01 2.000000e+00
    endloop
  endfacet
  facet normal -4.010203e-01 8.327273e-01 3.817695e-01
    outer loop
      vertex   -3.412041e+01 3.652356e+01 2.313535e+00
      vertex   -3.391246e+01 3.662370e+01 2.313535e+00
      vertex   -3.395990e+01 3.674460e+01 2.000000e+00
    endloop
  endfacet
  facet normal 0.000000e+00 3.835988e-01 9.234999e-01
    outer loop
      vertex   -3.316416e+01 3.764281e+01 1.394296e+00
      vertex   -3.350893e+01 3.733015e+01 1.524167e+00
      vertex   -3.318759e+01 3.733015e+01 1.524167e+00
    endloop
  endfacet
  facet normal 0.000000e+00 6.098342e-01 7.925291e-01
    outer loop
      vertex   -3.318759e+01 3.733015e+01 1.524167e+00
      vertex   -3.350893e+01 3.733015e+01 1.524167e+00
      vertex   -3.348881e+01 3.706166e+01 1.730761e+00
    endloop
  endfacet
  facet normal 1.377534e-01 9.139344e-01 3.817695e-01
    outer loop
      vertex   -3.300462e+01 3.669174e+01 2.313535e+00
      vertex   -3.297572e+01 3.681835e+01 2.000000e+00
      vertex   -3.323286e+01 3.672614e+01 2.313535e+00
    endloop
  endfacet
  facet normal 5.717243e-02 3.793143e-01 9.234999e-01
    outer loop
      vertex   -3.316416e+01 3.764281e+01 1.394296e+00
      vertex   -3.318759e+01 3.733015e+01 1.524167e+00
      vertex   -3.280007e+01 3.758793e+01 1.394296e+00
    endloop
  endfacet
  facet normal 5.206528e-01 7.636574e-01 3.817695e-01
    outer loop
      vertex   -3.251118e+01 3.663603e+01 2.000000e+00
      vertex   -3.257611e+01 3.652356e+01 2.313535e+00
      vertex   -3.230444e+01 3.649508e+01 2.000000e+00
    endloop
  endfacet
  facet normal 5.206528e-01 7.636574e-01 3.817695e-01
    outer loop
      vertex   -3.230444e+01 3.649508e+01 2.000000e+00
      vertex   -3.257611e+01 3.652356e+01 2.313535e+00
      vertex   -3.238541e+01 3.639354e+01 2.313535e+00
    endloop
  endfacet
  facet normal 4.473750e-01 6.561787e-01 6.076884e-01
    outer loop
      vertex   -3.240788e+01 3.681495e+01 1.730761e+00
      vertex   -3.251118e+01 3.663603e+01 2.000000e+00
      vertex   -3.217563e+01 3.665660e+01 1.730761e+00
    endloop
  endfacet
  facet normal 4.473750e-01 6.561787e-01 6.076884e-01
    outer loop
      vertex   -3.217563e+01 3.665660e+01 1.730761e+00
      vertex   -3.251118e+01 3.663603e+01 2.000000e+00
      vertex   -3.230444e+01 3.649508e+01 2.000000e+00
    endloop
  endfacet
  facet normal 3.435318e-01 5.038686e-01 7.925291e-01
    outer loop
      vertex   -3.227326e+01 3.704811e+01 1.524167e+00
      vertex   -3.240788e+01 3.681495e+01 1.730761e+00
      vertex   -3.200776e+01 3.686710e+01 1.524167e+00
    endloop
  endfacet
  facet normal 3.435318e-01 5.038686e-01 7.925291e-01
    outer loop
      vertex   -3.200776e+01 3.686710e+01 1.524167e+00
      vertex   -3.240788e+01 3.681495e+01 1.730761e+00
      vertex   -3.217563e+01 3.665660e+01 1.730761e+00
    endloop
  endfacet
  facet normal 2.160889e-01 3.169442e-01 9.234999e-01
    outer loop
      vertex   -3.211649e+01 3.731964e+01 1.394296e+00
      vertex   -3.227326e+01 3.704811e+01 1.524167e+00
      vertex   -3.181227e+01 3.711223e+01 1.394296e+00
    endloop
  endfacet
  facet normal 2.160889e-01 3.169442e-01 9.234999e-01
    outer loop
      vertex   -3.181227e+01 3.711223e+01 1.394296e+00
      vertex   -3.227326e+01 3.704811e+01 1.524167e+00
      vertex   -3.200776e+01 3.686710e+01 1.524167e+00
    endloop
  endfacet
  facet normal 4.767875e-01 3.802254e-01 7.925291e-01
    outer loop
      vertex   -3.177220e+01 3.664853e+01 1.524167e+00
      vertex   -3.196957e+01 3.646540e+01 1.730761e+00
      vertex   -3.157185e+01 3.639730e+01 1.524167e+00
    endloop
  endfacet
  facet normal 2.999096e-01 2.391699e-01 9.234999e-01
    outer loop
      vertex   -3.154236e+01 3.686179e+01 1.394296e+00
      vertex   -3.177220e+01 3.664853e+01 1.524167e+00
      vertex   -3.131279e+01 3.657392e+01 1.394296e+00
    endloop
  endfacet
  facet normal 2.999096e-01 2.391699e-01 9.234999e-01
    outer loop
      vertex   -3.131279e+01 3.657392e+01 1.394296e+00
      vertex   -3.177220e+01 3.664853e+01 1.524167e+00
      vertex   -3.157185e+01 3.639730e+01 1.524167e+00
    endloop
  endfacet
  facet normal 3.322063e-01 1.917994e-01 9.234999e-01
    outer loop
      vertex   -3.131279e+01 3.657392e+01 1.394296e+00
      vertex   -3.157185e+01 3.639730e+01 1.524167e+00
      vertex   -3.112869e+01 3.625505e+01 1.394296e+00
    endloop
  endfacet
  facet normal 9.010845e-01 -2.056667e-01 3.817695e-01
    outer loop
      vertex   -3.169279e+01 3.493664e+01 2.000000e+00
      vertex   -3.182121e+01 3.495599e+01 2.313535e+00
      vertex   -3.174847e+01 3.469269e+01 2.000000e+00
    endloop
  endfacet
  facet normal 9.010845e-01 -2.056667e-01 3.817695e-01
    outer loop
      vertex   -3.174847e+01 3.469269e+01 2.000000e+00
      vertex   -3.182121e+01 3.495599e+01 2.313535e+00
      vertex   -3.187257e+01 3.473097e+01 2.313535e+00
    endloop
  endfacet
  facet normal 8.603671e-01 -3.376692e-01 3.817695e-01
    outer loop
      vertex   -3.174847e+01 3.469269e+01 2.000000e+00
      vertex   -3.187257e+01 3.473097e+01 2.313535e+00
      vertex   -3.183989e+01 3.445976e+01 2.000000e+00
    endloop
  endfacet
  facet normal 8.603671e-01 -3.376692e-01 3.817695e-01
    outer loop
      vertex   -3.183989e+01 3.445976e+01 2.000000e+00
      vertex   -3.187257e+01 3.473097e+01 2.313535e+00
      vertex   -3.195690e+01 3.451611e+01 2.313535e+00
    endloop
  endfacet
  facet normal 8.004305e-01 -4.621288e-01 3.817695e-01
    outer loop
      vertex   -3.183989e+01 3.445976e+01 2.000000e+00
      vertex   -3.195690e+01 3.451611e+01 2.313535e+00
      vertex   -3.196500e+01 3.424307e+01 2.000000e+00
    endloop
  endfacet
  facet normal 7.742639e-01 -1.767207e-01 6.076884e-01
    outer loop
      vertex   -3.169279e+01 3.493664e+01 2.000000e+00
      vertex   -3.174847e+01 3.469269e+01 2.000000e+00
      vertex   -3.155106e+01 3.463179e+01 1.730761e+00
    endloop
  endfacet
  facet normal 7.392772e-01 -2.901449e-01 6.076884e-01
    outer loop
      vertex   -3.155106e+01 3.463179e+01 1.730761e+00
      vertex   -3.174847e+01 3.469269e+01 2.000000e+00
      vertex   -3.165375e+01 3.437013e+01 1.730761e+00
    endloop
  endfacet
  facet normal 5.676786e-01 -2.227974e-01 7.925291e-01
    outer loop
      vertex   -3.155106e+01 3.463179e+01 1.730761e+00
      vertex   -3.165375e+01 3.437013e+01 1.730761e+00
      vertex   -3.141118e+01 3.425331e+01 1.524167e+00
    endloop
  endfacet
  facet normal 5.281319e-01 -3.049171e-01 7.925291e-01
    outer loop
      vertex   -3.141118e+01 3.425331e+01 1.524167e+00
      vertex   -3.165375e+01 3.437013e+01 1.730761e+00
      vertex   -3.157185e+01 3.397502e+01 1.524167e+00
    endloop
  endfacet
  facet normal 3.322063e-01 -1.917994e-01 9.234999e-01
    outer loop
      vertex   -3.141118e+01 3.425331e+01 1.524167e+00
      vertex   -3.157185e+01 3.397502e+01 1.524167e+00
      vertex   -3.131279e+01 3.379840e+01 1.394296e+00
    endloop
  endfacet
  facet normal 2.999096e-01 -2.391699e-01 9.234999e-01
    outer loop
      vertex   -3.131279e+01 3.379840e+01 1.394296e+00
      vertex   -3.157185e+01 3.397502e+01 1.524167e+00
      vertex   -3.154236e+01 3.351053e+01 1.394296e+00
    endloop
  endfacet
  facet normal 7.392772e-01 -2.901449e-01 6.076884e-01
    outer loop
      vertex   -3.165375e+01 3.437013e+01 1.730761e+00
      vertex   -3.174847e+01 3.469269e+01 2.000000e+00
      vertex   -3.183989e+01 3.445976e+01 2.000000e+00
    endloop
  endfacet
  facet normal 6.877762e-01 -3.970878e-01 6.076884e-01
    outer loop
      vertex   -3.165375e+01 3.437013e+01 1.730761e+00
      vertex   -3.183989e+01 3.445976e+01 2.000000e+00
      vertex   -3.179430e+01 3.412669e+01 1.730761e+00
    endloop
  endfacet
  facet normal 6.877762e-01 -3.970878e-01 6.076884e-01
    outer loop
      vertex   -3.179430e+01 3.412669e+01 1.730761e+00
      vertex   -3.183989e+01 3.445976e+01 2.000000e+00
      vertex   -3.196500e+01 3.424307e+01 2.000000e+00
    endloop
  endfacet
  facet normal 6.209115e-01 -4.951604e-01 6.076884e-01
    outer loop
      vertex   -3.179430e+01 3.412669e+01 1.730761e+00
      vertex   -3.196500e+01 3.424307e+01 2.000000e+00
      vertex   -3.196957e+01 3.390692e+01 1.730761e+00
    endloop
  endfacet
  facet normal 5.281319e-01 -3.049171e-01 7.925291e-01
    outer loop
      vertex   -3.165375e+01 3.437013e+01 1.730761e+00
      vertex   -3.179430e+01 3.412669e+01 1.730761e+00
      vertex   -3.157185e+01 3.397502e+01 1.524167e+00
    endloop
  endfacet
  facet normal 4.767875e-01 -3.802254e-01 7.925291e-01
    outer loop
      vertex   -3.157185e+01 3.397502e+01 1.524167e+00
      vertex   -3.179430e+01 3.412669e+01 1.730761e+00
      vertex   -3.177220e+01 3.372379e+01 1.524167e+00
    endloop
  endfacet
  facet normal 2.999096e-01 -2.391699e-01 9.234999e-01
    outer loop
      vertex   -3.157185e+01 3.397502e+01 1.524167e+00
      vertex   -3.177220e+01 3.372379e+01 1.524167e+00
      vertex   -3.154236e+01 3.351053e+01 1.394296e+00
    endloop
  endfacet
  facet normal 2.609134e-01 -2.811978e-01 9.234999e-01
    outer loop
      vertex   -3.154236e+01 3.351053e+01 1.394296e+00
      vertex   -3.177220e+01 3.372379e+01 1.524167e+00
      vertex   -3.181227e+01 3.326009e+01 1.394296e+00
    endloop
  endfacet
  facet normal 4.767875e-01 -3.802254e-01 7.925291e-01
    outer loop
      vertex   -3.177220e+01 3.372379e+01 1.524167e+00
      vertex   -3.179430e+01 3.412669e+01 1.730761e+00
      vertex   -3.196957e+01 3.390692e+01 1.730761e+00
    endloop
  endfacet
  facet normal 2.609134e-01 -2.811978e-01 9.234999e-01
    outer loop
      vertex   -3.181227e+01 3.326009e+01 1.394296e+00
      vertex   -3.177220e+01 3.372379e+01 1.524167e+00
      vertex   -3.200776e+01 3.350522e+01 1.524167e+00
    endloop
  endfacet
  facet normal 4.147926e-01 -4.470401e-01 7.925291e-01
    outer loop
      vertex   -3.200776e+01 3.350522e+01 1.524167e+00
      vertex   -3.177220e+01 3.372379e+01 1.524167e+00
      vertex   -3.196957e+01 3.390692e+01 1.730761e+00
    endloop
  endfacet
  facet normal 5.206528e-01 -7.636574e-01 3.817695e-01
    outer loop
      vertex   -3.238541e+01 3.397878e+01 2.313535e+00
      vertex   -3.257611e+01 3.384876e+01 2.313535e+00
      vertex   -3.251118e+01 3.373629e+01 2.000000e+00
    endloop
  endfacet
  facet normal 4.010203e-01 -8.327273e-01 3.817695e-01
    outer loop
      vertex   -3.251118e+01 3.373629e+01 2.000000e+00
      vertex   -3.257611e+01 3.384876e+01 2.313535e+00
      vertex   -3.273662e+01 3.362772e+01 2.000000e+00
    endloop
  endfacet
  facet normal 3.445799e-01 -7.155275e-01 6.076884e-01
    outer loop
      vertex   -3.251118e+01 3.373629e+01 2.000000e+00
      vertex   -3.273662e+01 3.362772e+01 2.000000e+00
      vertex   -3.266114e+01 3.343541e+01 1.730761e+00
    endloop
  endfacet
  facet normal 2.340874e-01 -7.588926e-01 6.076884e-01
    outer loop
      vertex   -3.266114e+01 3.343541e+01 1.730761e+00
      vertex   -3.273662e+01 3.362772e+01 2.000000e+00
      vertex   -3.292975e+01 3.335255e+01 1.730761e+00
    endloop
  endfacet
  facet normal 1.797518e-01 -5.827409e-01 7.925291e-01
    outer loop
      vertex   -3.266114e+01 3.343541e+01 1.730761e+00
      vertex   -3.292975e+01 3.335255e+01 1.730761e+00
      vertex   -3.286984e+01 3.309006e+01 1.524167e+00
    endloop
  endfacet
  facet normal 2.160889e-01 -3.169442e-01 9.234999e-01
    outer loop
      vertex   -3.181227e+01 3.326009e+01 1.394296e+00
      vertex   -3.200776e+01 3.350522e+01 1.524167e+00
      vertex   -3.211649e+01 3.305267e+01 1.394296e+00
    endloop
  endfacet
  facet normal 2.724297e-01 -8.831954e-01 3.817695e-01
    outer loop
      vertex   -3.278407e+01 3.374861e+01 2.313535e+00
      vertex   -3.297572e+01 3.355397e+01 2.000000e+00
      vertex   -3.273662e+01 3.362772e+01 2.000000e+00
    endloop
  endfacet
  facet normal 2.340874e-01 -7.588926e-01 6.076884e-01
    outer loop
      vertex   -3.273662e+01 3.362772e+01 2.000000e+00
      vertex   -3.297572e+01 3.355397e+01 2.000000e+00
      vertex   -3.292975e+01 3.335255e+01 1.730761e+00
    endloop
  endfacet
  facet normal 4.010203e-01 -8.327273e-01 3.817695e-01
    outer loop
      vertex   -3.257611e+01 3.384876e+01 2.313535e+00
      vertex   -3.278407e+01 3.374861e+01 2.313535e+00
      vertex   -3.273662e+01 3.362772e+01 2.000000e+00
    endloop
  endfacet
  facet normal -1.377534e-01 -9.139344e-01 3.817695e-01
    outer loop
      vertex   -3.347337e+01 3.351667e+01 2.000000e+00
      vertex   -3.346367e+01 3.364618e+01 2.313535e+00
      vertex   -3.372080e+01 3.355397e+01 2.000000e+00
    endloop
  endfacet
  facet normal -1.183657e-01 -7.853053e-01 6.076884e-01
    outer loop
      vertex   -3.348881e+01 3.331066e+01 1.730761e+00
      vertex   -3.347337e+01 3.351667e+01 2.000000e+00
      vertex   -3.376677e+01 3.335255e+01 1.730761e+00
    endloop
  endfacet
  facet normal -1.183657e-01 -7.853053e-01 6.076884e-01
    outer loop
      vertex   -3.376677e+01 3.335255e+01 1.730761e+00
      vertex   -3.347337e+01 3.351667e+01 2.000000e+00
      vertex   -3.372080e+01 3.355397e+01 2.000000e+00
    endloop
  endfacet
  facet normal -2.340874e-01 -7.588926e-01 6.076884e-01
    outer loop
      vertex   -3.376677e+01 3.335255e+01 1.730761e+00
      vertex   -3.372080e+01 3.355397e+01 2.000000e+00
      vertex   -3.403538e+01 3.343541e+01 1.730761e+00
    endloop
  endfacet
  facet normal -9.089106e-02 -6.030228e-01 7.925291e-01
    outer loop
      vertex   -3.350893e+01 3.304217e+01 1.524167e+00
      vertex   -3.348881e+01 3.331066e+01 1.730761e+00
      vertex   -3.382668e+01 3.309006e+01 1.524167e+00
    endloop
  endfacet
  facet normal -9.089106e-02 -6.030228e-01 7.925291e-01
    outer loop
      vertex   -3.382668e+01 3.309006e+01 1.524167e+00
      vertex   -3.348881e+01 3.331066e+01 1.730761e+00
      vertex   -3.376677e+01 3.335255e+01 1.730761e+00
    endloop
  endfacet
  facet normal -1.797518e-01 -5.827409e-01 7.925291e-01
    outer loop
      vertex   -3.382668e+01 3.309006e+01 1.524167e+00
      vertex   -3.376677e+01 3.335255e+01 1.730761e+00
      vertex   -3.413374e+01 3.318478e+01 1.524167e+00
    endloop
  endfacet
  facet normal -1.797518e-01 -5.827409e-01 7.925291e-01
    outer loop
      vertex   -3.413374e+01 3.318478e+01 1.524167e+00
      vertex   -3.376677e+01 3.335255e+01 1.730761e+00
      vertex   -3.403538e+01 3.343541e+01 1.730761e+00
    endloop
  endfacet
  facet normal -2.645971e-01 -5.494416e-01 7.925291e-01
    outer loop
      vertex   -3.413374e+01 3.318478e+01 1.524167e+00
      vertex   -3.403538e+01 3.343541e+01 1.730761e+00
      vertex   -3.442326e+01 3.332420e+01 1.524167e+00
    endloop
  endfacet
  facet normal -5.717243e-02 -3.793143e-01 9.234999e-01
    outer loop
      vertex   -3.353236e+01 3.272951e+01 1.394296e+00
      vertex   -3.350893e+01 3.304217e+01 1.524167e+00
      vertex   -3.389645e+01 3.278439e+01 1.394296e+00
    endloop
  endfacet
  facet normal -5.717243e-02 -3.793143e-01 9.234999e-01
    outer loop
      vertex   -3.389645e+01 3.278439e+01 1.394296e+00
      vertex   -3.350893e+01 3.304217e+01 1.524167e+00
      vertex   -3.382668e+01 3.309006e+01 1.524167e+00
    endloop
  endfacet
  facet normal -1.130677e-01 -3.665566e-01 9.234999e-01
    outer loop
      vertex   -3.389645e+01 3.278439e+01 1.394296e+00
      vertex   -3.382668e+01 3.309006e+01 1.524167e+00
      vertex   -3.424829e+01 3.289292e+01 1.394296e+00
    endloop
  endfacet
  facet normal -1.130677e-01 -3.665566e-01 9.234999e-01
    outer loop
      vertex   -3.424829e+01 3.289292e+01 1.394296e+00
      vertex   -3.382668e+01 3.309006e+01 1.524167e+00
      vertex   -3.413374e+01 3.318478e+01 1.524167e+00
    endloop
  endfacet
  facet normal -1.664373e-01 -3.456106e-01 9.234999e-01
    outer loop
      vertex   -3.424829e+01 3.289292e+01 1.394296e+00
      vertex   -3.413374e+01 3.318478e+01 1.524167e+00
      vertex   -3.458003e+01 3.305267e+01 1.394296e+00
    endloop
  endfacet
  facet normal -1.664373e-01 -3.456106e-01 9.234999e-01
    outer loop
      vertex   -3.458003e+01 3.305267e+01 1.394296e+00
      vertex   -3.413374e+01 3.318478e+01 1.524167e+00
      vertex   -3.442326e+01 3.332420e+01 1.524167e+00
    endloop
  endfacet
  facet normal -2.160889e-01 -3.169442e-01 9.234999e-01
    outer loop
      vertex   -3.458003e+01 3.305267e+01 1.394296e+00
      vertex   -3.442326e+01 3.332420e+01 1.524167e+00
      vertex   -3.488425e+01 3.326009e+01 1.394296e+00
    endloop
  endfacet
  facet normal -7.226137e-01 -5.762652e-01 3.817695e-01
    outer loop
      vertex   -3.448031e+01 3.413577e+01 2.313535e+00
      vertex   -3.462422e+01 3.431623e+01 2.313535e+00
      vertex   -3.473152e+01 3.424307e+01 2.000000e+00
    endloop
  endfacet
  facet normal -8.004305e-01 -4.621288e-01 3.817695e-01
    outer loop
      vertex   -3.473152e+01 3.424307e+01 2.000000e+00
      vertex   -3.462422e+01 3.431623e+01 2.313535e+00
      vertex   -3.485663e+01 3.445976e+01 2.000000e+00
    endloop
  endfacet
  facet normal -6.877762e-01 -3.970878e-01 6.076884e-01
    outer loop
      vertex   -3.473152e+01 3.424307e+01 2.000000e+00
      vertex   -3.485663e+01 3.445976e+01 2.000000e+00
      vertex   -3.504277e+01 3.437013e+01 1.730761e+00
    endloop
  endfacet
  facet normal -7.392772e-01 -2.901449e-01 6.076884e-01
    outer loop
      vertex   -3.504277e+01 3.437013e+01 1.730761e+00
      vertex   -3.485663e+01 3.445976e+01 2.000000e+00
      vertex   -3.514547e+01 3.463179e+01 1.730761e+00
    endloop
  endfacet
  facet normal -5.676786e-01 -2.227974e-01 7.925291e-01
    outer loop
      vertex   -3.504277e+01 3.437013e+01 1.730761e+00
      vertex   -3.514547e+01 3.463179e+01 1.730761e+00
      vertex   -3.540274e+01 3.455244e+01 1.524167e+00
    endloop
  endfacet
  facet normal -5.945443e-01 -1.357009e-01 7.925291e-01
    outer loop
      vertex   -3.540274e+01 3.455244e+01 1.524167e+00
      vertex   -3.514547e+01 3.463179e+01 1.730761e+00
      vertex   -3.547425e+01 3.486572e+01 1.524167e+00
    endloop
  endfacet
  facet normal -3.739812e-01 -8.535876e-02 9.234999e-01
    outer loop
      vertex   -3.540274e+01 3.455244e+01 1.524167e+00
      vertex   -3.547425e+01 3.486572e+01 1.524167e+00
      vertex   -3.578428e+01 3.481899e+01 1.394296e+00
    endloop
  endfacet
  facet normal -8.004305e-01 -4.621288e-01 3.817695e-01
    outer loop
      vertex   -3.462422e+01 3.431623e+01 2.313535e+00
      vertex   -3.473962e+01 3.451611e+01 2.313535e+00
      vertex   -3.485663e+01 3.445976e+01 2.000000e+00
    endloop
  endfacet
  facet normal -8.603671e-01 -3.376692e-01 3.817695e-01
    outer loop
      vertex   -3.485663e+01 3.445976e+01 2.000000e+00
      vertex   -3.473962e+01 3.451611e+01 2.313535e+00
      vertex   -3.494805e+01 3.469269e+01 2.000000e+00
    endloop
  endfacet
  facet normal -7.392772e-01 -2.901449e-01 6.076884e-01
    outer loop
      vertex   -3.485663e+01 3.445976e+01 2.000000e+00
      vertex   -3.494805e+01 3.469269e+01 2.000000e+00
      vertex   -3.514547e+01 3.463179e+01 1.730761e+00
    endloop
  endfacet
  facet normal -7.742639e-01 -1.767207e-01 6.076884e-01
    outer loop
      vertex   -3.514547e+01 3.463179e+01 1.730761e+00
      vertex   -3.494805e+01 3.469269e+01 2.000000e+00
      vertex   -3.520802e+01 3.490585e+01 1.730761e+00
    endloop
  endfacet
  facet normal -5.945443e-01 -1.357009e-01 7.925291e-01
    outer loop
      vertex   -3.514547e+01 3.463179e+01 1.730761e+00
      vertex   -3.520802e+01 3.490585e+01 1.730761e+00
      vertex   -3.547425e+01 3.486572e+01 1.524167e+00
    endloop
  endfacet
  facet normal -9.010845e-01 -2.056667e-01 3.817695e-01
    outer loop
      vertex   -3.482395e+01 3.473097e+01 2.313535e+00
      vertex   -3.500373e+01 3.493664e+01 2.000000e+00
      vertex   -3.494805e+01 3.469269e+01 2.000000e+00
    endloop
  endfacet
  facet normal -7.742639e-01 -1.767207e-01 6.076884e-01
    outer loop
      vertex   -3.494805e+01 3.469269e+01 2.000000e+00
      vertex   -3.500373e+01 3.493664e+01 2.000000e+00
      vertex   -3.520802e+01 3.490585e+01 1.730761e+00
    endloop
  endfacet
  facet normal -8.603671e-01 -3.376692e-01 3.817695e-01
    outer loop
      vertex   -3.473962e+01 3.451611e+01 2.313535e+00
      vertex   -3.482395e+01 3.473097e+01 2.313535e+00
      vertex   -3.494805e+01 3.469269e+01 2.000000e+00
    endloop
  endfacet
  facet normal 0.000000e+00 0.000000e+00 1.000000e+00
    outer loop
      vertex   2.949404e+01 3.568612e+01 1.350000e+00
      vertex   -3.055953e+01 3.543715e+01 1.350000e+00
      vertex   2.944904e+01 3.518616e+01 1.350000e+00
    endloop
  endfacet
  facet normal 0.000000e+00 0.000000e+00 1.000000e+00
    outer loop
      vertex   2.944904e+01 3.518616e+01 1.350000e+00
      vertex   -3.055953e+01 3.543715e+01 1.350000e+00
      vertex   -3.055953e+01 3.493517e+01 1.350000e+00
    endloop
  endfacet
  facet normal 0.000000e+00 0.000000e+00 1.000000e+00
    outer loop
      vertex   2.944904e+01 3.518616e+01 1.350000e+00
      vertex   -3.055953e+01 3.493517e+01 1.350000e+00
      vertex   2.949404e+01 3.468620e+01 1.350000e+00
    endloop
  endfacet
  facet normal 0.000000e+00 0.000000e+00 1.000000e+00
    outer loop
      vertex   2.949404e+01 3.468620e+01 1.350000e+00
      vertex   -3.055953e+01 3.493517e+01 1.350000e+00
      vertex   -3.064917e+01 3.444126e+01 1.350000e+00
    endloop
  endfacet
  facet normal 0.000000e+00 0.000000e+00 1.000000e+00
    outer loop
      vertex   2.949404e+01 3.468620e+01 1.350000e+00
      vertex   -3.064917e+01 3.444126e+01 1.350000e+00
      vertex   2.962758e+01 3.420231e+01 1.350000e+00
    endloop
  endfacet
  facet normal 0.000000e+00 0.000000e+00 1.000000e+00
    outer loop
      vertex   2.962758e+01 3.420231e+01 1.350000e+00
      vertex   -3.064917e+01 3.444126e+01 1.350000e+00
      vertex   -3.082555e+01 3.397128e+01 1.350000e+00
    endloop
  endfacet
  facet normal 0.000000e+00 0.000000e+00 1.000000e+00
    outer loop
      vertex   2.962758e+01 3.420231e+01 1.350000e+00
      vertex   -3.082555e+01 3.397128e+01 1.350000e+00
      vertex   2.984538e+01 3.375004e+01 1.350000e+00
    endloop
  endfacet
  facet normal 0.000000e+00 0.000000e+00 1.000000e+00
    outer loop
      vertex   2.984538e+01 3.375004e+01 1.350000e+00
      vertex   -3.082555e+01 3.397128e+01 1.350000e+00
      vertex   -3.108301e+01 3.354036e+01 1.350000e+00
    endloop
  endfacet
  facet normal 0.000000e+00 0.000000e+00 1.000000e+00
    outer loop
      vertex   2.984538e+01 3.375004e+01 1.350000e+00
      vertex   -3.108301e+01 3.354036e+01 1.350000e+00
      vertex   3.014044e+01 3.334393e+01 1.350000e+00
    endloop
  endfacet
  facet normal 0.000000e+00 0.000000e+00 1.000000e+00
    outer loop
      vertex   3.014044e+01 3.334393e+01 1.350000e+00
      vertex   -3.108301e+01 3.354036e+01 1.350000e+00
      vertex   -3.141329e+01 3.316233e+01 1.350000e+00
    endloop
  endfacet
  facet normal 0.000000e+00 0.000000e+00 1.000000e+00
    outer loop
      vertex   3.014044e+01 3.334393e+01 1.350000e+00
      vertex   -3.141329e+01 3.316233e+01 1.350000e+00
      vertex   -3.117381e+01 -3.996331e+01 1.350000e+00
    endloop
  endfacet
  facet normal 0.000000e+00 0.000000e+00 1.000000e+00
    outer loop
      vertex   -3.117381e+01 -3.996331e+01 1.350000e+00
      vertex   -3.141329e+01 3.316233e+01 1.350000e+00
      vertex   -3.156628e+01 -3.965033e+01 1.350000e+00
    endloop
  endfacet
  facet normal 0.000000e+00 -0.000000e+00 1.000000e+00
    outer loop
      vertex   -3.156628e+01 -3.965033e+01 1.350000e+00
      vertex   -3.141329e+01 3.316233e+01 1.350000e+00
      vertex   -3.180575e+01 3.284935e+01 1.350000e+00
    endloop
  endfacet
  facet normal 0.000000e+00 0.000000e+00 1.000000e+00
    outer loop
      vertex   -3.156628e+01 -3.965033e+01 1.350000e+00
      vertex   -3.180575e+01 3.284935e+01 1.350000e+00
      vertex   -3.200832e+01 -3.941246e+01 1.350000e+00
    endloop
  endfacet
  facet normal 0.000000e+00 -0.000000e+00 1.000000e+00
    outer loop
      vertex   -3.200832e+01 -3.941246e+01 1.350000e+00
      vertex   -3.180575e+01 3.284935e+01 1.350000e+00
      vertex   -3.224779e+01 3.261148e+01 1.350000e+00
    endloop
  endfacet
  facet normal 0.000000e+00 0.000000e+00 1.000000e+00
    outer loop
      vertex   -3.200832e+01 -3.941246e+01 1.350000e+00
      vertex   -3.224779e+01 3.261148e+01 1.350000e+00
      vertex   -3.248573e+01 -3.925734e+01 1.350000e+00
    endloop
  endfacet
  facet normal 0.000000e+00 -0.000000e+00 1.000000e+00
    outer loop
      vertex   -3.248573e+01 -3.925734e+01 1.350000e+00
      vertex   -3.224779e+01 3.261148e+01 1.350000e+00
      vertex   -3.272520e+01 3.245636e+01 1.350000e+00
    endloop
  endfacet
  facet normal 0.000000e+00 0.000000e+00 1.000000e+00
    outer loop
      vertex   -3.248573e+01 -3.925734e+01 1.350000e+00
      vertex   -3.272520e+01 3.245636e+01 1.350000e+00
      vertex   -3.298317e+01 -3.918996e+01 1.350000e+00
    endloop
  endfacet
  facet normal 0.000000e+00 -0.000000e+00 1.000000e+00
    outer loop
      vertex   -3.298317e+01 -3.918996e+01 1.350000e+00
      vertex   -3.272520e+01 3.245636e+01 1.350000e+00
      vertex   -3.322264e+01 3.238898e+01 1.350000e+00
    endloop
  endfacet
  facet normal 0.000000e+00 0.000000e+00 1.000000e+00
    outer loop
      vertex   -3.298317e+01 -3.918996e+01 1.350000e+00
      vertex   -3.322264e+01 3.238898e+01 1.350000e+00
      vertex   -3.348464e+01 -3.921248e+01 1.350000e+00
    endloop
  endfacet
  facet normal 0.000000e+00 -0.000000e+00 1.000000e+00
    outer loop
      vertex   -3.348464e+01 -3.921248e+01 1.350000e+00
      vertex   -3.322264e+01 3.238898e+01 1.350000e+00
      vertex   -3.372411e+01 3.241150e+01 1.350000e+00
    endloop
  endfacet
  facet normal 0.000000e+00 0.000000e+00 1.000000e+00
    outer loop
      vertex   -3.348464e+01 -3.921248e+01 1.350000e+00
      vertex   -3.372411e+01 3.241150e+01 1.350000e+00
      vertex   -3.397404e+01 -3.932418e+01 1.350000e+00
    endloop
  endfacet
  facet normal 0.000000e+00 -0.000000e+00 1.000000e+00
    outer loop
      vertex   -3.397404e+01 -3.932418e+01 1.350000e+00
      vertex   -3.372411e+01 3.241150e+01 1.350000e+00
      vertex   -3.421351e+01 3.252320e+01 1.350000e+00
    endloop
  endfacet
  facet normal 0.000000e+00 0.000000e+00 1.000000e+00
    outer loop
      vertex   -3.397404e+01 -3.932418e+01 1.350000e+00
      vertex   -3.421351e+01 3.252320e+01 1.350000e+00
      vertex   -3.443562e+01 -3.952147e+01 1.350000e+00
    endloop
  endfacet
  facet normal 0.000000e+00 -0.000000e+00 1.000000e+00
    outer loop
      vertex   -3.443562e+01 -3.952147e+01 1.350000e+00
      vertex   -3.421351e+01 3.252320e+01 1.350000e+00
      vertex   -3.467509e+01 3.272049e+01 1.350000e+00
    endloop
  endfacet
  facet normal 0.000000e+00 0.000000e+00 1.000000e+00
    outer loop
      vertex   -3.443562e+01 -3.952147e+01 1.350000e+00
      vertex   -3.467509e+01 3.272049e+01 1.350000e+00
      vertex   -3.485456e+01 -3.979801e+01 1.350000e+00
    endloop
  endfacet
  facet normal 0.000000e+00 -0.000000e+00 1.000000e+00
    outer loop
      vertex   -3.485456e+01 -3.979801e+01 1.350000e+00
      vertex   -3.467509e+01 3.272049e+01 1.350000e+00
      vertex   -3.509403e+01 3.299703e+01 1.350000e+00
    endloop
  endfacet
  facet normal 0.000000e+00 0.000000e+00 1.000000e+00
    outer loop
      vertex   -3.485456e+01 -3.979801e+01 1.350000e+00
      vertex   -3.509403e+01 3.299703e+01 1.350000e+00
      vertex   -3.521739e+01 -4.014491e+01 1.350000e+00
    endloop
  endfacet
  facet normal 0.000000e+00 -0.000000e+00 1.000000e+00
    outer loop
      vertex   -3.521739e+01 -4.014491e+01 1.350000e+00
      vertex   -3.509403e+01 3.299703e+01 1.350000e+00
      vertex   -3.545686e+01 3.334393e+01 1.350000e+00
    endloop
  endfacet
  facet normal 0.000000e+00 0.000000e+00 1.000000e+00
    outer loop
      vertex   -3.521739e+01 -4.014491e+01 1.350000e+00
      vertex   -3.545686e+01 3.334393e+01 1.350000e+00
      vertex   -4.195503e+01 3.945772e+01 1.350000e+00
    endloop
  endfacet
  facet normal 0.000000e+00 0.000000e+00 1.000000e+00
    outer loop
      vertex   -4.195503e+01 3.945772e+01 1.350000e+00
      vertex   -3.545686e+01 3.334393e+01 1.350000e+00
      vertex   -3.575192e+01 3.375004e+01 1.350000e+00
    endloop
  endfacet
  facet normal 0.000000e+00 0.000000e+00 1.000000e+00
    outer loop
      vertex   -4.195503e+01 3.945772e+01 1.350000e+00
      vertex   -3.575192e+01 3.375004e+01 1.350000e+00
      vertex   -3.596972e+01 3.420231e+01 1.350000e+00
    endloop
  endfacet
  facet normal 0.000000e+00 -0.000000e+00 1.000000e+00
    outer loop
      vertex   -3.055953e+01 3.543715e+01 1.350000e+00
      vertex   2.949404e+01 3.568612e+01 1.350000e+00
      vertex   -3.064917e+01 3.593106e+01 1.350000e+00
    endloop
  endfacet
  facet normal -0.000000e+00 0.000000e+00 1.000000e+00
    outer loop
      vertex   -3.064917e+01 3.593106e+01 1.350000e+00
      vertex   2.949404e+01 3.568612e+01 1.350000e+00
      vertex   2.962758e+01 3.617001e+01 1.350000e+00
    endloop
  endfacet
  facet normal 0.000000e+00 -0.000000e+00 1.000000e+00
    outer loop
      vertex   -3.064917e+01 3.593106e+01 1.350000e+00
      vertex   2.962758e+01 3.617001e+01 1.350000e+00
      vertex   -3.082555e+01 3.640103e+01 1.350000e+00
    endloop
  endfacet
  facet normal -0.000000e+00 0.000000e+00 1.000000e+00
    outer loop
      vertex   -3.082555e+01 3.640103e+01 1.350000e+00
      vertex   2.962758e+01 3.617001e+01 1.350000e+00
      vertex   2.984538e+01 3.662228e+01 1.350000e+00
    endloop
  endfacet
  facet normal 0.000000e+00 -0.000000e+00 1.000000e+00
    outer loop
      vertex   -3.082555e+01 3.640103e+01 1.350000e+00
      vertex   2.984538e+01 3.662228e+01 1.350000e+00
      vertex   -3.108301e+01 3.683196e+01 1.350000e+00
    endloop
  endfacet
  facet normal -0.000000e+00 0.000000e+00 1.000000e+00
    outer loop
      vertex   -3.108301e+01 3.683196e+01 1.350000e+00
      vertex   2.984538e+01 3.662228e+01 1.350000e+00
      vertex   3.014044e+01 3.702839e+01 1.350000e+00
    endloop
  endfacet
  facet normal 0.000000e+00 -0.000000e+00 1.000000e+00
    outer loop
      vertex   -3.108301e+01 3.683196e+01 1.350000e+00
      vertex   3.014044e+01 3.702839e+01 1.350000e+00
      vertex   -3.141329e+01 3.720998e+01 1.350000e+00
    endloop
  endfacet
  facet normal -0.000000e+00 0.000000e+00 1.000000e+00
    outer loop
      vertex   -3.141329e+01 3.720998e+01 1.350000e+00
      vertex   3.014044e+01 3.702839e+01 1.350000e+00
      vertex   3.050327e+01 3.737529e+01 1.350000e+00
    endloop
  endfacet
  facet normal 0.000000e+00 -0.000000e+00 1.000000e+00
    outer loop
      vertex   -3.141329e+01 3.720998e+01 1.350000e+00
      vertex   3.050327e+01 3.737529e+01 1.350000e+00
      vertex   -3.180575e+01 3.752296e+01 1.350000e+00
    endloop
  endfacet
  facet normal -0.000000e+00 0.000000e+00 1.000000e+00
    outer loop
      vertex   -3.180575e+01 3.752296e+01 1.350000e+00
      vertex   3.050327e+01 3.737529e+01 1.350000e+00
      vertex   3.092221e+01 3.765183e+01 1.350000e+00
    endloop
  endfacet
  facet normal 0.000000e+00 -0.000000e+00 1.000000e+00
    outer loop
      vertex   -3.180575e+01 3.752296e+01 1.350000e+00
      vertex   3.092221e+01 3.765183e+01 1.350000e+00
      vertex   -3.224779e+01 3.776084e+01 1.350000e+00
    endloop
  endfacet
  facet normal -0.000000e+00 0.000000e+00 1.000000e+00
    outer loop
      vertex   -3.224779e+01 3.776084e+01 1.350000e+00
      vertex   3.092221e+01 3.765183e+01 1.350000e+00
      vertex   3.138379e+01 3.784912e+01 1.350000e+00
    endloop
  endfacet
  facet normal 0.000000e+00 -0.000000e+00 1.000000e+00
    outer loop
      vertex   -3.224779e+01 3.776084e+01 1.350000e+00
      vertex   3.138379e+01 3.784912e+01 1.350000e+00
      vertex   -3.272520e+01 3.791596e+01 1.350000e+00
    endloop
  endfacet
  facet normal -0.000000e+00 0.000000e+00 1.000000e+00
    outer loop
      vertex   -3.272520e+01 3.791596e+01 1.350000e+00
      vertex   3.138379e+01 3.784912e+01 1.350000e+00
      vertex   3.704497e+01 3.945772e+01 1.350000e+00
    endloop
  endfacet
  facet normal 0.000000e+00 -0.000000e+00 1.000000e+00
    outer loop
      vertex   -3.272520e+01 3.791596e+01 1.350000e+00
      vertex   3.704497e+01 3.945772e+01 1.350000e+00
      vertex   -4.195503e+01 3.945772e+01 1.350000e+00
    endloop
  endfacet
  facet normal 0.000000e+00 0.000000e+00 1.000000e+00
    outer loop
      vertex   3.138379e+01 3.784912e+01 1.350000e+00
      vertex   3.187319e+01 3.796082e+01 1.350000e+00
      vertex   3.704497e+01 3.945772e+01 1.350000e+00
    endloop
  endfacet
  facet normal 0.000000e+00 0.000000e+00 1.000000e+00
    outer loop
      vertex   3.704497e+01 3.945772e+01 1.350000e+00
      vertex   3.187319e+01 3.796082e+01 1.350000e+00
      vertex   3.237466e+01 3.798334e+01 1.350000e+00
    endloop
  endfacet
  facet normal 0.000000e+00 0.000000e+00 1.000000e+00
    outer loop
      vertex   3.704497e+01 3.945772e+01 1.350000e+00
      vertex   3.237466e+01 3.798334e+01 1.350000e+00
      vertex   3.287210e+01 3.791596e+01 1.350000e+00
    endloop
  endfacet
  facet normal -0.000000e+00 0.000000e+00 1.000000e+00
    outer loop
      vertex   3.287210e+01 3.791596e+01 1.350000e+00
      vertex   3.334951e+01 3.776084e+01 1.350000e+00
      vertex   3.704497e+01 3.945772e+01 1.350000e+00
    endloop
  endfacet
  facet normal 0.000000e+00 0.000000e+00 1.000000e+00
    outer loop
      vertex   3.704497e+01 3.945772e+01 1.350000e+00
      vertex   3.334951e+01 3.776084e+01 1.350000e+00
      vertex   3.379155e+01 3.752296e+01 1.350000e+00
    endloop
  endfacet
  facet normal 0.000000e+00 0.000000e+00 1.000000e+00
    outer loop
      vertex   3.704497e+01 3.945772e+01 1.350000e+00
      vertex   3.379155e+01 3.752296e+01 1.350000e+00
      vertex   3.418401e+01 3.720998e+01 1.350000e+00
    endloop
  endfacet
  facet normal -0.000000e+00 0.000000e+00 1.000000e+00
    outer loop
      vertex   3.418401e+01 3.720998e+01 1.350000e+00
      vertex   3.451429e+01 3.683196e+01 1.350000e+00
      vertex   3.704497e+01 3.945772e+01 1.350000e+00
    endloop
  endfacet
  facet normal 0.000000e+00 0.000000e+00 1.000000e+00
    outer loop
      vertex   3.704497e+01 3.945772e+01 1.350000e+00
      vertex   3.451429e+01 3.683196e+01 1.350000e+00
      vertex   3.477175e+01 3.640103e+01 1.350000e+00
    endloop
  endfacet
  facet normal 0.000000e+00 0.000000e+00 1.000000e+00
    outer loop
      vertex   3.704497e+01 3.945772e+01 1.350000e+00
      vertex   3.477175e+01 3.640103e+01 1.350000e+00
      vertex   3.494813e+01 3.593106e+01 1.350000e+00
    endloop
  endfacet
  facet normal -0.000000e+00 0.000000e+00 1.000000e+00
    outer loop
      vertex   3.494813e+01 3.593106e+01 1.350000e+00
      vertex   3.503777e+01 3.543715e+01 1.350000e+00
      vertex   3.704497e+01 3.945772e+01 1.350000e+00
    endloop
  endfacet
  facet normal 0.000000e+00 0.000000e+00 1.000000e+00
    outer loop
      vertex   3.704497e+01 3.945772e+01 1.350000e+00
      vertex   3.503777e+01 3.543715e+01 1.350000e+00
      vertex   3.503777e+01 3.493517e+01 1.350000e+00
    endloop
  endfacet
  facet normal 0.000000e+00 0.000000e+00 1.000000e+00
    outer loop
      vertex   3.704497e+01 3.945772e+01 1.350000e+00
      vertex   3.503777e+01 3.493517e+01 1.350000e+00
      vertex   3.494813e+01 3.444126e+01 1.350000e+00
    endloop
  endfacet
  facet normal -0.000000e+00 0.000000e+00 1.000000e+00
    outer loop
      vertex   3.494813e+01 3.444126e+01 1.350000e+00
      vertex   3.477175e+01 3.397128e+01 1.350000e+00
      vertex   3.704497e+01 3.945772e+01 1.350000e+00
    endloop
  endfacet
  facet normal 0.000000e+00 0.000000e+00 1.000000e+00
    outer loop
      vertex   3.704497e+01 3.945772e+01 1.350000e+00
      vertex   3.477175e+01 3.397128e+01 1.350000e+00
      vertex   3.468096e+01 -4.077226e+01 1.350000e+00
    endloop
  endfacet
  facet normal 0.000000e+00 0.000000e+00 1.000000e+00
    outer loop
      vertex   3.704497e+01 3.945772e+01 1.350000e+00
      vertex   3.468096e+01 -4.077226e+01 1.350000e+00
      vertex   3.485734e+01 -4.124223e+01 1.350000e+00
    endloop
  endfacet
  facet normal 0.000000e+00 0.000000e+00 1.000000e+00
    outer loop
      vertex   3.477175e+01 3.397128e+01 1.350000e+00
      vertex   3.451429e+01 3.354036e+01 1.350000e+00
      vertex   3.468096e+01 -4.077226e+01 1.350000e+00
    endloop
  endfacet
  facet normal 0.000000e+00 0.000000e+00 1.000000e+00
    outer loop
      vertex   3.468096e+01 -4.077226e+01 1.350000e+00
      vertex   3.451429e+01 3.354036e+01 1.350000e+00
      vertex   3.442349e+01 -4.034134e+01 1.350000e+00
    endloop
  endfacet
  facet normal 0.000000e+00 -0.000000e+00 1.000000e+00
    outer loop
      vertex   3.442349e+01 -4.034134e+01 1.350000e+00
      vertex   3.451429e+01 3.354036e+01 1.350000e+00
      vertex   3.418401e+01 3.316233e+01 1.350000e+00
    endloop
  endfacet
  facet normal 0.000000e+00 0.000000e+00 1.000000e+00
    outer loop
      vertex   3.442349e+01 -4.034134e+01 1.350000e+00
      vertex   3.418401e+01 3.316233e+01 1.350000e+00
      vertex   3.409322e+01 -3.996331e+01 1.350000e+00
    endloop
  endfacet
  facet normal 0.000000e+00 -0.000000e+00 1.000000e+00
    outer loop
      vertex   3.409322e+01 -3.996331e+01 1.350000e+00
      vertex   3.418401e+01 3.316233e+01 1.350000e+00
      vertex   3.379155e+01 3.284935e+01 1.350000e+00
    endloop
  endfacet
  facet normal 0.000000e+00 0.000000e+00 1.000000e+00
    outer loop
      vertex   3.409322e+01 -3.996331e+01 1.350000e+00
      vertex   3.379155e+01 3.284935e+01 1.350000e+00
      vertex   3.370076e+01 -3.965033e+01 1.350000e+00
    endloop
  endfacet
  facet normal 0.000000e+00 -0.000000e+00 1.000000e+00
    outer loop
      vertex   3.370076e+01 -3.965033e+01 1.350000e+00
      vertex   3.379155e+01 3.284935e+01 1.350000e+00
      vertex   3.334951e+01 3.261148e+01 1.350000e+00
    endloop
  endfacet
  facet normal 0.000000e+00 0.000000e+00 1.000000e+00
    outer loop
      vertex   3.370076e+01 -3.965033e+01 1.350000e+00
      vertex   3.334951e+01 3.261148e+01 1.350000e+00
      vertex   3.325872e+01 -3.941246e+01 1.350000e+00
    endloop
  endfacet
  facet normal 0.000000e+00 -0.000000e+00 1.000000e+00
    outer loop
      vertex   3.325872e+01 -3.941246e+01 1.350000e+00
      vertex   3.334951e+01 3.261148e+01 1.350000e+00
      vertex   3.287210e+01 3.245636e+01 1.350000e+00
    endloop
  endfacet
  facet normal 0.000000e+00 0.000000e+00 1.000000e+00
    outer loop
      vertex   3.325872e+01 -3.941246e+01 1.350000e+00
      vertex   3.287210e+01 3.245636e+01 1.350000e+00
      vertex   3.278131e+01 -3.925734e+01 1.350000e+00
    endloop
  endfacet
  facet normal 0.000000e+00 -0.000000e+00 1.000000e+00
    outer loop
      vertex   3.278131e+01 -3.925734e+01 1.350000e+00
      vertex   3.287210e+01 3.245636e+01 1.350000e+00
      vertex   3.237466e+01 3.238898e+01 1.350000e+00
    endloop
  endfacet
  facet normal 0.000000e+00 0.000000e+00 1.000000e+00
    outer loop
      vertex   3.278131e+01 -3.925734e+01 1.350000e+00
      vertex   3.237466e+01 3.238898e+01 1.350000e+00
      vertex   3.228387e+01 -3.918996e+01 1.350000e+00
    endloop
  endfacet
  facet normal 0.000000e+00 -0.000000e+00 1.000000e+00
    outer loop
      vertex   3.228387e+01 -3.918996e+01 1.350000e+00
      vertex   3.237466e+01 3.238898e+01 1.350000e+00
      vertex   3.187319e+01 3.241150e+01 1.350000e+00
    endloop
  endfacet
  facet normal 0.000000e+00 0.000000e+00 1.000000e+00
    outer loop
      vertex   3.228387e+01 -3.918996e+01 1.350000e+00
      vertex   3.187319e+01 3.241150e+01 1.350000e+00
      vertex   3.178239e+01 -3.921248e+01 1.350000e+00
    endloop
  endfacet
  facet normal 0.000000e+00 -0.000000e+00 1.000000e+00
    outer loop
      vertex   3.178239e+01 -3.921248e+01 1.350000e+00
      vertex   3.187319e+01 3.241150e+01 1.350000e+00
      vertex   3.138379e+01 3.252320e+01 1.350000e+00
    endloop
  endfacet
  facet normal 0.000000e+00 0.000000e+00 1.000000e+00
    outer loop
      vertex   3.178239e+01 -3.921248e+01 1.350000e+00
      vertex   3.138379e+01 3.252320e+01 1.350000e+00
      vertex   3.129300e+01 -3.932418e+01 1.350000e+00
    endloop
  endfacet
  facet normal 0.000000e+00 -0.000000e+00 1.000000e+00
    outer loop
      vertex   3.129300e+01 -3.932418e+01 1.350000e+00
      vertex   3.138379e+01 3.252320e+01 1.350000e+00
      vertex   3.092221e+01 3.272049e+01 1.350000e+00
    endloop
  endfacet
  facet normal 0.000000e+00 0.000000e+00 1.000000e+00
    outer loop
      vertex   3.129300e+01 -3.932418e+01 1.350000e+00
      vertex   3.092221e+01 3.272049e+01 1.350000e+00
      vertex   3.083141e+01 -3.952147e+01 1.350000e+00
    endloop
  endfacet
  facet normal 0.000000e+00 -0.000000e+00 1.000000e+00
    outer loop
      vertex   3.083141e+01 -3.952147e+01 1.350000e+00
      vertex   3.092221e+01 3.272049e+01 1.350000e+00
      vertex   3.050327e+01 3.299703e+01 1.350000e+00
    endloop
  endfacet
  facet normal 0.000000e+00 0.000000e+00 1.000000e+00
    outer loop
      vertex   3.083141e+01 -3.952147e+01 1.350000e+00
      vertex   3.050327e+01 3.299703e+01 1.350000e+00
      vertex   3.041248e+01 -3.979801e+01 1.350000e+00
    endloop
  endfacet
  facet normal 0.000000e+00 -0.000000e+00 1.000000e+00
    outer loop
      vertex   3.041248e+01 -3.979801e+01 1.350000e+00
      vertex   3.050327e+01 3.299703e+01 1.350000e+00
      vertex   3.014044e+01 3.334393e+01 1.350000e+00
    endloop
  endfacet
  facet normal 0.000000e+00 0.000000e+00 1.000000e+00
    outer loop
      vertex   3.041248e+01 -3.979801e+01 1.350000e+00
      vertex   3.014044e+01 3.334393e+01 1.350000e+00
      vertex   3.004965e+01 -4.014491e+01 1.350000e+00
    endloop
  endfacet
  facet normal 0.000000e+00 -0.000000e+00 1.000000e+00
    outer loop
      vertex   3.004965e+01 -4.014491e+01 1.350000e+00
      vertex   3.014044e+01 3.334393e+01 1.350000e+00
      vertex   -3.117381e+01 -3.996331e+01 1.350000e+00
    endloop
  endfacet
  facet normal 0.000000e+00 0.000000e+00 1.000000e+00
    outer loop
      vertex   3.004965e+01 -4.014491e+01 1.350000e+00
      vertex   -3.117381e+01 -3.996331e+01 1.350000e+00
      vertex   -3.084354e+01 -4.034134e+01 1.350000e+00
    endloop
  endfacet
  facet normal 0.000000e+00 0.000000e+00 1.000000e+00
    outer loop
      vertex   2.940324e+01 -4.148718e+01 1.350000e+00
      vertex   -3.032006e+01 -4.173615e+01 1.350000e+00
      vertex   2.935825e+01 -4.198714e+01 1.350000e+00
    endloop
  endfacet
  facet normal 0.000000e+00 0.000000e+00 1.000000e+00
    outer loop
      vertex   2.935825e+01 -4.198714e+01 1.350000e+00
      vertex   -3.032006e+01 -4.173615e+01 1.350000e+00
      vertex   -3.032006e+01 -4.223813e+01 1.350000e+00
    endloop
  endfacet
  facet normal 0.000000e+00 0.000000e+00 1.000000e+00
    outer loop
      vertex   2.935825e+01 -4.198714e+01 1.350000e+00
      vertex   -3.032006e+01 -4.223813e+01 1.350000e+00
      vertex   2.940324e+01 -4.248709e+01 1.350000e+00
    endloop
  endfacet
  facet normal 0.000000e+00 0.000000e+00 1.000000e+00
    outer loop
      vertex   2.940324e+01 -4.248709e+01 1.350000e+00
      vertex   -3.032006e+01 -4.223813e+01 1.350000e+00
      vertex   -3.040969e+01 -4.273204e+01 1.350000e+00
    endloop
  endfacet
  facet normal 0.000000e+00 0.000000e+00 1.000000e+00
    outer loop
      vertex   2.940324e+01 -4.248709e+01 1.350000e+00
      vertex   -3.040969e+01 -4.273204e+01 1.350000e+00
      vertex   2.953679e+01 -4.297099e+01 1.350000e+00
    endloop
  endfacet
  facet normal 0.000000e+00 0.000000e+00 1.000000e+00
    outer loop
      vertex   2.953679e+01 -4.297099e+01 1.350000e+00
      vertex   -3.040969e+01 -4.273204e+01 1.350000e+00
      vertex   -3.058608e+01 -4.320201e+01 1.350000e+00
    endloop
  endfacet
  facet normal 0.000000e+00 0.000000e+00 1.000000e+00
    outer loop
      vertex   2.953679e+01 -4.297099e+01 1.350000e+00
      vertex   -3.058608e+01 -4.320201e+01 1.350000e+00
      vertex   2.975459e+01 -4.342325e+01 1.350000e+00
    endloop
  endfacet
  facet normal 0.000000e+00 0.000000e+00 1.000000e+00
    outer loop
      vertex   2.975459e+01 -4.342325e+01 1.350000e+00
      vertex   -3.058608e+01 -4.320201e+01 1.350000e+00
      vertex   -3.084354e+01 -4.363293e+01 1.350000e+00
    endloop
  endfacet
  facet normal 0.000000e+00 0.000000e+00 1.000000e+00
    outer loop
      vertex   2.975459e+01 -4.342325e+01 1.350000e+00
      vertex   -3.084354e+01 -4.363293e+01 1.350000e+00
      vertex   3.004965e+01 -4.382936e+01 1.350000e+00
    endloop
  endfacet
  facet normal 0.000000e+00 0.000000e+00 1.000000e+00
    outer loop
      vertex   3.004965e+01 -4.382936e+01 1.350000e+00
      vertex   -3.084354e+01 -4.363293e+01 1.350000e+00
      vertex   -3.117381e+01 -4.401096e+01 1.350000e+00
    endloop
  endfacet
  facet normal 0.000000e+00 0.000000e+00 1.000000e+00
    outer loop
      vertex   3.004965e+01 -4.382936e+01 1.350000e+00
      vertex   -3.117381e+01 -4.401096e+01 1.350000e+00
      vertex   3.041248e+01 -4.417626e+01 1.350000e+00
    endloop
  endfacet
  facet normal 0.000000e+00 0.000000e+00 1.000000e+00
    outer loop
      vertex   3.041248e+01 -4.417626e+01 1.350000e+00
      vertex   -3.117381e+01 -4.401096e+01 1.350000e+00
      vertex   -3.156628e+01 -4.432394e+01 1.350000e+00
    endloop
  endfacet
  facet normal 0.000000e+00 0.000000e+00 1.000000e+00
    outer loop
      vertex   3.041248e+01 -4.417626e+01 1.350000e+00
      vertex   -3.156628e+01 -4.432394e+01 1.350000e+00
      vertex   3.083141e+01 -4.445280e+01 1.350000e+00
    endloop
  endfacet
  facet normal 0.000000e+00 0.000000e+00 1.000000e+00
    outer loop
      vertex   3.083141e+01 -4.445280e+01 1.350000e+00
      vertex   -3.156628e+01 -4.432394e+01 1.350000e+00
      vertex   -3.200832e+01 -4.456181e+01 1.350000e+00
    endloop
  endfacet
  facet normal 0.000000e+00 0.000000e+00 1.000000e+00
    outer loop
      vertex   3.083141e+01 -4.445280e+01 1.350000e+00
      vertex   -3.200832e+01 -4.456181e+01 1.350000e+00
      vertex   3.704497e+01 -4.754228e+01 1.350000e+00
    endloop
  endfacet
  facet normal 0.000000e+00 0.000000e+00 1.000000e+00
    outer loop
      vertex   3.704497e+01 -4.754228e+01 1.350000e+00
      vertex   -3.200832e+01 -4.456181e+01 1.350000e+00
      vertex   -3.248573e+01 -4.471693e+01 1.350000e+00
    endloop
  endfacet
  facet normal 0.000000e+00 0.000000e+00 1.000000e+00
    outer loop
      vertex   3.704497e+01 -4.754228e+01 1.350000e+00
      vertex   -3.248573e+01 -4.471693e+01 1.350000e+00
      vertex   -4.195503e+01 -4.754228e+01 1.350000e+00
    endloop
  endfacet
  facet normal 0.000000e+00 0.000000e+00 1.000000e+00
    outer loop
      vertex   -4.195503e+01 -4.754228e+01 1.350000e+00
      vertex   -3.248573e+01 -4.471693e+01 1.350000e+00
      vertex   -3.298317e+01 -4.478432e+01 1.350000e+00
    endloop
  endfacet
  facet normal 0.000000e+00 0.000000e+00 1.000000e+00
    outer loop
      vertex   -4.195503e+01 -4.754228e+01 1.350000e+00
      vertex   -3.298317e+01 -4.478432e+01 1.350000e+00
      vertex   -3.348464e+01 -4.476179e+01 1.350000e+00
    endloop
  endfacet
  facet normal 0.000000e+00 -0.000000e+00 1.000000e+00
    outer loop
      vertex   -3.032006e+01 -4.173615e+01 1.350000e+00
      vertex   2.940324e+01 -4.148718e+01 1.350000e+00
      vertex   -3.040969e+01 -4.124223e+01 1.350000e+00
    endloop
  endfacet
  facet normal -0.000000e+00 0.000000e+00 1.000000e+00
    outer loop
      vertex   -3.040969e+01 -4.124223e+01 1.350000e+00
      vertex   2.940324e+01 -4.148718e+01 1.350000e+00
      vertex   2.953679e+01 -4.100329e+01 1.350000e+00
    endloop
  endfacet
  facet normal 0.000000e+00 -0.000000e+00 1.000000e+00
    outer loop
      vertex   -3.040969e+01 -4.124223e+01 1.350000e+00
      vertex   2.953679e+01 -4.100329e+01 1.350000e+00
      vertex   -3.058608e+01 -4.077226e+01 1.350000e+00
    endloop
  endfacet
  facet normal -0.000000e+00 0.000000e+00 1.000000e+00
    outer loop
      vertex   -3.058608e+01 -4.077226e+01 1.350000e+00
      vertex   2.953679e+01 -4.100329e+01 1.350000e+00
      vertex   2.975459e+01 -4.055102e+01 1.350000e+00
    endloop
  endfacet
  facet normal 0.000000e+00 -0.000000e+00 1.000000e+00
    outer loop
      vertex   -3.058608e+01 -4.077226e+01 1.350000e+00
      vertex   2.975459e+01 -4.055102e+01 1.350000e+00
      vertex   -3.084354e+01 -4.034134e+01 1.350000e+00
    endloop
  endfacet
  facet normal -0.000000e+00 0.000000e+00 1.000000e+00
    outer loop
      vertex   -3.084354e+01 -4.034134e+01 1.350000e+00
      vertex   2.975459e+01 -4.055102e+01 1.350000e+00
      vertex   3.004965e+01 -4.014491e+01 1.350000e+00
    endloop
  endfacet
  facet normal 0.000000e+00 0.000000e+00 1.000000e+00
    outer loop
      vertex   3.704497e+01 3.945772e+01 1.350000e+00
      vertex   3.485734e+01 -4.124223e+01 1.350000e+00
      vertex   3.704497e+01 -4.754228e+01 1.350000e+00
    endloop
  endfacet
  facet normal 0.000000e+00 0.000000e+00 1.000000e+00
    outer loop
      vertex   3.704497e+01 -4.754228e+01 1.350000e+00
      vertex   3.485734e+01 -4.124223e+01 1.350000e+00
      vertex   3.494697e+01 -4.173615e+01 1.350000e+00
    endloop
  endfacet
  facet normal 0.000000e+00 0.000000e+00 1.000000e+00
    outer loop
      vertex   3.704497e+01 -4.754228e+01 1.350000e+00
      vertex   3.494697e+01 -4.173615e+01 1.350000e+00
      vertex   3.494697e+01 -4.223813e+01 1.350000e+00
    endloop
  endfacet
  facet normal 0.000000e+00 0.000000e+00 1.000000e+00
    outer loop
      vertex   3.494697e+01 -4.223813e+01 1.350000e+00
      vertex   3.485734e+01 -4.273204e+01 1.350000e+00
      vertex   3.704497e+01 -4.754228e+01 1.350000e+00
    endloop
  endfacet
  facet normal 0.000000e+00 0.000000e+00 1.000000e+00
    outer loop
      vertex   3.704497e+01 -4.754228e+01 1.350000e+00
      vertex   3.485734e+01 -4.273204e+01 1.350000e+00
      vertex   3.468096e+01 -4.320201e+01 1.350000e+00
    endloop
  endfacet
  facet normal 0.000000e+00 0.000000e+00 1.000000e+00
    outer loop
      vertex   3.704497e+01 -4.754228e+01 1.350000e+00
      vertex   3.468096e+01 -4.320201e+01 1.350000e+00
      vertex   3.442349e+01 -4.363293e+01 1.350000e+00
    endloop
  endfacet
  facet normal 0.000000e+00 0.000000e+00 1.000000e+00
    outer loop
      vertex   3.442349e+01 -4.363293e+01 1.350000e+00
      vertex   3.409322e+01 -4.401096e+01 1.350000e+00
      vertex   3.704497e+01 -4.754228e+01 1.350000e+00
    endloop
  endfacet
  facet normal 0.000000e+00 0.000000e+00 1.000000e+00
    outer loop
      vertex   3.704497e+01 -4.754228e+01 1.350000e+00
      vertex   3.409322e+01 -4.401096e+01 1.350000e+00
      vertex   3.370076e+01 -4.432394e+01 1.350000e+00
    endloop
  endfacet
  facet normal 0.000000e+00 0.000000e+00 1.000000e+00
    outer loop
      vertex   3.704497e+01 -4.754228e+01 1.350000e+00
      vertex   3.370076e+01 -4.432394e+01 1.350000e+00
      vertex   3.325872e+01 -4.456181e+01 1.350000e+00
    endloop
  endfacet
  facet normal 0.000000e+00 0.000000e+00 1.000000e+00
    outer loop
      vertex   3.325872e+01 -4.456181e+01 1.350000e+00
      vertex   3.278131e+01 -4.471693e+01 1.350000e+00
      vertex   3.704497e+01 -4.754228e+01 1.350000e+00
    endloop
  endfacet
  facet normal 0.000000e+00 0.000000e+00 1.000000e+00
    outer loop
      vertex   3.704497e+01 -4.754228e+01 1.350000e+00
      vertex   3.278131e+01 -4.471693e+01 1.350000e+00
      vertex   3.228387e+01 -4.478432e+01 1.350000e+00
    endloop
  endfacet
  facet normal 0.000000e+00 0.000000e+00 1.000000e+00
    outer loop
      vertex   3.704497e+01 -4.754228e+01 1.350000e+00
      vertex   3.228387e+01 -4.478432e+01 1.350000e+00
      vertex   3.178239e+01 -4.476179e+01 1.350000e+00
    endloop
  endfacet
  facet normal 0.000000e+00 0.000000e+00 1.000000e+00
    outer loop
      vertex   3.178239e+01 -4.476179e+01 1.350000e+00
      vertex   3.129300e+01 -4.465009e+01 1.350000e+00
      vertex   3.704497e+01 -4.754228e+01 1.350000e+00
    endloop
  endfacet
  facet normal 0.000000e+00 0.000000e+00 1.000000e+00
    outer loop
      vertex   3.704497e+01 -4.754228e+01 1.350000e+00
      vertex   3.129300e+01 -4.465009e+01 1.350000e+00
      vertex   3.083141e+01 -4.445280e+01 1.350000e+00
    endloop
  endfacet
  facet normal 0.000000e+00 0.000000e+00 1.000000e+00
    outer loop
      vertex   -4.195503e+01 3.945772e+01 1.350000e+00
      vertex   -4.195503e+01 -4.754228e+01 1.350000e+00
      vertex   -3.521739e+01 -4.014491e+01 1.350000e+00
    endloop
  endfacet
  facet normal 0.000000e+00 0.000000e+00 1.000000e+00
    outer loop
      vertex   -3.521739e+01 -4.014491e+01 1.350000e+00
      vertex   -4.195503e+01 -4.754228e+01 1.350000e+00
      vertex   -3.551245e+01 -4.055102e+01 1.350000e+00
    endloop
  endfacet
  facet normal 0.000000e+00 0.000000e+00 1.000000e+00
    outer loop
      vertex   -3.551245e+01 -4.055102e+01 1.350000e+00
      vertex   -4.195503e+01 -4.754228e+01 1.350000e+00
      vertex   -3.573025e+01 -4.100329e+01 1.350000e+00
    endloop
  endfacet
  facet normal 0.000000e+00 0.000000e+00 1.000000e+00
    outer loop
      vertex   -3.573025e+01 -4.100329e+01 1.350000e+00
      vertex   -4.195503e+01 -4.754228e+01 1.350000e+00
      vertex   -3.586379e+01 -4.148718e+01 1.350000e+00
    endloop
  endfacet
  facet normal 0.000000e+00 0.000000e+00 1.000000e+00
    outer loop
      vertex   -3.586379e+01 -4.148718e+01 1.350000e+00
      vertex   -4.195503e+01 -4.754228e+01 1.350000e+00
      vertex   -3.590879e+01 -4.198714e+01 1.350000e+00
    endloop
  endfacet
  facet normal 0.000000e+00 0.000000e+00 1.000000e+00
    outer loop
      vertex   -3.590879e+01 -4.198714e+01 1.350000e+00
      vertex   -4.195503e+01 -4.754228e+01 1.350000e+00
      vertex   -3.586379e+01 -4.248709e+01 1.350000e+00
    endloop
  endfacet
  facet normal 0.000000e+00 0.000000e+00 1.000000e+00
    outer loop
      vertex   -3.586379e+01 -4.248709e+01 1.350000e+00
      vertex   -4.195503e+01 -4.754228e+01 1.350000e+00
      vertex   -3.573025e+01 -4.297099e+01 1.350000e+00
    endloop
  endfacet
  facet normal 0.000000e+00 0.000000e+00 1.000000e+00
    outer loop
      vertex   -3.573025e+01 -4.297099e+01 1.350000e+00
      vertex   -4.195503e+01 -4.754228e+01 1.350000e+00
      vertex   -3.551245e+01 -4.342325e+01 1.350000e+00
    endloop
  endfacet
  facet normal 0.000000e+00 0.000000e+00 1.000000e+00
    outer loop
      vertex   -3.551245e+01 -4.342325e+01 1.350000e+00
      vertex   -4.195503e+01 -4.754228e+01 1.350000e+00
      vertex   -3.521739e+01 -4.382936e+01 1.350000e+00
    endloop
  endfacet
  facet normal 0.000000e+00 0.000000e+00 1.000000e+00
    outer loop
      vertex   -3.521739e+01 -4.382936e+01 1.350000e+00
      vertex   -4.195503e+01 -4.754228e+01 1.350000e+00
      vertex   -3.485456e+01 -4.417626e+01 1.350000e+00
    endloop
  endfacet
  facet normal 0.000000e+00 0.000000e+00 1.000000e+00
    outer loop
      vertex   -3.485456e+01 -4.417626e+01 1.350000e+00
      vertex   -4.195503e+01 -4.754228e+01 1.350000e+00
      vertex   -3.443562e+01 -4.445280e+01 1.350000e+00
    endloop
  endfacet
  facet normal 0.000000e+00 0.000000e+00 1.000000e+00
    outer loop
      vertex   -3.443562e+01 -4.445280e+01 1.350000e+00
      vertex   -4.195503e+01 -4.754228e+01 1.350000e+00
      vertex   -3.397404e+01 -4.465009e+01 1.350000e+00
    endloop
  endfacet
  facet normal 0.000000e+00 0.000000e+00 1.000000e+00
    outer loop
      vertex   -3.397404e+01 -4.465009e+01 1.350000e+00
      vertex   -4.195503e+01 -4.754228e+01 1.350000e+00
      vertex   -3.348464e+01 -4.476179e+01 1.350000e+00
    endloop
  endfacet
  facet normal 0.000000e+00 0.000000e+00 1.000000e+00
    outer loop
      vertex   -3.610326e+01 3.468620e+01 1.350000e+00
      vertex   -3.614826e+01 3.518616e+01 1.350000e+00
      vertex   -4.195503e+01 3.945772e+01 1.350000e+00
    endloop
  endfacet
  facet normal 0.000000e+00 0.000000e+00 1.000000e+00
    outer loop
      vertex   -4.195503e+01 3.945772e+01 1.350000e+00
      vertex   -3.614826e+01 3.518616e+01 1.350000e+00
      vertex   -3.610326e+01 3.568612e+01 1.350000e+00
    endloop
  endfacet
  facet normal 0.000000e+00 0.000000e+00 1.000000e+00
    outer loop
      vertex   -4.195503e+01 3.945772e+01 1.350000e+00
      vertex   -3.610326e+01 3.568612e+01 1.350000e+00
      vertex   -3.596972e+01 3.617001e+01 1.350000e+00
    endloop
  endfacet
  facet normal 0.000000e+00 -0.000000e+00 1.000000e+00
    outer loop
      vertex   -3.596972e+01 3.617001e+01 1.350000e+00
      vertex   -3.575192e+01 3.662228e+01 1.350000e+00
      vertex   -4.195503e+01 3.945772e+01 1.350000e+00
    endloop
  endfacet
  facet normal 0.000000e+00 0.000000e+00 1.000000e+00
    outer loop
      vertex   -4.195503e+01 3.945772e+01 1.350000e+00
      vertex   -3.575192e+01 3.662228e+01 1.350000e+00
      vertex   -3.545686e+01 3.702839e+01 1.350000e+00
    endloop
  endfacet
  facet normal 0.000000e+00 0.000000e+00 1.000000e+00
    outer loop
      vertex   -4.195503e+01 3.945772e+01 1.350000e+00
      vertex   -3.545686e+01 3.702839e+01 1.350000e+00
      vertex   -3.509403e+01 3.737529e+01 1.350000e+00
    endloop
  endfacet
  facet normal 0.000000e+00 -0.000000e+00 1.000000e+00
    outer loop
      vertex   -3.509403e+01 3.737529e+01 1.350000e+00
      vertex   -3.467509e+01 3.765183e+01 1.350000e+00
      vertex   -4.195503e+01 3.945772e+01 1.350000e+00
    endloop
  endfacet
  facet normal 0.000000e+00 0.000000e+00 1.000000e+00
    outer loop
      vertex   -4.195503e+01 3.945772e+01 1.350000e+00
      vertex   -3.467509e+01 3.765183e+01 1.350000e+00
      vertex   -3.421351e+01 3.784912e+01 1.350000e+00
    endloop
  endfacet
  facet normal 0.000000e+00 0.000000e+00 1.000000e+00
    outer loop
      vertex   -4.195503e+01 3.945772e+01 1.350000e+00
      vertex   -3.421351e+01 3.784912e+01 1.350000e+00
      vertex   -3.372411e+01 3.796082e+01 1.350000e+00
    endloop
  endfacet
  facet normal 0.000000e+00 -0.000000e+00 1.000000e+00
    outer loop
      vertex   -3.372411e+01 3.796082e+01 1.350000e+00
      vertex   -3.322264e+01 3.798334e+01 1.350000e+00
      vertex   -4.195503e+01 3.945772e+01 1.350000e+00
    endloop
  endfacet
  facet normal 0.000000e+00 0.000000e+00 1.000000e+00
    outer loop
      vertex   -4.195503e+01 3.945772e+01 1.350000e+00
      vertex   -3.322264e+01 3.798334e+01 1.350000e+00
      vertex   -3.272520e+01 3.791596e+01 1.350000e+00
    endloop
  endfacet
  facet normal 0.000000e+00 0.000000e+00 1.000000e+00
    outer loop
      vertex   -3.596972e+01 3.420231e+01 1.350000e+00
      vertex   -3.610326e+01 3.468620e+01 1.350000e+00
      vertex   -4.195503e+01 3.945772e+01 1.350000e+00
    endloop
  endfacet
  facet normal -9.927089e-01 1.205367e-01 -2.346478e-16
    outer loop
      vertex   -3.480467e+01 3.554513e+01 6.300000e+00
      vertex   -3.480467e+01 3.554513e+01 2.650000e+00
      vertex   -3.484826e+01 3.518616e+01 6.300000e+00
    endloop
  endfacet
  facet normal -9.927089e-01 1.205367e-01 0.000000e+00
    outer loop
      vertex   -3.484826e+01 3.518616e+01 6.300000e+00
      vertex   -3.480467e+01 3.554513e+01 2.650000e+00
      vertex   -3.484826e+01 3.518616e+01 2.650000e+00
    endloop
  endfacet
  facet normal -9.927089e-01 -1.205367e-01 -0.000000e+00
    outer loop
      vertex   -3.484826e+01 3.518616e+01 6.300000e+00
      vertex   -3.484826e+01 3.518616e+01 2.650000e+00
      vertex   -3.480467e+01 3.482719e+01 6.300000e+00
    endloop
  endfacet
  facet normal -9.927089e-01 -1.205367e-01 4.692957e-16
    outer loop
      vertex   -3.480467e+01 3.482719e+01 6.300000e+00
      vertex   -3.484826e+01 3.518616e+01 2.650000e+00
      vertex   -3.480467e+01 3.482719e+01 2.650000e+00
    endloop
  endfacet
  facet normal -9.350162e-01 -3.546049e-01 1.380613e-15
    outer loop
      vertex   -3.480467e+01 3.482719e+01 6.300000e+00
      vertex   -3.480467e+01 3.482719e+01 2.650000e+00
      vertex   -3.467645e+01 3.448907e+01 6.300000e+00
    endloop
  endfacet
  facet normal -9.350162e-01 -3.546049e-01 -0.000000e+00
    outer loop
      vertex   -3.467645e+01 3.448907e+01 6.300000e+00
      vertex   -3.480467e+01 3.482719e+01 2.650000e+00
      vertex   -3.467645e+01 3.448907e+01 2.650000e+00
    endloop
  endfacet
  facet normal -8.229839e-01 -5.680647e-01 -0.000000e+00
    outer loop
      vertex   -3.467645e+01 3.448907e+01 6.300000e+00
      vertex   -3.467645e+01 3.448907e+01 2.650000e+00
      vertex   -3.447103e+01 3.419147e+01 6.300000e+00
    endloop
  endfacet
  facet normal -8.229839e-01 -5.680647e-01 -0.000000e+00
    outer loop
      vertex   -3.447103e+01 3.419147e+01 6.300000e+00
      vertex   -3.467645e+01 3.448907e+01 2.650000e+00
      vertex   -3.447103e+01 3.419147e+01 2.650000e+00
    endloop
  endfacet
  facet normal -6.631227e-01 -7.485107e-01 -0.000000e+00
    outer loop
      vertex   -3.447103e+01 3.419147e+01 6.300000e+00
      vertex   -3.447103e+01 3.419147e+01 2.650000e+00
      vertex   -3.420036e+01 3.395168e+01 6.300000e+00
    endloop
  endfacet
  facet normal -6.631227e-01 -7.485107e-01 -0.000000e+00
    outer loop
      vertex   -3.420036e+01 3.395168e+01 6.300000e+00
      vertex   -3.447103e+01 3.419147e+01 2.650000e+00
      vertex   -3.420036e+01 3.395168e+01 2.650000e+00
    endloop
  endfacet
  facet normal -4.647232e-01 -8.854560e-01 -0.000000e+00
    outer loop
      vertex   -3.420036e+01 3.395168e+01 6.300000e+00
      vertex   -3.420036e+01 3.395168e+01 2.650000e+00
      vertex   -3.388017e+01 3.378363e+01 6.300000e+00
    endloop
  endfacet
  facet normal -4.647232e-01 -8.854560e-01 -0.000000e+00
    outer loop
      vertex   -3.388017e+01 3.378363e+01 6.300000e+00
      vertex   -3.420036e+01 3.395168e+01 2.650000e+00
      vertex   -3.388017e+01 3.378363e+01 2.650000e+00
    endloop
  endfacet
  facet normal -2.393157e-01 -9.709418e-01 -0.000000e+00
    outer loop
      vertex   -3.388017e+01 3.378363e+01 6.300000e+00
      vertex   -3.388017e+01 3.378363e+01 2.650000e+00
      vertex   -3.352907e+01 3.369710e+01 6.300000e+00
    endloop
  endfacet
  facet normal -2.393157e-01 -9.709418e-01 -0.000000e+00
    outer loop
      vertex   -3.352907e+01 3.369710e+01 6.300000e+00
      vertex   -3.388017e+01 3.378363e+01 2.650000e+00
      vertex   -3.352907e+01 3.369710e+01 2.650000e+00
    endloop
  endfacet
  facet normal 0.000000e+00 -1.000000e+00 0.000000e+00
    outer loop
      vertex   -3.352907e+01 3.369710e+01 6.300000e+00
      vertex   -3.352907e+01 3.369710e+01 2.650000e+00
      vertex   -3.316746e+01 3.369710e+01 6.300000e+00
    endloop
  endfacet
  facet normal 0.000000e+00 -1.000000e+00 -0.000000e+00
    outer loop
      vertex   -3.316746e+01 3.369710e+01 6.300000e+00
      vertex   -3.352907e+01 3.369710e+01 2.650000e+00
      vertex   -3.316746e+01 3.369710e+01 2.650000e+00
    endloop
  endfacet
  facet normal 2.393157e-01 -9.709418e-01 0.000000e+00
    outer loop
      vertex   -3.316746e+01 3.369710e+01 6.300000e+00
      vertex   -3.316746e+01 3.369710e+01 2.650000e+00
      vertex   -3.281635e+01 3.378363e+01 6.300000e+00
    endloop
  endfacet
  facet normal 2.393157e-01 -9.709418e-01 0.000000e+00
    outer loop
      vertex   -3.281635e+01 3.378363e+01 6.300000e+00
      vertex   -3.316746e+01 3.369710e+01 2.650000e+00
      vertex   -3.281635e+01 3.378363e+01 2.650000e+00
    endloop
  endfacet
  facet normal 4.647232e-01 -8.854560e-01 0.000000e+00
    outer loop
      vertex   -3.281635e+01 3.378363e+01 6.300000e+00
      vertex   -3.281635e+01 3.378363e+01 2.650000e+00
      vertex   -3.249616e+01 3.395168e+01 6.300000e+00
    endloop
  endfacet
  facet normal 4.647232e-01 -8.854560e-01 0.000000e+00
    outer loop
      vertex   -3.249616e+01 3.395168e+01 6.300000e+00
      vertex   -3.281635e+01 3.378363e+01 2.650000e+00
      vertex   -3.249616e+01 3.395168e+01 2.650000e+00
    endloop
  endfacet
  facet normal 6.631227e-01 -7.485107e-01 0.000000e+00
    outer loop
      vertex   -3.249616e+01 3.395168e+01 6.300000e+00
      vertex   -3.249616e+01 3.395168e+01 2.650000e+00
      vertex   -3.222550e+01 3.419147e+01 6.300000e+00
    endloop
  endfacet
  facet normal 6.631227e-01 -7.485107e-01 0.000000e+00
    outer loop
      vertex   -3.222550e+01 3.419147e+01 6.300000e+00
      vertex   -3.249616e+01 3.395168e+01 2.650000e+00
      vertex   -3.222550e+01 3.419147e+01 2.650000e+00
    endloop
  endfacet
  facet normal 8.229839e-01 -5.680647e-01 0.000000e+00
    outer loop
      vertex   -3.222550e+01 3.419147e+01 6.300000e+00
      vertex   -3.222550e+01 3.419147e+01 2.650000e+00
      vertex   -3.202008e+01 3.448907e+01 6.300000e+00
    endloop
  endfacet
  facet normal 8.229839e-01 -5.680647e-01 0.000000e+00
    outer loop
      vertex   -3.202008e+01 3.448907e+01 6.300000e+00
      vertex   -3.222550e+01 3.419147e+01 2.650000e+00
      vertex   -3.202008e+01 3.448907e+01 2.650000e+00
    endloop
  endfacet
  facet normal 9.350162e-01 -3.546049e-01 0.000000e+00
    outer loop
      vertex   -3.202008e+01 3.448907e+01 6.300000e+00
      vertex   -3.202008e+01 3.448907e+01 2.650000e+00
      vertex   -3.189185e+01 3.482719e+01 6.300000e+00
    endloop
  endfacet
  facet normal 9.350162e-01 -3.546049e-01 0.000000e+00
    outer loop
      vertex   -3.189185e+01 3.482719e+01 6.300000e+00
      vertex   -3.202008e+01 3.448907e+01 2.650000e+00
      vertex   -3.189185e+01 3.482719e+01 2.650000e+00
    endloop
  endfacet
  facet normal 9.927089e-01 -1.205367e-01 0.000000e+00
    outer loop
      vertex   -3.189185e+01 3.482719e+01 6.300000e+00
      vertex   -3.189185e+01 3.482719e+01 2.650000e+00
      vertex   -3.184826e+01 3.518616e+01 6.300000e+00
    endloop
  endfacet
  facet normal 9.927089e-01 -1.205367e-01 0.000000e+00
    outer loop
      vertex   -3.184826e+01 3.518616e+01 6.300000e+00
      vertex   -3.189185e+01 3.482719e+01 2.650000e+00
      vertex   -3.184826e+01 3.518616e+01 2.650000e+00
    endloop
  endfacet
  facet normal 9.927089e-01 1.205367e-01 0.000000e+00
    outer loop
      vertex   -3.184826e+01 3.518616e+01 6.300000e+00
      vertex   -3.184826e+01 3.518616e+01 2.650000e+00
      vertex   -3.189185e+01 3.554513e+01 6.300000e+00
    endloop
  endfacet
  facet normal 9.927089e-01 1.205367e-01 0.000000e+00
    outer loop
      vertex   -3.189185e+01 3.554513e+01 6.300000e+00
      vertex   -3.184826e+01 3.518616e+01 2.650000e+00
      vertex   -3.189185e+01 3.554513e+01 2.650000e+00
    endloop
  endfacet
  facet normal 9.350162e-01 3.546049e-01 0.000000e+00
    outer loop
      vertex   -3.189185e+01 3.554513e+01 6.300000e+00
      vertex   -3.189185e+01 3.554513e+01 2.650000e+00
      vertex   -3.202008e+01 3.588324e+01 6.300000e+00
    endloop
  endfacet
  facet normal 9.350162e-01 3.546049e-01 0.000000e+00
    outer loop
      vertex   -3.202008e+01 3.588324e+01 6.300000e+00
      vertex   -3.189185e+01 3.554513e+01 2.650000e+00
      vertex   -3.202008e+01 3.588324e+01 2.650000e+00
    endloop
  endfacet
  facet normal 8.229839e-01 5.680647e-01 0.000000e+00
    outer loop
      vertex   -3.202008e+01 3.588324e+01 6.300000e+00
      vertex   -3.202008e+01 3.588324e+01 2.650000e+00
      vertex   -3.222550e+01 3.618084e+01 6.300000e+00
    endloop
  endfacet
  facet normal 8.229839e-01 5.680647e-01 0.000000e+00
    outer loop
      vertex   -3.222550e+01 3.618084e+01 6.300000e+00
      vertex   -3.202008e+01 3.588324e+01 2.650000e+00
      vertex   -3.222550e+01 3.618084e+01 2.650000e+00
    endloop
  endfacet
  facet normal 6.631227e-01 7.485107e-01 0.000000e+00
    outer loop
      vertex   -3.222550e+01 3.618084e+01 6.300000e+00
      vertex   -3.222550e+01 3.618084e+01 2.650000e+00
      vertex   -3.249616e+01 3.642063e+01 6.300000e+00
    endloop
  endfacet
  facet normal 6.631227e-01 7.485107e-01 0.000000e+00
    outer loop
      vertex   -3.249616e+01 3.642063e+01 6.300000e+00
      vertex   -3.222550e+01 3.618084e+01 2.650000e+00
      vertex   -3.249616e+01 3.642063e+01 2.650000e+00
    endloop
  endfacet
  facet normal 4.647232e-01 8.854560e-01 0.000000e+00
    outer loop
      vertex   -3.249616e+01 3.642063e+01 6.300000e+00
      vertex   -3.249616e+01 3.642063e+01 2.650000e+00
      vertex   -3.281635e+01 3.658868e+01 6.300000e+00
    endloop
  endfacet
  facet normal 4.647232e-01 8.854560e-01 0.000000e+00
    outer loop
      vertex   -3.281635e+01 3.658868e+01 6.300000e+00
      vertex   -3.249616e+01 3.642063e+01 2.650000e+00
      vertex   -3.281635e+01 3.658868e+01 2.650000e+00
    endloop
  endfacet
  facet normal 2.393157e-01 9.709418e-01 0.000000e+00
    outer loop
      vertex   -3.281635e+01 3.658868e+01 6.300000e+00
      vertex   -3.281635e+01 3.658868e+01 2.650000e+00
      vertex   -3.316746e+01 3.667522e+01 6.300000e+00
    endloop
  endfacet
  facet normal 2.393157e-01 9.709418e-01 0.000000e+00
    outer loop
      vertex   -3.316746e+01 3.667522e+01 6.300000e+00
      vertex   -3.281635e+01 3.658868e+01 2.650000e+00
      vertex   -3.316746e+01 3.667522e+01 2.650000e+00
    endloop
  endfacet
  facet normal 0.000000e+00 1.000000e+00 0.000000e+00
    outer loop
      vertex   -3.316746e+01 3.667522e+01 6.300000e+00
      vertex   -3.316746e+01 3.667522e+01 2.650000e+00
      vertex   -3.352907e+01 3.667522e+01 6.300000e+00
    endloop
  endfacet
  facet normal 0.000000e+00 1.000000e+00 0.000000e+00
    outer loop
      vertex   -3.352907e+01 3.667522e+01 6.300000e+00
      vertex   -3.316746e+01 3.667522e+01 2.650000e+00
      vertex   -3.352907e+01 3.667522e+01 2.650000e+00
    endloop
  endfacet
  facet normal -2.393157e-01 9.709418e-01 0.000000e+00
    outer loop
      vertex   -3.352907e+01 3.667522e+01 6.300000e+00
      vertex   -3.352907e+01 3.667522e+01 2.650000e+00
      vertex   -3.388017e+01 3.658868e+01 6.300000e+00
    endloop
  endfacet
  facet normal -2.393157e-01 9.709418e-01 0.000000e+00
    outer loop
      vertex   -3.388017e+01 3.658868e+01 6.300000e+00
      vertex   -3.352907e+01 3.667522e+01 2.650000e+00
      vertex   -3.388017e+01 3.658868e+01 2.650000e+00
    endloop
  endfacet
  facet normal -4.647232e-01 8.854560e-01 0.000000e+00
    outer loop
      vertex   -3.388017e+01 3.658868e+01 6.300000e+00
      vertex   -3.388017e+01 3.658868e+01 2.650000e+00
      vertex   -3.420036e+01 3.642063e+01 6.300000e+00
    endloop
  endfacet
  facet normal -4.647232e-01 8.854560e-01 0.000000e+00
    outer loop
      vertex   -3.420036e+01 3.642063e+01 6.300000e+00
      vertex   -3.388017e+01 3.658868e+01 2.650000e+00
      vertex   -3.420036e+01 3.642063e+01 2.650000e+00
    endloop
  endfacet
  facet normal -6.631227e-01 7.485107e-01 0.000000e+00
    outer loop
      vertex   -3.420036e+01 3.642063e+01 6.300000e+00
      vertex   -3.420036e+01 3.642063e+01 2.650000e+00
      vertex   -3.447103e+01 3.618084e+01 6.300000e+00
    endloop
  endfacet
  facet normal -6.631227e-01 7.485107e-01 0.000000e+00
    outer loop
      vertex   -3.447103e+01 3.618084e+01 6.300000e+00
      vertex   -3.420036e+01 3.642063e+01 2.650000e+00
      vertex   -3.447103e+01 3.618084e+01 2.650000e+00
    endloop
  endfacet
  facet normal -8.229839e-01 5.680647e-01 0.000000e+00
    outer loop
      vertex   -3.447103e+01 3.618084e+01 6.300000e+00
      vertex   -3.447103e+01 3.618084e+01 2.650000e+00
      vertex   -3.467645e+01 3.588324e+01 6.300000e+00
    endloop
  endfacet
  facet normal -8.229839e-01 5.680647e-01 0.000000e+00
    outer loop
      vertex   -3.467645e+01 3.588324e+01 6.300000e+00
      vertex   -3.447103e+01 3.618084e+01 2.650000e+00
      vertex   -3.467645e+01 3.588324e+01 2.650000e+00
    endloop
  endfacet
  facet normal -9.350162e-01 3.546049e-01 0.000000e+00
    outer loop
      vertex   -3.467645e+01 3.588324e+01 6.300000e+00
      vertex   -3.467645e+01 3.588324e+01 2.650000e+00
      vertex   -3.480467e+01 3.554513e+01 6.300000e+00
    endloop
  endfacet
  facet normal -9.350162e-01 3.546049e-01 -6.903066e-16
    outer loop
      vertex   -3.480467e+01 3.554513e+01 6.300000e+00
      vertex   -3.467645e+01 3.588324e+01 2.650000e+00
      vertex   -3.480467e+01 3.554513e+01 2.650000e+00
    endloop
  endfacet
  facet normal -9.798935e-01 1.189806e-01 1.601633e-01
    outer loop
      vertex   3.079263e+01 3.554513e+01 2.650000e+00
      vertex   3.072199e+01 3.541632e+01 2.313535e+00
      vertex   3.074904e+01 3.518616e+01 2.650000e+00
    endloop
  endfacet
  facet normal -9.887196e-01 7.409429e-02 1.301674e-01
    outer loop
      vertex   3.074904e+01 3.518616e+01 2.650000e+00
      vertex   3.072199e+01 3.541632e+01 2.313535e+00
      vertex   3.070474e+01 3.518616e+01 2.313535e+00
    endloop
  endfacet
  facet normal -9.887196e-01 -7.409429e-02 1.301674e-01
    outer loop
      vertex   3.074904e+01 3.518616e+01 2.650000e+00
      vertex   3.070474e+01 3.518616e+01 2.313535e+00
      vertex   3.072199e+01 3.495599e+01 2.313535e+00
    endloop
  endfacet
  facet normal -9.216731e-01 -6.906985e-02 3.817695e-01
    outer loop
      vertex   3.072199e+01 3.495599e+01 2.313535e+00
      vertex   3.070474e+01 3.518616e+01 2.313535e+00
      vertex   3.057487e+01 3.518616e+01 2.000000e+00
    endloop
  endfacet
  facet normal -9.216731e-01 -6.906985e-02 3.817695e-01
    outer loop
      vertex   3.072199e+01 3.495599e+01 2.313535e+00
      vertex   3.057487e+01 3.518616e+01 2.000000e+00
      vertex   3.059357e+01 3.493664e+01 2.000000e+00
    endloop
  endfacet
  facet normal -7.919549e-01 -5.934882e-02 6.076884e-01
    outer loop
      vertex   3.059357e+01 3.493664e+01 2.000000e+00
      vertex   3.057487e+01 3.518616e+01 2.000000e+00
      vertex   3.036828e+01 3.518616e+01 1.730761e+00
    endloop
  endfacet
  facet normal -7.919549e-01 -5.934882e-02 6.076884e-01
    outer loop
      vertex   3.059357e+01 3.493664e+01 2.000000e+00
      vertex   3.036828e+01 3.518616e+01 1.730761e+00
      vertex   3.038928e+01 3.490585e+01 1.730761e+00
    endloop
  endfacet
  facet normal -6.081289e-01 -4.557296e-02 7.925291e-01
    outer loop
      vertex   3.038928e+01 3.490585e+01 1.730761e+00
      vertex   3.036828e+01 3.518616e+01 1.730761e+00
      vertex   3.009904e+01 3.518616e+01 1.524167e+00
    endloop
  endfacet
  facet normal -6.081289e-01 -4.557296e-02 7.925291e-01
    outer loop
      vertex   3.038928e+01 3.490585e+01 1.730761e+00
      vertex   3.009904e+01 3.518616e+01 1.524167e+00
      vertex   3.012305e+01 3.486572e+01 1.524167e+00
    endloop
  endfacet
  facet normal -3.825262e-01 -2.866637e-02 9.234999e-01
    outer loop
      vertex   3.012305e+01 3.486572e+01 1.524167e+00
      vertex   3.009904e+01 3.518616e+01 1.524167e+00
      vertex   2.978550e+01 3.518616e+01 1.394296e+00
    endloop
  endfacet
  facet normal -3.825262e-01 -2.866637e-02 9.234999e-01
    outer loop
      vertex   3.012305e+01 3.486572e+01 1.524167e+00
      vertex   2.978550e+01 3.518616e+01 1.394296e+00
      vertex   2.981302e+01 3.481899e+01 1.394296e+00
    endloop
  endfacet
  facet normal -1.305199e-01 -9.781118e-03 9.913974e-01
    outer loop
      vertex   2.981302e+01 3.481899e+01 1.394296e+00
      vertex   2.978550e+01 3.518616e+01 1.394296e+00
      vertex   2.944904e+01 3.518616e+01 1.350000e+00
    endloop
  endfacet
  facet normal -1.326599e-01 -1.193961e-02 9.910897e-01
    outer loop
      vertex   2.981302e+01 3.481899e+01 1.394296e+00
      vertex   2.944904e+01 3.518616e+01 1.350000e+00
      vertex   2.949404e+01 3.468620e+01 1.350000e+00
    endloop
  endfacet
  facet normal -9.680425e-01 2.209494e-01 1.186389e-01
    outer loop
      vertex   3.072199e+01 3.541632e+01 2.313535e+00
      vertex   3.079263e+01 3.554513e+01 2.650000e+00
      vertex   3.077335e+01 3.564135e+01 2.313535e+00
    endloop
  endfacet
  facet normal -9.239874e-01 3.504222e-01 1.531393e-01
    outer loop
      vertex   3.077335e+01 3.564135e+01 2.313535e+00
      vertex   3.079263e+01 3.554513e+01 2.650000e+00
      vertex   3.092085e+01 3.588324e+01 2.650000e+00
    endloop
  endfacet
  facet normal -9.211829e-01 3.615377e-01 1.439186e-01
    outer loop
      vertex   3.077335e+01 3.564135e+01 2.313535e+00
      vertex   3.092085e+01 3.588324e+01 2.650000e+00
      vertex   3.085768e+01 3.585620e+01 2.313535e+00
    endloop
  endfacet
  facet normal -8.596066e-01 4.962941e-01 1.215266e-01
    outer loop
      vertex   3.085768e+01 3.585620e+01 2.313535e+00
      vertex   3.092085e+01 3.588324e+01 2.650000e+00
      vertex   3.097308e+01 3.605609e+01 2.313535e+00
    endloop
  endfacet
  facet normal -8.004305e-01 4.621288e-01 3.817695e-01
    outer loop
      vertex   3.085768e+01 3.585620e+01 2.313535e+00
      vertex   3.097308e+01 3.605609e+01 2.313535e+00
      vertex   3.086578e+01 3.612925e+01 2.000000e+00
    endloop
  endfacet
  facet normal -7.226137e-01 5.762652e-01 3.817695e-01
    outer loop
      vertex   3.086578e+01 3.612925e+01 2.000000e+00
      vertex   3.097308e+01 3.605609e+01 2.313535e+00
      vertex   3.102179e+01 3.632488e+01 2.000000e+00
    endloop
  endfacet
  facet normal -6.209115e-01 4.951604e-01 6.076884e-01
    outer loop
      vertex   3.086578e+01 3.612925e+01 2.000000e+00
      vertex   3.102179e+01 3.632488e+01 2.000000e+00
      vertex   3.087034e+01 3.646540e+01 1.730761e+00
    endloop
  endfacet
  facet normal -5.401766e-01 5.821719e-01 6.076884e-01
    outer loop
      vertex   3.087034e+01 3.646540e+01 1.730761e+00
      vertex   3.102179e+01 3.632488e+01 2.000000e+00
      vertex   3.107640e+01 3.665660e+01 1.730761e+00
    endloop
  endfacet
  facet normal -4.147926e-01 4.470401e-01 7.925291e-01
    outer loop
      vertex   3.087034e+01 3.646540e+01 1.730761e+00
      vertex   3.107640e+01 3.665660e+01 1.730761e+00
      vertex   3.090854e+01 3.686710e+01 1.524167e+00
    endloop
  endfacet
  facet normal -3.435318e-01 5.038686e-01 7.925291e-01
    outer loop
      vertex   3.090854e+01 3.686710e+01 1.524167e+00
      vertex   3.107640e+01 3.665660e+01 1.730761e+00
      vertex   3.117404e+01 3.704811e+01 1.524167e+00
    endloop
  endfacet
  facet normal -2.160889e-01 3.169442e-01 9.234999e-01
    outer loop
      vertex   3.090854e+01 3.686710e+01 1.524167e+00
      vertex   3.117404e+01 3.704811e+01 1.524167e+00
      vertex   3.101727e+01 3.731964e+01 1.394296e+00
    endloop
  endfacet
  facet normal -1.664373e-01 3.456106e-01 9.234999e-01
    outer loop
      vertex   3.101727e+01 3.731964e+01 1.394296e+00
      vertex   3.117404e+01 3.704811e+01 1.524167e+00
      vertex   3.134901e+01 3.747940e+01 1.394296e+00
    endloop
  endfacet
  facet normal -5.596779e-02 1.162183e-01 9.916456e-01
    outer loop
      vertex   3.101727e+01 3.731964e+01 1.394296e+00
      vertex   3.134901e+01 3.747940e+01 1.394296e+00
      vertex   3.092221e+01 3.765183e+01 1.350000e+00
    endloop
  endfacet
  facet normal -5.287038e-02 1.236964e-01 9.909107e-01
    outer loop
      vertex   3.092221e+01 3.765183e+01 1.350000e+00
      vertex   3.134901e+01 3.747940e+01 1.394296e+00
      vertex   3.138379e+01 3.784912e+01 1.350000e+00
    endloop
  endfacet
  facet normal -3.774804e-02 1.223762e-01 9.917657e-01
    outer loop
      vertex   3.138379e+01 3.784912e+01 1.350000e+00
      vertex   3.134901e+01 3.747940e+01 1.394296e+00
      vertex   3.170085e+01 3.758793e+01 1.394296e+00
    endloop
  endfacet
  facet normal -3.003354e-02 1.315855e-01 9.908498e-01
    outer loop
      vertex   3.138379e+01 3.784912e+01 1.350000e+00
      vertex   3.170085e+01 3.758793e+01 1.394296e+00
      vertex   3.187319e+01 3.796082e+01 1.350000e+00
    endloop
  endfacet
  facet normal -1.908721e-02 1.266354e-01 9.917657e-01
    outer loop
      vertex   3.187319e+01 3.796082e+01 1.350000e+00
      vertex   3.170085e+01 3.758793e+01 1.394296e+00
      vertex   3.206494e+01 3.764281e+01 1.394296e+00
    endloop
  endfacet
  facet normal -6.035292e-03 1.343862e-01 9.909107e-01
    outer loop
      vertex   3.187319e+01 3.796082e+01 1.350000e+00
      vertex   3.206494e+01 3.764281e+01 1.394296e+00
      vertex   3.237466e+01 3.798334e+01 1.350000e+00
    endloop
  endfacet
  facet normal 0.000000e+00 1.289926e-01 9.916456e-01
    outer loop
      vertex   3.237466e+01 3.798334e+01 1.350000e+00
      vertex   3.206494e+01 3.764281e+01 1.394296e+00
      vertex   3.243314e+01 3.764281e+01 1.394296e+00
    endloop
  endfacet
  facet normal 1.787935e-02 1.319907e-01 9.910897e-01
    outer loop
      vertex   3.237466e+01 3.798334e+01 1.350000e+00
      vertex   3.243314e+01 3.764281e+01 1.394296e+00
      vertex   3.287210e+01 3.791596e+01 1.350000e+00
    endloop
  endfacet
  facet normal 1.950754e-02 1.294240e-01 9.913974e-01
    outer loop
      vertex   3.287210e+01 3.791596e+01 1.350000e+00
      vertex   3.243314e+01 3.764281e+01 1.394296e+00
      vertex   3.279723e+01 3.758793e+01 1.394296e+00
    endloop
  endfacet
  facet normal 3.857931e-02 1.250710e-01 9.913974e-01
    outer loop
      vertex   3.287210e+01 3.791596e+01 1.350000e+00
      vertex   3.279723e+01 3.758793e+01 1.394296e+00
      vertex   3.314907e+01 3.747940e+01 1.394296e+00
    endloop
  endfacet
  facet normal 1.130677e-01 3.665566e-01 9.234999e-01
    outer loop
      vertex   3.314907e+01 3.747940e+01 1.394296e+00
      vertex   3.279723e+01 3.758793e+01 1.394296e+00
      vertex   3.272746e+01 3.728225e+01 1.524167e+00
    endloop
  endfacet
  facet normal 1.130677e-01 3.665566e-01 9.234999e-01
    outer loop
      vertex   3.314907e+01 3.747940e+01 1.394296e+00
      vertex   3.272746e+01 3.728225e+01 1.524167e+00
      vertex   3.303452e+01 3.718754e+01 1.524167e+00
    endloop
  endfacet
  facet normal 1.797518e-01 5.827409e-01 7.925291e-01
    outer loop
      vertex   3.303452e+01 3.718754e+01 1.524167e+00
      vertex   3.272746e+01 3.728225e+01 1.524167e+00
      vertex   3.266755e+01 3.701977e+01 1.730761e+00
    endloop
  endfacet
  facet normal 1.797518e-01 5.827409e-01 7.925291e-01
    outer loop
      vertex   3.303452e+01 3.718754e+01 1.524167e+00
      vertex   3.266755e+01 3.701977e+01 1.730761e+00
      vertex   3.293616e+01 3.693691e+01 1.730761e+00
    endloop
  endfacet
  facet normal 2.340874e-01 7.588926e-01 6.076884e-01
    outer loop
      vertex   3.293616e+01 3.693691e+01 1.730761e+00
      vertex   3.266755e+01 3.701977e+01 1.730761e+00
      vertex   3.262158e+01 3.681835e+01 2.000000e+00
    endloop
  endfacet
  facet normal 2.340874e-01 7.588926e-01 6.076884e-01
    outer loop
      vertex   3.293616e+01 3.693691e+01 1.730761e+00
      vertex   3.262158e+01 3.681835e+01 2.000000e+00
      vertex   3.286068e+01 3.674460e+01 2.000000e+00
    endloop
  endfacet
  facet normal 2.724297e-01 8.831954e-01 3.817695e-01
    outer loop
      vertex   3.286068e+01 3.674460e+01 2.000000e+00
      vertex   3.262158e+01 3.681835e+01 2.000000e+00
      vertex   3.259268e+01 3.669174e+01 2.313535e+00
    endloop
  endfacet
  facet normal 2.724297e-01 8.831954e-01 3.817695e-01
    outer loop
      vertex   3.286068e+01 3.674460e+01 2.000000e+00
      vertex   3.259268e+01 3.669174e+01 2.313535e+00
      vertex   3.281323e+01 3.662370e+01 2.313535e+00
    endloop
  endfacet
  facet normal 2.923792e-01 9.478701e-01 1.267152e-01
    outer loop
      vertex   3.281323e+01 3.662370e+01 2.313535e+00
      vertex   3.259268e+01 3.669174e+01 2.313535e+00
      vertex   3.278095e+01 3.658868e+01 2.650000e+00
    endloop
  endfacet
  facet normal 4.604374e-01 8.772903e-01 1.354960e-01
    outer loop
      vertex   3.281323e+01 3.662370e+01 2.313535e+00
      vertex   3.278095e+01 3.658868e+01 2.650000e+00
      vertex   3.310114e+01 3.642063e+01 2.650000e+00
    endloop
  endfacet
  facet normal -8.121242e-01 5.605689e-01 1.619161e-01
    outer loop
      vertex   3.092085e+01 3.588324e+01 2.650000e+00
      vertex   3.112627e+01 3.618084e+01 2.650000e+00
      vertex   3.097308e+01 3.605609e+01 2.313535e+00
    endloop
  endfacet
  facet normal -7.758137e-01 6.186908e-01 1.238342e-01
    outer loop
      vertex   3.097308e+01 3.605609e+01 2.313535e+00
      vertex   3.112627e+01 3.618084e+01 2.650000e+00
      vertex   3.111699e+01 3.623655e+01 2.313535e+00
    endloop
  endfacet
  facet normal -7.226137e-01 5.762652e-01 3.817695e-01
    outer loop
      vertex   3.097308e+01 3.605609e+01 2.313535e+00
      vertex   3.111699e+01 3.623655e+01 2.313535e+00
      vertex   3.102179e+01 3.632488e+01 2.000000e+00
    endloop
  endfacet
  facet normal -6.286548e-01 6.775287e-01 3.817695e-01
    outer loop
      vertex   3.102179e+01 3.632488e+01 2.000000e+00
      vertex   3.111699e+01 3.623655e+01 2.313535e+00
      vertex   3.120521e+01 3.649508e+01 2.000000e+00
    endloop
  endfacet
  facet normal -5.401766e-01 5.821719e-01 6.076884e-01
    outer loop
      vertex   3.102179e+01 3.632488e+01 2.000000e+00
      vertex   3.120521e+01 3.649508e+01 2.000000e+00
      vertex   3.107640e+01 3.665660e+01 1.730761e+00
    endloop
  endfacet
  facet normal -4.473750e-01 6.561787e-01 6.076884e-01
    outer loop
      vertex   3.107640e+01 3.665660e+01 1.730761e+00
      vertex   3.120521e+01 3.649508e+01 2.000000e+00
      vertex   3.130866e+01 3.681495e+01 1.730761e+00
    endloop
  endfacet
  facet normal -3.435318e-01 5.038686e-01 7.925291e-01
    outer loop
      vertex   3.107640e+01 3.665660e+01 1.730761e+00
      vertex   3.130866e+01 3.681495e+01 1.730761e+00
      vertex   3.117404e+01 3.704811e+01 1.524167e+00
    endloop
  endfacet
  facet normal -2.645971e-01 5.494416e-01 7.925291e-01
    outer loop
      vertex   3.117404e+01 3.704811e+01 1.524167e+00
      vertex   3.130866e+01 3.681495e+01 1.730761e+00
      vertex   3.146356e+01 3.718754e+01 1.524167e+00
    endloop
  endfacet
  facet normal -1.664373e-01 3.456106e-01 9.234999e-01
    outer loop
      vertex   3.117404e+01 3.704811e+01 1.524167e+00
      vertex   3.146356e+01 3.718754e+01 1.524167e+00
      vertex   3.134901e+01 3.747940e+01 1.394296e+00
    endloop
  endfacet
  facet normal -1.130677e-01 3.665566e-01 9.234999e-01
    outer loop
      vertex   3.134901e+01 3.747940e+01 1.394296e+00
      vertex   3.146356e+01 3.718754e+01 1.524167e+00
      vertex   3.170085e+01 3.758793e+01 1.394296e+00
    endloop
  endfacet
  facet normal -6.565166e-01 7.410540e-01 1.408009e-01
    outer loop
      vertex   3.112627e+01 3.618084e+01 2.650000e+00
      vertex   3.139694e+01 3.642063e+01 2.650000e+00
      vertex   3.111699e+01 3.623655e+01 2.313535e+00
    endloop
  endfacet
  facet normal -6.711136e-01 7.232885e-01 1.626662e-01
    outer loop
      vertex   3.111699e+01 3.623655e+01 2.313535e+00
      vertex   3.139694e+01 3.642063e+01 2.650000e+00
      vertex   3.128619e+01 3.639354e+01 2.313535e+00
    endloop
  endfacet
  facet normal -6.286548e-01 6.775287e-01 3.817695e-01
    outer loop
      vertex   3.111699e+01 3.623655e+01 2.313535e+00
      vertex   3.128619e+01 3.639354e+01 2.313535e+00
      vertex   3.120521e+01 3.649508e+01 2.000000e+00
    endloop
  endfacet
  facet normal -5.206528e-01 7.636574e-01 3.817695e-01
    outer loop
      vertex   3.120521e+01 3.649508e+01 2.000000e+00
      vertex   3.128619e+01 3.639354e+01 2.313535e+00
      vertex   3.141196e+01 3.663603e+01 2.000000e+00
    endloop
  endfacet
  facet normal -4.473750e-01 6.561787e-01 6.076884e-01
    outer loop
      vertex   3.120521e+01 3.649508e+01 2.000000e+00
      vertex   3.141196e+01 3.663603e+01 2.000000e+00
      vertex   3.130866e+01 3.681495e+01 1.730761e+00
    endloop
  endfacet
  facet normal -3.445799e-01 7.155275e-01 6.076884e-01
    outer loop
      vertex   3.130866e+01 3.681495e+01 1.730761e+00
      vertex   3.141196e+01 3.663603e+01 2.000000e+00
      vertex   3.156192e+01 3.693691e+01 1.730761e+00
    endloop
  endfacet
  facet normal -2.645971e-01 5.494416e-01 7.925291e-01
    outer loop
      vertex   3.130866e+01 3.681495e+01 1.730761e+00
      vertex   3.156192e+01 3.693691e+01 1.730761e+00
      vertex   3.146356e+01 3.718754e+01 1.524167e+00
    endloop
  endfacet
  facet normal -1.797518e-01 5.827409e-01 7.925291e-01
    outer loop
      vertex   3.146356e+01 3.718754e+01 1.524167e+00
      vertex   3.156192e+01 3.693691e+01 1.730761e+00
      vertex   3.177062e+01 3.728225e+01 1.524167e+00
    endloop
  endfacet
  facet normal -1.130677e-01 3.665566e-01 9.234999e-01
    outer loop
      vertex   3.146356e+01 3.718754e+01 1.524167e+00
      vertex   3.177062e+01 3.728225e+01 1.524167e+00
      vertex   3.170085e+01 3.758793e+01 1.394296e+00
    endloop
  endfacet
  facet normal -5.717243e-02 3.793143e-01 9.234999e-01
    outer loop
      vertex   3.170085e+01 3.758793e+01 1.394296e+00
      vertex   3.177062e+01 3.728225e+01 1.524167e+00
      vertex   3.206494e+01 3.764281e+01 1.394296e+00
    endloop
  endfacet
  facet normal -5.593804e-01 8.204604e-01 1.180609e-01
    outer loop
      vertex   3.128619e+01 3.639354e+01 2.313535e+00
      vertex   3.139694e+01 3.642063e+01 2.650000e+00
      vertex   3.147689e+01 3.652356e+01 2.313535e+00
    endloop
  endfacet
  facet normal -4.588554e-01 8.742759e-01 1.584092e-01
    outer loop
      vertex   3.147689e+01 3.652356e+01 2.313535e+00
      vertex   3.139694e+01 3.642063e+01 2.650000e+00
      vertex   3.171713e+01 3.658868e+01 2.650000e+00
    endloop
  endfacet
  facet normal -4.299597e-01 8.928204e-01 1.341878e-01
    outer loop
      vertex   3.147689e+01 3.652356e+01 2.313535e+00
      vertex   3.171713e+01 3.658868e+01 2.650000e+00
      vertex   3.168484e+01 3.662370e+01 2.313535e+00
    endloop
  endfacet
  facet normal -2.923792e-01 9.478701e-01 1.267152e-01
    outer loop
      vertex   3.168484e+01 3.662370e+01 2.313535e+00
      vertex   3.171713e+01 3.658868e+01 2.650000e+00
      vertex   3.190540e+01 3.669174e+01 2.313535e+00
    endloop
  endfacet
  facet normal -2.724297e-01 8.831954e-01 3.817695e-01
    outer loop
      vertex   3.168484e+01 3.662370e+01 2.313535e+00
      vertex   3.190540e+01 3.669174e+01 2.313535e+00
      vertex   3.187650e+01 3.681835e+01 2.000000e+00
    endloop
  endfacet
  facet normal -1.377534e-01 9.139344e-01 3.817695e-01
    outer loop
      vertex   3.187650e+01 3.681835e+01 2.000000e+00
      vertex   3.190540e+01 3.669174e+01 2.313535e+00
      vertex   3.212393e+01 3.685564e+01 2.000000e+00
    endloop
  endfacet
  facet normal -1.183657e-01 7.853053e-01 6.076884e-01
    outer loop
      vertex   3.187650e+01 3.681835e+01 2.000000e+00
      vertex   3.212393e+01 3.685564e+01 2.000000e+00
      vertex   3.210849e+01 3.706166e+01 1.730761e+00
    endloop
  endfacet
  facet normal -0.000000e+00 7.941756e-01 6.076884e-01
    outer loop
      vertex   3.210849e+01 3.706166e+01 1.730761e+00
      vertex   3.212393e+01 3.685564e+01 2.000000e+00
      vertex   3.238959e+01 3.706166e+01 1.730761e+00
    endloop
  endfacet
  facet normal -0.000000e+00 6.098342e-01 7.925291e-01
    outer loop
      vertex   3.210849e+01 3.706166e+01 1.730761e+00
      vertex   3.238959e+01 3.706166e+01 1.730761e+00
      vertex   3.240971e+01 3.733015e+01 1.524167e+00
    endloop
  endfacet
  facet normal 9.089106e-02 6.030228e-01 7.925291e-01
    outer loop
      vertex   3.240971e+01 3.733015e+01 1.524167e+00
      vertex   3.238959e+01 3.706166e+01 1.730761e+00
      vertex   3.272746e+01 3.728225e+01 1.524167e+00
    endloop
  endfacet
  facet normal 5.717243e-02 3.793143e-01 9.234999e-01
    outer loop
      vertex   3.240971e+01 3.733015e+01 1.524167e+00
      vertex   3.272746e+01 3.728225e+01 1.524167e+00
      vertex   3.279723e+01 3.758793e+01 1.394296e+00
    endloop
  endfacet
  facet normal -2.361807e-01 9.582227e-01 1.613320e-01
    outer loop
      vertex   3.171713e+01 3.658868e+01 2.650000e+00
      vertex   3.206823e+01 3.667522e+01 2.650000e+00
      vertex   3.190540e+01 3.669174e+01 2.313535e+00
    endloop
  endfacet
  facet normal -1.479690e-01 9.817100e-01 1.197944e-01
    outer loop
      vertex   3.190540e+01 3.669174e+01 2.313535e+00
      vertex   3.206823e+01 3.667522e+01 2.650000e+00
      vertex   3.213363e+01 3.672614e+01 2.313535e+00
    endloop
  endfacet
  facet normal -1.377534e-01 9.139344e-01 3.817695e-01
    outer loop
      vertex   3.190540e+01 3.669174e+01 2.313535e+00
      vertex   3.213363e+01 3.672614e+01 2.313535e+00
      vertex   3.212393e+01 3.685564e+01 2.000000e+00
    endloop
  endfacet
  facet normal -0.000000e+00 9.242576e-01 3.817695e-01
    outer loop
      vertex   3.212393e+01 3.685564e+01 2.000000e+00
      vertex   3.213363e+01 3.672614e+01 2.313535e+00
      vertex   3.237415e+01 3.685564e+01 2.000000e+00
    endloop
  endfacet
  facet normal -0.000000e+00 7.941756e-01 6.076884e-01
    outer loop
      vertex   3.212393e+01 3.685564e+01 2.000000e+00
      vertex   3.237415e+01 3.685564e+01 2.000000e+00
      vertex   3.238959e+01 3.706166e+01 1.730761e+00
    endloop
  endfacet
  facet normal 1.183657e-01 7.853053e-01 6.076884e-01
    outer loop
      vertex   3.238959e+01 3.706166e+01 1.730761e+00
      vertex   3.237415e+01 3.685564e+01 2.000000e+00
      vertex   3.266755e+01 3.701977e+01 1.730761e+00
    endloop
  endfacet
  facet normal 9.089106e-02 6.030228e-01 7.925291e-01
    outer loop
      vertex   3.238959e+01 3.706166e+01 1.730761e+00
      vertex   3.266755e+01 3.701977e+01 1.730761e+00
      vertex   3.272746e+01 3.728225e+01 1.524167e+00
    endloop
  endfacet
  facet normal -0.000000e+00 9.887436e-01 1.496199e-01
    outer loop
      vertex   3.206823e+01 3.667522e+01 2.650000e+00
      vertex   3.242984e+01 3.667522e+01 2.650000e+00
      vertex   3.213363e+01 3.672614e+01 2.313535e+00
    endloop
  endfacet
  facet normal -0.000000e+00 9.887436e-01 1.496199e-01
    outer loop
      vertex   3.213363e+01 3.672614e+01 2.313535e+00
      vertex   3.242984e+01 3.667522e+01 2.650000e+00
      vertex   3.236444e+01 3.672614e+01 2.313535e+00
    endloop
  endfacet
  facet normal -0.000000e+00 9.242576e-01 3.817695e-01
    outer loop
      vertex   3.213363e+01 3.672614e+01 2.313535e+00
      vertex   3.236444e+01 3.672614e+01 2.313535e+00
      vertex   3.237415e+01 3.685564e+01 2.000000e+00
    endloop
  endfacet
  facet normal 1.377534e-01 9.139344e-01 3.817695e-01
    outer loop
      vertex   3.237415e+01 3.685564e+01 2.000000e+00
      vertex   3.236444e+01 3.672614e+01 2.313535e+00
      vertex   3.262158e+01 3.681835e+01 2.000000e+00
    endloop
  endfacet
  facet normal 1.183657e-01 7.853053e-01 6.076884e-01
    outer loop
      vertex   3.237415e+01 3.685564e+01 2.000000e+00
      vertex   3.262158e+01 3.681835e+01 2.000000e+00
      vertex   3.266755e+01 3.701977e+01 1.730761e+00
    endloop
  endfacet
  facet normal 1.479690e-01 9.817100e-01 1.197944e-01
    outer loop
      vertex   3.236444e+01 3.672614e+01 2.313535e+00
      vertex   3.242984e+01 3.667522e+01 2.650000e+00
      vertex   3.259268e+01 3.669174e+01 2.313535e+00
    endloop
  endfacet
  facet normal 2.361807e-01 9.582227e-01 1.613320e-01
    outer loop
      vertex   3.259268e+01 3.669174e+01 2.313535e+00
      vertex   3.242984e+01 3.667522e+01 2.650000e+00
      vertex   3.278095e+01 3.658868e+01 2.650000e+00
    endloop
  endfacet
  facet normal 6.549969e-01 7.393387e-01 1.560684e-01
    outer loop
      vertex   3.337180e+01 3.618084e+01 2.650000e+00
      vertex   3.321189e+01 3.639354e+01 2.313535e+00
      vertex   3.310114e+01 3.642063e+01 2.650000e+00
    endloop
  endfacet
  facet normal 5.593804e-01 8.204604e-01 1.180609e-01
    outer loop
      vertex   3.310114e+01 3.642063e+01 2.650000e+00
      vertex   3.321189e+01 3.639354e+01 2.313535e+00
      vertex   3.302119e+01 3.652356e+01 2.313535e+00
    endloop
  endfacet
  facet normal 4.275684e-01 8.878549e-01 1.699972e-01
    outer loop
      vertex   3.310114e+01 3.642063e+01 2.650000e+00
      vertex   3.302119e+01 3.652356e+01 2.313535e+00
      vertex   3.281323e+01 3.662370e+01 2.313535e+00
    endloop
  endfacet
  facet normal 4.010203e-01 8.327273e-01 3.817695e-01
    outer loop
      vertex   3.281323e+01 3.662370e+01 2.313535e+00
      vertex   3.302119e+01 3.652356e+01 2.313535e+00
      vertex   3.308612e+01 3.663603e+01 2.000000e+00
    endloop
  endfacet
  facet normal 4.010203e-01 8.327273e-01 3.817695e-01
    outer loop
      vertex   3.281323e+01 3.662370e+01 2.313535e+00
      vertex   3.308612e+01 3.663603e+01 2.000000e+00
      vertex   3.286068e+01 3.674460e+01 2.000000e+00
    endloop
  endfacet
  facet normal 3.445799e-01 7.155275e-01 6.076884e-01
    outer loop
      vertex   3.286068e+01 3.674460e+01 2.000000e+00
      vertex   3.308612e+01 3.663603e+01 2.000000e+00
      vertex   3.318942e+01 3.681495e+01 1.730761e+00
    endloop
  endfacet
  facet normal 3.445799e-01 7.155275e-01 6.076884e-01
    outer loop
      vertex   3.286068e+01 3.674460e+01 2.000000e+00
      vertex   3.318942e+01 3.681495e+01 1.730761e+00
      vertex   3.293616e+01 3.693691e+01 1.730761e+00
    endloop
  endfacet
  facet normal 2.645971e-01 5.494416e-01 7.925291e-01
    outer loop
      vertex   3.293616e+01 3.693691e+01 1.730761e+00
      vertex   3.318942e+01 3.681495e+01 1.730761e+00
      vertex   3.332404e+01 3.704811e+01 1.524167e+00
    endloop
  endfacet
  facet normal 2.645971e-01 5.494416e-01 7.925291e-01
    outer loop
      vertex   3.293616e+01 3.693691e+01 1.730761e+00
      vertex   3.332404e+01 3.704811e+01 1.524167e+00
      vertex   3.303452e+01 3.718754e+01 1.524167e+00
    endloop
  endfacet
  facet normal 1.664373e-01 3.456106e-01 9.234999e-01
    outer loop
      vertex   3.303452e+01 3.718754e+01 1.524167e+00
      vertex   3.332404e+01 3.704811e+01 1.524167e+00
      vertex   3.348081e+01 3.731964e+01 1.394296e+00
    endloop
  endfacet
  facet normal 1.664373e-01 3.456106e-01 9.234999e-01
    outer loop
      vertex   3.303452e+01 3.718754e+01 1.524167e+00
      vertex   3.348081e+01 3.731964e+01 1.394296e+00
      vertex   3.314907e+01 3.747940e+01 1.394296e+00
    endloop
  endfacet
  facet normal 5.596779e-02 1.162183e-01 9.916456e-01
    outer loop
      vertex   3.314907e+01 3.747940e+01 1.394296e+00
      vertex   3.348081e+01 3.731964e+01 1.394296e+00
      vertex   3.334951e+01 3.776084e+01 1.350000e+00
    endloop
  endfacet
  facet normal 4.115986e-02 1.266770e-01 9.910897e-01
    outer loop
      vertex   3.314907e+01 3.747940e+01 1.394296e+00
      vertex   3.334951e+01 3.776084e+01 1.350000e+00
      vertex   3.287210e+01 3.791596e+01 1.350000e+00
    endloop
  endfacet
  facet normal 8.121242e-01 5.605689e-01 1.619161e-01
    outer loop
      vertex   3.357722e+01 3.588324e+01 2.650000e+00
      vertex   3.352500e+01 3.605609e+01 2.313535e+00
      vertex   3.337180e+01 3.618084e+01 2.650000e+00
    endloop
  endfacet
  facet normal 7.758137e-01 6.186908e-01 1.238342e-01
    outer loop
      vertex   3.337180e+01 3.618084e+01 2.650000e+00
      vertex   3.352500e+01 3.605609e+01 2.313535e+00
      vertex   3.338109e+01 3.623655e+01 2.313535e+00
    endloop
  endfacet
  facet normal 6.735915e-01 7.259590e-01 1.387729e-01
    outer loop
      vertex   3.337180e+01 3.618084e+01 2.650000e+00
      vertex   3.338109e+01 3.623655e+01 2.313535e+00
      vertex   3.321189e+01 3.639354e+01 2.313535e+00
    endloop
  endfacet
  facet normal 6.286548e-01 6.775287e-01 3.817695e-01
    outer loop
      vertex   3.321189e+01 3.639354e+01 2.313535e+00
      vertex   3.338109e+01 3.623655e+01 2.313535e+00
      vertex   3.347629e+01 3.632488e+01 2.000000e+00
    endloop
  endfacet
  facet normal 6.286548e-01 6.775287e-01 3.817695e-01
    outer loop
      vertex   3.321189e+01 3.639354e+01 2.313535e+00
      vertex   3.347629e+01 3.632488e+01 2.000000e+00
      vertex   3.329286e+01 3.649508e+01 2.000000e+00
    endloop
  endfacet
  facet normal 5.401766e-01 5.821719e-01 6.076884e-01
    outer loop
      vertex   3.329286e+01 3.649508e+01 2.000000e+00
      vertex   3.347629e+01 3.632488e+01 2.000000e+00
      vertex   3.362773e+01 3.646540e+01 1.730761e+00
    endloop
  endfacet
  facet normal 5.401766e-01 5.821719e-01 6.076884e-01
    outer loop
      vertex   3.329286e+01 3.649508e+01 2.000000e+00
      vertex   3.362773e+01 3.646540e+01 1.730761e+00
      vertex   3.342167e+01 3.665660e+01 1.730761e+00
    endloop
  endfacet
  facet normal 4.147926e-01 4.470401e-01 7.925291e-01
    outer loop
      vertex   3.342167e+01 3.665660e+01 1.730761e+00
      vertex   3.362773e+01 3.646540e+01 1.730761e+00
      vertex   3.382510e+01 3.664853e+01 1.524167e+00
    endloop
  endfacet
  facet normal 4.147926e-01 4.470401e-01 7.925291e-01
    outer loop
      vertex   3.342167e+01 3.665660e+01 1.730761e+00
      vertex   3.382510e+01 3.664853e+01 1.524167e+00
      vertex   3.358954e+01 3.686710e+01 1.524167e+00
    endloop
  endfacet
  facet normal 2.609134e-01 2.811978e-01 9.234999e-01
    outer loop
      vertex   3.358954e+01 3.686710e+01 1.524167e+00
      vertex   3.382510e+01 3.664853e+01 1.524167e+00
      vertex   3.405494e+01 3.686179e+01 1.394296e+00
    endloop
  endfacet
  facet normal 2.609134e-01 2.811978e-01 9.234999e-01
    outer loop
      vertex   3.358954e+01 3.686710e+01 1.524167e+00
      vertex   3.405494e+01 3.686179e+01 1.394296e+00
      vertex   3.378503e+01 3.711223e+01 1.394296e+00
    endloop
  endfacet
  facet normal 8.710683e-02 9.387884e-02 9.917657e-01
    outer loop
      vertex   3.378503e+01 3.711223e+01 1.394296e+00
      vertex   3.405494e+01 3.686179e+01 1.394296e+00
      vertex   3.418401e+01 3.720998e+01 1.350000e+00
    endloop
  endfacet
  facet normal 8.415210e-02 1.055234e-01 9.908498e-01
    outer loop
      vertex   3.378503e+01 3.711223e+01 1.394296e+00
      vertex   3.418401e+01 3.720998e+01 1.350000e+00
      vertex   3.379155e+01 3.752296e+01 1.350000e+00
    endloop
  endfacet
  facet normal 8.596066e-01 4.962941e-01 1.215266e-01
    outer loop
      vertex   3.352500e+01 3.605609e+01 2.313535e+00
      vertex   3.357722e+01 3.588324e+01 2.650000e+00
      vertex   3.364040e+01 3.585620e+01 2.313535e+00
    endloop
  endfacet
  facet normal 9.250649e-01 3.508309e-01 1.455080e-01
    outer loop
      vertex   3.364040e+01 3.585620e+01 2.313535e+00
      vertex   3.357722e+01 3.588324e+01 2.650000e+00
      vertex   3.370545e+01 3.554513e+01 2.650000e+00
    endloop
  endfacet
  facet normal 9.194960e-01 3.608756e-01 1.558713e-01
    outer loop
      vertex   3.364040e+01 3.585620e+01 2.313535e+00
      vertex   3.370545e+01 3.554513e+01 2.650000e+00
      vertex   3.372473e+01 3.564135e+01 2.313535e+00
    endloop
  endfacet
  facet normal 9.680425e-01 2.209494e-01 1.186389e-01
    outer loop
      vertex   3.372473e+01 3.564135e+01 2.313535e+00
      vertex   3.370545e+01 3.554513e+01 2.650000e+00
      vertex   3.377609e+01 3.541632e+01 2.313535e+00
    endloop
  endfacet
  facet normal 9.010845e-01 2.056667e-01 3.817695e-01
    outer loop
      vertex   3.372473e+01 3.564135e+01 2.313535e+00
      vertex   3.377609e+01 3.541632e+01 2.313535e+00
      vertex   3.390451e+01 3.543568e+01 2.000000e+00
    endloop
  endfacet
  facet normal 9.216731e-01 6.906985e-02 3.817695e-01
    outer loop
      vertex   3.390451e+01 3.543568e+01 2.000000e+00
      vertex   3.377609e+01 3.541632e+01 2.313535e+00
      vertex   3.392321e+01 3.518616e+01 2.000000e+00
    endloop
  endfacet
  facet normal 7.919549e-01 5.934882e-02 6.076884e-01
    outer loop
      vertex   3.390451e+01 3.543568e+01 2.000000e+00
      vertex   3.392321e+01 3.518616e+01 2.000000e+00
      vertex   3.412980e+01 3.518616e+01 1.730761e+00
    endloop
  endfacet
  facet normal 7.919549e-01 -5.934882e-02 6.076884e-01
    outer loop
      vertex   3.412980e+01 3.518616e+01 1.730761e+00
      vertex   3.392321e+01 3.518616e+01 2.000000e+00
      vertex   3.410879e+01 3.490585e+01 1.730761e+00
    endloop
  endfacet
  facet normal 6.081289e-01 -4.557296e-02 7.925291e-01
    outer loop
      vertex   3.412980e+01 3.518616e+01 1.730761e+00
      vertex   3.410879e+01 3.490585e+01 1.730761e+00
      vertex   3.437503e+01 3.486572e+01 1.524167e+00
    endloop
  endfacet
  facet normal 5.945443e-01 -1.357009e-01 7.925291e-01
    outer loop
      vertex   3.437503e+01 3.486572e+01 1.524167e+00
      vertex   3.410879e+01 3.490585e+01 1.730761e+00
      vertex   3.430352e+01 3.455244e+01 1.524167e+00
    endloop
  endfacet
  facet normal 3.739812e-01 -8.535876e-02 9.234999e-01
    outer loop
      vertex   3.437503e+01 3.486572e+01 1.524167e+00
      vertex   3.430352e+01 3.455244e+01 1.524167e+00
      vertex   3.460313e+01 3.446002e+01 1.394296e+00
    endloop
  endfacet
  facet normal 3.570820e-01 -1.401444e-01 9.234999e-01
    outer loop
      vertex   3.460313e+01 3.446002e+01 1.394296e+00
      vertex   3.430352e+01 3.455244e+01 1.524167e+00
      vertex   3.446861e+01 3.411727e+01 1.394296e+00
    endloop
  endfacet
  facet normal 1.218383e-01 -4.781800e-02 9.913974e-01
    outer loop
      vertex   3.460313e+01 3.446002e+01 1.394296e+00
      vertex   3.446861e+01 3.411727e+01 1.394296e+00
      vertex   3.477175e+01 3.397128e+01 1.350000e+00
    endloop
  endfacet
  facet normal 1.133505e-01 -6.544297e-02 9.913974e-01
    outer loop
      vertex   3.477175e+01 3.397128e+01 1.350000e+00
      vertex   3.446861e+01 3.411727e+01 1.394296e+00
      vertex   3.428451e+01 3.379840e+01 1.394296e+00
    endloop
  endfacet
  facet normal 1.143420e-01 -6.831619e-02 9.910897e-01
    outer loop
      vertex   3.477175e+01 3.397128e+01 1.350000e+00
      vertex   3.428451e+01 3.379840e+01 1.394296e+00
      vertex   3.451429e+01 3.354036e+01 1.350000e+00
    endloop
  endfacet
  facet normal 1.008505e-01 -8.042557e-02 9.916456e-01
    outer loop
      vertex   3.451429e+01 3.354036e+01 1.350000e+00
      vertex   3.428451e+01 3.379840e+01 1.394296e+00
      vertex   3.405494e+01 3.351053e+01 1.394296e+00
    endloop
  endfacet
  facet normal 1.013044e-01 -8.850702e-02 9.909107e-01
    outer loop
      vertex   3.451429e+01 3.354036e+01 1.350000e+00
      vertex   3.405494e+01 3.351053e+01 1.394296e+00
      vertex   3.418401e+01 3.316233e+01 1.350000e+00
    endloop
  endfacet
  facet normal 8.710683e-02 -9.387884e-02 9.917657e-01
    outer loop
      vertex   3.418401e+01 3.316233e+01 1.350000e+00
      vertex   3.405494e+01 3.351053e+01 1.394296e+00
      vertex   3.378503e+01 3.326009e+01 1.394296e+00
    endloop
  endfacet
  facet normal 8.415210e-02 -1.055234e-01 9.908498e-01
    outer loop
      vertex   3.418401e+01 3.316233e+01 1.350000e+00
      vertex   3.378503e+01 3.326009e+01 1.394296e+00
      vertex   3.379155e+01 3.284935e+01 1.350000e+00
    endloop
  endfacet
  facet normal 7.214201e-02 -1.058129e-01 9.917657e-01
    outer loop
      vertex   3.379155e+01 3.284935e+01 1.350000e+00
      vertex   3.378503e+01 3.326009e+01 1.394296e+00
      vertex   3.348081e+01 3.305267e+01 1.394296e+00
    endloop
  endfacet
  facet normal 6.374560e-02 -1.184592e-01 9.909107e-01
    outer loop
      vertex   3.379155e+01 3.284935e+01 1.350000e+00
      vertex   3.348081e+01 3.305267e+01 1.394296e+00
      vertex   3.334951e+01 3.261148e+01 1.350000e+00
    endloop
  endfacet
  facet normal 5.596779e-02 -1.162183e-01 9.916456e-01
    outer loop
      vertex   3.334951e+01 3.261148e+01 1.350000e+00
      vertex   3.348081e+01 3.305267e+01 1.394296e+00
      vertex   3.314907e+01 3.289292e+01 1.394296e+00
    endloop
  endfacet
  facet normal 4.115986e-02 -1.266770e-01 9.910897e-01
    outer loop
      vertex   3.334951e+01 3.261148e+01 1.350000e+00
      vertex   3.314907e+01 3.289292e+01 1.394296e+00
      vertex   3.287210e+01 3.245636e+01 1.350000e+00
    endloop
  endfacet
  facet normal 3.857931e-02 -1.250710e-01 9.913974e-01
    outer loop
      vertex   3.287210e+01 3.245636e+01 1.350000e+00
      vertex   3.314907e+01 3.289292e+01 1.394296e+00
      vertex   3.279723e+01 3.278439e+01 1.394296e+00
    endloop
  endfacet
  facet normal 1.950754e-02 -1.294240e-01 9.913974e-01
    outer loop
      vertex   3.287210e+01 3.245636e+01 1.350000e+00
      vertex   3.279723e+01 3.278439e+01 1.394296e+00
      vertex   3.243314e+01 3.272951e+01 1.394296e+00
    endloop
  endfacet
  facet normal 5.717243e-02 -3.793143e-01 9.234999e-01
    outer loop
      vertex   3.243314e+01 3.272951e+01 1.394296e+00
      vertex   3.279723e+01 3.278439e+01 1.394296e+00
      vertex   3.272746e+01 3.309006e+01 1.524167e+00
    endloop
  endfacet
  facet normal 5.717243e-02 -3.793143e-01 9.234999e-01
    outer loop
      vertex   3.243314e+01 3.272951e+01 1.394296e+00
      vertex   3.272746e+01 3.309006e+01 1.524167e+00
      vertex   3.240971e+01 3.304217e+01 1.524167e+00
    endloop
  endfacet
  facet normal 9.089106e-02 -6.030228e-01 7.925291e-01
    outer loop
      vertex   3.240971e+01 3.304217e+01 1.524167e+00
      vertex   3.272746e+01 3.309006e+01 1.524167e+00
      vertex   3.266755e+01 3.335255e+01 1.730761e+00
    endloop
  endfacet
  facet normal 9.089106e-02 -6.030228e-01 7.925291e-01
    outer loop
      vertex   3.240971e+01 3.304217e+01 1.524167e+00
      vertex   3.266755e+01 3.335255e+01 1.730761e+00
      vertex   3.238959e+01 3.331066e+01 1.730761e+00
    endloop
  endfacet
  facet normal 1.183657e-01 -7.853053e-01 6.076884e-01
    outer loop
      vertex   3.238959e+01 3.331066e+01 1.730761e+00
      vertex   3.266755e+01 3.335255e+01 1.730761e+00
      vertex   3.262158e+01 3.355397e+01 2.000000e+00
    endloop
  endfacet
  facet normal 1.183657e-01 -7.853053e-01 6.076884e-01
    outer loop
      vertex   3.238959e+01 3.331066e+01 1.730761e+00
      vertex   3.262158e+01 3.355397e+01 2.000000e+00
      vertex   3.237415e+01 3.351667e+01 2.000000e+00
    endloop
  endfacet
  facet normal 1.377534e-01 -9.139344e-01 3.817695e-01
    outer loop
      vertex   3.237415e+01 3.351667e+01 2.000000e+00
      vertex   3.262158e+01 3.355397e+01 2.000000e+00
      vertex   3.259268e+01 3.368058e+01 2.313535e+00
    endloop
  endfacet
  facet normal 1.377534e-01 -9.139344e-01 3.817695e-01
    outer loop
      vertex   3.237415e+01 3.351667e+01 2.000000e+00
      vertex   3.259268e+01 3.368058e+01 2.313535e+00
      vertex   3.236444e+01 3.364618e+01 2.313535e+00
    endloop
  endfacet
  facet normal 1.479690e-01 -9.817100e-01 1.197944e-01
    outer loop
      vertex   3.236444e+01 3.364618e+01 2.313535e+00
      vertex   3.259268e+01 3.368058e+01 2.313535e+00
      vertex   3.242984e+01 3.369710e+01 2.650000e+00
    endloop
  endfacet
  facet normal 0.000000e+00 -9.887436e-01 1.496199e-01
    outer loop
      vertex   3.236444e+01 3.364618e+01 2.313535e+00
      vertex   3.242984e+01 3.369710e+01 2.650000e+00
      vertex   3.206823e+01 3.369710e+01 2.650000e+00
    endloop
  endfacet
  facet normal 9.798935e-01 1.189806e-01 1.601633e-01
    outer loop
      vertex   3.370545e+01 3.554513e+01 2.650000e+00
      vertex   3.374904e+01 3.518616e+01 2.650000e+00
      vertex   3.377609e+01 3.541632e+01 2.313535e+00
    endloop
  endfacet
  facet normal 9.887196e-01 7.409429e-02 1.301674e-01
    outer loop
      vertex   3.377609e+01 3.541632e+01 2.313535e+00
      vertex   3.374904e+01 3.518616e+01 2.650000e+00
      vertex   3.379334e+01 3.518616e+01 2.313535e+00
    endloop
  endfacet
  facet normal 9.216731e-01 6.906985e-02 3.817695e-01
    outer loop
      vertex   3.377609e+01 3.541632e+01 2.313535e+00
      vertex   3.379334e+01 3.518616e+01 2.313535e+00
      vertex   3.392321e+01 3.518616e+01 2.000000e+00
    endloop
  endfacet
  facet normal 9.216731e-01 -6.906985e-02 3.817695e-01
    outer loop
      vertex   3.392321e+01 3.518616e+01 2.000000e+00
      vertex   3.379334e+01 3.518616e+01 2.313535e+00
      vertex   3.390451e+01 3.493664e+01 2.000000e+00
    endloop
  endfacet
  facet normal 7.919549e-01 -5.934882e-02 6.076884e-01
    outer loop
      vertex   3.392321e+01 3.518616e+01 2.000000e+00
      vertex   3.390451e+01 3.493664e+01 2.000000e+00
      vertex   3.410879e+01 3.490585e+01 1.730761e+00
    endloop
  endfacet
  facet normal 7.742639e-01 -1.767207e-01 6.076884e-01
    outer loop
      vertex   3.410879e+01 3.490585e+01 1.730761e+00
      vertex   3.390451e+01 3.493664e+01 2.000000e+00
      vertex   3.404624e+01 3.463179e+01 1.730761e+00
    endloop
  endfacet
  facet normal 5.945443e-01 -1.357009e-01 7.925291e-01
    outer loop
      vertex   3.410879e+01 3.490585e+01 1.730761e+00
      vertex   3.404624e+01 3.463179e+01 1.730761e+00
      vertex   3.430352e+01 3.455244e+01 1.524167e+00
    endloop
  endfacet
  facet normal 5.676786e-01 -2.227974e-01 7.925291e-01
    outer loop
      vertex   3.430352e+01 3.455244e+01 1.524167e+00
      vertex   3.404624e+01 3.463179e+01 1.730761e+00
      vertex   3.418612e+01 3.425331e+01 1.524167e+00
    endloop
  endfacet
  facet normal 3.570820e-01 -1.401444e-01 9.234999e-01
    outer loop
      vertex   3.430352e+01 3.455244e+01 1.524167e+00
      vertex   3.418612e+01 3.425331e+01 1.524167e+00
      vertex   3.446861e+01 3.411727e+01 1.394296e+00
    endloop
  endfacet
  facet normal 3.322063e-01 -1.917994e-01 9.234999e-01
    outer loop
      vertex   3.446861e+01 3.411727e+01 1.394296e+00
      vertex   3.418612e+01 3.425331e+01 1.524167e+00
      vertex   3.428451e+01 3.379840e+01 1.394296e+00
    endloop
  endfacet
  facet normal 9.887196e-01 -7.409429e-02 1.301674e-01
    outer loop
      vertex   3.379334e+01 3.518616e+01 2.313535e+00
      vertex   3.374904e+01 3.518616e+01 2.650000e+00
      vertex   3.377609e+01 3.495599e+01 2.313535e+00
    endloop
  endfacet
  facet normal 9.798935e-01 -1.189806e-01 1.601633e-01
    outer loop
      vertex   3.377609e+01 3.495599e+01 2.313535e+00
      vertex   3.374904e+01 3.518616e+01 2.650000e+00
      vertex   3.370545e+01 3.482719e+01 2.650000e+00
    endloop
  endfacet
  facet normal 9.680425e-01 -2.209494e-01 1.186389e-01
    outer loop
      vertex   3.377609e+01 3.495599e+01 2.313535e+00
      vertex   3.370545e+01 3.482719e+01 2.650000e+00
      vertex   3.372473e+01 3.473097e+01 2.313535e+00
    endloop
  endfacet
  facet normal 9.239874e-01 -3.504222e-01 1.531393e-01
    outer loop
      vertex   3.372473e+01 3.473097e+01 2.313535e+00
      vertex   3.370545e+01 3.482719e+01 2.650000e+00
      vertex   3.357722e+01 3.448907e+01 2.650000e+00
    endloop
  endfacet
  facet normal 9.211829e-01 -3.615377e-01 1.439186e-01
    outer loop
      vertex   3.372473e+01 3.473097e+01 2.313535e+00
      vertex   3.357722e+01 3.448907e+01 2.650000e+00
      vertex   3.364040e+01 3.451611e+01 2.313535e+00
    endloop
  endfacet
  facet normal 8.596066e-01 -4.962941e-01 1.215266e-01
    outer loop
      vertex   3.364040e+01 3.451611e+01 2.313535e+00
      vertex   3.357722e+01 3.448907e+01 2.650000e+00
      vertex   3.352500e+01 3.431623e+01 2.313535e+00
    endloop
  endfacet
  facet normal 8.004305e-01 -4.621288e-01 3.817695e-01
    outer loop
      vertex   3.364040e+01 3.451611e+01 2.313535e+00
      vertex   3.352500e+01 3.431623e+01 2.313535e+00
      vertex   3.363230e+01 3.424307e+01 2.000000e+00
    endloop
  endfacet
  facet normal 7.226137e-01 -5.762652e-01 3.817695e-01
    outer loop
      vertex   3.363230e+01 3.424307e+01 2.000000e+00
      vertex   3.352500e+01 3.431623e+01 2.313535e+00
      vertex   3.347629e+01 3.404744e+01 2.000000e+00
    endloop
  endfacet
  facet normal 6.209115e-01 -4.951604e-01 6.076884e-01
    outer loop
      vertex   3.363230e+01 3.424307e+01 2.000000e+00
      vertex   3.347629e+01 3.404744e+01 2.000000e+00
      vertex   3.362773e+01 3.390692e+01 1.730761e+00
    endloop
  endfacet
  facet normal 5.401766e-01 -5.821719e-01 6.076884e-01
    outer loop
      vertex   3.362773e+01 3.390692e+01 1.730761e+00
      vertex   3.347629e+01 3.404744e+01 2.000000e+00
      vertex   3.342167e+01 3.371572e+01 1.730761e+00
    endloop
  endfacet
  facet normal 4.147926e-01 -4.470401e-01 7.925291e-01
    outer loop
      vertex   3.362773e+01 3.390692e+01 1.730761e+00
      vertex   3.342167e+01 3.371572e+01 1.730761e+00
      vertex   3.358954e+01 3.350522e+01 1.524167e+00
    endloop
  endfacet
  facet normal 3.435318e-01 -5.038686e-01 7.925291e-01
    outer loop
      vertex   3.358954e+01 3.350522e+01 1.524167e+00
      vertex   3.342167e+01 3.371572e+01 1.730761e+00
      vertex   3.332404e+01 3.332420e+01 1.524167e+00
    endloop
  endfacet
  facet normal 2.160889e-01 -3.169442e-01 9.234999e-01
    outer loop
      vertex   3.358954e+01 3.350522e+01 1.524167e+00
      vertex   3.332404e+01 3.332420e+01 1.524167e+00
      vertex   3.348081e+01 3.305267e+01 1.394296e+00
    endloop
  endfacet
  facet normal 1.664373e-01 -3.456106e-01 9.234999e-01
    outer loop
      vertex   3.348081e+01 3.305267e+01 1.394296e+00
      vertex   3.332404e+01 3.332420e+01 1.524167e+00
      vertex   3.314907e+01 3.289292e+01 1.394296e+00
    endloop
  endfacet
  facet normal 8.121242e-01 -5.605689e-01 1.619161e-01
    outer loop
      vertex   3.357722e+01 3.448907e+01 2.650000e+00
      vertex   3.337180e+01 3.419147e+01 2.650000e+00
      vertex   3.352500e+01 3.431623e+01 2.313535e+00
    endloop
  endfacet
  facet normal 7.758137e-01 -6.186908e-01 1.238342e-01
    outer loop
      vertex   3.352500e+01 3.431623e+01 2.313535e+00
      vertex   3.337180e+01 3.419147e+01 2.650000e+00
      vertex   3.338109e+01 3.413577e+01 2.313535e+00
    endloop
  endfacet
  facet normal 7.226137e-01 -5.762652e-01 3.817695e-01
    outer loop
      vertex   3.352500e+01 3.431623e+01 2.313535e+00
      vertex   3.338109e+01 3.413577e+01 2.313535e+00
      vertex   3.347629e+01 3.404744e+01 2.000000e+00
    endloop
  endfacet
  facet normal 6.286548e-01 -6.775287e-01 3.817695e-01
    outer loop
      vertex   3.347629e+01 3.404744e+01 2.000000e+00
      vertex   3.338109e+01 3.413577e+01 2.313535e+00
      vertex   3.329286e+01 3.387724e+01 2.000000e+00
    endloop
  endfacet
  facet normal 5.401766e-01 -5.821719e-01 6.076884e-01
    outer loop
      vertex   3.347629e+01 3.404744e+01 2.000000e+00
      vertex   3.329286e+01 3.387724e+01 2.000000e+00
      vertex   3.342167e+01 3.371572e+01 1.730761e+00
    endloop
  endfacet
  facet normal 4.473750e-01 -6.561787e-01 6.076884e-01
    outer loop
      vertex   3.342167e+01 3.371572e+01 1.730761e+00
      vertex   3.329286e+01 3.387724e+01 2.000000e+00
      vertex   3.318942e+01 3.355737e+01 1.730761e+00
    endloop
  endfacet
  facet normal 3.435318e-01 -5.038686e-01 7.925291e-01
    outer loop
      vertex   3.342167e+01 3.371572e+01 1.730761e+00
      vertex   3.318942e+01 3.355737e+01 1.730761e+00
      vertex   3.332404e+01 3.332420e+01 1.524167e+00
    endloop
  endfacet
  facet normal 2.645971e-01 -5.494416e-01 7.925291e-01
    outer loop
      vertex   3.332404e+01 3.332420e+01 1.524167e+00
      vertex   3.318942e+01 3.355737e+01 1.730761e+00
      vertex   3.303452e+01 3.318478e+01 1.524167e+00
    endloop
  endfacet
  facet normal 1.664373e-01 -3.456106e-01 9.234999e-01
    outer loop
      vertex   3.332404e+01 3.332420e+01 1.524167e+00
      vertex   3.303452e+01 3.318478e+01 1.524167e+00
      vertex   3.314907e+01 3.289292e+01 1.394296e+00
    endloop
  endfacet
  facet normal 1.130677e-01 -3.665566e-01 9.234999e-01
    outer loop
      vertex   3.314907e+01 3.289292e+01 1.394296e+00
      vertex   3.303452e+01 3.318478e+01 1.524167e+00
      vertex   3.279723e+01 3.278439e+01 1.394296e+00
    endloop
  endfacet
  facet normal 6.565166e-01 -7.410540e-01 1.408009e-01
    outer loop
      vertex   3.337180e+01 3.419147e+01 2.650000e+00
      vertex   3.310114e+01 3.395168e+01 2.650000e+00
      vertex   3.338109e+01 3.413577e+01 2.313535e+00
    endloop
  endfacet
  facet normal 6.711136e-01 -7.232885e-01 1.626662e-01
    outer loop
      vertex   3.338109e+01 3.413577e+01 2.313535e+00
      vertex   3.310114e+01 3.395168e+01 2.650000e+00
      vertex   3.321189e+01 3.397878e+01 2.313535e+00
    endloop
  endfacet
  facet normal 6.286548e-01 -6.775287e-01 3.817695e-01
    outer loop
      vertex   3.338109e+01 3.413577e+01 2.313535e+00
      vertex   3.321189e+01 3.397878e+01 2.313535e+00
      vertex   3.329286e+01 3.387724e+01 2.000000e+00
    endloop
  endfacet
  facet normal 5.206528e-01 -7.636574e-01 3.817695e-01
    outer loop
      vertex   3.329286e+01 3.387724e+01 2.000000e+00
      vertex   3.321189e+01 3.397878e+01 2.313535e+00
      vertex   3.308612e+01 3.373629e+01 2.000000e+00
    endloop
  endfacet
  facet normal 4.473750e-01 -6.561787e-01 6.076884e-01
    outer loop
      vertex   3.329286e+01 3.387724e+01 2.000000e+00
      vertex   3.308612e+01 3.373629e+01 2.000000e+00
      vertex   3.318942e+01 3.355737e+01 1.730761e+00
    endloop
  endfacet
  facet normal 3.445799e-01 -7.155275e-01 6.076884e-01
    outer loop
      vertex   3.318942e+01 3.355737e+01 1.730761e+00
      vertex   3.308612e+01 3.373629e+01 2.000000e+00
      vertex   3.293616e+01 3.343541e+01 1.730761e+00
    endloop
  endfacet
  facet normal 2.645971e-01 -5.494416e-01 7.925291e-01
    outer loop
      vertex   3.318942e+01 3.355737e+01 1.730761e+00
      vertex   3.293616e+01 3.343541e+01 1.730761e+00
      vertex   3.303452e+01 3.318478e+01 1.524167e+00
    endloop
  endfacet
  facet normal 1.797518e-01 -5.827409e-01 7.925291e-01
    outer loop
      vertex   3.303452e+01 3.318478e+01 1.524167e+00
      vertex   3.293616e+01 3.343541e+01 1.730761e+00
      vertex   3.272746e+01 3.309006e+01 1.524167e+00
    endloop
  endfacet
  facet normal 1.130677e-01 -3.665566e-01 9.234999e-01
    outer loop
      vertex   3.303452e+01 3.318478e+01 1.524167e+00
      vertex   3.272746e+01 3.309006e+01 1.524167e+00
      vertex   3.279723e+01 3.278439e+01 1.394296e+00
    endloop
  endfacet
  facet normal 5.593804e-01 -8.204604e-01 1.180609e-01
    outer loop
      vertex   3.321189e+01 3.397878e+01 2.313535e+00
      vertex   3.310114e+01 3.395168e+01 2.650000e+00
      vertex   3.302119e+01 3.384876e+01 2.313535e+00
    endloop
  endfacet
  facet normal 4.588554e-01 -8.742759e-01 1.584092e-01
    outer loop
      vertex   3.302119e+01 3.384876e+01 2.313535e+00
      vertex   3.310114e+01 3.395168e+01 2.650000e+00
      vertex   3.278095e+01 3.378363e+01 2.650000e+00
    endloop
  endfacet
  facet normal 4.299597e-01 -8.928204e-01 1.341878e-01
    outer loop
      vertex   3.302119e+01 3.384876e+01 2.313535e+00
      vertex   3.278095e+01 3.378363e+01 2.650000e+00
      vertex   3.281323e+01 3.374861e+01 2.313535e+00
    endloop
  endfacet
  facet normal 2.923792e-01 -9.478701e-01 1.267152e-01
    outer loop
      vertex   3.281323e+01 3.374861e+01 2.313535e+00
      vertex   3.278095e+01 3.378363e+01 2.650000e+00
      vertex   3.259268e+01 3.368058e+01 2.313535e+00
    endloop
  endfacet
  facet normal 2.724297e-01 -8.831954e-01 3.817695e-01
    outer loop
      vertex   3.281323e+01 3.374861e+01 2.313535e+00
      vertex   3.259268e+01 3.368058e+01 2.313535e+00
      vertex   3.262158e+01 3.355397e+01 2.000000e+00
    endloop
  endfacet
  facet normal 2.361807e-01 -9.582227e-01 1.613320e-01
    outer loop
      vertex   3.278095e+01 3.378363e+01 2.650000e+00
      vertex   3.242984e+01 3.369710e+01 2.650000e+00
      vertex   3.259268e+01 3.368058e+01 2.313535e+00
    endloop
  endfacet
  facet normal -2.361807e-01 -9.582227e-01 1.613320e-01
    outer loop
      vertex   3.171713e+01 3.378363e+01 2.650000e+00
      vertex   3.190540e+01 3.368058e+01 2.313535e+00
      vertex   3.206823e+01 3.369710e+01 2.650000e+00
    endloop
  endfacet
  facet normal -1.479690e-01 -9.817100e-01 1.197944e-01
    outer loop
      vertex   3.206823e+01 3.369710e+01 2.650000e+00
      vertex   3.190540e+01 3.368058e+01 2.313535e+00
      vertex   3.213363e+01 3.364618e+01 2.313535e+00
    endloop
  endfacet
  facet normal 0.000000e+00 -9.887436e-01 1.496199e-01
    outer loop
      vertex   3.206823e+01 3.369710e+01 2.650000e+00
      vertex   3.213363e+01 3.364618e+01 2.313535e+00
      vertex   3.236444e+01 3.364618e+01 2.313535e+00
    endloop
  endfacet
  facet normal 0.000000e+00 -9.242576e-01 3.817695e-01
    outer loop
      vertex   3.236444e+01 3.364618e+01 2.313535e+00
      vertex   3.213363e+01 3.364618e+01 2.313535e+00
      vertex   3.212393e+01 3.351667e+01 2.000000e+00
    endloop
  endfacet
  facet normal 0.000000e+00 -9.242576e-01 3.817695e-01
    outer loop
      vertex   3.236444e+01 3.364618e+01 2.313535e+00
      vertex   3.212393e+01 3.351667e+01 2.000000e+00
      vertex   3.237415e+01 3.351667e+01 2.000000e+00
    endloop
  endfacet
  facet normal 0.000000e+00 -7.941756e-01 6.076884e-01
    outer loop
      vertex   3.237415e+01 3.351667e+01 2.000000e+00
      vertex   3.212393e+01 3.351667e+01 2.000000e+00
      vertex   3.210849e+01 3.331066e+01 1.730761e+00
    endloop
  endfacet
  facet normal 0.000000e+00 -7.941756e-01 6.076884e-01
    outer loop
      vertex   3.237415e+01 3.351667e+01 2.000000e+00
      vertex   3.210849e+01 3.331066e+01 1.730761e+00
      vertex   3.238959e+01 3.331066e+01 1.730761e+00
    endloop
  endfacet
  facet normal 0.000000e+00 -6.098342e-01 7.925291e-01
    outer loop
      vertex   3.238959e+01 3.331066e+01 1.730761e+00
      vertex   3.210849e+01 3.331066e+01 1.730761e+00
      vertex   3.208837e+01 3.304217e+01 1.524167e+00
    endloop
  endfacet
  facet normal 0.000000e+00 -6.098342e-01 7.925291e-01
    outer loop
      vertex   3.238959e+01 3.331066e+01 1.730761e+00
      vertex   3.208837e+01 3.304217e+01 1.524167e+00
      vertex   3.240971e+01 3.304217e+01 1.524167e+00
    endloop
  endfacet
  facet normal 0.000000e+00 -3.835988e-01 9.234999e-01
    outer loop
      vertex   3.240971e+01 3.304217e+01 1.524167e+00
      vertex   3.208837e+01 3.304217e+01 1.524167e+00
      vertex   3.206494e+01 3.272951e+01 1.394296e+00
    endloop
  endfacet
  facet normal 0.000000e+00 -3.835988e-01 9.234999e-01
    outer loop
      vertex   3.240971e+01 3.304217e+01 1.524167e+00
      vertex   3.206494e+01 3.272951e+01 1.394296e+00
      vertex   3.243314e+01 3.272951e+01 1.394296e+00
    endloop
  endfacet
  facet normal 0.000000e+00 -1.289926e-01 9.916456e-01
    outer loop
      vertex   3.243314e+01 3.272951e+01 1.394296e+00
      vertex   3.206494e+01 3.272951e+01 1.394296e+00
      vertex   3.237466e+01 3.238898e+01 1.350000e+00
    endloop
  endfacet
  facet normal 1.787935e-02 -1.319907e-01 9.910897e-01
    outer loop
      vertex   3.243314e+01 3.272951e+01 1.394296e+00
      vertex   3.237466e+01 3.238898e+01 1.350000e+00
      vertex   3.287210e+01 3.245636e+01 1.350000e+00
    endloop
  endfacet
  facet normal -2.923792e-01 -9.478701e-01 1.267152e-01
    outer loop
      vertex   3.190540e+01 3.368058e+01 2.313535e+00
      vertex   3.171713e+01 3.378363e+01 2.650000e+00
      vertex   3.168484e+01 3.374861e+01 2.313535e+00
    endloop
  endfacet
  facet normal -4.604374e-01 -8.772903e-01 1.354960e-01
    outer loop
      vertex   3.168484e+01 3.374861e+01 2.313535e+00
      vertex   3.171713e+01 3.378363e+01 2.650000e+00
      vertex   3.139694e+01 3.395168e+01 2.650000e+00
    endloop
  endfacet
  facet normal -4.275684e-01 -8.878549e-01 1.699972e-01
    outer loop
      vertex   3.168484e+01 3.374861e+01 2.313535e+00
      vertex   3.139694e+01 3.395168e+01 2.650000e+00
      vertex   3.147689e+01 3.384876e+01 2.313535e+00
    endloop
  endfacet
  facet normal -5.593804e-01 -8.204604e-01 1.180609e-01
    outer loop
      vertex   3.147689e+01 3.384876e+01 2.313535e+00
      vertex   3.139694e+01 3.395168e+01 2.650000e+00
      vertex   3.128619e+01 3.397878e+01 2.313535e+00
    endloop
  endfacet
  facet normal -5.206528e-01 -7.636574e-01 3.817695e-01
    outer loop
      vertex   3.147689e+01 3.384876e+01 2.313535e+00
      vertex   3.128619e+01 3.397878e+01 2.313535e+00
      vertex   3.120521e+01 3.387724e+01 2.000000e+00
    endloop
  endfacet
  facet normal -6.286548e-01 -6.775287e-01 3.817695e-01
    outer loop
      vertex   3.120521e+01 3.387724e+01 2.000000e+00
      vertex   3.128619e+01 3.397878e+01 2.313535e+00
      vertex   3.102179e+01 3.404744e+01 2.000000e+00
    endloop
  endfacet
  facet normal -5.401766e-01 -5.821719e-01 6.076884e-01
    outer loop
      vertex   3.120521e+01 3.387724e+01 2.000000e+00
      vertex   3.102179e+01 3.404744e+01 2.000000e+00
      vertex   3.087034e+01 3.390692e+01 1.730761e+00
    endloop
  endfacet
  facet normal -6.209115e-01 -4.951604e-01 6.076884e-01
    outer loop
      vertex   3.087034e+01 3.390692e+01 1.730761e+00
      vertex   3.102179e+01 3.404744e+01 2.000000e+00
      vertex   3.069508e+01 3.412669e+01 1.730761e+00
    endloop
  endfacet
  facet normal -4.767875e-01 -3.802254e-01 7.925291e-01
    outer loop
      vertex   3.087034e+01 3.390692e+01 1.730761e+00
      vertex   3.069508e+01 3.412669e+01 1.730761e+00
      vertex   3.047263e+01 3.397502e+01 1.524167e+00
    endloop
  endfacet
  facet normal -5.281319e-01 -3.049171e-01 7.925291e-01
    outer loop
      vertex   3.047263e+01 3.397502e+01 1.524167e+00
      vertex   3.069508e+01 3.412669e+01 1.730761e+00
      vertex   3.031196e+01 3.425331e+01 1.524167e+00
    endloop
  endfacet
  facet normal -3.322063e-01 -1.917994e-01 9.234999e-01
    outer loop
      vertex   3.047263e+01 3.397502e+01 1.524167e+00
      vertex   3.031196e+01 3.425331e+01 1.524167e+00
      vertex   3.002947e+01 3.411727e+01 1.394296e+00
    endloop
  endfacet
  facet normal -3.570820e-01 -1.401444e-01 9.234999e-01
    outer loop
      vertex   3.002947e+01 3.411727e+01 1.394296e+00
      vertex   3.031196e+01 3.425331e+01 1.524167e+00
      vertex   2.989495e+01 3.446002e+01 1.394296e+00
    endloop
  endfacet
  facet normal -1.192130e-01 -4.678767e-02 9.917657e-01
    outer loop
      vertex   3.002947e+01 3.411727e+01 1.394296e+00
      vertex   2.989495e+01 3.446002e+01 1.394296e+00
      vertex   2.962758e+01 3.420231e+01 1.350000e+00
    endloop
  endfacet
  facet normal -1.296739e-01 -3.578772e-02 9.909107e-01
    outer loop
      vertex   2.962758e+01 3.420231e+01 1.350000e+00
      vertex   2.989495e+01 3.446002e+01 1.394296e+00
      vertex   2.949404e+01 3.468620e+01 1.350000e+00
    endloop
  endfacet
  facet normal -1.257585e-01 -2.870356e-02 9.916456e-01
    outer loop
      vertex   2.949404e+01 3.468620e+01 1.350000e+00
      vertex   2.989495e+01 3.446002e+01 1.394296e+00
      vertex   2.981302e+01 3.481899e+01 1.394296e+00
    endloop
  endfacet
  facet normal -6.549969e-01 -7.393387e-01 1.560684e-01
    outer loop
      vertex   3.139694e+01 3.395168e+01 2.650000e+00
      vertex   3.112627e+01 3.419147e+01 2.650000e+00
      vertex   3.128619e+01 3.397878e+01 2.313535e+00
    endloop
  endfacet
  facet normal -6.735915e-01 -7.259590e-01 1.387729e-01
    outer loop
      vertex   3.128619e+01 3.397878e+01 2.313535e+00
      vertex   3.112627e+01 3.419147e+01 2.650000e+00
      vertex   3.111699e+01 3.413577e+01 2.313535e+00
    endloop
  endfacet
  facet normal -6.286548e-01 -6.775287e-01 3.817695e-01
    outer loop
      vertex   3.128619e+01 3.397878e+01 2.313535e+00
      vertex   3.111699e+01 3.413577e+01 2.313535e+00
      vertex   3.102179e+01 3.404744e+01 2.000000e+00
    endloop
  endfacet
  facet normal -7.226137e-01 -5.762652e-01 3.817695e-01
    outer loop
      vertex   3.102179e+01 3.404744e+01 2.000000e+00
      vertex   3.111699e+01 3.413577e+01 2.313535e+00
      vertex   3.086578e+01 3.424307e+01 2.000000e+00
    endloop
  endfacet
  facet normal -6.209115e-01 -4.951604e-01 6.076884e-01
    outer loop
      vertex   3.102179e+01 3.404744e+01 2.000000e+00
      vertex   3.086578e+01 3.424307e+01 2.000000e+00
      vertex   3.069508e+01 3.412669e+01 1.730761e+00
    endloop
  endfacet
  facet normal -6.877762e-01 -3.970878e-01 6.076884e-01
    outer loop
      vertex   3.069508e+01 3.412669e+01 1.730761e+00
      vertex   3.086578e+01 3.424307e+01 2.000000e+00
      vertex   3.055453e+01 3.437013e+01 1.730761e+00
    endloop
  endfacet
  facet normal -5.281319e-01 -3.049171e-01 7.925291e-01
    outer loop
      vertex   3.069508e+01 3.412669e+01 1.730761e+00
      vertex   3.055453e+01 3.437013e+01 1.730761e+00
      vertex   3.031196e+01 3.425331e+01 1.524167e+00
    endloop
  endfacet
  facet normal -5.676786e-01 -2.227974e-01 7.925291e-01
    outer loop
      vertex   3.031196e+01 3.425331e+01 1.524167e+00
      vertex   3.055453e+01 3.437013e+01 1.730761e+00
      vertex   3.019456e+01 3.455244e+01 1.524167e+00
    endloop
  endfacet
  facet normal -3.570820e-01 -1.401444e-01 9.234999e-01
    outer loop
      vertex   3.031196e+01 3.425331e+01 1.524167e+00
      vertex   3.019456e+01 3.455244e+01 1.524167e+00
      vertex   2.989495e+01 3.446002e+01 1.394296e+00
    endloop
  endfacet
  facet normal -3.739812e-01 -8.535876e-02 9.234999e-01
    outer loop
      vertex   2.989495e+01 3.446002e+01 1.394296e+00
      vertex   3.019456e+01 3.455244e+01 1.524167e+00
      vertex   2.981302e+01 3.481899e+01 1.394296e+00
    endloop
  endfacet
  facet normal -7.758137e-01 -6.186908e-01 1.238342e-01
    outer loop
      vertex   3.111699e+01 3.413577e+01 2.313535e+00
      vertex   3.112627e+01 3.419147e+01 2.650000e+00
      vertex   3.097308e+01 3.431623e+01 2.313535e+00
    endloop
  endfacet
  facet normal -8.121242e-01 -5.605689e-01 1.619161e-01
    outer loop
      vertex   3.097308e+01 3.431623e+01 2.313535e+00
      vertex   3.112627e+01 3.419147e+01 2.650000e+00
      vertex   3.092085e+01 3.448907e+01 2.650000e+00
    endloop
  endfacet
  facet normal -8.596066e-01 -4.962941e-01 1.215266e-01
    outer loop
      vertex   3.097308e+01 3.431623e+01 2.313535e+00
      vertex   3.092085e+01 3.448907e+01 2.650000e+00
      vertex   3.085768e+01 3.451611e+01 2.313535e+00
    endloop
  endfacet
  facet normal -9.250649e-01 -3.508309e-01 1.455080e-01
    outer loop
      vertex   3.085768e+01 3.451611e+01 2.313535e+00
      vertex   3.092085e+01 3.448907e+01 2.650000e+00
      vertex   3.079263e+01 3.482719e+01 2.650000e+00
    endloop
  endfacet
  facet normal -9.194960e-01 -3.608756e-01 1.558713e-01
    outer loop
      vertex   3.085768e+01 3.451611e+01 2.313535e+00
      vertex   3.079263e+01 3.482719e+01 2.650000e+00
      vertex   3.077335e+01 3.473097e+01 2.313535e+00
    endloop
  endfacet
  facet normal -9.680425e-01 -2.209494e-01 1.186389e-01
    outer loop
      vertex   3.077335e+01 3.473097e+01 2.313535e+00
      vertex   3.079263e+01 3.482719e+01 2.650000e+00
      vertex   3.072199e+01 3.495599e+01 2.313535e+00
    endloop
  endfacet
  facet normal -9.010845e-01 -2.056667e-01 3.817695e-01
    outer loop
      vertex   3.077335e+01 3.473097e+01 2.313535e+00
      vertex   3.072199e+01 3.495599e+01 2.313535e+00
      vertex   3.059357e+01 3.493664e+01 2.000000e+00
    endloop
  endfacet
  facet normal -9.798935e-01 -1.189806e-01 1.601633e-01
    outer loop
      vertex   3.079263e+01 3.482719e+01 2.650000e+00
      vertex   3.074904e+01 3.518616e+01 2.650000e+00
      vertex   3.072199e+01 3.495599e+01 2.313535e+00
    endloop
  endfacet
  facet normal -1.216033e-01 -5.856107e-02 9.908498e-01
    outer loop
      vertex   2.962758e+01 3.420231e+01 1.350000e+00
      vertex   2.984538e+01 3.375004e+01 1.350000e+00
      vertex   3.002947e+01 3.411727e+01 1.394296e+00
    endloop
  endfacet
  facet normal -1.109082e-01 -6.403288e-02 9.917657e-01
    outer loop
      vertex   3.002947e+01 3.411727e+01 1.394296e+00
      vertex   2.984538e+01 3.375004e+01 1.350000e+00
      vertex   3.021357e+01 3.379840e+01 1.394296e+00
    endloop
  endfacet
  facet normal -3.322063e-01 -1.917994e-01 9.234999e-01
    outer loop
      vertex   3.002947e+01 3.411727e+01 1.394296e+00
      vertex   3.021357e+01 3.379840e+01 1.394296e+00
      vertex   3.047263e+01 3.397502e+01 1.524167e+00
    endloop
  endfacet
  facet normal -2.999096e-01 -2.391699e-01 9.234999e-01
    outer loop
      vertex   3.047263e+01 3.397502e+01 1.524167e+00
      vertex   3.021357e+01 3.379840e+01 1.394296e+00
      vertex   3.067298e+01 3.372379e+01 1.524167e+00
    endloop
  endfacet
  facet normal -4.767875e-01 -3.802254e-01 7.925291e-01
    outer loop
      vertex   3.047263e+01 3.397502e+01 1.524167e+00
      vertex   3.067298e+01 3.372379e+01 1.524167e+00
      vertex   3.087034e+01 3.390692e+01 1.730761e+00
    endloop
  endfacet
  facet normal -4.147926e-01 -4.470401e-01 7.925291e-01
    outer loop
      vertex   3.087034e+01 3.390692e+01 1.730761e+00
      vertex   3.067298e+01 3.372379e+01 1.524167e+00
      vertex   3.107640e+01 3.371572e+01 1.730761e+00
    endloop
  endfacet
  facet normal -5.401766e-01 -5.821719e-01 6.076884e-01
    outer loop
      vertex   3.087034e+01 3.390692e+01 1.730761e+00
      vertex   3.107640e+01 3.371572e+01 1.730761e+00
      vertex   3.120521e+01 3.387724e+01 2.000000e+00
    endloop
  endfacet
  facet normal -4.473750e-01 -6.561787e-01 6.076884e-01
    outer loop
      vertex   3.120521e+01 3.387724e+01 2.000000e+00
      vertex   3.107640e+01 3.371572e+01 1.730761e+00
      vertex   3.141196e+01 3.373629e+01 2.000000e+00
    endloop
  endfacet
  facet normal -5.206528e-01 -7.636574e-01 3.817695e-01
    outer loop
      vertex   3.120521e+01 3.387724e+01 2.000000e+00
      vertex   3.141196e+01 3.373629e+01 2.000000e+00
      vertex   3.147689e+01 3.384876e+01 2.313535e+00
    endloop
  endfacet
  facet normal -4.010203e-01 -8.327273e-01 3.817695e-01
    outer loop
      vertex   3.147689e+01 3.384876e+01 2.313535e+00
      vertex   3.141196e+01 3.373629e+01 2.000000e+00
      vertex   3.168484e+01 3.374861e+01 2.313535e+00
    endloop
  endfacet
  facet normal -1.088303e-01 -7.906985e-02 9.909107e-01
    outer loop
      vertex   2.984538e+01 3.375004e+01 1.350000e+00
      vertex   3.014044e+01 3.334393e+01 1.350000e+00
      vertex   3.021357e+01 3.379840e+01 1.394296e+00
    endloop
  endfacet
  facet normal -1.008505e-01 -8.042557e-02 9.916456e-01
    outer loop
      vertex   3.021357e+01 3.379840e+01 1.394296e+00
      vertex   3.014044e+01 3.334393e+01 1.350000e+00
      vertex   3.044314e+01 3.351053e+01 1.394296e+00
    endloop
  endfacet
  facet normal -2.999096e-01 -2.391699e-01 9.234999e-01
    outer loop
      vertex   3.021357e+01 3.379840e+01 1.394296e+00
      vertex   3.044314e+01 3.351053e+01 1.394296e+00
      vertex   3.067298e+01 3.372379e+01 1.524167e+00
    endloop
  endfacet
  facet normal -2.609134e-01 -2.811978e-01 9.234999e-01
    outer loop
      vertex   3.067298e+01 3.372379e+01 1.524167e+00
      vertex   3.044314e+01 3.351053e+01 1.394296e+00
      vertex   3.090854e+01 3.350522e+01 1.524167e+00
    endloop
  endfacet
  facet normal -4.147926e-01 -4.470401e-01 7.925291e-01
    outer loop
      vertex   3.067298e+01 3.372379e+01 1.524167e+00
      vertex   3.090854e+01 3.350522e+01 1.524167e+00
      vertex   3.107640e+01 3.371572e+01 1.730761e+00
    endloop
  endfacet
  facet normal -3.435318e-01 -5.038686e-01 7.925291e-01
    outer loop
      vertex   3.107640e+01 3.371572e+01 1.730761e+00
      vertex   3.090854e+01 3.350522e+01 1.524167e+00
      vertex   3.130866e+01 3.355737e+01 1.730761e+00
    endloop
  endfacet
  facet normal -4.473750e-01 -6.561787e-01 6.076884e-01
    outer loop
      vertex   3.107640e+01 3.371572e+01 1.730761e+00
      vertex   3.130866e+01 3.355737e+01 1.730761e+00
      vertex   3.141196e+01 3.373629e+01 2.000000e+00
    endloop
  endfacet
  facet normal -3.445799e-01 -7.155275e-01 6.076884e-01
    outer loop
      vertex   3.141196e+01 3.373629e+01 2.000000e+00
      vertex   3.130866e+01 3.355737e+01 1.730761e+00
      vertex   3.163740e+01 3.362772e+01 2.000000e+00
    endloop
  endfacet
  facet normal -4.010203e-01 -8.327273e-01 3.817695e-01
    outer loop
      vertex   3.141196e+01 3.373629e+01 2.000000e+00
      vertex   3.163740e+01 3.362772e+01 2.000000e+00
      vertex   3.168484e+01 3.374861e+01 2.313535e+00
    endloop
  endfacet
  facet normal -2.724297e-01 -8.831954e-01 3.817695e-01
    outer loop
      vertex   3.168484e+01 3.374861e+01 2.313535e+00
      vertex   3.163740e+01 3.362772e+01 2.000000e+00
      vertex   3.190540e+01 3.368058e+01 2.313535e+00
    endloop
  endfacet
  facet normal -9.204686e-02 -9.627347e-02 9.910897e-01
    outer loop
      vertex   3.014044e+01 3.334393e+01 1.350000e+00
      vertex   3.050327e+01 3.299703e+01 1.350000e+00
      vertex   3.044314e+01 3.351053e+01 1.394296e+00
    endloop
  endfacet
  facet normal -8.902504e-02 -9.594618e-02 9.913974e-01
    outer loop
      vertex   3.044314e+01 3.351053e+01 1.394296e+00
      vertex   3.050327e+01 3.299703e+01 1.350000e+00
      vertex   3.071305e+01 3.326009e+01 1.394296e+00
    endloop
  endfacet
  facet normal -2.609134e-01 -2.811978e-01 9.234999e-01
    outer loop
      vertex   3.044314e+01 3.351053e+01 1.394296e+00
      vertex   3.071305e+01 3.326009e+01 1.394296e+00
      vertex   3.090854e+01 3.350522e+01 1.524167e+00
    endloop
  endfacet
  facet normal -2.160889e-01 -3.169442e-01 9.234999e-01
    outer loop
      vertex   3.090854e+01 3.350522e+01 1.524167e+00
      vertex   3.071305e+01 3.326009e+01 1.394296e+00
      vertex   3.117404e+01 3.332420e+01 1.524167e+00
    endloop
  endfacet
  facet normal -3.435318e-01 -5.038686e-01 7.925291e-01
    outer loop
      vertex   3.090854e+01 3.350522e+01 1.524167e+00
      vertex   3.117404e+01 3.332420e+01 1.524167e+00
      vertex   3.130866e+01 3.355737e+01 1.730761e+00
    endloop
  endfacet
  facet normal -2.645971e-01 -5.494416e-01 7.925291e-01
    outer loop
      vertex   3.130866e+01 3.355737e+01 1.730761e+00
      vertex   3.117404e+01 3.332420e+01 1.524167e+00
      vertex   3.156192e+01 3.343541e+01 1.730761e+00
    endloop
  endfacet
  facet normal -3.445799e-01 -7.155275e-01 6.076884e-01
    outer loop
      vertex   3.130866e+01 3.355737e+01 1.730761e+00
      vertex   3.156192e+01 3.343541e+01 1.730761e+00
      vertex   3.163740e+01 3.362772e+01 2.000000e+00
    endloop
  endfacet
  facet normal -2.340874e-01 -7.588926e-01 6.076884e-01
    outer loop
      vertex   3.163740e+01 3.362772e+01 2.000000e+00
      vertex   3.156192e+01 3.343541e+01 1.730761e+00
      vertex   3.187650e+01 3.355397e+01 2.000000e+00
    endloop
  endfacet
  facet normal -2.724297e-01 -8.831954e-01 3.817695e-01
    outer loop
      vertex   3.163740e+01 3.362772e+01 2.000000e+00
      vertex   3.187650e+01 3.355397e+01 2.000000e+00
      vertex   3.190540e+01 3.368058e+01 2.313535e+00
    endloop
  endfacet
  facet normal -1.377534e-01 -9.139344e-01 3.817695e-01
    outer loop
      vertex   3.190540e+01 3.368058e+01 2.313535e+00
      vertex   3.187650e+01 3.355397e+01 2.000000e+00
      vertex   3.213363e+01 3.364618e+01 2.313535e+00
    endloop
  endfacet
  facet normal -7.373067e-02 -1.081430e-01 9.913974e-01
    outer loop
      vertex   3.071305e+01 3.326009e+01 1.394296e+00
      vertex   3.050327e+01 3.299703e+01 1.350000e+00
      vertex   3.101727e+01 3.305267e+01 1.394296e+00
    endloop
  endfacet
  facet normal -7.337734e-02 -1.111619e-01 9.910897e-01
    outer loop
      vertex   3.101727e+01 3.305267e+01 1.394296e+00
      vertex   3.050327e+01 3.299703e+01 1.350000e+00
      vertex   3.092221e+01 3.272049e+01 1.350000e+00
    endloop
  endfacet
  facet normal -5.596779e-02 -1.162183e-01 9.916456e-01
    outer loop
      vertex   3.101727e+01 3.305267e+01 1.394296e+00
      vertex   3.092221e+01 3.272049e+01 1.350000e+00
      vertex   3.134901e+01 3.289292e+01 1.394296e+00
    endloop
  endfacet
  facet normal -5.287038e-02 -1.236964e-01 9.909107e-01
    outer loop
      vertex   3.134901e+01 3.289292e+01 1.394296e+00
      vertex   3.092221e+01 3.272049e+01 1.350000e+00
      vertex   3.138379e+01 3.252320e+01 1.350000e+00
    endloop
  endfacet
  facet normal -3.774804e-02 -1.223762e-01 9.917657e-01
    outer loop
      vertex   3.134901e+01 3.289292e+01 1.394296e+00
      vertex   3.138379e+01 3.252320e+01 1.350000e+00
      vertex   3.170085e+01 3.278439e+01 1.394296e+00
    endloop
  endfacet
  facet normal -3.003354e-02 -1.315855e-01 9.908498e-01
    outer loop
      vertex   3.170085e+01 3.278439e+01 1.394296e+00
      vertex   3.138379e+01 3.252320e+01 1.350000e+00
      vertex   3.187319e+01 3.241150e+01 1.350000e+00
    endloop
  endfacet
  facet normal -1.908721e-02 -1.266354e-01 9.917657e-01
    outer loop
      vertex   3.170085e+01 3.278439e+01 1.394296e+00
      vertex   3.187319e+01 3.241150e+01 1.350000e+00
      vertex   3.206494e+01 3.272951e+01 1.394296e+00
    endloop
  endfacet
  facet normal -6.035292e-03 -1.343862e-01 9.909107e-01
    outer loop
      vertex   3.206494e+01 3.272951e+01 1.394296e+00
      vertex   3.187319e+01 3.241150e+01 1.350000e+00
      vertex   3.237466e+01 3.238898e+01 1.350000e+00
    endloop
  endfacet
  facet normal 1.247028e-01 -4.680176e-02 9.910897e-01
    outer loop
      vertex   3.477175e+01 3.397128e+01 1.350000e+00
      vertex   3.494813e+01 3.444126e+01 1.350000e+00
      vertex   3.460313e+01 3.446002e+01 1.394296e+00
    endloop
  endfacet
  facet normal 1.257585e-01 -2.870356e-02 9.916456e-01
    outer loop
      vertex   3.460313e+01 3.446002e+01 1.394296e+00
      vertex   3.494813e+01 3.444126e+01 1.350000e+00
      vertex   3.468506e+01 3.481899e+01 1.394296e+00
    endloop
  endfacet
  facet normal 3.739812e-01 -8.535876e-02 9.234999e-01
    outer loop
      vertex   3.460313e+01 3.446002e+01 1.394296e+00
      vertex   3.468506e+01 3.481899e+01 1.394296e+00
      vertex   3.437503e+01 3.486572e+01 1.524167e+00
    endloop
  endfacet
  facet normal 3.825262e-01 -2.866637e-02 9.234999e-01
    outer loop
      vertex   3.437503e+01 3.486572e+01 1.524167e+00
      vertex   3.468506e+01 3.481899e+01 1.394296e+00
      vertex   3.439904e+01 3.518616e+01 1.524167e+00
    endloop
  endfacet
  facet normal 6.081289e-01 -4.557296e-02 7.925291e-01
    outer loop
      vertex   3.437503e+01 3.486572e+01 1.524167e+00
      vertex   3.439904e+01 3.518616e+01 1.524167e+00
      vertex   3.412980e+01 3.518616e+01 1.730761e+00
    endloop
  endfacet
  facet normal 6.081289e-01 4.557296e-02 7.925291e-01
    outer loop
      vertex   3.412980e+01 3.518616e+01 1.730761e+00
      vertex   3.439904e+01 3.518616e+01 1.524167e+00
      vertex   3.410879e+01 3.546647e+01 1.730761e+00
    endloop
  endfacet
  facet normal 7.919549e-01 5.934882e-02 6.076884e-01
    outer loop
      vertex   3.412980e+01 3.518616e+01 1.730761e+00
      vertex   3.410879e+01 3.546647e+01 1.730761e+00
      vertex   3.390451e+01 3.543568e+01 2.000000e+00
    endloop
  endfacet
  facet normal 7.742639e-01 1.767207e-01 6.076884e-01
    outer loop
      vertex   3.390451e+01 3.543568e+01 2.000000e+00
      vertex   3.410879e+01 3.546647e+01 1.730761e+00
      vertex   3.384883e+01 3.567963e+01 2.000000e+00
    endloop
  endfacet
  facet normal 9.010845e-01 2.056667e-01 3.817695e-01
    outer loop
      vertex   3.390451e+01 3.543568e+01 2.000000e+00
      vertex   3.384883e+01 3.567963e+01 2.000000e+00
      vertex   3.372473e+01 3.564135e+01 2.313535e+00
    endloop
  endfacet
  facet normal 8.603671e-01 3.376692e-01 3.817695e-01
    outer loop
      vertex   3.372473e+01 3.564135e+01 2.313535e+00
      vertex   3.384883e+01 3.567963e+01 2.000000e+00
      vertex   3.364040e+01 3.585620e+01 2.313535e+00
    endloop
  endfacet
  facet normal 1.323599e-01 -2.401977e-02 9.909107e-01
    outer loop
      vertex   3.494813e+01 3.444126e+01 1.350000e+00
      vertex   3.503777e+01 3.493517e+01 1.350000e+00
      vertex   3.468506e+01 3.481899e+01 1.394296e+00
    endloop
  endfacet
  facet normal 1.277077e-01 -9.570366e-03 9.917657e-01
    outer loop
      vertex   3.468506e+01 3.481899e+01 1.394296e+00
      vertex   3.503777e+01 3.493517e+01 1.350000e+00
      vertex   3.471257e+01 3.518616e+01 1.394296e+00
    endloop
  endfacet
  facet normal 3.825262e-01 -2.866637e-02 9.234999e-01
    outer loop
      vertex   3.468506e+01 3.481899e+01 1.394296e+00
      vertex   3.471257e+01 3.518616e+01 1.394296e+00
      vertex   3.439904e+01 3.518616e+01 1.524167e+00
    endloop
  endfacet
  facet normal 3.825262e-01 2.866637e-02 9.234999e-01
    outer loop
      vertex   3.439904e+01 3.518616e+01 1.524167e+00
      vertex   3.471257e+01 3.518616e+01 1.394296e+00
      vertex   3.437503e+01 3.550660e+01 1.524167e+00
    endloop
  endfacet
  facet normal 6.081289e-01 4.557296e-02 7.925291e-01
    outer loop
      vertex   3.439904e+01 3.518616e+01 1.524167e+00
      vertex   3.437503e+01 3.550660e+01 1.524167e+00
      vertex   3.410879e+01 3.546647e+01 1.730761e+00
    endloop
  endfacet
  facet normal 5.945443e-01 1.357009e-01 7.925291e-01
    outer loop
      vertex   3.410879e+01 3.546647e+01 1.730761e+00
      vertex   3.437503e+01 3.550660e+01 1.524167e+00
      vertex   3.404624e+01 3.574052e+01 1.730761e+00
    endloop
  endfacet
  facet normal 7.742639e-01 1.767207e-01 6.076884e-01
    outer loop
      vertex   3.410879e+01 3.546647e+01 1.730761e+00
      vertex   3.404624e+01 3.574052e+01 1.730761e+00
      vertex   3.384883e+01 3.567963e+01 2.000000e+00
    endloop
  endfacet
  facet normal 7.392772e-01 2.901449e-01 6.076884e-01
    outer loop
      vertex   3.384883e+01 3.567963e+01 2.000000e+00
      vertex   3.404624e+01 3.574052e+01 1.730761e+00
      vertex   3.375741e+01 3.591255e+01 2.000000e+00
    endloop
  endfacet
  facet normal 8.603671e-01 3.376692e-01 3.817695e-01
    outer loop
      vertex   3.384883e+01 3.567963e+01 2.000000e+00
      vertex   3.375741e+01 3.591255e+01 2.000000e+00
      vertex   3.364040e+01 3.585620e+01 2.313535e+00
    endloop
  endfacet
  facet normal 8.004305e-01 4.621288e-01 3.817695e-01
    outer loop
      vertex   3.364040e+01 3.585620e+01 2.313535e+00
      vertex   3.375741e+01 3.591255e+01 2.000000e+00
      vertex   3.352500e+01 3.605609e+01 2.313535e+00
    endloop
  endfacet
  facet normal 1.349695e-01 -0.000000e+00 9.908498e-01
    outer loop
      vertex   3.503777e+01 3.493517e+01 1.350000e+00
      vertex   3.503777e+01 3.543715e+01 1.350000e+00
      vertex   3.471257e+01 3.518616e+01 1.394296e+00
    endloop
  endfacet
  facet normal 1.277077e-01 9.570366e-03 9.917657e-01
    outer loop
      vertex   3.471257e+01 3.518616e+01 1.394296e+00
      vertex   3.503777e+01 3.543715e+01 1.350000e+00
      vertex   3.468506e+01 3.555333e+01 1.394296e+00
    endloop
  endfacet
  facet normal 3.825262e-01 2.866637e-02 9.234999e-01
    outer loop
      vertex   3.471257e+01 3.518616e+01 1.394296e+00
      vertex   3.468506e+01 3.555333e+01 1.394296e+00
      vertex   3.437503e+01 3.550660e+01 1.524167e+00
    endloop
  endfacet
  facet normal 3.739812e-01 8.535876e-02 9.234999e-01
    outer loop
      vertex   3.437503e+01 3.550660e+01 1.524167e+00
      vertex   3.468506e+01 3.555333e+01 1.394296e+00
      vertex   3.430352e+01 3.581988e+01 1.524167e+00
    endloop
  endfacet
  facet normal 5.945443e-01 1.357009e-01 7.925291e-01
    outer loop
      vertex   3.437503e+01 3.550660e+01 1.524167e+00
      vertex   3.430352e+01 3.581988e+01 1.524167e+00
      vertex   3.404624e+01 3.574052e+01 1.730761e+00
    endloop
  endfacet
  facet normal 5.676786e-01 2.227974e-01 7.925291e-01
    outer loop
      vertex   3.404624e+01 3.574052e+01 1.730761e+00
      vertex   3.430352e+01 3.581988e+01 1.524167e+00
      vertex   3.394355e+01 3.600219e+01 1.730761e+00
    endloop
  endfacet
  facet normal 7.392772e-01 2.901449e-01 6.076884e-01
    outer loop
      vertex   3.404624e+01 3.574052e+01 1.730761e+00
      vertex   3.394355e+01 3.600219e+01 1.730761e+00
      vertex   3.375741e+01 3.591255e+01 2.000000e+00
    endloop
  endfacet
  facet normal 6.877762e-01 3.970878e-01 6.076884e-01
    outer loop
      vertex   3.375741e+01 3.591255e+01 2.000000e+00
      vertex   3.394355e+01 3.600219e+01 1.730761e+00
      vertex   3.363230e+01 3.612925e+01 2.000000e+00
    endloop
  endfacet
  facet normal 8.004305e-01 4.621288e-01 3.817695e-01
    outer loop
      vertex   3.375741e+01 3.591255e+01 2.000000e+00
      vertex   3.363230e+01 3.612925e+01 2.000000e+00
      vertex   3.352500e+01 3.605609e+01 2.313535e+00
    endloop
  endfacet
  facet normal 7.226137e-01 5.762652e-01 3.817695e-01
    outer loop
      vertex   3.352500e+01 3.605609e+01 2.313535e+00
      vertex   3.363230e+01 3.612925e+01 2.000000e+00
      vertex   3.338109e+01 3.623655e+01 2.313535e+00
    endloop
  endfacet
  facet normal 1.323599e-01 2.401977e-02 9.909107e-01
    outer loop
      vertex   3.503777e+01 3.543715e+01 1.350000e+00
      vertex   3.494813e+01 3.593106e+01 1.350000e+00
      vertex   3.468506e+01 3.555333e+01 1.394296e+00
    endloop
  endfacet
  facet normal 1.257585e-01 2.870356e-02 9.916456e-01
    outer loop
      vertex   3.468506e+01 3.555333e+01 1.394296e+00
      vertex   3.494813e+01 3.593106e+01 1.350000e+00
      vertex   3.460313e+01 3.591230e+01 1.394296e+00
    endloop
  endfacet
  facet normal 3.739812e-01 8.535876e-02 9.234999e-01
    outer loop
      vertex   3.468506e+01 3.555333e+01 1.394296e+00
      vertex   3.460313e+01 3.591230e+01 1.394296e+00
      vertex   3.430352e+01 3.581988e+01 1.524167e+00
    endloop
  endfacet
  facet normal 3.570820e-01 1.401444e-01 9.234999e-01
    outer loop
      vertex   3.430352e+01 3.581988e+01 1.524167e+00
      vertex   3.460313e+01 3.591230e+01 1.394296e+00
      vertex   3.418612e+01 3.611901e+01 1.524167e+00
    endloop
  endfacet
  facet normal 5.676786e-01 2.227974e-01 7.925291e-01
    outer loop
      vertex   3.430352e+01 3.581988e+01 1.524167e+00
      vertex   3.418612e+01 3.611901e+01 1.524167e+00
      vertex   3.394355e+01 3.600219e+01 1.730761e+00
    endloop
  endfacet
  facet normal 5.281319e-01 3.049171e-01 7.925291e-01
    outer loop
      vertex   3.394355e+01 3.600219e+01 1.730761e+00
      vertex   3.418612e+01 3.611901e+01 1.524167e+00
      vertex   3.380300e+01 3.624563e+01 1.730761e+00
    endloop
  endfacet
  facet normal 6.877762e-01 3.970878e-01 6.076884e-01
    outer loop
      vertex   3.394355e+01 3.600219e+01 1.730761e+00
      vertex   3.380300e+01 3.624563e+01 1.730761e+00
      vertex   3.363230e+01 3.612925e+01 2.000000e+00
    endloop
  endfacet
  facet normal 6.209115e-01 4.951604e-01 6.076884e-01
    outer loop
      vertex   3.363230e+01 3.612925e+01 2.000000e+00
      vertex   3.380300e+01 3.624563e+01 1.730761e+00
      vertex   3.347629e+01 3.632488e+01 2.000000e+00
    endloop
  endfacet
  facet normal 7.226137e-01 5.762652e-01 3.817695e-01
    outer loop
      vertex   3.363230e+01 3.612925e+01 2.000000e+00
      vertex   3.347629e+01 3.632488e+01 2.000000e+00
      vertex   3.338109e+01 3.623655e+01 2.313535e+00
    endloop
  endfacet
  facet normal 1.247028e-01 4.680176e-02 9.910897e-01
    outer loop
      vertex   3.494813e+01 3.593106e+01 1.350000e+00
      vertex   3.477175e+01 3.640103e+01 1.350000e+00
      vertex   3.460313e+01 3.591230e+01 1.394296e+00
    endloop
  endfacet
  facet normal 1.218383e-01 4.781800e-02 9.913974e-01
    outer loop
      vertex   3.460313e+01 3.591230e+01 1.394296e+00
      vertex   3.477175e+01 3.640103e+01 1.350000e+00
      vertex   3.446861e+01 3.625505e+01 1.394296e+00
    endloop
  endfacet
  facet normal 3.570820e-01 1.401444e-01 9.234999e-01
    outer loop
      vertex   3.460313e+01 3.591230e+01 1.394296e+00
      vertex   3.446861e+01 3.625505e+01 1.394296e+00
      vertex   3.418612e+01 3.611901e+01 1.524167e+00
    endloop
  endfacet
  facet normal 3.322063e-01 1.917994e-01 9.234999e-01
    outer loop
      vertex   3.418612e+01 3.611901e+01 1.524167e+00
      vertex   3.446861e+01 3.625505e+01 1.394296e+00
      vertex   3.402545e+01 3.639730e+01 1.524167e+00
    endloop
  endfacet
  facet normal 5.281319e-01 3.049171e-01 7.925291e-01
    outer loop
      vertex   3.418612e+01 3.611901e+01 1.524167e+00
      vertex   3.402545e+01 3.639730e+01 1.524167e+00
      vertex   3.380300e+01 3.624563e+01 1.730761e+00
    endloop
  endfacet
  facet normal 4.767875e-01 3.802254e-01 7.925291e-01
    outer loop
      vertex   3.380300e+01 3.624563e+01 1.730761e+00
      vertex   3.402545e+01 3.639730e+01 1.524167e+00
      vertex   3.362773e+01 3.646540e+01 1.730761e+00
    endloop
  endfacet
  facet normal 6.209115e-01 4.951604e-01 6.076884e-01
    outer loop
      vertex   3.380300e+01 3.624563e+01 1.730761e+00
      vertex   3.362773e+01 3.646540e+01 1.730761e+00
      vertex   3.347629e+01 3.632488e+01 2.000000e+00
    endloop
  endfacet
  facet normal 1.133505e-01 6.544297e-02 9.913974e-01
    outer loop
      vertex   3.446861e+01 3.625505e+01 1.394296e+00
      vertex   3.477175e+01 3.640103e+01 1.350000e+00
      vertex   3.428451e+01 3.657392e+01 1.394296e+00
    endloop
  endfacet
  facet normal 1.143420e-01 6.831619e-02 9.910897e-01
    outer loop
      vertex   3.428451e+01 3.657392e+01 1.394296e+00
      vertex   3.477175e+01 3.640103e+01 1.350000e+00
      vertex   3.451429e+01 3.683196e+01 1.350000e+00
    endloop
  endfacet
  facet normal 1.008505e-01 8.042557e-02 9.916456e-01
    outer loop
      vertex   3.428451e+01 3.657392e+01 1.394296e+00
      vertex   3.451429e+01 3.683196e+01 1.350000e+00
      vertex   3.405494e+01 3.686179e+01 1.394296e+00
    endloop
  endfacet
  facet normal 1.013044e-01 8.850702e-02 9.909107e-01
    outer loop
      vertex   3.405494e+01 3.686179e+01 1.394296e+00
      vertex   3.451429e+01 3.683196e+01 1.350000e+00
      vertex   3.418401e+01 3.720998e+01 1.350000e+00
    endloop
  endfacet
  facet normal 7.214201e-02 1.058129e-01 9.917657e-01
    outer loop
      vertex   3.378503e+01 3.711223e+01 1.394296e+00
      vertex   3.379155e+01 3.752296e+01 1.350000e+00
      vertex   3.348081e+01 3.731964e+01 1.394296e+00
    endloop
  endfacet
  facet normal 6.374560e-02 1.184592e-01 9.909107e-01
    outer loop
      vertex   3.348081e+01 3.731964e+01 1.394296e+00
      vertex   3.379155e+01 3.752296e+01 1.350000e+00
      vertex   3.334951e+01 3.776084e+01 1.350000e+00
    endloop
  endfacet
  facet normal -7.337734e-02 1.111619e-01 9.910897e-01
    outer loop
      vertex   3.092221e+01 3.765183e+01 1.350000e+00
      vertex   3.050327e+01 3.737529e+01 1.350000e+00
      vertex   3.101727e+01 3.731964e+01 1.394296e+00
    endloop
  endfacet
  facet normal -7.373067e-02 1.081430e-01 9.913974e-01
    outer loop
      vertex   3.101727e+01 3.731964e+01 1.394296e+00
      vertex   3.050327e+01 3.737529e+01 1.350000e+00
      vertex   3.071305e+01 3.711223e+01 1.394296e+00
    endloop
  endfacet
  facet normal -2.160889e-01 3.169442e-01 9.234999e-01
    outer loop
      vertex   3.101727e+01 3.731964e+01 1.394296e+00
      vertex   3.071305e+01 3.711223e+01 1.394296e+00
      vertex   3.090854e+01 3.686710e+01 1.524167e+00
    endloop
  endfacet
  facet normal -2.609134e-01 2.811978e-01 9.234999e-01
    outer loop
      vertex   3.090854e+01 3.686710e+01 1.524167e+00
      vertex   3.071305e+01 3.711223e+01 1.394296e+00
      vertex   3.067298e+01 3.664853e+01 1.524167e+00
    endloop
  endfacet
  facet normal -4.147926e-01 4.470401e-01 7.925291e-01
    outer loop
      vertex   3.090854e+01 3.686710e+01 1.524167e+00
      vertex   3.067298e+01 3.664853e+01 1.524167e+00
      vertex   3.087034e+01 3.646540e+01 1.730761e+00
    endloop
  endfacet
  facet normal -4.767875e-01 3.802254e-01 7.925291e-01
    outer loop
      vertex   3.087034e+01 3.646540e+01 1.730761e+00
      vertex   3.067298e+01 3.664853e+01 1.524167e+00
      vertex   3.069508e+01 3.624563e+01 1.730761e+00
    endloop
  endfacet
  facet normal -6.209115e-01 4.951604e-01 6.076884e-01
    outer loop
      vertex   3.087034e+01 3.646540e+01 1.730761e+00
      vertex   3.069508e+01 3.624563e+01 1.730761e+00
      vertex   3.086578e+01 3.612925e+01 2.000000e+00
    endloop
  endfacet
  facet normal -6.877762e-01 3.970878e-01 6.076884e-01
    outer loop
      vertex   3.086578e+01 3.612925e+01 2.000000e+00
      vertex   3.069508e+01 3.624563e+01 1.730761e+00
      vertex   3.074067e+01 3.591255e+01 2.000000e+00
    endloop
  endfacet
  facet normal -8.004305e-01 4.621288e-01 3.817695e-01
    outer loop
      vertex   3.086578e+01 3.612925e+01 2.000000e+00
      vertex   3.074067e+01 3.591255e+01 2.000000e+00
      vertex   3.085768e+01 3.585620e+01 2.313535e+00
    endloop
  endfacet
  facet normal -8.603671e-01 3.376692e-01 3.817695e-01
    outer loop
      vertex   3.085768e+01 3.585620e+01 2.313535e+00
      vertex   3.074067e+01 3.591255e+01 2.000000e+00
      vertex   3.077335e+01 3.564135e+01 2.313535e+00
    endloop
  endfacet
  facet normal -8.902504e-02 9.594618e-02 9.913974e-01
    outer loop
      vertex   3.071305e+01 3.711223e+01 1.394296e+00
      vertex   3.050327e+01 3.737529e+01 1.350000e+00
      vertex   3.044314e+01 3.686179e+01 1.394296e+00
    endloop
  endfacet
  facet normal -9.204686e-02 9.627347e-02 9.910897e-01
    outer loop
      vertex   3.044314e+01 3.686179e+01 1.394296e+00
      vertex   3.050327e+01 3.737529e+01 1.350000e+00
      vertex   3.014044e+01 3.702839e+01 1.350000e+00
    endloop
  endfacet
  facet normal -1.008505e-01 8.042557e-02 9.916456e-01
    outer loop
      vertex   3.044314e+01 3.686179e+01 1.394296e+00
      vertex   3.014044e+01 3.702839e+01 1.350000e+00
      vertex   3.021357e+01 3.657392e+01 1.394296e+00
    endloop
  endfacet
  facet normal -1.088303e-01 7.906985e-02 9.909107e-01
    outer loop
      vertex   3.021357e+01 3.657392e+01 1.394296e+00
      vertex   3.014044e+01 3.702839e+01 1.350000e+00
      vertex   2.984538e+01 3.662228e+01 1.350000e+00
    endloop
  endfacet
  facet normal -1.109082e-01 6.403288e-02 9.917657e-01
    outer loop
      vertex   3.021357e+01 3.657392e+01 1.394296e+00
      vertex   2.984538e+01 3.662228e+01 1.350000e+00
      vertex   3.002947e+01 3.625505e+01 1.394296e+00
    endloop
  endfacet
  facet normal -1.216033e-01 5.856107e-02 9.908498e-01
    outer loop
      vertex   3.002947e+01 3.625505e+01 1.394296e+00
      vertex   2.984538e+01 3.662228e+01 1.350000e+00
      vertex   2.962758e+01 3.617001e+01 1.350000e+00
    endloop
  endfacet
  facet normal -1.192130e-01 4.678767e-02 9.917657e-01
    outer loop
      vertex   3.002947e+01 3.625505e+01 1.394296e+00
      vertex   2.962758e+01 3.617001e+01 1.350000e+00
      vertex   2.989495e+01 3.591230e+01 1.394296e+00
    endloop
  endfacet
  facet normal -1.296739e-01 3.578772e-02 9.909107e-01
    outer loop
      vertex   2.989495e+01 3.591230e+01 1.394296e+00
      vertex   2.962758e+01 3.617001e+01 1.350000e+00
      vertex   2.949404e+01 3.568612e+01 1.350000e+00
    endloop
  endfacet
  facet normal -1.257585e-01 2.870356e-02 9.916456e-01
    outer loop
      vertex   2.989495e+01 3.591230e+01 1.394296e+00
      vertex   2.949404e+01 3.568612e+01 1.350000e+00
      vertex   2.981302e+01 3.555333e+01 1.394296e+00
    endloop
  endfacet
  facet normal -1.326599e-01 1.193961e-02 9.910897e-01
    outer loop
      vertex   2.981302e+01 3.555333e+01 1.394296e+00
      vertex   2.949404e+01 3.568612e+01 1.350000e+00
      vertex   2.944904e+01 3.518616e+01 1.350000e+00
    endloop
  endfacet
  facet normal -1.305199e-01 9.781118e-03 9.913974e-01
    outer loop
      vertex   2.981302e+01 3.555333e+01 1.394296e+00
      vertex   2.944904e+01 3.518616e+01 1.350000e+00
      vertex   2.978550e+01 3.518616e+01 1.394296e+00
    endloop
  endfacet
  facet normal 9.216731e-01 -6.906985e-02 3.817695e-01
    outer loop
      vertex   3.390451e+01 3.493664e+01 2.000000e+00
      vertex   3.379334e+01 3.518616e+01 2.313535e+00
      vertex   3.377609e+01 3.495599e+01 2.313535e+00
    endloop
  endfacet
  facet normal -9.216731e-01 6.906985e-02 3.817695e-01
    outer loop
      vertex   3.057487e+01 3.518616e+01 2.000000e+00
      vertex   3.070474e+01 3.518616e+01 2.313535e+00
      vertex   3.059357e+01 3.543568e+01 2.000000e+00
    endloop
  endfacet
  facet normal -9.216731e-01 6.906985e-02 3.817695e-01
    outer loop
      vertex   3.059357e+01 3.543568e+01 2.000000e+00
      vertex   3.070474e+01 3.518616e+01 2.313535e+00
      vertex   3.072199e+01 3.541632e+01 2.313535e+00
    endloop
  endfacet
  facet normal -9.010845e-01 2.056667e-01 3.817695e-01
    outer loop
      vertex   3.059357e+01 3.543568e+01 2.000000e+00
      vertex   3.072199e+01 3.541632e+01 2.313535e+00
      vertex   3.064925e+01 3.567963e+01 2.000000e+00
    endloop
  endfacet
  facet normal -9.010845e-01 2.056667e-01 3.817695e-01
    outer loop
      vertex   3.064925e+01 3.567963e+01 2.000000e+00
      vertex   3.072199e+01 3.541632e+01 2.313535e+00
      vertex   3.077335e+01 3.564135e+01 2.313535e+00
    endloop
  endfacet
  facet normal -8.603671e-01 3.376692e-01 3.817695e-01
    outer loop
      vertex   3.064925e+01 3.567963e+01 2.000000e+00
      vertex   3.077335e+01 3.564135e+01 2.313535e+00
      vertex   3.074067e+01 3.591255e+01 2.000000e+00
    endloop
  endfacet
  facet normal -7.919549e-01 5.934882e-02 6.076884e-01
    outer loop
      vertex   3.036828e+01 3.518616e+01 1.730761e+00
      vertex   3.057487e+01 3.518616e+01 2.000000e+00
      vertex   3.038928e+01 3.546647e+01 1.730761e+00
    endloop
  endfacet
  facet normal -7.919549e-01 5.934882e-02 6.076884e-01
    outer loop
      vertex   3.038928e+01 3.546647e+01 1.730761e+00
      vertex   3.057487e+01 3.518616e+01 2.000000e+00
      vertex   3.059357e+01 3.543568e+01 2.000000e+00
    endloop
  endfacet
  facet normal -7.742639e-01 1.767207e-01 6.076884e-01
    outer loop
      vertex   3.038928e+01 3.546647e+01 1.730761e+00
      vertex   3.059357e+01 3.543568e+01 2.000000e+00
      vertex   3.045183e+01 3.574052e+01 1.730761e+00
    endloop
  endfacet
  facet normal -7.742639e-01 1.767207e-01 6.076884e-01
    outer loop
      vertex   3.045183e+01 3.574052e+01 1.730761e+00
      vertex   3.059357e+01 3.543568e+01 2.000000e+00
      vertex   3.064925e+01 3.567963e+01 2.000000e+00
    endloop
  endfacet
  facet normal -7.392772e-01 2.901449e-01 6.076884e-01
    outer loop
      vertex   3.045183e+01 3.574052e+01 1.730761e+00
      vertex   3.064925e+01 3.567963e+01 2.000000e+00
      vertex   3.055453e+01 3.600219e+01 1.730761e+00
    endloop
  endfacet
  facet normal -7.392772e-01 2.901449e-01 6.076884e-01
    outer loop
      vertex   3.055453e+01 3.600219e+01 1.730761e+00
      vertex   3.064925e+01 3.567963e+01 2.000000e+00
      vertex   3.074067e+01 3.591255e+01 2.000000e+00
    endloop
  endfacet
  facet normal -6.877762e-01 3.970878e-01 6.076884e-01
    outer loop
      vertex   3.055453e+01 3.600219e+01 1.730761e+00
      vertex   3.074067e+01 3.591255e+01 2.000000e+00
      vertex   3.069508e+01 3.624563e+01 1.730761e+00
    endloop
  endfacet
  facet normal -6.081289e-01 4.557296e-02 7.925291e-01
    outer loop
      vertex   3.009904e+01 3.518616e+01 1.524167e+00
      vertex   3.036828e+01 3.518616e+01 1.730761e+00
      vertex   3.012305e+01 3.550660e+01 1.524167e+00
    endloop
  endfacet
  facet normal -6.081289e-01 4.557296e-02 7.925291e-01
    outer loop
      vertex   3.012305e+01 3.550660e+01 1.524167e+00
      vertex   3.036828e+01 3.518616e+01 1.730761e+00
      vertex   3.038928e+01 3.546647e+01 1.730761e+00
    endloop
  endfacet
  facet normal -5.945443e-01 1.357009e-01 7.925291e-01
    outer loop
      vertex   3.012305e+01 3.550660e+01 1.524167e+00
      vertex   3.038928e+01 3.546647e+01 1.730761e+00
      vertex   3.019456e+01 3.581988e+01 1.524167e+00
    endloop
  endfacet
  facet normal -5.945443e-01 1.357009e-01 7.925291e-01
    outer loop
      vertex   3.019456e+01 3.581988e+01 1.524167e+00
      vertex   3.038928e+01 3.546647e+01 1.730761e+00
      vertex   3.045183e+01 3.574052e+01 1.730761e+00
    endloop
  endfacet
  facet normal -5.676786e-01 2.227974e-01 7.925291e-01
    outer loop
      vertex   3.019456e+01 3.581988e+01 1.524167e+00
      vertex   3.045183e+01 3.574052e+01 1.730761e+00
      vertex   3.031196e+01 3.611901e+01 1.524167e+00
    endloop
  endfacet
  facet normal -5.676786e-01 2.227974e-01 7.925291e-01
    outer loop
      vertex   3.031196e+01 3.611901e+01 1.524167e+00
      vertex   3.045183e+01 3.574052e+01 1.730761e+00
      vertex   3.055453e+01 3.600219e+01 1.730761e+00
    endloop
  endfacet
  facet normal -5.281319e-01 3.049171e-01 7.925291e-01
    outer loop
      vertex   3.031196e+01 3.611901e+01 1.524167e+00
      vertex   3.055453e+01 3.600219e+01 1.730761e+00
      vertex   3.047263e+01 3.639730e+01 1.524167e+00
    endloop
  endfacet
  facet normal -5.281319e-01 3.049171e-01 7.925291e-01
    outer loop
      vertex   3.047263e+01 3.639730e+01 1.524167e+00
      vertex   3.055453e+01 3.600219e+01 1.730761e+00
      vertex   3.069508e+01 3.624563e+01 1.730761e+00
    endloop
  endfacet
  facet normal -4.767875e-01 3.802254e-01 7.925291e-01
    outer loop
      vertex   3.047263e+01 3.639730e+01 1.524167e+00
      vertex   3.069508e+01 3.624563e+01 1.730761e+00
      vertex   3.067298e+01 3.664853e+01 1.524167e+00
    endloop
  endfacet
  facet normal -3.825262e-01 2.866637e-02 9.234999e-01
    outer loop
      vertex   2.978550e+01 3.518616e+01 1.394296e+00
      vertex   3.009904e+01 3.518616e+01 1.524167e+00
      vertex   2.981302e+01 3.555333e+01 1.394296e+00
    endloop
  endfacet
  facet normal -3.825262e-01 2.866637e-02 9.234999e-01
    outer loop
      vertex   2.981302e+01 3.555333e+01 1.394296e+00
      vertex   3.009904e+01 3.518616e+01 1.524167e+00
      vertex   3.012305e+01 3.550660e+01 1.524167e+00
    endloop
  endfacet
  facet normal -3.739812e-01 8.535876e-02 9.234999e-01
    outer loop
      vertex   2.981302e+01 3.555333e+01 1.394296e+00
      vertex   3.012305e+01 3.550660e+01 1.524167e+00
      vertex   2.989495e+01 3.591230e+01 1.394296e+00
    endloop
  endfacet
  facet normal -3.739812e-01 8.535876e-02 9.234999e-01
    outer loop
      vertex   2.989495e+01 3.591230e+01 1.394296e+00
      vertex   3.012305e+01 3.550660e+01 1.524167e+00
      vertex   3.019456e+01 3.581988e+01 1.524167e+00
    endloop
  endfacet
  facet normal -3.570820e-01 1.401444e-01 9.234999e-01
    outer loop
      vertex   2.989495e+01 3.591230e+01 1.394296e+00
      vertex   3.019456e+01 3.581988e+01 1.524167e+00
      vertex   3.002947e+01 3.625505e+01 1.394296e+00
    endloop
  endfacet
  facet normal -3.570820e-01 1.401444e-01 9.234999e-01
    outer loop
      vertex   3.002947e+01 3.625505e+01 1.394296e+00
      vertex   3.019456e+01 3.581988e+01 1.524167e+00
      vertex   3.031196e+01 3.611901e+01 1.524167e+00
    endloop
  endfacet
  facet normal -3.322063e-01 1.917994e-01 9.234999e-01
    outer loop
      vertex   3.002947e+01 3.625505e+01 1.394296e+00
      vertex   3.031196e+01 3.611901e+01 1.524167e+00
      vertex   3.021357e+01 3.657392e+01 1.394296e+00
    endloop
  endfacet
  facet normal -3.322063e-01 1.917994e-01 9.234999e-01
    outer loop
      vertex   3.021357e+01 3.657392e+01 1.394296e+00
      vertex   3.031196e+01 3.611901e+01 1.524167e+00
      vertex   3.047263e+01 3.639730e+01 1.524167e+00
    endloop
  endfacet
  facet normal -2.999096e-01 2.391699e-01 9.234999e-01
    outer loop
      vertex   3.021357e+01 3.657392e+01 1.394296e+00
      vertex   3.047263e+01 3.639730e+01 1.524167e+00
      vertex   3.044314e+01 3.686179e+01 1.394296e+00
    endloop
  endfacet
  facet normal -2.999096e-01 2.391699e-01 9.234999e-01
    outer loop
      vertex   3.044314e+01 3.686179e+01 1.394296e+00
      vertex   3.047263e+01 3.639730e+01 1.524167e+00
      vertex   3.067298e+01 3.664853e+01 1.524167e+00
    endloop
  endfacet
  facet normal -2.609134e-01 2.811978e-01 9.234999e-01
    outer loop
      vertex   3.044314e+01 3.686179e+01 1.394296e+00
      vertex   3.067298e+01 3.664853e+01 1.524167e+00
      vertex   3.071305e+01 3.711223e+01 1.394296e+00
    endloop
  endfacet
  facet normal -5.206528e-01 7.636574e-01 3.817695e-01
    outer loop
      vertex   3.128619e+01 3.639354e+01 2.313535e+00
      vertex   3.147689e+01 3.652356e+01 2.313535e+00
      vertex   3.141196e+01 3.663603e+01 2.000000e+00
    endloop
  endfacet
  facet normal -4.010203e-01 8.327273e-01 3.817695e-01
    outer loop
      vertex   3.141196e+01 3.663603e+01 2.000000e+00
      vertex   3.147689e+01 3.652356e+01 2.313535e+00
      vertex   3.163740e+01 3.674460e+01 2.000000e+00
    endloop
  endfacet
  facet normal -3.445799e-01 7.155275e-01 6.076884e-01
    outer loop
      vertex   3.141196e+01 3.663603e+01 2.000000e+00
      vertex   3.163740e+01 3.674460e+01 2.000000e+00
      vertex   3.156192e+01 3.693691e+01 1.730761e+00
    endloop
  endfacet
  facet normal -2.340874e-01 7.588926e-01 6.076884e-01
    outer loop
      vertex   3.156192e+01 3.693691e+01 1.730761e+00
      vertex   3.163740e+01 3.674460e+01 2.000000e+00
      vertex   3.183053e+01 3.701977e+01 1.730761e+00
    endloop
  endfacet
  facet normal -1.797518e-01 5.827409e-01 7.925291e-01
    outer loop
      vertex   3.156192e+01 3.693691e+01 1.730761e+00
      vertex   3.183053e+01 3.701977e+01 1.730761e+00
      vertex   3.177062e+01 3.728225e+01 1.524167e+00
    endloop
  endfacet
  facet normal -9.089106e-02 6.030228e-01 7.925291e-01
    outer loop
      vertex   3.177062e+01 3.728225e+01 1.524167e+00
      vertex   3.183053e+01 3.701977e+01 1.730761e+00
      vertex   3.208837e+01 3.733015e+01 1.524167e+00
    endloop
  endfacet
  facet normal -5.717243e-02 3.793143e-01 9.234999e-01
    outer loop
      vertex   3.177062e+01 3.728225e+01 1.524167e+00
      vertex   3.208837e+01 3.733015e+01 1.524167e+00
      vertex   3.206494e+01 3.764281e+01 1.394296e+00
    endloop
  endfacet
  facet normal -0.000000e+00 3.835988e-01 9.234999e-01
    outer loop
      vertex   3.206494e+01 3.764281e+01 1.394296e+00
      vertex   3.208837e+01 3.733015e+01 1.524167e+00
      vertex   3.243314e+01 3.764281e+01 1.394296e+00
    endloop
  endfacet
  facet normal -2.724297e-01 8.831954e-01 3.817695e-01
    outer loop
      vertex   3.168484e+01 3.662370e+01 2.313535e+00
      vertex   3.187650e+01 3.681835e+01 2.000000e+00
      vertex   3.163740e+01 3.674460e+01 2.000000e+00
    endloop
  endfacet
  facet normal -2.340874e-01 7.588926e-01 6.076884e-01
    outer loop
      vertex   3.163740e+01 3.674460e+01 2.000000e+00
      vertex   3.187650e+01 3.681835e+01 2.000000e+00
      vertex   3.183053e+01 3.701977e+01 1.730761e+00
    endloop
  endfacet
  facet normal -9.089106e-02 6.030228e-01 7.925291e-01
    outer loop
      vertex   3.208837e+01 3.733015e+01 1.524167e+00
      vertex   3.183053e+01 3.701977e+01 1.730761e+00
      vertex   3.210849e+01 3.706166e+01 1.730761e+00
    endloop
  endfacet
  facet normal -1.183657e-01 7.853053e-01 6.076884e-01
    outer loop
      vertex   3.210849e+01 3.706166e+01 1.730761e+00
      vertex   3.183053e+01 3.701977e+01 1.730761e+00
      vertex   3.187650e+01 3.681835e+01 2.000000e+00
    endloop
  endfacet
  facet normal -4.010203e-01 8.327273e-01 3.817695e-01
    outer loop
      vertex   3.147689e+01 3.652356e+01 2.313535e+00
      vertex   3.168484e+01 3.662370e+01 2.313535e+00
      vertex   3.163740e+01 3.674460e+01 2.000000e+00
    endloop
  endfacet
  facet normal 0.000000e+00 3.835988e-01 9.234999e-01
    outer loop
      vertex   3.243314e+01 3.764281e+01 1.394296e+00
      vertex   3.208837e+01 3.733015e+01 1.524167e+00
      vertex   3.240971e+01 3.733015e+01 1.524167e+00
    endloop
  endfacet
  facet normal 0.000000e+00 6.098342e-01 7.925291e-01
    outer loop
      vertex   3.240971e+01 3.733015e+01 1.524167e+00
      vertex   3.208837e+01 3.733015e+01 1.524167e+00
      vertex   3.210849e+01 3.706166e+01 1.730761e+00
    endloop
  endfacet
  facet normal 1.377534e-01 9.139344e-01 3.817695e-01
    outer loop
      vertex   3.259268e+01 3.669174e+01 2.313535e+00
      vertex   3.262158e+01 3.681835e+01 2.000000e+00
      vertex   3.236444e+01 3.672614e+01 2.313535e+00
    endloop
  endfacet
  facet normal 5.717243e-02 3.793143e-01 9.234999e-01
    outer loop
      vertex   3.243314e+01 3.764281e+01 1.394296e+00
      vertex   3.240971e+01 3.733015e+01 1.524167e+00
      vertex   3.279723e+01 3.758793e+01 1.394296e+00
    endloop
  endfacet
  facet normal 5.206528e-01 7.636574e-01 3.817695e-01
    outer loop
      vertex   3.308612e+01 3.663603e+01 2.000000e+00
      vertex   3.302119e+01 3.652356e+01 2.313535e+00
      vertex   3.329286e+01 3.649508e+01 2.000000e+00
    endloop
  endfacet
  facet normal 5.206528e-01 7.636574e-01 3.817695e-01
    outer loop
      vertex   3.329286e+01 3.649508e+01 2.000000e+00
      vertex   3.302119e+01 3.652356e+01 2.313535e+00
      vertex   3.321189e+01 3.639354e+01 2.313535e+00
    endloop
  endfacet
  facet normal 4.473750e-01 6.561787e-01 6.076884e-01
    outer loop
      vertex   3.318942e+01 3.681495e+01 1.730761e+00
      vertex   3.308612e+01 3.663603e+01 2.000000e+00
      vertex   3.342167e+01 3.665660e+01 1.730761e+00
    endloop
  endfacet
  facet normal 4.473750e-01 6.561787e-01 6.076884e-01
    outer loop
      vertex   3.342167e+01 3.665660e+01 1.730761e+00
      vertex   3.308612e+01 3.663603e+01 2.000000e+00
      vertex   3.329286e+01 3.649508e+01 2.000000e+00
    endloop
  endfacet
  facet normal 3.435318e-01 5.038686e-01 7.925291e-01
    outer loop
      vertex   3.332404e+01 3.704811e+01 1.524167e+00
      vertex   3.318942e+01 3.681495e+01 1.730761e+00
      vertex   3.358954e+01 3.686710e+01 1.524167e+00
    endloop
  endfacet
  facet normal 3.435318e-01 5.038686e-01 7.925291e-01
    outer loop
      vertex   3.358954e+01 3.686710e+01 1.524167e+00
      vertex   3.318942e+01 3.681495e+01 1.730761e+00
      vertex   3.342167e+01 3.665660e+01 1.730761e+00
    endloop
  endfacet
  facet normal 2.160889e-01 3.169442e-01 9.234999e-01
    outer loop
      vertex   3.348081e+01 3.731964e+01 1.394296e+00
      vertex   3.332404e+01 3.704811e+01 1.524167e+00
      vertex   3.378503e+01 3.711223e+01 1.394296e+00
    endloop
  endfacet
  facet normal 2.160889e-01 3.169442e-01 9.234999e-01
    outer loop
      vertex   3.378503e+01 3.711223e+01 1.394296e+00
      vertex   3.332404e+01 3.704811e+01 1.524167e+00
      vertex   3.358954e+01 3.686710e+01 1.524167e+00
    endloop
  endfacet
  facet normal 4.767875e-01 3.802254e-01 7.925291e-01
    outer loop
      vertex   3.382510e+01 3.664853e+01 1.524167e+00
      vertex   3.362773e+01 3.646540e+01 1.730761e+00
      vertex   3.402545e+01 3.639730e+01 1.524167e+00
    endloop
  endfacet
  facet normal 2.999096e-01 2.391699e-01 9.234999e-01
    outer loop
      vertex   3.405494e+01 3.686179e+01 1.394296e+00
      vertex   3.382510e+01 3.664853e+01 1.524167e+00
      vertex   3.428451e+01 3.657392e+01 1.394296e+00
    endloop
  endfacet
  facet normal 2.999096e-01 2.391699e-01 9.234999e-01
    outer loop
      vertex   3.428451e+01 3.657392e+01 1.394296e+00
      vertex   3.382510e+01 3.664853e+01 1.524167e+00
      vertex   3.402545e+01 3.639730e+01 1.524167e+00
    endloop
  endfacet
  facet normal 3.322063e-01 1.917994e-01 9.234999e-01
    outer loop
      vertex   3.428451e+01 3.657392e+01 1.394296e+00
      vertex   3.402545e+01 3.639730e+01 1.524167e+00
      vertex   3.446861e+01 3.625505e+01 1.394296e+00
    endloop
  endfacet
  facet normal 9.010845e-01 -2.056667e-01 3.817695e-01
    outer loop
      vertex   3.390451e+01 3.493664e+01 2.000000e+00
      vertex   3.377609e+01 3.495599e+01 2.313535e+00
      vertex   3.384883e+01 3.469269e+01 2.000000e+00
    endloop
  endfacet
  facet normal 9.010845e-01 -2.056667e-01 3.817695e-01
    outer loop
      vertex   3.384883e+01 3.469269e+01 2.000000e+00
      vertex   3.377609e+01 3.495599e+01 2.313535e+00
      vertex   3.372473e+01 3.473097e+01 2.313535e+00
    endloop
  endfacet
  facet normal 8.603671e-01 -3.376692e-01 3.817695e-01
    outer loop
      vertex   3.384883e+01 3.469269e+01 2.000000e+00
      vertex   3.372473e+01 3.473097e+01 2.313535e+00
      vertex   3.375741e+01 3.445976e+01 2.000000e+00
    endloop
  endfacet
  facet normal 8.603671e-01 -3.376692e-01 3.817695e-01
    outer loop
      vertex   3.375741e+01 3.445976e+01 2.000000e+00
      vertex   3.372473e+01 3.473097e+01 2.313535e+00
      vertex   3.364040e+01 3.451611e+01 2.313535e+00
    endloop
  endfacet
  facet normal 8.004305e-01 -4.621288e-01 3.817695e-01
    outer loop
      vertex   3.375741e+01 3.445976e+01 2.000000e+00
      vertex   3.364040e+01 3.451611e+01 2.313535e+00
      vertex   3.363230e+01 3.424307e+01 2.000000e+00
    endloop
  endfacet
  facet normal 7.742639e-01 -1.767207e-01 6.076884e-01
    outer loop
      vertex   3.390451e+01 3.493664e+01 2.000000e+00
      vertex   3.384883e+01 3.469269e+01 2.000000e+00
      vertex   3.404624e+01 3.463179e+01 1.730761e+00
    endloop
  endfacet
  facet normal 7.392772e-01 -2.901449e-01 6.076884e-01
    outer loop
      vertex   3.404624e+01 3.463179e+01 1.730761e+00
      vertex   3.384883e+01 3.469269e+01 2.000000e+00
      vertex   3.394355e+01 3.437013e+01 1.730761e+00
    endloop
  endfacet
  facet normal 5.676786e-01 -2.227974e-01 7.925291e-01
    outer loop
      vertex   3.404624e+01 3.463179e+01 1.730761e+00
      vertex   3.394355e+01 3.437013e+01 1.730761e+00
      vertex   3.418612e+01 3.425331e+01 1.524167e+00
    endloop
  endfacet
  facet normal 5.281319e-01 -3.049171e-01 7.925291e-01
    outer loop
      vertex   3.418612e+01 3.425331e+01 1.524167e+00
      vertex   3.394355e+01 3.437013e+01 1.730761e+00
      vertex   3.402545e+01 3.397502e+01 1.524167e+00
    endloop
  endfacet
  facet normal 3.322063e-01 -1.917994e-01 9.234999e-01
    outer loop
      vertex   3.418612e+01 3.425331e+01 1.524167e+00
      vertex   3.402545e+01 3.397502e+01 1.524167e+00
      vertex   3.428451e+01 3.379840e+01 1.394296e+00
    endloop
  endfacet
  facet normal 2.999096e-01 -2.391699e-01 9.234999e-01
    outer loop
      vertex   3.428451e+01 3.379840e+01 1.394296e+00
      vertex   3.402545e+01 3.397502e+01 1.524167e+00
      vertex   3.405494e+01 3.351053e+01 1.394296e+00
    endloop
  endfacet
  facet normal 7.392772e-01 -2.901449e-01 6.076884e-01
    outer loop
      vertex   3.394355e+01 3.437013e+01 1.730761e+00
      vertex   3.384883e+01 3.469269e+01 2.000000e+00
      vertex   3.375741e+01 3.445976e+01 2.000000e+00
    endloop
  endfacet
  facet normal 6.877762e-01 -3.970878e-01 6.076884e-01
    outer loop
      vertex   3.394355e+01 3.437013e+01 1.730761e+00
      vertex   3.375741e+01 3.445976e+01 2.000000e+00
      vertex   3.380300e+01 3.412669e+01 1.730761e+00
    endloop
  endfacet
  facet normal 6.877762e-01 -3.970878e-01 6.076884e-01
    outer loop
      vertex   3.380300e+01 3.412669e+01 1.730761e+00
      vertex   3.375741e+01 3.445976e+01 2.000000e+00
      vertex   3.363230e+01 3.424307e+01 2.000000e+00
    endloop
  endfacet
  facet normal 6.209115e-01 -4.951604e-01 6.076884e-01
    outer loop
      vertex   3.380300e+01 3.412669e+01 1.730761e+00
      vertex   3.363230e+01 3.424307e+01 2.000000e+00
      vertex   3.362773e+01 3.390692e+01 1.730761e+00
    endloop
  endfacet
  facet normal 5.281319e-01 -3.049171e-01 7.925291e-01
    outer loop
      vertex   3.394355e+01 3.437013e+01 1.730761e+00
      vertex   3.380300e+01 3.412669e+01 1.730761e+00
      vertex   3.402545e+01 3.397502e+01 1.524167e+00
    endloop
  endfacet
  facet normal 4.767875e-01 -3.802254e-01 7.925291e-01
    outer loop
      vertex   3.402545e+01 3.397502e+01 1.524167e+00
      vertex   3.380300e+01 3.412669e+01 1.730761e+00
      vertex   3.382510e+01 3.372379e+01 1.524167e+00
    endloop
  endfacet
  facet normal 2.999096e-01 -2.391699e-01 9.234999e-01
    outer loop
      vertex   3.402545e+01 3.397502e+01 1.524167e+00
      vertex   3.382510e+01 3.372379e+01 1.524167e+00
      vertex   3.405494e+01 3.351053e+01 1.394296e+00
    endloop
  endfacet
  facet normal 2.609134e-01 -2.811978e-01 9.234999e-01
    outer loop
      vertex   3.405494e+01 3.351053e+01 1.394296e+00
      vertex   3.382510e+01 3.372379e+01 1.524167e+00
      vertex   3.378503e+01 3.326009e+01 1.394296e+00
    endloop
  endfacet
  facet normal 4.767875e-01 -3.802254e-01 7.925291e-01
    outer loop
      vertex   3.382510e+01 3.372379e+01 1.524167e+00
      vertex   3.380300e+01 3.412669e+01 1.730761e+00
      vertex   3.362773e+01 3.390692e+01 1.730761e+00
    endloop
  endfacet
  facet normal 2.609134e-01 -2.811978e-01 9.234999e-01
    outer loop
      vertex   3.378503e+01 3.326009e+01 1.394296e+00
      vertex   3.382510e+01 3.372379e+01 1.524167e+00
      vertex   3.358954e+01 3.350522e+01 1.524167e+00
    endloop
  endfacet
  facet normal 4.147926e-01 -4.470401e-01 7.925291e-01
    outer loop
      vertex   3.358954e+01 3.350522e+01 1.524167e+00
      vertex   3.382510e+01 3.372379e+01 1.524167e+00
      vertex   3.362773e+01 3.390692e+01 1.730761e+00
    endloop
  endfacet
  facet normal 5.206528e-01 -7.636574e-01 3.817695e-01
    outer loop
      vertex   3.321189e+01 3.397878e+01 2.313535e+00
      vertex   3.302119e+01 3.384876e+01 2.313535e+00
      vertex   3.308612e+01 3.373629e+01 2.000000e+00
    endloop
  endfacet
  facet normal 4.010203e-01 -8.327273e-01 3.817695e-01
    outer loop
      vertex   3.308612e+01 3.373629e+01 2.000000e+00
      vertex   3.302119e+01 3.384876e+01 2.313535e+00
      vertex   3.286068e+01 3.362772e+01 2.000000e+00
    endloop
  endfacet
  facet normal 3.445799e-01 -7.155275e-01 6.076884e-01
    outer loop
      vertex   3.308612e+01 3.373629e+01 2.000000e+00
      vertex   3.286068e+01 3.362772e+01 2.000000e+00
      vertex   3.293616e+01 3.343541e+01 1.730761e+00
    endloop
  endfacet
  facet normal 2.340874e-01 -7.588926e-01 6.076884e-01
    outer loop
      vertex   3.293616e+01 3.343541e+01 1.730761e+00
      vertex   3.286068e+01 3.362772e+01 2.000000e+00
      vertex   3.266755e+01 3.335255e+01 1.730761e+00
    endloop
  endfacet
  facet normal 1.797518e-01 -5.827409e-01 7.925291e-01
    outer loop
      vertex   3.293616e+01 3.343541e+01 1.730761e+00
      vertex   3.266755e+01 3.335255e+01 1.730761e+00
      vertex   3.272746e+01 3.309006e+01 1.524167e+00
    endloop
  endfacet
  facet normal 2.160889e-01 -3.169442e-01 9.234999e-01
    outer loop
      vertex   3.378503e+01 3.326009e+01 1.394296e+00
      vertex   3.358954e+01 3.350522e+01 1.524167e+00
      vertex   3.348081e+01 3.305267e+01 1.394296e+00
    endloop
  endfacet
  facet normal 2.724297e-01 -8.831954e-01 3.817695e-01
    outer loop
      vertex   3.281323e+01 3.374861e+01 2.313535e+00
      vertex   3.262158e+01 3.355397e+01 2.000000e+00
      vertex   3.286068e+01 3.362772e+01 2.000000e+00
    endloop
  endfacet
  facet normal 2.340874e-01 -7.588926e-01 6.076884e-01
    outer loop
      vertex   3.286068e+01 3.362772e+01 2.000000e+00
      vertex   3.262158e+01 3.355397e+01 2.000000e+00
      vertex   3.266755e+01 3.335255e+01 1.730761e+00
    endloop
  endfacet
  facet normal 4.010203e-01 -8.327273e-01 3.817695e-01
    outer loop
      vertex   3.302119e+01 3.384876e+01 2.313535e+00
      vertex   3.281323e+01 3.374861e+01 2.313535e+00
      vertex   3.286068e+01 3.362772e+01 2.000000e+00
    endloop
  endfacet
  facet normal -1.377534e-01 -9.139344e-01 3.817695e-01
    outer loop
      vertex   3.212393e+01 3.351667e+01 2.000000e+00
      vertex   3.213363e+01 3.364618e+01 2.313535e+00
      vertex   3.187650e+01 3.355397e+01 2.000000e+00
    endloop
  endfacet
  facet normal -1.183657e-01 -7.853053e-01 6.076884e-01
    outer loop
      vertex   3.210849e+01 3.331066e+01 1.730761e+00
      vertex   3.212393e+01 3.351667e+01 2.000000e+00
      vertex   3.183053e+01 3.335255e+01 1.730761e+00
    endloop
  endfacet
  facet normal -1.183657e-01 -7.853053e-01 6.076884e-01
    outer loop
      vertex   3.183053e+01 3.335255e+01 1.730761e+00
      vertex   3.212393e+01 3.351667e+01 2.000000e+00
      vertex   3.187650e+01 3.355397e+01 2.000000e+00
    endloop
  endfacet
  facet normal -2.340874e-01 -7.588926e-01 6.076884e-01
    outer loop
      vertex   3.183053e+01 3.335255e+01 1.730761e+00
      vertex   3.187650e+01 3.355397e+01 2.000000e+00
      vertex   3.156192e+01 3.343541e+01 1.730761e+00
    endloop
  endfacet
  facet normal -9.089106e-02 -6.030228e-01 7.925291e-01
    outer loop
      vertex   3.208837e+01 3.304217e+01 1.524167e+00
      vertex   3.210849e+01 3.331066e+01 1.730761e+00
      vertex   3.177062e+01 3.309006e+01 1.524167e+00
    endloop
  endfacet
  facet normal -9.089106e-02 -6.030228e-01 7.925291e-01
    outer loop
      vertex   3.177062e+01 3.309006e+01 1.524167e+00
      vertex   3.210849e+01 3.331066e+01 1.730761e+00
      vertex   3.183053e+01 3.335255e+01 1.730761e+00
    endloop
  endfacet
  facet normal -1.797518e-01 -5.827409e-01 7.925291e-01
    outer loop
      vertex   3.177062e+01 3.309006e+01 1.524167e+00
      vertex   3.183053e+01 3.335255e+01 1.730761e+00
      vertex   3.146356e+01 3.318478e+01 1.524167e+00
    endloop
  endfacet
  facet normal -1.797518e-01 -5.827409e-01 7.925291e-01
    outer loop
      vertex   3.146356e+01 3.318478e+01 1.524167e+00
      vertex   3.183053e+01 3.335255e+01 1.730761e+00
      vertex   3.156192e+01 3.343541e+01 1.730761e+00
    endloop
  endfacet
  facet normal -2.645971e-01 -5.494416e-01 7.925291e-01
    outer loop
      vertex   3.146356e+01 3.318478e+01 1.524167e+00
      vertex   3.156192e+01 3.343541e+01 1.730761e+00
      vertex   3.117404e+01 3.332420e+01 1.524167e+00
    endloop
  endfacet
  facet normal -5.717243e-02 -3.793143e-01 9.234999e-01
    outer loop
      vertex   3.206494e+01 3.272951e+01 1.394296e+00
      vertex   3.208837e+01 3.304217e+01 1.524167e+00
      vertex   3.170085e+01 3.278439e+01 1.394296e+00
    endloop
  endfacet
  facet normal -5.717243e-02 -3.793143e-01 9.234999e-01
    outer loop
      vertex   3.170085e+01 3.278439e+01 1.394296e+00
      vertex   3.208837e+01 3.304217e+01 1.524167e+00
      vertex   3.177062e+01 3.309006e+01 1.524167e+00
    endloop
  endfacet
  facet normal -1.130677e-01 -3.665566e-01 9.234999e-01
    outer loop
      vertex   3.170085e+01 3.278439e+01 1.394296e+00
      vertex   3.177062e+01 3.309006e+01 1.524167e+00
      vertex   3.134901e+01 3.289292e+01 1.394296e+00
    endloop
  endfacet
  facet normal -1.130677e-01 -3.665566e-01 9.234999e-01
    outer loop
      vertex   3.134901e+01 3.289292e+01 1.394296e+00
      vertex   3.177062e+01 3.309006e+01 1.524167e+00
      vertex   3.146356e+01 3.318478e+01 1.524167e+00
    endloop
  endfacet
  facet normal -1.664373e-01 -3.456106e-01 9.234999e-01
    outer loop
      vertex   3.134901e+01 3.289292e+01 1.394296e+00
      vertex   3.146356e+01 3.318478e+01 1.524167e+00
      vertex   3.101727e+01 3.305267e+01 1.394296e+00
    endloop
  endfacet
  facet normal -1.664373e-01 -3.456106e-01 9.234999e-01
    outer loop
      vertex   3.101727e+01 3.305267e+01 1.394296e+00
      vertex   3.146356e+01 3.318478e+01 1.524167e+00
      vertex   3.117404e+01 3.332420e+01 1.524167e+00
    endloop
  endfacet
  facet normal -2.160889e-01 -3.169442e-01 9.234999e-01
    outer loop
      vertex   3.101727e+01 3.305267e+01 1.394296e+00
      vertex   3.117404e+01 3.332420e+01 1.524167e+00
      vertex   3.071305e+01 3.326009e+01 1.394296e+00
    endloop
  endfacet
  facet normal -7.226137e-01 -5.762652e-01 3.817695e-01
    outer loop
      vertex   3.111699e+01 3.413577e+01 2.313535e+00
      vertex   3.097308e+01 3.431623e+01 2.313535e+00
      vertex   3.086578e+01 3.424307e+01 2.000000e+00
    endloop
  endfacet
  facet normal -8.004305e-01 -4.621288e-01 3.817695e-01
    outer loop
      vertex   3.086578e+01 3.424307e+01 2.000000e+00
      vertex   3.097308e+01 3.431623e+01 2.313535e+00
      vertex   3.074067e+01 3.445976e+01 2.000000e+00
    endloop
  endfacet
  facet normal -6.877762e-01 -3.970878e-01 6.076884e-01
    outer loop
      vertex   3.086578e+01 3.424307e+01 2.000000e+00
      vertex   3.074067e+01 3.445976e+01 2.000000e+00
      vertex   3.055453e+01 3.437013e+01 1.730761e+00
    endloop
  endfacet
  facet normal -7.392772e-01 -2.901449e-01 6.076884e-01
    outer loop
      vertex   3.055453e+01 3.437013e+01 1.730761e+00
      vertex   3.074067e+01 3.445976e+01 2.000000e+00
      vertex   3.045183e+01 3.463179e+01 1.730761e+00
    endloop
  endfacet
  facet normal -5.676786e-01 -2.227974e-01 7.925291e-01
    outer loop
      vertex   3.055453e+01 3.437013e+01 1.730761e+00
      vertex   3.045183e+01 3.463179e+01 1.730761e+00
      vertex   3.019456e+01 3.455244e+01 1.524167e+00
    endloop
  endfacet
  facet normal -5.945443e-01 -1.357009e-01 7.925291e-01
    outer loop
      vertex   3.019456e+01 3.455244e+01 1.524167e+00
      vertex   3.045183e+01 3.463179e+01 1.730761e+00
      vertex   3.012305e+01 3.486572e+01 1.524167e+00
    endloop
  endfacet
  facet normal -3.739812e-01 -8.535876e-02 9.234999e-01
    outer loop
      vertex   3.019456e+01 3.455244e+01 1.524167e+00
      vertex   3.012305e+01 3.486572e+01 1.524167e+00
      vertex   2.981302e+01 3.481899e+01 1.394296e+00
    endloop
  endfacet
  facet normal -8.004305e-01 -4.621288e-01 3.817695e-01
    outer loop
      vertex   3.097308e+01 3.431623e+01 2.313535e+00
      vertex   3.085768e+01 3.451611e+01 2.313535e+00
      vertex   3.074067e+01 3.445976e+01 2.000000e+00
    endloop
  endfacet
  facet normal -8.603671e-01 -3.376692e-01 3.817695e-01
    outer loop
      vertex   3.074067e+01 3.445976e+01 2.000000e+00
      vertex   3.085768e+01 3.451611e+01 2.313535e+00
      vertex   3.064925e+01 3.469269e+01 2.000000e+00
    endloop
  endfacet
  facet normal -7.392772e-01 -2.901449e-01 6.076884e-01
    outer loop
      vertex   3.074067e+01 3.445976e+01 2.000000e+00
      vertex   3.064925e+01 3.469269e+01 2.000000e+00
      vertex   3.045183e+01 3.463179e+01 1.730761e+00
    endloop
  endfacet
  facet normal -7.742639e-01 -1.767207e-01 6.076884e-01
    outer loop
      vertex   3.045183e+01 3.463179e+01 1.730761e+00
      vertex   3.064925e+01 3.469269e+01 2.000000e+00
      vertex   3.038928e+01 3.490585e+01 1.730761e+00
    endloop
  endfacet
  facet normal -5.945443e-01 -1.357009e-01 7.925291e-01
    outer loop
      vertex   3.045183e+01 3.463179e+01 1.730761e+00
      vertex   3.038928e+01 3.490585e+01 1.730761e+00
      vertex   3.012305e+01 3.486572e+01 1.524167e+00
    endloop
  endfacet
  facet normal -9.010845e-01 -2.056667e-01 3.817695e-01
    outer loop
      vertex   3.077335e+01 3.473097e+01 2.313535e+00
      vertex   3.059357e+01 3.493664e+01 2.000000e+00
      vertex   3.064925e+01 3.469269e+01 2.000000e+00
    endloop
  endfacet
  facet normal -7.742639e-01 -1.767207e-01 6.076884e-01
    outer loop
      vertex   3.064925e+01 3.469269e+01 2.000000e+00
      vertex   3.059357e+01 3.493664e+01 2.000000e+00
      vertex   3.038928e+01 3.490585e+01 1.730761e+00
    endloop
  endfacet
  facet normal -8.603671e-01 -3.376692e-01 3.817695e-01
    outer loop
      vertex   3.085768e+01 3.451611e+01 2.313535e+00
      vertex   3.077335e+01 3.473097e+01 2.313535e+00
      vertex   3.064925e+01 3.469269e+01 2.000000e+00
    endloop
  endfacet
  facet normal -9.927089e-01 1.205367e-01 0.000000e+00
    outer loop
      vertex   3.079263e+01 3.554513e+01 6.300000e+00
      vertex   3.079263e+01 3.554513e+01 2.650000e+00
      vertex   3.074904e+01 3.518616e+01 6.300000e+00
    endloop
  endfacet
  facet normal -9.927089e-01 1.205367e-01 0.000000e+00
    outer loop
      vertex   3.074904e+01 3.518616e+01 6.300000e+00
      vertex   3.079263e+01 3.554513e+01 2.650000e+00
      vertex   3.074904e+01 3.518616e+01 2.650000e+00
    endloop
  endfacet
  facet normal -9.927089e-01 -1.205367e-01 -0.000000e+00
    outer loop
      vertex   3.074904e+01 3.518616e+01 6.300000e+00
      vertex   3.074904e+01 3.518616e+01 2.650000e+00
      vertex   3.079263e+01 3.482719e+01 6.300000e+00
    endloop
  endfacet
  facet normal -9.927089e-01 -1.205367e-01 -0.000000e+00
    outer loop
      vertex   3.079263e+01 3.482719e+01 6.300000e+00
      vertex   3.074904e+01 3.518616e+01 2.650000e+00
      vertex   3.079263e+01 3.482719e+01 2.650000e+00
    endloop
  endfacet
  facet normal -9.350162e-01 -3.546049e-01 -0.000000e+00
    outer loop
      vertex   3.079263e+01 3.482719e+01 6.300000e+00
      vertex   3.079263e+01 3.482719e+01 2.650000e+00
      vertex   3.092085e+01 3.448907e+01 6.300000e+00
    endloop
  endfacet
  facet normal -9.350162e-01 -3.546049e-01 -0.000000e+00
    outer loop
      vertex   3.092085e+01 3.448907e+01 6.300000e+00
      vertex   3.079263e+01 3.482719e+01 2.650000e+00
      vertex   3.092085e+01 3.448907e+01 2.650000e+00
    endloop
  endfacet
  facet normal -8.229839e-01 -5.680647e-01 -0.000000e+00
    outer loop
      vertex   3.092085e+01 3.448907e+01 6.300000e+00
      vertex   3.092085e+01 3.448907e+01 2.650000e+00
      vertex   3.112627e+01 3.419147e+01 6.300000e+00
    endloop
  endfacet
  facet normal -8.229839e-01 -5.680647e-01 -0.000000e+00
    outer loop
      vertex   3.112627e+01 3.419147e+01 6.300000e+00
      vertex   3.092085e+01 3.448907e+01 2.650000e+00
      vertex   3.112627e+01 3.419147e+01 2.650000e+00
    endloop
  endfacet
  facet normal -6.631227e-01 -7.485107e-01 -0.000000e+00
    outer loop
      vertex   3.112627e+01 3.419147e+01 6.300000e+00
      vertex   3.112627e+01 3.419147e+01 2.650000e+00
      vertex   3.139694e+01 3.395168e+01 6.300000e+00
    endloop
  endfacet
  facet normal -6.631227e-01 -7.485107e-01 -0.000000e+00
    outer loop
      vertex   3.139694e+01 3.395168e+01 6.300000e+00
      vertex   3.112627e+01 3.419147e+01 2.650000e+00
      vertex   3.139694e+01 3.395168e+01 2.650000e+00
    endloop
  endfacet
  facet normal -4.647232e-01 -8.854560e-01 -0.000000e+00
    outer loop
      vertex   3.139694e+01 3.395168e+01 6.300000e+00
      vertex   3.139694e+01 3.395168e+01 2.650000e+00
      vertex   3.171713e+01 3.378363e+01 6.300000e+00
    endloop
  endfacet
  facet normal -4.647232e-01 -8.854560e-01 -0.000000e+00
    outer loop
      vertex   3.171713e+01 3.378363e+01 6.300000e+00
      vertex   3.139694e+01 3.395168e+01 2.650000e+00
      vertex   3.171713e+01 3.378363e+01 2.650000e+00
    endloop
  endfacet
  facet normal -2.393157e-01 -9.709418e-01 -0.000000e+00
    outer loop
      vertex   3.171713e+01 3.378363e+01 6.300000e+00
      vertex   3.171713e+01 3.378363e+01 2.650000e+00
      vertex   3.206823e+01 3.369710e+01 6.300000e+00
    endloop
  endfacet
  facet normal -2.393157e-01 -9.709418e-01 -0.000000e+00
    outer loop
      vertex   3.206823e+01 3.369710e+01 6.300000e+00
      vertex   3.171713e+01 3.378363e+01 2.650000e+00
      vertex   3.206823e+01 3.369710e+01 2.650000e+00
    endloop
  endfacet
  facet normal 0.000000e+00 -1.000000e+00 0.000000e+00
    outer loop
      vertex   3.206823e+01 3.369710e+01 6.300000e+00
      vertex   3.206823e+01 3.369710e+01 2.650000e+00
      vertex   3.242984e+01 3.369710e+01 6.300000e+00
    endloop
  endfacet
  facet normal 0.000000e+00 -1.000000e+00 -0.000000e+00
    outer loop
      vertex   3.242984e+01 3.369710e+01 6.300000e+00
      vertex   3.206823e+01 3.369710e+01 2.650000e+00
      vertex   3.242984e+01 3.369710e+01 2.650000e+00
    endloop
  endfacet
  facet normal 2.393157e-01 -9.709418e-01 0.000000e+00
    outer loop
      vertex   3.242984e+01 3.369710e+01 6.300000e+00
      vertex   3.242984e+01 3.369710e+01 2.650000e+00
      vertex   3.278095e+01 3.378363e+01 6.300000e+00
    endloop
  endfacet
  facet normal 2.393157e-01 -9.709418e-01 0.000000e+00
    outer loop
      vertex   3.278095e+01 3.378363e+01 6.300000e+00
      vertex   3.242984e+01 3.369710e+01 2.650000e+00
      vertex   3.278095e+01 3.378363e+01 2.650000e+00
    endloop
  endfacet
  facet normal 4.647232e-01 -8.854560e-01 0.000000e+00
    outer loop
      vertex   3.278095e+01 3.378363e+01 6.300000e+00
      vertex   3.278095e+01 3.378363e+01 2.650000e+00
      vertex   3.310114e+01 3.395168e+01 6.300000e+00
    endloop
  endfacet
  facet normal 4.647232e-01 -8.854560e-01 0.000000e+00
    outer loop
      vertex   3.310114e+01 3.395168e+01 6.300000e+00
      vertex   3.278095e+01 3.378363e+01 2.650000e+00
      vertex   3.310114e+01 3.395168e+01 2.650000e+00
    endloop
  endfacet
  facet normal 6.631227e-01 -7.485107e-01 0.000000e+00
    outer loop
      vertex   3.310114e+01 3.395168e+01 6.300000e+00
      vertex   3.310114e+01 3.395168e+01 2.650000e+00
      vertex   3.337180e+01 3.419147e+01 6.300000e+00
    endloop
  endfacet
  facet normal 6.631227e-01 -7.485107e-01 0.000000e+00
    outer loop
      vertex   3.337180e+01 3.419147e+01 6.300000e+00
      vertex   3.310114e+01 3.395168e+01 2.650000e+00
      vertex   3.337180e+01 3.419147e+01 2.650000e+00
    endloop
  endfacet
  facet normal 8.229839e-01 -5.680647e-01 0.000000e+00
    outer loop
      vertex   3.337180e+01 3.419147e+01 6.300000e+00
      vertex   3.337180e+01 3.419147e+01 2.650000e+00
      vertex   3.357722e+01 3.448907e+01 6.300000e+00
    endloop
  endfacet
  facet normal 8.229839e-01 -5.680647e-01 0.000000e+00
    outer loop
      vertex   3.357722e+01 3.448907e+01 6.300000e+00
      vertex   3.337180e+01 3.419147e+01 2.650000e+00
      vertex   3.357722e+01 3.448907e+01 2.650000e+00
    endloop
  endfacet
  facet normal 9.350162e-01 -3.546049e-01 0.000000e+00
    outer loop
      vertex   3.357722e+01 3.448907e+01 6.300000e+00
      vertex   3.357722e+01 3.448907e+01 2.650000e+00
      vertex   3.370545e+01 3.482719e+01 6.300000e+00
    endloop
  endfacet
  facet normal 9.350162e-01 -3.546049e-01 0.000000e+00
    outer loop
      vertex   3.370545e+01 3.482719e+01 6.300000e+00
      vertex   3.357722e+01 3.448907e+01 2.650000e+00
      vertex   3.370545e+01 3.482719e+01 2.650000e+00
    endloop
  endfacet
  facet normal 9.927089e-01 -1.205367e-01 0.000000e+00
    outer loop
      vertex   3.370545e+01 3.482719e+01 6.300000e+00
      vertex   3.370545e+01 3.482719e+01 2.650000e+00
      vertex   3.374904e+01 3.518616e+01 6.300000e+00
    endloop
  endfacet
  facet normal 9.927089e-01 -1.205367e-01 0.000000e+00
    outer loop
      vertex   3.374904e+01 3.518616e+01 6.300000e+00
      vertex   3.370545e+01 3.482719e+01 2.650000e+00
      vertex   3.374904e+01 3.518616e+01 2.650000e+00
    endloop
  endfacet
  facet normal 9.927089e-01 1.205367e-01 0.000000e+00
    outer loop
      vertex   3.374904e+01 3.518616e+01 6.300000e+00
      vertex   3.374904e+01 3.518616e+01 2.650000e+00
      vertex   3.370545e+01 3.554513e+01 6.300000e+00
    endloop
  endfacet
  facet normal 9.927089e-01 1.205367e-01 0.000000e+00
    outer loop
      vertex   3.370545e+01 3.554513e+01 6.300000e+00
      vertex   3.374904e+01 3.518616e+01 2.650000e+00
      vertex   3.370545e+01 3.554513e+01 2.650000e+00
    endloop
  endfacet
  facet normal 9.350162e-01 3.546049e-01 0.000000e+00
    outer loop
      vertex   3.370545e+01 3.554513e+01 6.300000e+00
      vertex   3.370545e+01 3.554513e+01 2.650000e+00
      vertex   3.357722e+01 3.588324e+01 6.300000e+00
    endloop
  endfacet
  facet normal 9.350162e-01 3.546049e-01 0.000000e+00
    outer loop
      vertex   3.357722e+01 3.588324e+01 6.300000e+00
      vertex   3.370545e+01 3.554513e+01 2.650000e+00
      vertex   3.357722e+01 3.588324e+01 2.650000e+00
    endloop
  endfacet
  facet normal 8.229839e-01 5.680647e-01 0.000000e+00
    outer loop
      vertex   3.357722e+01 3.588324e+01 6.300000e+00
      vertex   3.357722e+01 3.588324e+01 2.650000e+00
      vertex   3.337180e+01 3.618084e+01 6.300000e+00
    endloop
  endfacet
  facet normal 8.229839e-01 5.680647e-01 0.000000e+00
    outer loop
      vertex   3.337180e+01 3.618084e+01 6.300000e+00
      vertex   3.357722e+01 3.588324e+01 2.650000e+00
      vertex   3.337180e+01 3.618084e+01 2.650000e+00
    endloop
  endfacet
  facet normal 6.631227e-01 7.485107e-01 0.000000e+00
    outer loop
      vertex   3.337180e+01 3.618084e+01 6.300000e+00
      vertex   3.337180e+01 3.618084e+01 2.650000e+00
      vertex   3.310114e+01 3.642063e+01 6.300000e+00
    endloop
  endfacet
  facet normal 6.631227e-01 7.485107e-01 0.000000e+00
    outer loop
      vertex   3.310114e+01 3.642063e+01 6.300000e+00
      vertex   3.337180e+01 3.618084e+01 2.650000e+00
      vertex   3.310114e+01 3.642063e+01 2.650000e+00
    endloop
  endfacet
  facet normal 4.647232e-01 8.854560e-01 0.000000e+00
    outer loop
      vertex   3.310114e+01 3.642063e+01 6.300000e+00
      vertex   3.310114e+01 3.642063e+01 2.650000e+00
      vertex   3.278095e+01 3.658868e+01 6.300000e+00
    endloop
  endfacet
  facet normal 4.647232e-01 8.854560e-01 0.000000e+00
    outer loop
      vertex   3.278095e+01 3.658868e+01 6.300000e+00
      vertex   3.310114e+01 3.642063e+01 2.650000e+00
      vertex   3.278095e+01 3.658868e+01 2.650000e+00
    endloop
  endfacet
  facet normal 2.393157e-01 9.709418e-01 0.000000e+00
    outer loop
      vertex   3.278095e+01 3.658868e+01 6.300000e+00
      vertex   3.278095e+01 3.658868e+01 2.650000e+00
      vertex   3.242984e+01 3.667522e+01 6.300000e+00
    endloop
  endfacet
  facet normal 2.393157e-01 9.709418e-01 0.000000e+00
    outer loop
      vertex   3.242984e+01 3.667522e+01 6.300000e+00
      vertex   3.278095e+01 3.658868e+01 2.650000e+00
      vertex   3.242984e+01 3.667522e+01 2.650000e+00
    endloop
  endfacet
  facet normal 0.000000e+00 1.000000e+00 0.000000e+00
    outer loop
      vertex   3.242984e+01 3.667522e+01 6.300000e+00
      vertex   3.242984e+01 3.667522e+01 2.650000e+00
      vertex   3.206823e+01 3.667522e+01 6.300000e+00
    endloop
  endfacet
  facet normal 0.000000e+00 1.000000e+00 0.000000e+00
    outer loop
      vertex   3.206823e+01 3.667522e+01 6.300000e+00
      vertex   3.242984e+01 3.667522e+01 2.650000e+00
      vertex   3.206823e+01 3.667522e+01 2.650000e+00
    endloop
  endfacet
  facet normal -2.393157e-01 9.709418e-01 0.000000e+00
    outer loop
      vertex   3.206823e+01 3.667522e+01 6.300000e+00
      vertex   3.206823e+01 3.667522e+01 2.650000e+00
      vertex   3.171713e+01 3.658868e+01 6.300000e+00
    endloop
  endfacet
  facet normal -2.393157e-01 9.709418e-01 0.000000e+00
    outer loop
      vertex   3.171713e+01 3.658868e+01 6.300000e+00
      vertex   3.206823e+01 3.667522e+01 2.650000e+00
      vertex   3.171713e+01 3.658868e+01 2.650000e+00
    endloop
  endfacet
  facet normal -4.647232e-01 8.854560e-01 0.000000e+00
    outer loop
      vertex   3.171713e+01 3.658868e+01 6.300000e+00
      vertex   3.171713e+01 3.658868e+01 2.650000e+00
      vertex   3.139694e+01 3.642063e+01 6.300000e+00
    endloop
  endfacet
  facet normal -4.647232e-01 8.854560e-01 0.000000e+00
    outer loop
      vertex   3.139694e+01 3.642063e+01 6.300000e+00
      vertex   3.171713e+01 3.658868e+01 2.650000e+00
      vertex   3.139694e+01 3.642063e+01 2.650000e+00
    endloop
  endfacet
  facet normal -6.631227e-01 7.485107e-01 0.000000e+00
    outer loop
      vertex   3.139694e+01 3.642063e+01 6.300000e+00
      vertex   3.139694e+01 3.642063e+01 2.650000e+00
      vertex   3.112627e+01 3.618084e+01 6.300000e+00
    endloop
  endfacet
  facet normal -6.631227e-01 7.485107e-01 0.000000e+00
    outer loop
      vertex   3.112627e+01 3.618084e+01 6.300000e+00
      vertex   3.139694e+01 3.642063e+01 2.650000e+00
      vertex   3.112627e+01 3.618084e+01 2.650000e+00
    endloop
  endfacet
  facet normal -8.229839e-01 5.680647e-01 0.000000e+00
    outer loop
      vertex   3.112627e+01 3.618084e+01 6.300000e+00
      vertex   3.112627e+01 3.618084e+01 2.650000e+00
      vertex   3.092085e+01 3.588324e+01 6.300000e+00
    endloop
  endfacet
  facet normal -8.229839e-01 5.680647e-01 0.000000e+00
    outer loop
      vertex   3.092085e+01 3.588324e+01 6.300000e+00
      vertex   3.112627e+01 3.618084e+01 2.650000e+00
      vertex   3.092085e+01 3.588324e+01 2.650000e+00
    endloop
  endfacet
  facet normal -9.350162e-01 3.546049e-01 0.000000e+00
    outer loop
      vertex   3.092085e+01 3.588324e+01 6.300000e+00
      vertex   3.092085e+01 3.588324e+01 2.650000e+00
      vertex   3.079263e+01 3.554513e+01 6.300000e+00
    endloop
  endfacet
  facet normal -9.350162e-01 3.546049e-01 0.000000e+00
    outer loop
      vertex   3.079263e+01 3.554513e+01 6.300000e+00
      vertex   3.092085e+01 3.588324e+01 2.650000e+00
      vertex   3.079263e+01 3.554513e+01 2.650000e+00
    endloop
  endfacet
  facet normal -9.798935e-01 1.189806e-01 1.601633e-01
    outer loop
      vertex   -3.456520e+01 -4.162816e+01 2.650000e+00
      vertex   -3.463584e+01 -4.175697e+01 2.313535e+00
      vertex   -3.460879e+01 -4.198714e+01 2.650000e+00
    endloop
  endfacet
  facet normal -9.887196e-01 7.409429e-02 1.301674e-01
    outer loop
      vertex   -3.460879e+01 -4.198714e+01 2.650000e+00
      vertex   -3.463584e+01 -4.175697e+01 2.313535e+00
      vertex   -3.465309e+01 -4.198714e+01 2.313535e+00
    endloop
  endfacet
  facet normal -9.887196e-01 -7.409429e-02 1.301674e-01
    outer loop
      vertex   -3.460879e+01 -4.198714e+01 2.650000e+00
      vertex   -3.465309e+01 -4.198714e+01 2.313535e+00
      vertex   -3.463584e+01 -4.221730e+01 2.313535e+00
    endloop
  endfacet
  facet normal -9.216731e-01 -6.906985e-02 3.817695e-01
    outer loop
      vertex   -3.463584e+01 -4.221730e+01 2.313535e+00
      vertex   -3.465309e+01 -4.198714e+01 2.313535e+00
      vertex   -3.478296e+01 -4.198714e+01 2.000000e+00
    endloop
  endfacet
  facet normal -9.216731e-01 -6.906985e-02 3.817695e-01
    outer loop
      vertex   -3.463584e+01 -4.221730e+01 2.313535e+00
      vertex   -3.478296e+01 -4.198714e+01 2.000000e+00
      vertex   -3.476426e+01 -4.223666e+01 2.000000e+00
    endloop
  endfacet
  facet normal -7.919549e-01 -5.934882e-02 6.076884e-01
    outer loop
      vertex   -3.476426e+01 -4.223666e+01 2.000000e+00
      vertex   -3.478296e+01 -4.198714e+01 2.000000e+00
      vertex   -3.498955e+01 -4.198714e+01 1.730761e+00
    endloop
  endfacet
  facet normal -7.919549e-01 -5.934882e-02 6.076884e-01
    outer loop
      vertex   -3.476426e+01 -4.223666e+01 2.000000e+00
      vertex   -3.498955e+01 -4.198714e+01 1.730761e+00
      vertex   -3.496854e+01 -4.226745e+01 1.730761e+00
    endloop
  endfacet
  facet normal -6.081289e-01 -4.557296e-02 7.925291e-01
    outer loop
      vertex   -3.496854e+01 -4.226745e+01 1.730761e+00
      vertex   -3.498955e+01 -4.198714e+01 1.730761e+00
      vertex   -3.525879e+01 -4.198714e+01 1.524167e+00
    endloop
  endfacet
  facet normal -6.081289e-01 -4.557296e-02 7.925291e-01
    outer loop
      vertex   -3.496854e+01 -4.226745e+01 1.730761e+00
      vertex   -3.525879e+01 -4.198714e+01 1.524167e+00
      vertex   -3.523478e+01 -4.230758e+01 1.524167e+00
    endloop
  endfacet
  facet normal -3.825262e-01 -2.866637e-02 9.234999e-01
    outer loop
      vertex   -3.523478e+01 -4.230758e+01 1.524167e+00
      vertex   -3.525879e+01 -4.198714e+01 1.524167e+00
      vertex   -3.557232e+01 -4.198714e+01 1.394296e+00
    endloop
  endfacet
  facet normal -3.825262e-01 -2.866637e-02 9.234999e-01
    outer loop
      vertex   -3.523478e+01 -4.230758e+01 1.524167e+00
      vertex   -3.557232e+01 -4.198714e+01 1.394296e+00
      vertex   -3.554481e+01 -4.235431e+01 1.394296e+00
    endloop
  endfacet
  facet normal -1.305199e-01 -9.781118e-03 9.913974e-01
    outer loop
      vertex   -3.554481e+01 -4.235431e+01 1.394296e+00
      vertex   -3.557232e+01 -4.198714e+01 1.394296e+00
      vertex   -3.590879e+01 -4.198714e+01 1.350000e+00
    endloop
  endfacet
  facet normal -1.326599e-01 -1.193961e-02 9.910897e-01
    outer loop
      vertex   -3.554481e+01 -4.235431e+01 1.394296e+00
      vertex   -3.590879e+01 -4.198714e+01 1.350000e+00
      vertex   -3.586379e+01 -4.248709e+01 1.350000e+00
    endloop
  endfacet
  facet normal -9.680425e-01 2.209494e-01 1.186389e-01
    outer loop
      vertex   -3.463584e+01 -4.175697e+01 2.313535e+00
      vertex   -3.456520e+01 -4.162816e+01 2.650000e+00
      vertex   -3.458448e+01 -4.153195e+01 2.313535e+00
    endloop
  endfacet
  facet normal -9.239874e-01 3.504222e-01 1.531393e-01
    outer loop
      vertex   -3.458448e+01 -4.153195e+01 2.313535e+00
      vertex   -3.456520e+01 -4.162816e+01 2.650000e+00
      vertex   -3.443697e+01 -4.129005e+01 2.650000e+00
    endloop
  endfacet
  facet normal -9.211829e-01 3.615377e-01 1.439186e-01
    outer loop
      vertex   -3.458448e+01 -4.153195e+01 2.313535e+00
      vertex   -3.443697e+01 -4.129005e+01 2.650000e+00
      vertex   -3.450015e+01 -4.131709e+01 2.313535e+00
    endloop
  endfacet
  facet normal -8.596066e-01 4.962941e-01 1.215266e-01
    outer loop
      vertex   -3.450015e+01 -4.131709e+01 2.313535e+00
      vertex   -3.443697e+01 -4.129005e+01 2.650000e+00
      vertex   -3.438475e+01 -4.111720e+01 2.313535e+00
    endloop
  endfacet
  facet normal -8.004305e-01 4.621288e-01 3.817695e-01
    outer loop
      vertex   -3.450015e+01 -4.131709e+01 2.313535e+00
      vertex   -3.438475e+01 -4.111720e+01 2.313535e+00
      vertex   -3.449205e+01 -4.104404e+01 2.000000e+00
    endloop
  endfacet
  facet normal -7.226137e-01 5.762652e-01 3.817695e-01
    outer loop
      vertex   -3.449205e+01 -4.104404e+01 2.000000e+00
      vertex   -3.438475e+01 -4.111720e+01 2.313535e+00
      vertex   -3.433604e+01 -4.084841e+01 2.000000e+00
    endloop
  endfacet
  facet normal -6.209115e-01 4.951604e-01 6.076884e-01
    outer loop
      vertex   -3.449205e+01 -4.104404e+01 2.000000e+00
      vertex   -3.433604e+01 -4.084841e+01 2.000000e+00
      vertex   -3.448748e+01 -4.070789e+01 1.730761e+00
    endloop
  endfacet
  facet normal -5.401766e-01 5.821719e-01 6.076884e-01
    outer loop
      vertex   -3.448748e+01 -4.070789e+01 1.730761e+00
      vertex   -3.433604e+01 -4.084841e+01 2.000000e+00
      vertex   -3.428142e+01 -4.051670e+01 1.730761e+00
    endloop
  endfacet
  facet normal -4.147926e-01 4.470401e-01 7.925291e-01
    outer loop
      vertex   -3.448748e+01 -4.070789e+01 1.730761e+00
      vertex   -3.428142e+01 -4.051670e+01 1.730761e+00
      vertex   -3.444929e+01 -4.030620e+01 1.524167e+00
    endloop
  endfacet
  facet normal -3.435318e-01 5.038686e-01 7.925291e-01
    outer loop
      vertex   -3.444929e+01 -4.030620e+01 1.524167e+00
      vertex   -3.428142e+01 -4.051670e+01 1.730761e+00
      vertex   -3.418379e+01 -4.012518e+01 1.524167e+00
    endloop
  endfacet
  facet normal -2.160889e-01 3.169442e-01 9.234999e-01
    outer loop
      vertex   -3.444929e+01 -4.030620e+01 1.524167e+00
      vertex   -3.418379e+01 -4.012518e+01 1.524167e+00
      vertex   -3.434056e+01 -3.985365e+01 1.394296e+00
    endloop
  endfacet
  facet normal -1.664373e-01 3.456106e-01 9.234999e-01
    outer loop
      vertex   -3.434056e+01 -3.985365e+01 1.394296e+00
      vertex   -3.418379e+01 -4.012518e+01 1.524167e+00
      vertex   -3.400882e+01 -3.969390e+01 1.394296e+00
    endloop
  endfacet
  facet normal -5.596779e-02 1.162183e-01 9.916456e-01
    outer loop
      vertex   -3.434056e+01 -3.985365e+01 1.394296e+00
      vertex   -3.400882e+01 -3.969390e+01 1.394296e+00
      vertex   -3.443562e+01 -3.952147e+01 1.350000e+00
    endloop
  endfacet
  facet normal -5.287038e-02 1.236964e-01 9.909107e-01
    outer loop
      vertex   -3.443562e+01 -3.952147e+01 1.350000e+00
      vertex   -3.400882e+01 -3.969390e+01 1.394296e+00
      vertex   -3.397404e+01 -3.932418e+01 1.350000e+00
    endloop
  endfacet
  facet normal -3.774804e-02 1.223762e-01 9.917657e-01
    outer loop
      vertex   -3.397404e+01 -3.932418e+01 1.350000e+00
      vertex   -3.400882e+01 -3.969390e+01 1.394296e+00
      vertex   -3.365698e+01 -3.958537e+01 1.394296e+00
    endloop
  endfacet
  facet normal -3.003354e-02 1.315855e-01 9.908498e-01
    outer loop
      vertex   -3.397404e+01 -3.932418e+01 1.350000e+00
      vertex   -3.365698e+01 -3.958537e+01 1.394296e+00
      vertex   -3.348464e+01 -3.921248e+01 1.350000e+00
    endloop
  endfacet
  facet normal -1.908721e-02 1.266354e-01 9.917657e-01
    outer loop
      vertex   -3.348464e+01 -3.921248e+01 1.350000e+00
      vertex   -3.365698e+01 -3.958537e+01 1.394296e+00
      vertex   -3.329289e+01 -3.953049e+01 1.394296e+00
    endloop
  endfacet
  facet normal -6.035292e-03 1.343862e-01 9.909107e-01
    outer loop
      vertex   -3.348464e+01 -3.921248e+01 1.350000e+00
      vertex   -3.329289e+01 -3.953049e+01 1.394296e+00
      vertex   -3.298317e+01 -3.918996e+01 1.350000e+00
    endloop
  endfacet
  facet normal 0.000000e+00 1.289926e-01 9.916456e-01
    outer loop
      vertex   -3.298317e+01 -3.918996e+01 1.350000e+00
      vertex   -3.329289e+01 -3.953049e+01 1.394296e+00
      vertex   -3.292469e+01 -3.953049e+01 1.394296e+00
    endloop
  endfacet
  facet normal 1.787935e-02 1.319907e-01 9.910897e-01
    outer loop
      vertex   -3.298317e+01 -3.918996e+01 1.350000e+00
      vertex   -3.292469e+01 -3.953049e+01 1.394296e+00
      vertex   -3.248573e+01 -3.925734e+01 1.350000e+00
    endloop
  endfacet
  facet normal 1.950754e-02 1.294240e-01 9.913974e-01
    outer loop
      vertex   -3.248573e+01 -3.925734e+01 1.350000e+00
      vertex   -3.292469e+01 -3.953049e+01 1.394296e+00
      vertex   -3.256060e+01 -3.958537e+01 1.394296e+00
    endloop
  endfacet
  facet normal 3.857931e-02 1.250710e-01 9.913974e-01
    outer loop
      vertex   -3.248573e+01 -3.925734e+01 1.350000e+00
      vertex   -3.256060e+01 -3.958537e+01 1.394296e+00
      vertex   -3.220876e+01 -3.969390e+01 1.394296e+00
    endloop
  endfacet
  facet normal 1.130677e-01 3.665566e-01 9.234999e-01
    outer loop
      vertex   -3.220876e+01 -3.969390e+01 1.394296e+00
      vertex   -3.256060e+01 -3.958537e+01 1.394296e+00
      vertex   -3.263037e+01 -3.989104e+01 1.524167e+00
    endloop
  endfacet
  facet normal 1.130677e-01 3.665566e-01 9.234999e-01
    outer loop
      vertex   -3.220876e+01 -3.969390e+01 1.394296e+00
      vertex   -3.263037e+01 -3.989104e+01 1.524167e+00
      vertex   -3.232331e+01 -3.998576e+01 1.524167e+00
    endloop
  endfacet
  facet normal 1.797518e-01 5.827409e-01 7.925291e-01
    outer loop
      vertex   -3.232331e+01 -3.998576e+01 1.524167e+00
      vertex   -3.263037e+01 -3.989104e+01 1.524167e+00
      vertex   -3.269028e+01 -4.015353e+01 1.730761e+00
    endloop
  endfacet
  facet normal 1.797518e-01 5.827409e-01 7.925291e-01
    outer loop
      vertex   -3.232331e+01 -3.998576e+01 1.524167e+00
      vertex   -3.269028e+01 -4.015353e+01 1.730761e+00
      vertex   -3.242167e+01 -4.023638e+01 1.730761e+00
    endloop
  endfacet
  facet normal 2.340874e-01 7.588926e-01 6.076884e-01
    outer loop
      vertex   -3.242167e+01 -4.023638e+01 1.730761e+00
      vertex   -3.269028e+01 -4.015353e+01 1.730761e+00
      vertex   -3.273625e+01 -4.035494e+01 2.000000e+00
    endloop
  endfacet
  facet normal 2.340874e-01 7.588926e-01 6.076884e-01
    outer loop
      vertex   -3.242167e+01 -4.023638e+01 1.730761e+00
      vertex   -3.273625e+01 -4.035494e+01 2.000000e+00
      vertex   -3.249715e+01 -4.042870e+01 2.000000e+00
    endloop
  endfacet
  facet normal 2.724297e-01 8.831954e-01 3.817695e-01
    outer loop
      vertex   -3.249715e+01 -4.042870e+01 2.000000e+00
      vertex   -3.273625e+01 -4.035494e+01 2.000000e+00
      vertex   -3.276515e+01 -4.048156e+01 2.313535e+00
    endloop
  endfacet
  facet normal 2.724297e-01 8.831954e-01 3.817695e-01
    outer loop
      vertex   -3.249715e+01 -4.042870e+01 2.000000e+00
      vertex   -3.276515e+01 -4.048156e+01 2.313535e+00
      vertex   -3.254459e+01 -4.054959e+01 2.313535e+00
    endloop
  endfacet
  facet normal 2.923792e-01 9.478701e-01 1.267152e-01
    outer loop
      vertex   -3.254459e+01 -4.054959e+01 2.313535e+00
      vertex   -3.276515e+01 -4.048156e+01 2.313535e+00
      vertex   -3.257688e+01 -4.058461e+01 2.650000e+00
    endloop
  endfacet
  facet normal 4.604374e-01 8.772903e-01 1.354960e-01
    outer loop
      vertex   -3.254459e+01 -4.054959e+01 2.313535e+00
      vertex   -3.257688e+01 -4.058461e+01 2.650000e+00
      vertex   -3.225669e+01 -4.075266e+01 2.650000e+00
    endloop
  endfacet
  facet normal -8.121242e-01 5.605689e-01 1.619161e-01
    outer loop
      vertex   -3.443697e+01 -4.129005e+01 2.650000e+00
      vertex   -3.423156e+01 -4.099245e+01 2.650000e+00
      vertex   -3.438475e+01 -4.111720e+01 2.313535e+00
    endloop
  endfacet
  facet normal -7.758137e-01 6.186908e-01 1.238342e-01
    outer loop
      vertex   -3.438475e+01 -4.111720e+01 2.313535e+00
      vertex   -3.423156e+01 -4.099245e+01 2.650000e+00
      vertex   -3.424084e+01 -4.093675e+01 2.313535e+00
    endloop
  endfacet
  facet normal -7.226137e-01 5.762652e-01 3.817695e-01
    outer loop
      vertex   -3.438475e+01 -4.111720e+01 2.313535e+00
      vertex   -3.424084e+01 -4.093675e+01 2.313535e+00
      vertex   -3.433604e+01 -4.084841e+01 2.000000e+00
    endloop
  endfacet
  facet normal -6.286548e-01 6.775287e-01 3.817695e-01
    outer loop
      vertex   -3.433604e+01 -4.084841e+01 2.000000e+00
      vertex   -3.424084e+01 -4.093675e+01 2.313535e+00
      vertex   -3.415262e+01 -4.067822e+01 2.000000e+00
    endloop
  endfacet
  facet normal -5.401766e-01 5.821719e-01 6.076884e-01
    outer loop
      vertex   -3.433604e+01 -4.084841e+01 2.000000e+00
      vertex   -3.415262e+01 -4.067822e+01 2.000000e+00
      vertex   -3.428142e+01 -4.051670e+01 1.730761e+00
    endloop
  endfacet
  facet normal -4.473750e-01 6.561787e-01 6.076884e-01
    outer loop
      vertex   -3.428142e+01 -4.051670e+01 1.730761e+00
      vertex   -3.415262e+01 -4.067822e+01 2.000000e+00
      vertex   -3.404917e+01 -4.035835e+01 1.730761e+00
    endloop
  endfacet
  facet normal -3.435318e-01 5.038686e-01 7.925291e-01
    outer loop
      vertex   -3.428142e+01 -4.051670e+01 1.730761e+00
      vertex   -3.404917e+01 -4.035835e+01 1.730761e+00
      vertex   -3.418379e+01 -4.012518e+01 1.524167e+00
    endloop
  endfacet
  facet normal -2.645971e-01 5.494416e-01 7.925291e-01
    outer loop
      vertex   -3.418379e+01 -4.012518e+01 1.524167e+00
      vertex   -3.404917e+01 -4.035835e+01 1.730761e+00
      vertex   -3.389427e+01 -3.998576e+01 1.524167e+00
    endloop
  endfacet
  facet normal -1.664373e-01 3.456106e-01 9.234999e-01
    outer loop
      vertex   -3.418379e+01 -4.012518e+01 1.524167e+00
      vertex   -3.389427e+01 -3.998576e+01 1.524167e+00
      vertex   -3.400882e+01 -3.969390e+01 1.394296e+00
    endloop
  endfacet
  facet normal -1.130677e-01 3.665566e-01 9.234999e-01
    outer loop
      vertex   -3.400882e+01 -3.969390e+01 1.394296e+00
      vertex   -3.389427e+01 -3.998576e+01 1.524167e+00
      vertex   -3.365698e+01 -3.958537e+01 1.394296e+00
    endloop
  endfacet
  facet normal -6.565166e-01 7.410540e-01 1.408009e-01
    outer loop
      vertex   -3.423156e+01 -4.099245e+01 2.650000e+00
      vertex   -3.396089e+01 -4.075266e+01 2.650000e+00
      vertex   -3.424084e+01 -4.093675e+01 2.313535e+00
    endloop
  endfacet
  facet normal -6.711136e-01 7.232885e-01 1.626662e-01
    outer loop
      vertex   -3.424084e+01 -4.093675e+01 2.313535e+00
      vertex   -3.396089e+01 -4.075266e+01 2.650000e+00
      vertex   -3.407164e+01 -4.077976e+01 2.313535e+00
    endloop
  endfacet
  facet normal -6.286548e-01 6.775287e-01 3.817695e-01
    outer loop
      vertex   -3.424084e+01 -4.093675e+01 2.313535e+00
      vertex   -3.407164e+01 -4.077976e+01 2.313535e+00
      vertex   -3.415262e+01 -4.067822e+01 2.000000e+00
    endloop
  endfacet
  facet normal -5.206528e-01 7.636574e-01 3.817695e-01
    outer loop
      vertex   -3.415262e+01 -4.067822e+01 2.000000e+00
      vertex   -3.407164e+01 -4.077976e+01 2.313535e+00
      vertex   -3.394587e+01 -4.053726e+01 2.000000e+00
    endloop
  endfacet
  facet normal -4.473750e-01 6.561787e-01 6.076884e-01
    outer loop
      vertex   -3.415262e+01 -4.067822e+01 2.000000e+00
      vertex   -3.394587e+01 -4.053726e+01 2.000000e+00
      vertex   -3.404917e+01 -4.035835e+01 1.730761e+00
    endloop
  endfacet
  facet normal -3.445799e-01 7.155275e-01 6.076884e-01
    outer loop
      vertex   -3.404917e+01 -4.035835e+01 1.730761e+00
      vertex   -3.394587e+01 -4.053726e+01 2.000000e+00
      vertex   -3.379591e+01 -4.023638e+01 1.730761e+00
    endloop
  endfacet
  facet normal -2.645971e-01 5.494416e-01 7.925291e-01
    outer loop
      vertex   -3.404917e+01 -4.035835e+01 1.730761e+00
      vertex   -3.379591e+01 -4.023638e+01 1.730761e+00
      vertex   -3.389427e+01 -3.998576e+01 1.524167e+00
    endloop
  endfacet
  facet normal -1.797518e-01 5.827409e-01 7.925291e-01
    outer loop
      vertex   -3.389427e+01 -3.998576e+01 1.524167e+00
      vertex   -3.379591e+01 -4.023638e+01 1.730761e+00
      vertex   -3.358721e+01 -3.989104e+01 1.524167e+00
    endloop
  endfacet
  facet normal -1.130677e-01 3.665566e-01 9.234999e-01
    outer loop
      vertex   -3.389427e+01 -3.998576e+01 1.524167e+00
      vertex   -3.358721e+01 -3.989104e+01 1.524167e+00
      vertex   -3.365698e+01 -3.958537e+01 1.394296e+00
    endloop
  endfacet
  facet normal -5.717243e-02 3.793143e-01 9.234999e-01
    outer loop
      vertex   -3.365698e+01 -3.958537e+01 1.394296e+00
      vertex   -3.358721e+01 -3.989104e+01 1.524167e+00
      vertex   -3.329289e+01 -3.953049e+01 1.394296e+00
    endloop
  endfacet
  facet normal -5.593804e-01 8.204604e-01 1.180609e-01
    outer loop
      vertex   -3.407164e+01 -4.077976e+01 2.313535e+00
      vertex   -3.396089e+01 -4.075266e+01 2.650000e+00
      vertex   -3.388094e+01 -4.064974e+01 2.313535e+00
    endloop
  endfacet
  facet normal -4.588554e-01 8.742759e-01 1.584092e-01
    outer loop
      vertex   -3.388094e+01 -4.064974e+01 2.313535e+00
      vertex   -3.396089e+01 -4.075266e+01 2.650000e+00
      vertex   -3.364070e+01 -4.058461e+01 2.650000e+00
    endloop
  endfacet
  facet normal -4.299597e-01 8.928204e-01 1.341878e-01
    outer loop
      vertex   -3.388094e+01 -4.064974e+01 2.313535e+00
      vertex   -3.364070e+01 -4.058461e+01 2.650000e+00
      vertex   -3.367298e+01 -4.054959e+01 2.313535e+00
    endloop
  endfacet
  facet normal -2.923792e-01 9.478701e-01 1.267152e-01
    outer loop
      vertex   -3.367298e+01 -4.054959e+01 2.313535e+00
      vertex   -3.364070e+01 -4.058461e+01 2.650000e+00
      vertex   -3.345243e+01 -4.048156e+01 2.313535e+00
    endloop
  endfacet
  facet normal -2.724297e-01 8.831954e-01 3.817695e-01
    outer loop
      vertex   -3.367298e+01 -4.054959e+01 2.313535e+00
      vertex   -3.345243e+01 -4.048156e+01 2.313535e+00
      vertex   -3.348133e+01 -4.035494e+01 2.000000e+00
    endloop
  endfacet
  facet normal -1.377534e-01 9.139344e-01 3.817695e-01
    outer loop
      vertex   -3.348133e+01 -4.035494e+01 2.000000e+00
      vertex   -3.345243e+01 -4.048156e+01 2.313535e+00
      vertex   -3.323390e+01 -4.031765e+01 2.000000e+00
    endloop
  endfacet
  facet normal -1.183657e-01 7.853053e-01 6.076884e-01
    outer loop
      vertex   -3.348133e+01 -4.035494e+01 2.000000e+00
      vertex   -3.323390e+01 -4.031765e+01 2.000000e+00
      vertex   -3.324934e+01 -4.011163e+01 1.730761e+00
    endloop
  endfacet
  facet normal -0.000000e+00 7.941756e-01 6.076884e-01
    outer loop
      vertex   -3.324934e+01 -4.011163e+01 1.730761e+00
      vertex   -3.323390e+01 -4.031765e+01 2.000000e+00
      vertex   -3.296824e+01 -4.011163e+01 1.730761e+00
    endloop
  endfacet
  facet normal -0.000000e+00 6.098342e-01 7.925291e-01
    outer loop
      vertex   -3.324934e+01 -4.011163e+01 1.730761e+00
      vertex   -3.296824e+01 -4.011163e+01 1.730761e+00
      vertex   -3.294812e+01 -3.984315e+01 1.524167e+00
    endloop
  endfacet
  facet normal 9.089106e-02 6.030228e-01 7.925291e-01
    outer loop
      vertex   -3.294812e+01 -3.984315e+01 1.524167e+00
      vertex   -3.296824e+01 -4.011163e+01 1.730761e+00
      vertex   -3.263037e+01 -3.989104e+01 1.524167e+00
    endloop
  endfacet
  facet normal 5.717243e-02 3.793143e-01 9.234999e-01
    outer loop
      vertex   -3.294812e+01 -3.984315e+01 1.524167e+00
      vertex   -3.263037e+01 -3.989104e+01 1.524167e+00
      vertex   -3.256060e+01 -3.958537e+01 1.394296e+00
    endloop
  endfacet
  facet normal -2.361807e-01 9.582227e-01 1.613320e-01
    outer loop
      vertex   -3.364070e+01 -4.058461e+01 2.650000e+00
      vertex   -3.328959e+01 -4.049807e+01 2.650000e+00
      vertex   -3.345243e+01 -4.048156e+01 2.313535e+00
    endloop
  endfacet
  facet normal -1.479690e-01 9.817100e-01 1.197944e-01
    outer loop
      vertex   -3.345243e+01 -4.048156e+01 2.313535e+00
      vertex   -3.328959e+01 -4.049807e+01 2.650000e+00
      vertex   -3.322419e+01 -4.044716e+01 2.313535e+00
    endloop
  endfacet
  facet normal -1.377534e-01 9.139344e-01 3.817695e-01
    outer loop
      vertex   -3.345243e+01 -4.048156e+01 2.313535e+00
      vertex   -3.322419e+01 -4.044716e+01 2.313535e+00
      vertex   -3.323390e+01 -4.031765e+01 2.000000e+00
    endloop
  endfacet
  facet normal -0.000000e+00 9.242576e-01 3.817695e-01
    outer loop
      vertex   -3.323390e+01 -4.031765e+01 2.000000e+00
      vertex   -3.322419e+01 -4.044716e+01 2.313535e+00
      vertex   -3.298368e+01 -4.031765e+01 2.000000e+00
    endloop
  endfacet
  facet normal -0.000000e+00 7.941756e-01 6.076884e-01
    outer loop
      vertex   -3.323390e+01 -4.031765e+01 2.000000e+00
      vertex   -3.298368e+01 -4.031765e+01 2.000000e+00
      vertex   -3.296824e+01 -4.011163e+01 1.730761e+00
    endloop
  endfacet
  facet normal 1.183657e-01 7.853053e-01 6.076884e-01
    outer loop
      vertex   -3.296824e+01 -4.011163e+01 1.730761e+00
      vertex   -3.298368e+01 -4.031765e+01 2.000000e+00
      vertex   -3.269028e+01 -4.015353e+01 1.730761e+00
    endloop
  endfacet
  facet normal 9.089106e-02 6.030228e-01 7.925291e-01
    outer loop
      vertex   -3.296824e+01 -4.011163e+01 1.730761e+00
      vertex   -3.269028e+01 -4.015353e+01 1.730761e+00
      vertex   -3.263037e+01 -3.989104e+01 1.524167e+00
    endloop
  endfacet
  facet normal -0.000000e+00 9.887436e-01 1.496199e-01
    outer loop
      vertex   -3.328959e+01 -4.049807e+01 2.650000e+00
      vertex   -3.292798e+01 -4.049807e+01 2.650000e+00
      vertex   -3.322419e+01 -4.044716e+01 2.313535e+00
    endloop
  endfacet
  facet normal -0.000000e+00 9.887436e-01 1.496199e-01
    outer loop
      vertex   -3.322419e+01 -4.044716e+01 2.313535e+00
      vertex   -3.292798e+01 -4.049807e+01 2.650000e+00
      vertex   -3.299338e+01 -4.044716e+01 2.313535e+00
    endloop
  endfacet
  facet normal -0.000000e+00 9.242576e-01 3.817695e-01
    outer loop
      vertex   -3.322419e+01 -4.044716e+01 2.313535e+00
      vertex   -3.299338e+01 -4.044716e+01 2.313535e+00
      vertex   -3.298368e+01 -4.031765e+01 2.000000e+00
    endloop
  endfacet
  facet normal 1.377534e-01 9.139344e-01 3.817695e-01
    outer loop
      vertex   -3.298368e+01 -4.031765e+01 2.000000e+00
      vertex   -3.299338e+01 -4.044716e+01 2.313535e+00
      vertex   -3.273625e+01 -4.035494e+01 2.000000e+00
    endloop
  endfacet
  facet normal 1.183657e-01 7.853053e-01 6.076884e-01
    outer loop
      vertex   -3.298368e+01 -4.031765e+01 2.000000e+00
      vertex   -3.273625e+01 -4.035494e+01 2.000000e+00
      vertex   -3.269028e+01 -4.015353e+01 1.730761e+00
    endloop
  endfacet
  facet normal 1.479690e-01 9.817100e-01 1.197944e-01
    outer loop
      vertex   -3.299338e+01 -4.044716e+01 2.313535e+00
      vertex   -3.292798e+01 -4.049807e+01 2.650000e+00
      vertex   -3.276515e+01 -4.048156e+01 2.313535e+00
    endloop
  endfacet
  facet normal 2.361807e-01 9.582227e-01 1.613320e-01
    outer loop
      vertex   -3.276515e+01 -4.048156e+01 2.313535e+00
      vertex   -3.292798e+01 -4.049807e+01 2.650000e+00
      vertex   -3.257688e+01 -4.058461e+01 2.650000e+00
    endloop
  endfacet
  facet normal 6.549969e-01 7.393387e-01 1.560684e-01
    outer loop
      vertex   -3.198602e+01 -4.099245e+01 2.650000e+00
      vertex   -3.214594e+01 -4.077976e+01 2.313535e+00
      vertex   -3.225669e+01 -4.075266e+01 2.650000e+00
    endloop
  endfacet
  facet normal 5.593804e-01 8.204604e-01 1.180609e-01
    outer loop
      vertex   -3.225669e+01 -4.075266e+01 2.650000e+00
      vertex   -3.214594e+01 -4.077976e+01 2.313535e+00
      vertex   -3.233664e+01 -4.064974e+01 2.313535e+00
    endloop
  endfacet
  facet normal 4.275684e-01 8.878549e-01 1.699972e-01
    outer loop
      vertex   -3.225669e+01 -4.075266e+01 2.650000e+00
      vertex   -3.233664e+01 -4.064974e+01 2.313535e+00
      vertex   -3.254459e+01 -4.054959e+01 2.313535e+00
    endloop
  endfacet
  facet normal 4.010203e-01 8.327273e-01 3.817695e-01
    outer loop
      vertex   -3.254459e+01 -4.054959e+01 2.313535e+00
      vertex   -3.233664e+01 -4.064974e+01 2.313535e+00
      vertex   -3.227171e+01 -4.053726e+01 2.000000e+00
    endloop
  endfacet
  facet normal 4.010203e-01 8.327273e-01 3.817695e-01
    outer loop
      vertex   -3.254459e+01 -4.054959e+01 2.313535e+00
      vertex   -3.227171e+01 -4.053726e+01 2.000000e+00
      vertex   -3.249715e+01 -4.042870e+01 2.000000e+00
    endloop
  endfacet
  facet normal 3.445799e-01 7.155275e-01 6.076884e-01
    outer loop
      vertex   -3.249715e+01 -4.042870e+01 2.000000e+00
      vertex   -3.227171e+01 -4.053726e+01 2.000000e+00
      vertex   -3.216841e+01 -4.035835e+01 1.730761e+00
    endloop
  endfacet
  facet normal 3.445799e-01 7.155275e-01 6.076884e-01
    outer loop
      vertex   -3.249715e+01 -4.042870e+01 2.000000e+00
      vertex   -3.216841e+01 -4.035835e+01 1.730761e+00
      vertex   -3.242167e+01 -4.023638e+01 1.730761e+00
    endloop
  endfacet
  facet normal 2.645971e-01 5.494416e-01 7.925291e-01
    outer loop
      vertex   -3.242167e+01 -4.023638e+01 1.730761e+00
      vertex   -3.216841e+01 -4.035835e+01 1.730761e+00
      vertex   -3.203379e+01 -4.012518e+01 1.524167e+00
    endloop
  endfacet
  facet normal 2.645971e-01 5.494416e-01 7.925291e-01
    outer loop
      vertex   -3.242167e+01 -4.023638e+01 1.730761e+00
      vertex   -3.203379e+01 -4.012518e+01 1.524167e+00
      vertex   -3.232331e+01 -3.998576e+01 1.524167e+00
    endloop
  endfacet
  facet normal 1.664373e-01 3.456106e-01 9.234999e-01
    outer loop
      vertex   -3.232331e+01 -3.998576e+01 1.524167e+00
      vertex   -3.203379e+01 -4.012518e+01 1.524167e+00
      vertex   -3.187702e+01 -3.985365e+01 1.394296e+00
    endloop
  endfacet
  facet normal 1.664373e-01 3.456106e-01 9.234999e-01
    outer loop
      vertex   -3.232331e+01 -3.998576e+01 1.524167e+00
      vertex   -3.187702e+01 -3.985365e+01 1.394296e+00
      vertex   -3.220876e+01 -3.969390e+01 1.394296e+00
    endloop
  endfacet
  facet normal 5.596779e-02 1.162183e-01 9.916456e-01
    outer loop
      vertex   -3.220876e+01 -3.969390e+01 1.394296e+00
      vertex   -3.187702e+01 -3.985365e+01 1.394296e+00
      vertex   -3.200832e+01 -3.941246e+01 1.350000e+00
    endloop
  endfacet
  facet normal 4.115986e-02 1.266770e-01 9.910897e-01
    outer loop
      vertex   -3.220876e+01 -3.969390e+01 1.394296e+00
      vertex   -3.200832e+01 -3.941246e+01 1.350000e+00
      vertex   -3.248573e+01 -3.925734e+01 1.350000e+00
    endloop
  endfacet
  facet normal 8.121242e-01 5.605689e-01 1.619161e-01
    outer loop
      vertex   -3.178061e+01 -4.129005e+01 2.650000e+00
      vertex   -3.183283e+01 -4.111720e+01 2.313535e+00
      vertex   -3.198602e+01 -4.099245e+01 2.650000e+00
    endloop
  endfacet
  facet normal 7.758137e-01 6.186908e-01 1.238342e-01
    outer loop
      vertex   -3.198602e+01 -4.099245e+01 2.650000e+00
      vertex   -3.183283e+01 -4.111720e+01 2.313535e+00
      vertex   -3.197674e+01 -4.093675e+01 2.313535e+00
    endloop
  endfacet
  facet normal 6.735915e-01 7.259590e-01 1.387729e-01
    outer loop
      vertex   -3.198602e+01 -4.099245e+01 2.650000e+00
      vertex   -3.197674e+01 -4.093675e+01 2.313535e+00
      vertex   -3.214594e+01 -4.077976e+01 2.313535e+00
    endloop
  endfacet
  facet normal 6.286548e-01 6.775287e-01 3.817695e-01
    outer loop
      vertex   -3.214594e+01 -4.077976e+01 2.313535e+00
      vertex   -3.197674e+01 -4.093675e+01 2.313535e+00
      vertex   -3.188154e+01 -4.084841e+01 2.000000e+00
    endloop
  endfacet
  facet normal 6.286548e-01 6.775287e-01 3.817695e-01
    outer loop
      vertex   -3.214594e+01 -4.077976e+01 2.313535e+00
      vertex   -3.188154e+01 -4.084841e+01 2.000000e+00
      vertex   -3.206496e+01 -4.067822e+01 2.000000e+00
    endloop
  endfacet
  facet normal 5.401766e-01 5.821719e-01 6.076884e-01
    outer loop
      vertex   -3.206496e+01 -4.067822e+01 2.000000e+00
      vertex   -3.188154e+01 -4.084841e+01 2.000000e+00
      vertex   -3.173009e+01 -4.070789e+01 1.730761e+00
    endloop
  endfacet
  facet normal 5.401766e-01 5.821719e-01 6.076884e-01
    outer loop
      vertex   -3.206496e+01 -4.067822e+01 2.000000e+00
      vertex   -3.173009e+01 -4.070789e+01 1.730761e+00
      vertex   -3.193615e+01 -4.051670e+01 1.730761e+00
    endloop
  endfacet
  facet normal 4.147926e-01 4.470401e-01 7.925291e-01
    outer loop
      vertex   -3.193615e+01 -4.051670e+01 1.730761e+00
      vertex   -3.173009e+01 -4.070789e+01 1.730761e+00
      vertex   -3.153273e+01 -4.052476e+01 1.524167e+00
    endloop
  endfacet
  facet normal 4.147926e-01 4.470401e-01 7.925291e-01
    outer loop
      vertex   -3.193615e+01 -4.051670e+01 1.730761e+00
      vertex   -3.153273e+01 -4.052476e+01 1.524167e+00
      vertex   -3.176829e+01 -4.030620e+01 1.524167e+00
    endloop
  endfacet
  facet normal 2.609134e-01 2.811978e-01 9.234999e-01
    outer loop
      vertex   -3.176829e+01 -4.030620e+01 1.524167e+00
      vertex   -3.153273e+01 -4.052476e+01 1.524167e+00
      vertex   -3.130289e+01 -4.031151e+01 1.394296e+00
    endloop
  endfacet
  facet normal 2.609134e-01 2.811978e-01 9.234999e-01
    outer loop
      vertex   -3.176829e+01 -4.030620e+01 1.524167e+00
      vertex   -3.130289e+01 -4.031151e+01 1.394296e+00
      vertex   -3.157280e+01 -4.006107e+01 1.394296e+00
    endloop
  endfacet
  facet normal 8.710683e-02 9.387884e-02 9.917657e-01
    outer loop
      vertex   -3.157280e+01 -4.006107e+01 1.394296e+00
      vertex   -3.130289e+01 -4.031151e+01 1.394296e+00
      vertex   -3.117381e+01 -3.996331e+01 1.350000e+00
    endloop
  endfacet
  facet normal 8.415210e-02 1.055234e-01 9.908498e-01
    outer loop
      vertex   -3.157280e+01 -4.006107e+01 1.394296e+00
      vertex   -3.117381e+01 -3.996331e+01 1.350000e+00
      vertex   -3.156628e+01 -3.965033e+01 1.350000e+00
    endloop
  endfacet
  facet normal 8.596066e-01 4.962941e-01 1.215266e-01
    outer loop
      vertex   -3.183283e+01 -4.111720e+01 2.313535e+00
      vertex   -3.178061e+01 -4.129005e+01 2.650000e+00
      vertex   -3.171743e+01 -4.131709e+01 2.313535e+00
    endloop
  endfacet
  facet normal 9.250649e-01 3.508309e-01 1.455080e-01
    outer loop
      vertex   -3.171743e+01 -4.131709e+01 2.313535e+00
      vertex   -3.178061e+01 -4.129005e+01 2.650000e+00
      vertex   -3.165238e+01 -4.162816e+01 2.650000e+00
    endloop
  endfacet
  facet normal 9.194960e-01 3.608756e-01 1.558713e-01
    outer loop
      vertex   -3.171743e+01 -4.131709e+01 2.313535e+00
      vertex   -3.165238e+01 -4.162816e+01 2.650000e+00
      vertex   -3.163310e+01 -4.153195e+01 2.313535e+00
    endloop
  endfacet
  facet normal 9.680425e-01 2.209494e-01 1.186389e-01
    outer loop
      vertex   -3.163310e+01 -4.153195e+01 2.313535e+00
      vertex   -3.165238e+01 -4.162816e+01 2.650000e+00
      vertex   -3.158174e+01 -4.175697e+01 2.313535e+00
    endloop
  endfacet
  facet normal 9.010845e-01 2.056667e-01 3.817695e-01
    outer loop
      vertex   -3.163310e+01 -4.153195e+01 2.313535e+00
      vertex   -3.158174e+01 -4.175697e+01 2.313535e+00
      vertex   -3.145332e+01 -4.173761e+01 2.000000e+00
    endloop
  endfacet
  facet normal 9.216731e-01 6.906985e-02 3.817695e-01
    outer loop
      vertex   -3.145332e+01 -4.173761e+01 2.000000e+00
      vertex   -3.158174e+01 -4.175697e+01 2.313535e+00
      vertex   -3.143462e+01 -4.198714e+01 2.000000e+00
    endloop
  endfacet
  facet normal 7.919549e-01 5.934882e-02 6.076884e-01
    outer loop
      vertex   -3.145332e+01 -4.173761e+01 2.000000e+00
      vertex   -3.143462e+01 -4.198714e+01 2.000000e+00
      vertex   -3.122803e+01 -4.198714e+01 1.730761e+00
    endloop
  endfacet
  facet normal 7.919549e-01 -5.934882e-02 6.076884e-01
    outer loop
      vertex   -3.122803e+01 -4.198714e+01 1.730761e+00
      vertex   -3.143462e+01 -4.198714e+01 2.000000e+00
      vertex   -3.124903e+01 -4.226745e+01 1.730761e+00
    endloop
  endfacet
  facet normal 6.081289e-01 -4.557296e-02 7.925291e-01
    outer loop
      vertex   -3.122803e+01 -4.198714e+01 1.730761e+00
      vertex   -3.124903e+01 -4.226745e+01 1.730761e+00
      vertex   -3.098280e+01 -4.230758e+01 1.524167e+00
    endloop
  endfacet
  facet normal 5.945443e-01 -1.357009e-01 7.925291e-01
    outer loop
      vertex   -3.098280e+01 -4.230758e+01 1.524167e+00
      vertex   -3.124903e+01 -4.226745e+01 1.730761e+00
      vertex   -3.105431e+01 -4.262086e+01 1.524167e+00
    endloop
  endfacet
  facet normal 3.739812e-01 -8.535876e-02 9.234999e-01
    outer loop
      vertex   -3.098280e+01 -4.230758e+01 1.524167e+00
      vertex   -3.105431e+01 -4.262086e+01 1.524167e+00
      vertex   -3.075470e+01 -4.271328e+01 1.394296e+00
    endloop
  endfacet
  facet normal 3.570820e-01 -1.401444e-01 9.234999e-01
    outer loop
      vertex   -3.075470e+01 -4.271328e+01 1.394296e+00
      vertex   -3.105431e+01 -4.262086e+01 1.524167e+00
      vertex   -3.088922e+01 -4.305602e+01 1.394296e+00
    endloop
  endfacet
  facet normal 1.218383e-01 -4.781800e-02 9.913974e-01
    outer loop
      vertex   -3.075470e+01 -4.271328e+01 1.394296e+00
      vertex   -3.088922e+01 -4.305602e+01 1.394296e+00
      vertex   -3.058608e+01 -4.320201e+01 1.350000e+00
    endloop
  endfacet
  facet normal 1.133505e-01 -6.544297e-02 9.913974e-01
    outer loop
      vertex   -3.058608e+01 -4.320201e+01 1.350000e+00
      vertex   -3.088922e+01 -4.305602e+01 1.394296e+00
      vertex   -3.107332e+01 -4.337489e+01 1.394296e+00
    endloop
  endfacet
  facet normal 1.143420e-01 -6.831619e-02 9.910897e-01
    outer loop
      vertex   -3.058608e+01 -4.320201e+01 1.350000e+00
      vertex   -3.107332e+01 -4.337489e+01 1.394296e+00
      vertex   -3.084354e+01 -4.363293e+01 1.350000e+00
    endloop
  endfacet
  facet normal 1.008505e-01 -8.042557e-02 9.916456e-01
    outer loop
      vertex   -3.084354e+01 -4.363293e+01 1.350000e+00
      vertex   -3.107332e+01 -4.337489e+01 1.394296e+00
      vertex   -3.130289e+01 -4.366277e+01 1.394296e+00
    endloop
  endfacet
  facet normal 1.013044e-01 -8.850702e-02 9.909107e-01
    outer loop
      vertex   -3.084354e+01 -4.363293e+01 1.350000e+00
      vertex   -3.130289e+01 -4.366277e+01 1.394296e+00
      vertex   -3.117381e+01 -4.401096e+01 1.350000e+00
    endloop
  endfacet
  facet normal 8.710683e-02 -9.387884e-02 9.917657e-01
    outer loop
      vertex   -3.117381e+01 -4.401096e+01 1.350000e+00
      vertex   -3.130289e+01 -4.366277e+01 1.394296e+00
      vertex   -3.157280e+01 -4.391321e+01 1.394296e+00
    endloop
  endfacet
  facet normal 8.415210e-02 -1.055234e-01 9.908498e-01
    outer loop
      vertex   -3.117381e+01 -4.401096e+01 1.350000e+00
      vertex   -3.157280e+01 -4.391321e+01 1.394296e+00
      vertex   -3.156628e+01 -4.432394e+01 1.350000e+00
    endloop
  endfacet
  facet normal 7.214201e-02 -1.058129e-01 9.917657e-01
    outer loop
      vertex   -3.156628e+01 -4.432394e+01 1.350000e+00
      vertex   -3.157280e+01 -4.391321e+01 1.394296e+00
      vertex   -3.187702e+01 -4.412062e+01 1.394296e+00
    endloop
  endfacet
  facet normal 6.374560e-02 -1.184592e-01 9.909107e-01
    outer loop
      vertex   -3.156628e+01 -4.432394e+01 1.350000e+00
      vertex   -3.187702e+01 -4.412062e+01 1.394296e+00
      vertex   -3.200832e+01 -4.456181e+01 1.350000e+00
    endloop
  endfacet
  facet normal 5.596779e-02 -1.162183e-01 9.916456e-01
    outer loop
      vertex   -3.200832e+01 -4.456181e+01 1.350000e+00
      vertex   -3.187702e+01 -4.412062e+01 1.394296e+00
      vertex   -3.220876e+01 -4.428038e+01 1.394296e+00
    endloop
  endfacet
  facet normal 4.115986e-02 -1.266770e-01 9.910897e-01
    outer loop
      vertex   -3.200832e+01 -4.456181e+01 1.350000e+00
      vertex   -3.220876e+01 -4.428038e+01 1.394296e+00
      vertex   -3.248573e+01 -4.471693e+01 1.350000e+00
    endloop
  endfacet
  facet normal 3.857931e-02 -1.250710e-01 9.913974e-01
    outer loop
      vertex   -3.248573e+01 -4.471693e+01 1.350000e+00
      vertex   -3.220876e+01 -4.428038e+01 1.394296e+00
      vertex   -3.256060e+01 -4.438890e+01 1.394296e+00
    endloop
  endfacet
  facet normal 1.950754e-02 -1.294240e-01 9.913974e-01
    outer loop
      vertex   -3.248573e+01 -4.471693e+01 1.350000e+00
      vertex   -3.256060e+01 -4.438890e+01 1.394296e+00
      vertex   -3.292469e+01 -4.444378e+01 1.394296e+00
    endloop
  endfacet
  facet normal 5.717243e-02 -3.793143e-01 9.234999e-01
    outer loop
      vertex   -3.292469e+01 -4.444378e+01 1.394296e+00
      vertex   -3.256060e+01 -4.438890e+01 1.394296e+00
      vertex   -3.263037e+01 -4.408323e+01 1.524167e+00
    endloop
  endfacet
  facet normal 5.717243e-02 -3.793143e-01 9.234999e-01
    outer loop
      vertex   -3.292469e+01 -4.444378e+01 1.394296e+00
      vertex   -3.263037e+01 -4.408323e+01 1.524167e+00
      vertex   -3.294812e+01 -4.413112e+01 1.524167e+00
    endloop
  endfacet
  facet normal 9.089106e-02 -6.030228e-01 7.925291e-01
    outer loop
      vertex   -3.294812e+01 -4.413112e+01 1.524167e+00
      vertex   -3.263037e+01 -4.408323e+01 1.524167e+00
      vertex   -3.269028e+01 -4.382074e+01 1.730761e+00
    endloop
  endfacet
  facet normal 9.089106e-02 -6.030228e-01 7.925291e-01
    outer loop
      vertex   -3.294812e+01 -4.413112e+01 1.524167e+00
      vertex   -3.269028e+01 -4.382074e+01 1.730761e+00
      vertex   -3.296824e+01 -4.386264e+01 1.730761e+00
    endloop
  endfacet
  facet normal 1.183657e-01 -7.853053e-01 6.076884e-01
    outer loop
      vertex   -3.296824e+01 -4.386264e+01 1.730761e+00
      vertex   -3.269028e+01 -4.382074e+01 1.730761e+00
      vertex   -3.273625e+01 -4.361933e+01 2.000000e+00
    endloop
  endfacet
  facet normal 1.183657e-01 -7.853053e-01 6.076884e-01
    outer loop
      vertex   -3.296824e+01 -4.386264e+01 1.730761e+00
      vertex   -3.273625e+01 -4.361933e+01 2.000000e+00
      vertex   -3.298368e+01 -4.365662e+01 2.000000e+00
    endloop
  endfacet
  facet normal 1.377534e-01 -9.139344e-01 3.817695e-01
    outer loop
      vertex   -3.298368e+01 -4.365662e+01 2.000000e+00
      vertex   -3.273625e+01 -4.361933e+01 2.000000e+00
      vertex   -3.276515e+01 -4.349271e+01 2.313535e+00
    endloop
  endfacet
  facet normal 1.377534e-01 -9.139344e-01 3.817695e-01
    outer loop
      vertex   -3.298368e+01 -4.365662e+01 2.000000e+00
      vertex   -3.276515e+01 -4.349271e+01 2.313535e+00
      vertex   -3.299338e+01 -4.352711e+01 2.313535e+00
    endloop
  endfacet
  facet normal 1.479690e-01 -9.817100e-01 1.197944e-01
    outer loop
      vertex   -3.299338e+01 -4.352711e+01 2.313535e+00
      vertex   -3.276515e+01 -4.349271e+01 2.313535e+00
      vertex   -3.292798e+01 -4.347620e+01 2.650000e+00
    endloop
  endfacet
  facet normal 0.000000e+00 -9.887436e-01 1.496199e-01
    outer loop
      vertex   -3.299338e+01 -4.352711e+01 2.313535e+00
      vertex   -3.292798e+01 -4.347620e+01 2.650000e+00
      vertex   -3.328959e+01 -4.347620e+01 2.650000e+00
    endloop
  endfacet
  facet normal 9.798935e-01 1.189806e-01 1.601633e-01
    outer loop
      vertex   -3.165238e+01 -4.162816e+01 2.650000e+00
      vertex   -3.160879e+01 -4.198714e+01 2.650000e+00
      vertex   -3.158174e+01 -4.175697e+01 2.313535e+00
    endloop
  endfacet
  facet normal 9.887196e-01 7.409429e-02 1.301674e-01
    outer loop
      vertex   -3.158174e+01 -4.175697e+01 2.313535e+00
      vertex   -3.160879e+01 -4.198714e+01 2.650000e+00
      vertex   -3.156449e+01 -4.198714e+01 2.313535e+00
    endloop
  endfacet
  facet normal 9.216731e-01 6.906985e-02 3.817695e-01
    outer loop
      vertex   -3.158174e+01 -4.175697e+01 2.313535e+00
      vertex   -3.156449e+01 -4.198714e+01 2.313535e+00
      vertex   -3.143462e+01 -4.198714e+01 2.000000e+00
    endloop
  endfacet
  facet normal 9.216731e-01 -6.906985e-02 3.817695e-01
    outer loop
      vertex   -3.143462e+01 -4.198714e+01 2.000000e+00
      vertex   -3.156449e+01 -4.198714e+01 2.313535e+00
      vertex   -3.145332e+01 -4.223666e+01 2.000000e+00
    endloop
  endfacet
  facet normal 7.919549e-01 -5.934882e-02 6.076884e-01
    outer loop
      vertex   -3.143462e+01 -4.198714e+01 2.000000e+00
      vertex   -3.145332e+01 -4.223666e+01 2.000000e+00
      vertex   -3.124903e+01 -4.226745e+01 1.730761e+00
    endloop
  endfacet
  facet normal 7.742639e-01 -1.767207e-01 6.076884e-01
    outer loop
      vertex   -3.124903e+01 -4.226745e+01 1.730761e+00
      vertex   -3.145332e+01 -4.223666e+01 2.000000e+00
      vertex   -3.131159e+01 -4.254150e+01 1.730761e+00
    endloop
  endfacet
  facet normal 5.945443e-01 -1.357009e-01 7.925291e-01
    outer loop
      vertex   -3.124903e+01 -4.226745e+01 1.730761e+00
      vertex   -3.131159e+01 -4.254150e+01 1.730761e+00
      vertex   -3.105431e+01 -4.262086e+01 1.524167e+00
    endloop
  endfacet
  facet normal 5.676786e-01 -2.227974e-01 7.925291e-01
    outer loop
      vertex   -3.105431e+01 -4.262086e+01 1.524167e+00
      vertex   -3.131159e+01 -4.254150e+01 1.730761e+00
      vertex   -3.117171e+01 -4.291999e+01 1.524167e+00
    endloop
  endfacet
  facet normal 3.570820e-01 -1.401444e-01 9.234999e-01
    outer loop
      vertex   -3.105431e+01 -4.262086e+01 1.524167e+00
      vertex   -3.117171e+01 -4.291999e+01 1.524167e+00
      vertex   -3.088922e+01 -4.305602e+01 1.394296e+00
    endloop
  endfacet
  facet normal 3.322063e-01 -1.917994e-01 9.234999e-01
    outer loop
      vertex   -3.088922e+01 -4.305602e+01 1.394296e+00
      vertex   -3.117171e+01 -4.291999e+01 1.524167e+00
      vertex   -3.107332e+01 -4.337489e+01 1.394296e+00
    endloop
  endfacet
  facet normal 9.887196e-01 -7.409429e-02 1.301674e-01
    outer loop
      vertex   -3.156449e+01 -4.198714e+01 2.313535e+00
      vertex   -3.160879e+01 -4.198714e+01 2.650000e+00
      vertex   -3.158174e+01 -4.221730e+01 2.313535e+00
    endloop
  endfacet
  facet normal 9.798935e-01 -1.189806e-01 1.601633e-01
    outer loop
      vertex   -3.158174e+01 -4.221730e+01 2.313535e+00
      vertex   -3.160879e+01 -4.198714e+01 2.650000e+00
      vertex   -3.165238e+01 -4.234611e+01 2.650000e+00
    endloop
  endfacet
  facet normal 9.680425e-01 -2.209494e-01 1.186389e-01
    outer loop
      vertex   -3.158174e+01 -4.221730e+01 2.313535e+00
      vertex   -3.165238e+01 -4.234611e+01 2.650000e+00
      vertex   -3.163310e+01 -4.244232e+01 2.313535e+00
    endloop
  endfacet
  facet normal 9.239874e-01 -3.504222e-01 1.531393e-01
    outer loop
      vertex   -3.163310e+01 -4.244232e+01 2.313535e+00
      vertex   -3.165238e+01 -4.234611e+01 2.650000e+00
      vertex   -3.178061e+01 -4.268422e+01 2.650000e+00
    endloop
  endfacet
  facet normal 9.211829e-01 -3.615377e-01 1.439186e-01
    outer loop
      vertex   -3.163310e+01 -4.244232e+01 2.313535e+00
      vertex   -3.178061e+01 -4.268422e+01 2.650000e+00
      vertex   -3.171743e+01 -4.265718e+01 2.313535e+00
    endloop
  endfacet
  facet normal 8.596066e-01 -4.962941e-01 1.215266e-01
    outer loop
      vertex   -3.171743e+01 -4.265718e+01 2.313535e+00
      vertex   -3.178061e+01 -4.268422e+01 2.650000e+00
      vertex   -3.183283e+01 -4.285707e+01 2.313535e+00
    endloop
  endfacet
  facet normal 8.004305e-01 -4.621288e-01 3.817695e-01
    outer loop
      vertex   -3.171743e+01 -4.265718e+01 2.313535e+00
      vertex   -3.183283e+01 -4.285707e+01 2.313535e+00
      vertex   -3.172553e+01 -4.293023e+01 2.000000e+00
    endloop
  endfacet
  facet normal 7.226137e-01 -5.762652e-01 3.817695e-01
    outer loop
      vertex   -3.172553e+01 -4.293023e+01 2.000000e+00
      vertex   -3.183283e+01 -4.285707e+01 2.313535e+00
      vertex   -3.188154e+01 -4.312586e+01 2.000000e+00
    endloop
  endfacet
  facet normal 6.209115e-01 -4.951604e-01 6.076884e-01
    outer loop
      vertex   -3.172553e+01 -4.293023e+01 2.000000e+00
      vertex   -3.188154e+01 -4.312586e+01 2.000000e+00
      vertex   -3.173009e+01 -4.326638e+01 1.730761e+00
    endloop
  endfacet
  facet normal 5.401766e-01 -5.821719e-01 6.076884e-01
    outer loop
      vertex   -3.173009e+01 -4.326638e+01 1.730761e+00
      vertex   -3.188154e+01 -4.312586e+01 2.000000e+00
      vertex   -3.193615e+01 -4.345757e+01 1.730761e+00
    endloop
  endfacet
  facet normal 4.147926e-01 -4.470401e-01 7.925291e-01
    outer loop
      vertex   -3.173009e+01 -4.326638e+01 1.730761e+00
      vertex   -3.193615e+01 -4.345757e+01 1.730761e+00
      vertex   -3.176829e+01 -4.366807e+01 1.524167e+00
    endloop
  endfacet
  facet normal 3.435318e-01 -5.038686e-01 7.925291e-01
    outer loop
      vertex   -3.176829e+01 -4.366807e+01 1.524167e+00
      vertex   -3.193615e+01 -4.345757e+01 1.730761e+00
      vertex   -3.203379e+01 -4.384909e+01 1.524167e+00
    endloop
  endfacet
  facet normal 2.160889e-01 -3.169442e-01 9.234999e-01
    outer loop
      vertex   -3.176829e+01 -4.366807e+01 1.524167e+00
      vertex   -3.203379e+01 -4.384909e+01 1.524167e+00
      vertex   -3.187702e+01 -4.412062e+01 1.394296e+00
    endloop
  endfacet
  facet normal 1.664373e-01 -3.456106e-01 9.234999e-01
    outer loop
      vertex   -3.187702e+01 -4.412062e+01 1.394296e+00
      vertex   -3.203379e+01 -4.384909e+01 1.524167e+00
      vertex   -3.220876e+01 -4.428038e+01 1.394296e+00
    endloop
  endfacet
  facet normal 8.121242e-01 -5.605689e-01 1.619161e-01
    outer loop
      vertex   -3.178061e+01 -4.268422e+01 2.650000e+00
      vertex   -3.198602e+01 -4.298182e+01 2.650000e+00
      vertex   -3.183283e+01 -4.285707e+01 2.313535e+00
    endloop
  endfacet
  facet normal 7.758137e-01 -6.186908e-01 1.238342e-01
    outer loop
      vertex   -3.183283e+01 -4.285707e+01 2.313535e+00
      vertex   -3.198602e+01 -4.298182e+01 2.650000e+00
      vertex   -3.197674e+01 -4.303752e+01 2.313535e+00
    endloop
  endfacet
  facet normal 7.226137e-01 -5.762652e-01 3.817695e-01
    outer loop
      vertex   -3.183283e+01 -4.285707e+01 2.313535e+00
      vertex   -3.197674e+01 -4.303752e+01 2.313535e+00
      vertex   -3.188154e+01 -4.312586e+01 2.000000e+00
    endloop
  endfacet
  facet normal 6.286548e-01 -6.775287e-01 3.817695e-01
    outer loop
      vertex   -3.188154e+01 -4.312586e+01 2.000000e+00
      vertex   -3.197674e+01 -4.303752e+01 2.313535e+00
      vertex   -3.206496e+01 -4.329605e+01 2.000000e+00
    endloop
  endfacet
  facet normal 5.401766e-01 -5.821719e-01 6.076884e-01
    outer loop
      vertex   -3.188154e+01 -4.312586e+01 2.000000e+00
      vertex   -3.206496e+01 -4.329605e+01 2.000000e+00
      vertex   -3.193615e+01 -4.345757e+01 1.730761e+00
    endloop
  endfacet
  facet normal 4.473750e-01 -6.561787e-01 6.076884e-01
    outer loop
      vertex   -3.193615e+01 -4.345757e+01 1.730761e+00
      vertex   -3.206496e+01 -4.329605e+01 2.000000e+00
      vertex   -3.216841e+01 -4.361592e+01 1.730761e+00
    endloop
  endfacet
  facet normal 3.435318e-01 -5.038686e-01 7.925291e-01
    outer loop
      vertex   -3.193615e+01 -4.345757e+01 1.730761e+00
      vertex   -3.216841e+01 -4.361592e+01 1.730761e+00
      vertex   -3.203379e+01 -4.384909e+01 1.524167e+00
    endloop
  endfacet
  facet normal 2.645971e-01 -5.494416e-01 7.925291e-01
    outer loop
      vertex   -3.203379e+01 -4.384909e+01 1.524167e+00
      vertex   -3.216841e+01 -4.361592e+01 1.730761e+00
      vertex   -3.232331e+01 -4.398851e+01 1.524167e+00
    endloop
  endfacet
  facet normal 1.664373e-01 -3.456106e-01 9.234999e-01
    outer loop
      vertex   -3.203379e+01 -4.384909e+01 1.524167e+00
      vertex   -3.232331e+01 -4.398851e+01 1.524167e+00
      vertex   -3.220876e+01 -4.428038e+01 1.394296e+00
    endloop
  endfacet
  facet normal 1.130677e-01 -3.665566e-01 9.234999e-01
    outer loop
      vertex   -3.220876e+01 -4.428038e+01 1.394296e+00
      vertex   -3.232331e+01 -4.398851e+01 1.524167e+00
      vertex   -3.256060e+01 -4.438890e+01 1.394296e+00
    endloop
  endfacet
  facet normal 6.565166e-01 -7.410540e-01 1.408009e-01
    outer loop
      vertex   -3.198602e+01 -4.298182e+01 2.650000e+00
      vertex   -3.225669e+01 -4.322161e+01 2.650000e+00
      vertex   -3.197674e+01 -4.303752e+01 2.313535e+00
    endloop
  endfacet
  facet normal 6.711136e-01 -7.232885e-01 1.626662e-01
    outer loop
      vertex   -3.197674e+01 -4.303752e+01 2.313535e+00
      vertex   -3.225669e+01 -4.322161e+01 2.650000e+00
      vertex   -3.214594e+01 -4.319452e+01 2.313535e+00
    endloop
  endfacet
  facet normal 6.286548e-01 -6.775287e-01 3.817695e-01
    outer loop
      vertex   -3.197674e+01 -4.303752e+01 2.313535e+00
      vertex   -3.214594e+01 -4.319452e+01 2.313535e+00
      vertex   -3.206496e+01 -4.329605e+01 2.000000e+00
    endloop
  endfacet
  facet normal 5.206528e-01 -7.636574e-01 3.817695e-01
    outer loop
      vertex   -3.206496e+01 -4.329605e+01 2.000000e+00
      vertex   -3.214594e+01 -4.319452e+01 2.313535e+00
      vertex   -3.227171e+01 -4.343701e+01 2.000000e+00
    endloop
  endfacet
  facet normal 4.473750e-01 -6.561787e-01 6.076884e-01
    outer loop
      vertex   -3.206496e+01 -4.329605e+01 2.000000e+00
      vertex   -3.227171e+01 -4.343701e+01 2.000000e+00
      vertex   -3.216841e+01 -4.361592e+01 1.730761e+00
    endloop
  endfacet
  facet normal 3.445799e-01 -7.155275e-01 6.076884e-01
    outer loop
      vertex   -3.216841e+01 -4.361592e+01 1.730761e+00
      vertex   -3.227171e+01 -4.343701e+01 2.000000e+00
      vertex   -3.242167e+01 -4.373789e+01 1.730761e+00
    endloop
  endfacet
  facet normal 2.645971e-01 -5.494416e-01 7.925291e-01
    outer loop
      vertex   -3.216841e+01 -4.361592e+01 1.730761e+00
      vertex   -3.242167e+01 -4.373789e+01 1.730761e+00
      vertex   -3.232331e+01 -4.398851e+01 1.524167e+00
    endloop
  endfacet
  facet normal 1.797518e-01 -5.827409e-01 7.925291e-01
    outer loop
      vertex   -3.232331e+01 -4.398851e+01 1.524167e+00
      vertex   -3.242167e+01 -4.373789e+01 1.730761e+00
      vertex   -3.263037e+01 -4.408323e+01 1.524167e+00
    endloop
  endfacet
  facet normal 1.130677e-01 -3.665566e-01 9.234999e-01
    outer loop
      vertex   -3.232331e+01 -4.398851e+01 1.524167e+00
      vertex   -3.263037e+01 -4.408323e+01 1.524167e+00
      vertex   -3.256060e+01 -4.438890e+01 1.394296e+00
    endloop
  endfacet
  facet normal 5.593804e-01 -8.204604e-01 1.180609e-01
    outer loop
      vertex   -3.214594e+01 -4.319452e+01 2.313535e+00
      vertex   -3.225669e+01 -4.322161e+01 2.650000e+00
      vertex   -3.233664e+01 -4.332454e+01 2.313535e+00
    endloop
  endfacet
  facet normal 4.588554e-01 -8.742759e-01 1.584092e-01
    outer loop
      vertex   -3.233664e+01 -4.332454e+01 2.313535e+00
      vertex   -3.225669e+01 -4.322161e+01 2.650000e+00
      vertex   -3.257688e+01 -4.338966e+01 2.650000e+00
    endloop
  endfacet
  facet normal 4.299597e-01 -8.928204e-01 1.341878e-01
    outer loop
      vertex   -3.233664e+01 -4.332454e+01 2.313535e+00
      vertex   -3.257688e+01 -4.338966e+01 2.650000e+00
      vertex   -3.254459e+01 -4.342468e+01 2.313535e+00
    endloop
  endfacet
  facet normal 2.923792e-01 -9.478701e-01 1.267152e-01
    outer loop
      vertex   -3.254459e+01 -4.342468e+01 2.313535e+00
      vertex   -3.257688e+01 -4.338966e+01 2.650000e+00
      vertex   -3.276515e+01 -4.349271e+01 2.313535e+00
    endloop
  endfacet
  facet normal 2.724297e-01 -8.831954e-01 3.817695e-01
    outer loop
      vertex   -3.254459e+01 -4.342468e+01 2.313535e+00
      vertex   -3.276515e+01 -4.349271e+01 2.313535e+00
      vertex   -3.273625e+01 -4.361933e+01 2.000000e+00
    endloop
  endfacet
  facet normal 2.361807e-01 -9.582227e-01 1.613320e-01
    outer loop
      vertex   -3.257688e+01 -4.338966e+01 2.650000e+00
      vertex   -3.292798e+01 -4.347620e+01 2.650000e+00
      vertex   -3.276515e+01 -4.349271e+01 2.313535e+00
    endloop
  endfacet
  facet normal -2.361807e-01 -9.582227e-01 1.613320e-01
    outer loop
      vertex   -3.364070e+01 -4.338966e+01 2.650000e+00
      vertex   -3.345243e+01 -4.349271e+01 2.313535e+00
      vertex   -3.328959e+01 -4.347620e+01 2.650000e+00
    endloop
  endfacet
  facet normal -1.479690e-01 -9.817100e-01 1.197944e-01
    outer loop
      vertex   -3.328959e+01 -4.347620e+01 2.650000e+00
      vertex   -3.345243e+01 -4.349271e+01 2.313535e+00
      vertex   -3.322419e+01 -4.352711e+01 2.313535e+00
    endloop
  endfacet
  facet normal 0.000000e+00 -9.887436e-01 1.496199e-01
    outer loop
      vertex   -3.328959e+01 -4.347620e+01 2.650000e+00
      vertex   -3.322419e+01 -4.352711e+01 2.313535e+00
      vertex   -3.299338e+01 -4.352711e+01 2.313535e+00
    endloop
  endfacet
  facet normal 0.000000e+00 -9.242576e-01 3.817695e-01
    outer loop
      vertex   -3.299338e+01 -4.352711e+01 2.313535e+00
      vertex   -3.322419e+01 -4.352711e+01 2.313535e+00
      vertex   -3.323390e+01 -4.365662e+01 2.000000e+00
    endloop
  endfacet
  facet normal 0.000000e+00 -9.242576e-01 3.817695e-01
    outer loop
      vertex   -3.299338e+01 -4.352711e+01 2.313535e+00
      vertex   -3.323390e+01 -4.365662e+01 2.000000e+00
      vertex   -3.298368e+01 -4.365662e+01 2.000000e+00
    endloop
  endfacet
  facet normal 0.000000e+00 -7.941756e-01 6.076884e-01
    outer loop
      vertex   -3.298368e+01 -4.365662e+01 2.000000e+00
      vertex   -3.323390e+01 -4.365662e+01 2.000000e+00
      vertex   -3.324934e+01 -4.386264e+01 1.730761e+00
    endloop
  endfacet
  facet normal 0.000000e+00 -7.941756e-01 6.076884e-01
    outer loop
      vertex   -3.298368e+01 -4.365662e+01 2.000000e+00
      vertex   -3.324934e+01 -4.386264e+01 1.730761e+00
      vertex   -3.296824e+01 -4.386264e+01 1.730761e+00
    endloop
  endfacet
  facet normal 0.000000e+00 -6.098342e-01 7.925291e-01
    outer loop
      vertex   -3.296824e+01 -4.386264e+01 1.730761e+00
      vertex   -3.324934e+01 -4.386264e+01 1.730761e+00
      vertex   -3.326946e+01 -4.413112e+01 1.524167e+00
    endloop
  endfacet
  facet normal 0.000000e+00 -6.098342e-01 7.925291e-01
    outer loop
      vertex   -3.296824e+01 -4.386264e+01 1.730761e+00
      vertex   -3.326946e+01 -4.413112e+01 1.524167e+00
      vertex   -3.294812e+01 -4.413112e+01 1.524167e+00
    endloop
  endfacet
  facet normal 0.000000e+00 -3.835988e-01 9.234999e-01
    outer loop
      vertex   -3.294812e+01 -4.413112e+01 1.524167e+00
      vertex   -3.326946e+01 -4.413112e+01 1.524167e+00
      vertex   -3.329289e+01 -4.444378e+01 1.394296e+00
    endloop
  endfacet
  facet normal 0.000000e+00 -3.835988e-01 9.234999e-01
    outer loop
      vertex   -3.294812e+01 -4.413112e+01 1.524167e+00
      vertex   -3.329289e+01 -4.444378e+01 1.394296e+00
      vertex   -3.292469e+01 -4.444378e+01 1.394296e+00
    endloop
  endfacet
  facet normal 0.000000e+00 -1.289926e-01 9.916456e-01
    outer loop
      vertex   -3.292469e+01 -4.444378e+01 1.394296e+00
      vertex   -3.329289e+01 -4.444378e+01 1.394296e+00
      vertex   -3.298317e+01 -4.478432e+01 1.350000e+00
    endloop
  endfacet
  facet normal 1.787935e-02 -1.319907e-01 9.910897e-01
    outer loop
      vertex   -3.292469e+01 -4.444378e+01 1.394296e+00
      vertex   -3.298317e+01 -4.478432e+01 1.350000e+00
      vertex   -3.248573e+01 -4.471693e+01 1.350000e+00
    endloop
  endfacet
  facet normal -2.923792e-01 -9.478701e-01 1.267152e-01
    outer loop
      vertex   -3.345243e+01 -4.349271e+01 2.313535e+00
      vertex   -3.364070e+01 -4.338966e+01 2.650000e+00
      vertex   -3.367298e+01 -4.342468e+01 2.313535e+00
    endloop
  endfacet
  facet normal -4.604374e-01 -8.772903e-01 1.354960e-01
    outer loop
      vertex   -3.367298e+01 -4.342468e+01 2.313535e+00
      vertex   -3.364070e+01 -4.338966e+01 2.650000e+00
      vertex   -3.396089e+01 -4.322161e+01 2.650000e+00
    endloop
  endfacet
  facet normal -4.275684e-01 -8.878549e-01 1.699972e-01
    outer loop
      vertex   -3.367298e+01 -4.342468e+01 2.313535e+00
      vertex   -3.396089e+01 -4.322161e+01 2.650000e+00
      vertex   -3.388094e+01 -4.332454e+01 2.313535e+00
    endloop
  endfacet
  facet normal -5.593804e-01 -8.204604e-01 1.180609e-01
    outer loop
      vertex   -3.388094e+01 -4.332454e+01 2.313535e+00
      vertex   -3.396089e+01 -4.322161e+01 2.650000e+00
      vertex   -3.407164e+01 -4.319452e+01 2.313535e+00
    endloop
  endfacet
  facet normal -5.206528e-01 -7.636574e-01 3.817695e-01
    outer loop
      vertex   -3.388094e+01 -4.332454e+01 2.313535e+00
      vertex   -3.407164e+01 -4.319452e+01 2.313535e+00
      vertex   -3.415262e+01 -4.329605e+01 2.000000e+00
    endloop
  endfacet
  facet normal -6.286548e-01 -6.775287e-01 3.817695e-01
    outer loop
      vertex   -3.415262e+01 -4.329605e+01 2.000000e+00
      vertex   -3.407164e+01 -4.319452e+01 2.313535e+00
      vertex   -3.433604e+01 -4.312586e+01 2.000000e+00
    endloop
  endfacet
  facet normal -5.401766e-01 -5.821719e-01 6.076884e-01
    outer loop
      vertex   -3.415262e+01 -4.329605e+01 2.000000e+00
      vertex   -3.433604e+01 -4.312586e+01 2.000000e+00
      vertex   -3.448748e+01 -4.326638e+01 1.730761e+00
    endloop
  endfacet
  facet normal -6.209115e-01 -4.951604e-01 6.076884e-01
    outer loop
      vertex   -3.448748e+01 -4.326638e+01 1.730761e+00
      vertex   -3.433604e+01 -4.312586e+01 2.000000e+00
      vertex   -3.466275e+01 -4.304661e+01 1.730761e+00
    endloop
  endfacet
  facet normal -4.767875e-01 -3.802254e-01 7.925291e-01
    outer loop
      vertex   -3.448748e+01 -4.326638e+01 1.730761e+00
      vertex   -3.466275e+01 -4.304661e+01 1.730761e+00
      vertex   -3.488520e+01 -4.319827e+01 1.524167e+00
    endloop
  endfacet
  facet normal -5.281319e-01 -3.049171e-01 7.925291e-01
    outer loop
      vertex   -3.488520e+01 -4.319827e+01 1.524167e+00
      vertex   -3.466275e+01 -4.304661e+01 1.730761e+00
      vertex   -3.504587e+01 -4.291999e+01 1.524167e+00
    endloop
  endfacet
  facet normal -3.322063e-01 -1.917994e-01 9.234999e-01
    outer loop
      vertex   -3.488520e+01 -4.319827e+01 1.524167e+00
      vertex   -3.504587e+01 -4.291999e+01 1.524167e+00
      vertex   -3.532836e+01 -4.305602e+01 1.394296e+00
    endloop
  endfacet
  facet normal -3.570820e-01 -1.401444e-01 9.234999e-01
    outer loop
      vertex   -3.532836e+01 -4.305602e+01 1.394296e+00
      vertex   -3.504587e+01 -4.291999e+01 1.524167e+00
      vertex   -3.546288e+01 -4.271328e+01 1.394296e+00
    endloop
  endfacet
  facet normal -1.192130e-01 -4.678767e-02 9.917657e-01
    outer loop
      vertex   -3.532836e+01 -4.305602e+01 1.394296e+00
      vertex   -3.546288e+01 -4.271328e+01 1.394296e+00
      vertex   -3.573025e+01 -4.297099e+01 1.350000e+00
    endloop
  endfacet
  facet normal -1.296739e-01 -3.578772e-02 9.909107e-01
    outer loop
      vertex   -3.573025e+01 -4.297099e+01 1.350000e+00
      vertex   -3.546288e+01 -4.271328e+01 1.394296e+00
      vertex   -3.586379e+01 -4.248709e+01 1.350000e+00
    endloop
  endfacet
  facet normal -1.257585e-01 -2.870356e-02 9.916456e-01
    outer loop
      vertex   -3.586379e+01 -4.248709e+01 1.350000e+00
      vertex   -3.546288e+01 -4.271328e+01 1.394296e+00
      vertex   -3.554481e+01 -4.235431e+01 1.394296e+00
    endloop
  endfacet
  facet normal -6.549969e-01 -7.393387e-01 1.560684e-01
    outer loop
      vertex   -3.396089e+01 -4.322161e+01 2.650000e+00
      vertex   -3.423156e+01 -4.298182e+01 2.650000e+00
      vertex   -3.407164e+01 -4.319452e+01 2.313535e+00
    endloop
  endfacet
  facet normal -6.735915e-01 -7.259590e-01 1.387729e-01
    outer loop
      vertex   -3.407164e+01 -4.319452e+01 2.313535e+00
      vertex   -3.423156e+01 -4.298182e+01 2.650000e+00
      vertex   -3.424084e+01 -4.303752e+01 2.313535e+00
    endloop
  endfacet
  facet normal -6.286548e-01 -6.775287e-01 3.817695e-01
    outer loop
      vertex   -3.407164e+01 -4.319452e+01 2.313535e+00
      vertex   -3.424084e+01 -4.303752e+01 2.313535e+00
      vertex   -3.433604e+01 -4.312586e+01 2.000000e+00
    endloop
  endfacet
  facet normal -7.226137e-01 -5.762652e-01 3.817695e-01
    outer loop
      vertex   -3.433604e+01 -4.312586e+01 2.000000e+00
      vertex   -3.424084e+01 -4.303752e+01 2.313535e+00
      vertex   -3.449205e+01 -4.293023e+01 2.000000e+00
    endloop
  endfacet
  facet normal -6.209115e-01 -4.951604e-01 6.076884e-01
    outer loop
      vertex   -3.433604e+01 -4.312586e+01 2.000000e+00
      vertex   -3.449205e+01 -4.293023e+01 2.000000e+00
      vertex   -3.466275e+01 -4.304661e+01 1.730761e+00
    endloop
  endfacet
  facet normal -6.877762e-01 -3.970878e-01 6.076884e-01
    outer loop
      vertex   -3.466275e+01 -4.304661e+01 1.730761e+00
      vertex   -3.449205e+01 -4.293023e+01 2.000000e+00
      vertex   -3.480330e+01 -4.280317e+01 1.730761e+00
    endloop
  endfacet
  facet normal -5.281319e-01 -3.049171e-01 7.925291e-01
    outer loop
      vertex   -3.466275e+01 -4.304661e+01 1.730761e+00
      vertex   -3.480330e+01 -4.280317e+01 1.730761e+00
      vertex   -3.504587e+01 -4.291999e+01 1.524167e+00
    endloop
  endfacet
  facet normal -5.676786e-01 -2.227974e-01 7.925291e-01
    outer loop
      vertex   -3.504587e+01 -4.291999e+01 1.524167e+00
      vertex   -3.480330e+01 -4.280317e+01 1.730761e+00
      vertex   -3.516327e+01 -4.262086e+01 1.524167e+00
    endloop
  endfacet
  facet normal -3.570820e-01 -1.401444e-01 9.234999e-01
    outer loop
      vertex   -3.504587e+01 -4.291999e+01 1.524167e+00
      vertex   -3.516327e+01 -4.262086e+01 1.524167e+00
      vertex   -3.546288e+01 -4.271328e+01 1.394296e+00
    endloop
  endfacet
  facet normal -3.739812e-01 -8.535876e-02 9.234999e-01
    outer loop
      vertex   -3.546288e+01 -4.271328e+01 1.394296e+00
      vertex   -3.516327e+01 -4.262086e+01 1.524167e+00
      vertex   -3.554481e+01 -4.235431e+01 1.394296e+00
    endloop
  endfacet
  facet normal -7.758137e-01 -6.186908e-01 1.238342e-01
    outer loop
      vertex   -3.424084e+01 -4.303752e+01 2.313535e+00
      vertex   -3.423156e+01 -4.298182e+01 2.650000e+00
      vertex   -3.438475e+01 -4.285707e+01 2.313535e+00
    endloop
  endfacet
  facet normal -8.121242e-01 -5.605689e-01 1.619161e-01
    outer loop
      vertex   -3.438475e+01 -4.285707e+01 2.313535e+00
      vertex   -3.423156e+01 -4.298182e+01 2.650000e+00
      vertex   -3.443697e+01 -4.268422e+01 2.650000e+00
    endloop
  endfacet
  facet normal -8.596066e-01 -4.962941e-01 1.215266e-01
    outer loop
      vertex   -3.438475e+01 -4.285707e+01 2.313535e+00
      vertex   -3.443697e+01 -4.268422e+01 2.650000e+00
      vertex   -3.450015e+01 -4.265718e+01 2.313535e+00
    endloop
  endfacet
  facet normal -9.250649e-01 -3.508309e-01 1.455080e-01
    outer loop
      vertex   -3.450015e+01 -4.265718e+01 2.313535e+00
      vertex   -3.443697e+01 -4.268422e+01 2.650000e+00
      vertex   -3.456520e+01 -4.234611e+01 2.650000e+00
    endloop
  endfacet
  facet normal -9.194960e-01 -3.608756e-01 1.558713e-01
    outer loop
      vertex   -3.450015e+01 -4.265718e+01 2.313535e+00
      vertex   -3.456520e+01 -4.234611e+01 2.650000e+00
      vertex   -3.458448e+01 -4.244232e+01 2.313535e+00
    endloop
  endfacet
  facet normal -9.680425e-01 -2.209494e-01 1.186389e-01
    outer loop
      vertex   -3.458448e+01 -4.244232e+01 2.313535e+00
      vertex   -3.456520e+01 -4.234611e+01 2.650000e+00
      vertex   -3.463584e+01 -4.221730e+01 2.313535e+00
    endloop
  endfacet
  facet normal -9.010845e-01 -2.056667e-01 3.817695e-01
    outer loop
      vertex   -3.458448e+01 -4.244232e+01 2.313535e+00
      vertex   -3.463584e+01 -4.221730e+01 2.313535e+00
      vertex   -3.476426e+01 -4.223666e+01 2.000000e+00
    endloop
  endfacet
  facet normal -9.798935e-01 -1.189806e-01 1.601633e-01
    outer loop
      vertex   -3.456520e+01 -4.234611e+01 2.650000e+00
      vertex   -3.460879e+01 -4.198714e+01 2.650000e+00
      vertex   -3.463584e+01 -4.221730e+01 2.313535e+00
    endloop
  endfacet
  facet normal -1.216033e-01 -5.856107e-02 9.908498e-01
    outer loop
      vertex   -3.573025e+01 -4.297099e+01 1.350000e+00
      vertex   -3.551245e+01 -4.342325e+01 1.350000e+00
      vertex   -3.532836e+01 -4.305602e+01 1.394296e+00
    endloop
  endfacet
  facet normal -1.109082e-01 -6.403288e-02 9.917657e-01
    outer loop
      vertex   -3.532836e+01 -4.305602e+01 1.394296e+00
      vertex   -3.551245e+01 -4.342325e+01 1.350000e+00
      vertex   -3.514426e+01 -4.337489e+01 1.394296e+00
    endloop
  endfacet
  facet normal -3.322063e-01 -1.917994e-01 9.234999e-01
    outer loop
      vertex   -3.532836e+01 -4.305602e+01 1.394296e+00
      vertex   -3.514426e+01 -4.337489e+01 1.394296e+00
      vertex   -3.488520e+01 -4.319827e+01 1.524167e+00
    endloop
  endfacet
  facet normal -2.999096e-01 -2.391699e-01 9.234999e-01
    outer loop
      vertex   -3.488520e+01 -4.319827e+01 1.524167e+00
      vertex   -3.514426e+01 -4.337489e+01 1.394296e+00
      vertex   -3.468485e+01 -4.344951e+01 1.524167e+00
    endloop
  endfacet
  facet normal -4.767875e-01 -3.802254e-01 7.925291e-01
    outer loop
      vertex   -3.488520e+01 -4.319827e+01 1.524167e+00
      vertex   -3.468485e+01 -4.344951e+01 1.524167e+00
      vertex   -3.448748e+01 -4.326638e+01 1.730761e+00
    endloop
  endfacet
  facet normal -4.147926e-01 -4.470401e-01 7.925291e-01
    outer loop
      vertex   -3.448748e+01 -4.326638e+01 1.730761e+00
      vertex   -3.468485e+01 -4.344951e+01 1.524167e+00
      vertex   -3.428142e+01 -4.345757e+01 1.730761e+00
    endloop
  endfacet
  facet normal -5.401766e-01 -5.821719e-01 6.076884e-01
    outer loop
      vertex   -3.448748e+01 -4.326638e+01 1.730761e+00
      vertex   -3.428142e+01 -4.345757e+01 1.730761e+00
      vertex   -3.415262e+01 -4.329605e+01 2.000000e+00
    endloop
  endfacet
  facet normal -4.473750e-01 -6.561787e-01 6.076884e-01
    outer loop
      vertex   -3.415262e+01 -4.329605e+01 2.000000e+00
      vertex   -3.428142e+01 -4.345757e+01 1.730761e+00
      vertex   -3.394587e+01 -4.343701e+01 2.000000e+00
    endloop
  endfacet
  facet normal -5.206528e-01 -7.636574e-01 3.817695e-01
    outer loop
      vertex   -3.415262e+01 -4.329605e+01 2.000000e+00
      vertex   -3.394587e+01 -4.343701e+01 2.000000e+00
      vertex   -3.388094e+01 -4.332454e+01 2.313535e+00
    endloop
  endfacet
  facet normal -4.010203e-01 -8.327273e-01 3.817695e-01
    outer loop
      vertex   -3.388094e+01 -4.332454e+01 2.313535e+00
      vertex   -3.394587e+01 -4.343701e+01 2.000000e+00
      vertex   -3.367298e+01 -4.342468e+01 2.313535e+00
    endloop
  endfacet
  facet normal -1.088303e-01 -7.906985e-02 9.909107e-01
    outer loop
      vertex   -3.551245e+01 -4.342325e+01 1.350000e+00
      vertex   -3.521739e+01 -4.382936e+01 1.350000e+00
      vertex   -3.514426e+01 -4.337489e+01 1.394296e+00
    endloop
  endfacet
  facet normal -1.008505e-01 -8.042557e-02 9.916456e-01
    outer loop
      vertex   -3.514426e+01 -4.337489e+01 1.394296e+00
      vertex   -3.521739e+01 -4.382936e+01 1.350000e+00
      vertex   -3.491469e+01 -4.366277e+01 1.394296e+00
    endloop
  endfacet
  facet normal -2.999096e-01 -2.391699e-01 9.234999e-01
    outer loop
      vertex   -3.514426e+01 -4.337489e+01 1.394296e+00
      vertex   -3.491469e+01 -4.366277e+01 1.394296e+00
      vertex   -3.468485e+01 -4.344951e+01 1.524167e+00
    endloop
  endfacet
  facet normal -2.609134e-01 -2.811978e-01 9.234999e-01
    outer loop
      vertex   -3.468485e+01 -4.344951e+01 1.524167e+00
      vertex   -3.491469e+01 -4.366277e+01 1.394296e+00
      vertex   -3.444929e+01 -4.366807e+01 1.524167e+00
    endloop
  endfacet
  facet normal -4.147926e-01 -4.470401e-01 7.925291e-01
    outer loop
      vertex   -3.468485e+01 -4.344951e+01 1.524167e+00
      vertex   -3.444929e+01 -4.366807e+01 1.524167e+00
      vertex   -3.428142e+01 -4.345757e+01 1.730761e+00
    endloop
  endfacet
  facet normal -3.435318e-01 -5.038686e-01 7.925291e-01
    outer loop
      vertex   -3.428142e+01 -4.345757e+01 1.730761e+00
      vertex   -3.444929e+01 -4.366807e+01 1.524167e+00
      vertex   -3.404917e+01 -4.361592e+01 1.730761e+00
    endloop
  endfacet
  facet normal -4.473750e-01 -6.561787e-01 6.076884e-01
    outer loop
      vertex   -3.428142e+01 -4.345757e+01 1.730761e+00
      vertex   -3.404917e+01 -4.361592e+01 1.730761e+00
      vertex   -3.394587e+01 -4.343701e+01 2.000000e+00
    endloop
  endfacet
  facet normal -3.445799e-01 -7.155275e-01 6.076884e-01
    outer loop
      vertex   -3.394587e+01 -4.343701e+01 2.000000e+00
      vertex   -3.404917e+01 -4.361592e+01 1.730761e+00
      vertex   -3.372043e+01 -4.354557e+01 2.000000e+00
    endloop
  endfacet
  facet normal -4.010203e-01 -8.327273e-01 3.817695e-01
    outer loop
      vertex   -3.394587e+01 -4.343701e+01 2.000000e+00
      vertex   -3.372043e+01 -4.354557e+01 2.000000e+00
      vertex   -3.367298e+01 -4.342468e+01 2.313535e+00
    endloop
  endfacet
  facet normal -2.724297e-01 -8.831954e-01 3.817695e-01
    outer loop
      vertex   -3.367298e+01 -4.342468e+01 2.313535e+00
      vertex   -3.372043e+01 -4.354557e+01 2.000000e+00
      vertex   -3.345243e+01 -4.349271e+01 2.313535e+00
    endloop
  endfacet
  facet normal -9.204686e-02 -9.627347e-02 9.910897e-01
    outer loop
      vertex   -3.521739e+01 -4.382936e+01 1.350000e+00
      vertex   -3.485456e+01 -4.417626e+01 1.350000e+00
      vertex   -3.491469e+01 -4.366277e+01 1.394296e+00
    endloop
  endfacet
  facet normal -8.902504e-02 -9.594618e-02 9.913974e-01
    outer loop
      vertex   -3.491469e+01 -4.366277e+01 1.394296e+00
      vertex   -3.485456e+01 -4.417626e+01 1.350000e+00
      vertex   -3.464478e+01 -4.391321e+01 1.394296e+00
    endloop
  endfacet
  facet normal -2.609134e-01 -2.811978e-01 9.234999e-01
    outer loop
      vertex   -3.491469e+01 -4.366277e+01 1.394296e+00
      vertex   -3.464478e+01 -4.391321e+01 1.394296e+00
      vertex   -3.444929e+01 -4.366807e+01 1.524167e+00
    endloop
  endfacet
  facet normal -2.160889e-01 -3.169442e-01 9.234999e-01
    outer loop
      vertex   -3.444929e+01 -4.366807e+01 1.524167e+00
      vertex   -3.464478e+01 -4.391321e+01 1.394296e+00
      vertex   -3.418379e+01 -4.384909e+01 1.524167e+00
    endloop
  endfacet
  facet normal -3.435318e-01 -5.038686e-01 7.925291e-01
    outer loop
      vertex   -3.444929e+01 -4.366807e+01 1.524167e+00
      vertex   -3.418379e+01 -4.384909e+01 1.524167e+00
      vertex   -3.404917e+01 -4.361592e+01 1.730761e+00
    endloop
  endfacet
  facet normal -2.645971e-01 -5.494416e-01 7.925291e-01
    outer loop
      vertex   -3.404917e+01 -4.361592e+01 1.730761e+00
      vertex   -3.418379e+01 -4.384909e+01 1.524167e+00
      vertex   -3.379591e+01 -4.373789e+01 1.730761e+00
    endloop
  endfacet
  facet normal -3.445799e-01 -7.155275e-01 6.076884e-01
    outer loop
      vertex   -3.404917e+01 -4.361592e+01 1.730761e+00
      vertex   -3.379591e+01 -4.373789e+01 1.730761e+00
      vertex   -3.372043e+01 -4.354557e+01 2.000000e+00
    endloop
  endfacet
  facet normal -2.340874e-01 -7.588926e-01 6.076884e-01
    outer loop
      vertex   -3.372043e+01 -4.354557e+01 2.000000e+00
      vertex   -3.379591e+01 -4.373789e+01 1.730761e+00
      vertex   -3.348133e+01 -4.361933e+01 2.000000e+00
    endloop
  endfacet
  facet normal -2.724297e-01 -8.831954e-01 3.817695e-01
    outer loop
      vertex   -3.372043e+01 -4.354557e+01 2.000000e+00
      vertex   -3.348133e+01 -4.361933e+01 2.000000e+00
      vertex   -3.345243e+01 -4.349271e+01 2.313535e+00
    endloop
  endfacet
  facet normal -1.377534e-01 -9.139344e-01 3.817695e-01
    outer loop
      vertex   -3.345243e+01 -4.349271e+01 2.313535e+00
      vertex   -3.348133e+01 -4.361933e+01 2.000000e+00
      vertex   -3.322419e+01 -4.352711e+01 2.313535e+00
    endloop
  endfacet
  facet normal -7.373067e-02 -1.081430e-01 9.913974e-01
    outer loop
      vertex   -3.464478e+01 -4.391321e+01 1.394296e+00
      vertex   -3.485456e+01 -4.417626e+01 1.350000e+00
      vertex   -3.434056e+01 -4.412062e+01 1.394296e+00
    endloop
  endfacet
  facet normal -7.337734e-02 -1.111619e-01 9.910897e-01
    outer loop
      vertex   -3.434056e+01 -4.412062e+01 1.394296e+00
      vertex   -3.485456e+01 -4.417626e+01 1.350000e+00
      vertex   -3.443562e+01 -4.445280e+01 1.350000e+00
    endloop
  endfacet
  facet normal -5.596779e-02 -1.162183e-01 9.916456e-01
    outer loop
      vertex   -3.434056e+01 -4.412062e+01 1.394296e+00
      vertex   -3.443562e+01 -4.445280e+01 1.350000e+00
      vertex   -3.400882e+01 -4.428038e+01 1.394296e+00
    endloop
  endfacet
  facet normal -5.287038e-02 -1.236964e-01 9.909107e-01
    outer loop
      vertex   -3.400882e+01 -4.428038e+01 1.394296e+00
      vertex   -3.443562e+01 -4.445280e+01 1.350000e+00
      vertex   -3.397404e+01 -4.465009e+01 1.350000e+00
    endloop
  endfacet
  facet normal -3.774804e-02 -1.223762e-01 9.917657e-01
    outer loop
      vertex   -3.400882e+01 -4.428038e+01 1.394296e+00
      vertex   -3.397404e+01 -4.465009e+01 1.350000e+00
      vertex   -3.365698e+01 -4.438890e+01 1.394296e+00
    endloop
  endfacet
  facet normal -3.003354e-02 -1.315855e-01 9.908498e-01
    outer loop
      vertex   -3.365698e+01 -4.438890e+01 1.394296e+00
      vertex   -3.397404e+01 -4.465009e+01 1.350000e+00
      vertex   -3.348464e+01 -4.476179e+01 1.350000e+00
    endloop
  endfacet
  facet normal -1.908721e-02 -1.266354e-01 9.917657e-01
    outer loop
      vertex   -3.365698e+01 -4.438890e+01 1.394296e+00
      vertex   -3.348464e+01 -4.476179e+01 1.350000e+00
      vertex   -3.329289e+01 -4.444378e+01 1.394296e+00
    endloop
  endfacet
  facet normal -6.035292e-03 -1.343862e-01 9.909107e-01
    outer loop
      vertex   -3.329289e+01 -4.444378e+01 1.394296e+00
      vertex   -3.348464e+01 -4.476179e+01 1.350000e+00
      vertex   -3.298317e+01 -4.478432e+01 1.350000e+00
    endloop
  endfacet
  facet normal 1.247028e-01 -4.680176e-02 9.910897e-01
    outer loop
      vertex   -3.058608e+01 -4.320201e+01 1.350000e+00
      vertex   -3.040969e+01 -4.273204e+01 1.350000e+00
      vertex   -3.075470e+01 -4.271328e+01 1.394296e+00
    endloop
  endfacet
  facet normal 1.257585e-01 -2.870356e-02 9.916456e-01
    outer loop
      vertex   -3.075470e+01 -4.271328e+01 1.394296e+00
      vertex   -3.040969e+01 -4.273204e+01 1.350000e+00
      vertex   -3.067277e+01 -4.235431e+01 1.394296e+00
    endloop
  endfacet
  facet normal 3.739812e-01 -8.535876e-02 9.234999e-01
    outer loop
      vertex   -3.075470e+01 -4.271328e+01 1.394296e+00
      vertex   -3.067277e+01 -4.235431e+01 1.394296e+00
      vertex   -3.098280e+01 -4.230758e+01 1.524167e+00
    endloop
  endfacet
  facet normal 3.825262e-01 -2.866637e-02 9.234999e-01
    outer loop
      vertex   -3.098280e+01 -4.230758e+01 1.524167e+00
      vertex   -3.067277e+01 -4.235431e+01 1.394296e+00
      vertex   -3.095879e+01 -4.198714e+01 1.524167e+00
    endloop
  endfacet
  facet normal 6.081289e-01 -4.557296e-02 7.925291e-01
    outer loop
      vertex   -3.098280e+01 -4.230758e+01 1.524167e+00
      vertex   -3.095879e+01 -4.198714e+01 1.524167e+00
      vertex   -3.122803e+01 -4.198714e+01 1.730761e+00
    endloop
  endfacet
  facet normal 6.081289e-01 4.557296e-02 7.925291e-01
    outer loop
      vertex   -3.122803e+01 -4.198714e+01 1.730761e+00
      vertex   -3.095879e+01 -4.198714e+01 1.524167e+00
      vertex   -3.124903e+01 -4.170682e+01 1.730761e+00
    endloop
  endfacet
  facet normal 7.919549e-01 5.934882e-02 6.076884e-01
    outer loop
      vertex   -3.122803e+01 -4.198714e+01 1.730761e+00
      vertex   -3.124903e+01 -4.170682e+01 1.730761e+00
      vertex   -3.145332e+01 -4.173761e+01 2.000000e+00
    endloop
  endfacet
  facet normal 7.742639e-01 1.767207e-01 6.076884e-01
    outer loop
      vertex   -3.145332e+01 -4.173761e+01 2.000000e+00
      vertex   -3.124903e+01 -4.170682e+01 1.730761e+00
      vertex   -3.150900e+01 -4.149367e+01 2.000000e+00
    endloop
  endfacet
  facet normal 9.010845e-01 2.056667e-01 3.817695e-01
    outer loop
      vertex   -3.145332e+01 -4.173761e+01 2.000000e+00
      vertex   -3.150900e+01 -4.149367e+01 2.000000e+00
      vertex   -3.163310e+01 -4.153195e+01 2.313535e+00
    endloop
  endfacet
  facet normal 8.603671e-01 3.376692e-01 3.817695e-01
    outer loop
      vertex   -3.163310e+01 -4.153195e+01 2.313535e+00
      vertex   -3.150900e+01 -4.149367e+01 2.000000e+00
      vertex   -3.171743e+01 -4.131709e+01 2.313535e+00
    endloop
  endfacet
  facet normal 1.323599e-01 -2.401977e-02 9.909107e-01
    outer loop
      vertex   -3.040969e+01 -4.273204e+01 1.350000e+00
      vertex   -3.032006e+01 -4.223813e+01 1.350000e+00
      vertex   -3.067277e+01 -4.235431e+01 1.394296e+00
    endloop
  endfacet
  facet normal 1.277077e-01 -9.570366e-03 9.917657e-01
    outer loop
      vertex   -3.067277e+01 -4.235431e+01 1.394296e+00
      vertex   -3.032006e+01 -4.223813e+01 1.350000e+00
      vertex   -3.064525e+01 -4.198714e+01 1.394296e+00
    endloop
  endfacet
  facet normal 3.825262e-01 -2.866637e-02 9.234999e-01
    outer loop
      vertex   -3.067277e+01 -4.235431e+01 1.394296e+00
      vertex   -3.064525e+01 -4.198714e+01 1.394296e+00
      vertex   -3.095879e+01 -4.198714e+01 1.524167e+00
    endloop
  endfacet
  facet normal 3.825262e-01 2.866637e-02 9.234999e-01
    outer loop
      vertex   -3.095879e+01 -4.198714e+01 1.524167e+00
      vertex   -3.064525e+01 -4.198714e+01 1.394296e+00
      vertex   -3.098280e+01 -4.166669e+01 1.524167e+00
    endloop
  endfacet
  facet normal 6.081289e-01 4.557296e-02 7.925291e-01
    outer loop
      vertex   -3.095879e+01 -4.198714e+01 1.524167e+00
      vertex   -3.098280e+01 -4.166669e+01 1.524167e+00
      vertex   -3.124903e+01 -4.170682e+01 1.730761e+00
    endloop
  endfacet
  facet normal 5.945443e-01 1.357009e-01 7.925291e-01
    outer loop
      vertex   -3.124903e+01 -4.170682e+01 1.730761e+00
      vertex   -3.098280e+01 -4.166669e+01 1.524167e+00
      vertex   -3.131159e+01 -4.143277e+01 1.730761e+00
    endloop
  endfacet
  facet normal 7.742639e-01 1.767207e-01 6.076884e-01
    outer loop
      vertex   -3.124903e+01 -4.170682e+01 1.730761e+00
      vertex   -3.131159e+01 -4.143277e+01 1.730761e+00
      vertex   -3.150900e+01 -4.149367e+01 2.000000e+00
    endloop
  endfacet
  facet normal 7.392772e-01 2.901449e-01 6.076884e-01
    outer loop
      vertex   -3.150900e+01 -4.149367e+01 2.000000e+00
      vertex   -3.131159e+01 -4.143277e+01 1.730761e+00
      vertex   -3.160042e+01 -4.126074e+01 2.000000e+00
    endloop
  endfacet
  facet normal 8.603671e-01 3.376692e-01 3.817695e-01
    outer loop
      vertex   -3.150900e+01 -4.149367e+01 2.000000e+00
      vertex   -3.160042e+01 -4.126074e+01 2.000000e+00
      vertex   -3.171743e+01 -4.131709e+01 2.313535e+00
    endloop
  endfacet
  facet normal 8.004305e-01 4.621288e-01 3.817695e-01
    outer loop
      vertex   -3.171743e+01 -4.131709e+01 2.313535e+00
      vertex   -3.160042e+01 -4.126074e+01 2.000000e+00
      vertex   -3.183283e+01 -4.111720e+01 2.313535e+00
    endloop
  endfacet
  facet normal 1.349695e-01 -0.000000e+00 9.908498e-01
    outer loop
      vertex   -3.032006e+01 -4.223813e+01 1.350000e+00
      vertex   -3.032006e+01 -4.173615e+01 1.350000e+00
      vertex   -3.064525e+01 -4.198714e+01 1.394296e+00
    endloop
  endfacet
  facet normal 1.277077e-01 9.570366e-03 9.917657e-01
    outer loop
      vertex   -3.064525e+01 -4.198714e+01 1.394296e+00
      vertex   -3.032006e+01 -4.173615e+01 1.350000e+00
      vertex   -3.067277e+01 -4.161996e+01 1.394296e+00
    endloop
  endfacet
  facet normal 3.825262e-01 2.866637e-02 9.234999e-01
    outer loop
      vertex   -3.064525e+01 -4.198714e+01 1.394296e+00
      vertex   -3.067277e+01 -4.161996e+01 1.394296e+00
      vertex   -3.098280e+01 -4.166669e+01 1.524167e+00
    endloop
  endfacet
  facet normal 3.739812e-01 8.535876e-02 9.234999e-01
    outer loop
      vertex   -3.098280e+01 -4.166669e+01 1.524167e+00
      vertex   -3.067277e+01 -4.161996e+01 1.394296e+00
      vertex   -3.105431e+01 -4.135341e+01 1.524167e+00
    endloop
  endfacet
  facet normal 5.945443e-01 1.357009e-01 7.925291e-01
    outer loop
      vertex   -3.098280e+01 -4.166669e+01 1.524167e+00
      vertex   -3.105431e+01 -4.135341e+01 1.524167e+00
      vertex   -3.131159e+01 -4.143277e+01 1.730761e+00
    endloop
  endfacet
  facet normal 5.676786e-01 2.227974e-01 7.925291e-01
    outer loop
      vertex   -3.131159e+01 -4.143277e+01 1.730761e+00
      vertex   -3.105431e+01 -4.135341e+01 1.524167e+00
      vertex   -3.141428e+01 -4.117110e+01 1.730761e+00
    endloop
  endfacet
  facet normal 7.392772e-01 2.901449e-01 6.076884e-01
    outer loop
      vertex   -3.131159e+01 -4.143277e+01 1.730761e+00
      vertex   -3.141428e+01 -4.117110e+01 1.730761e+00
      vertex   -3.160042e+01 -4.126074e+01 2.000000e+00
    endloop
  endfacet
  facet normal 6.877762e-01 3.970878e-01 6.076884e-01
    outer loop
      vertex   -3.160042e+01 -4.126074e+01 2.000000e+00
      vertex   -3.141428e+01 -4.117110e+01 1.730761e+00
      vertex   -3.172553e+01 -4.104404e+01 2.000000e+00
    endloop
  endfacet
  facet normal 8.004305e-01 4.621288e-01 3.817695e-01
    outer loop
      vertex   -3.160042e+01 -4.126074e+01 2.000000e+00
      vertex   -3.172553e+01 -4.104404e+01 2.000000e+00
      vertex   -3.183283e+01 -4.111720e+01 2.313535e+00
    endloop
  endfacet
  facet normal 7.226137e-01 5.762652e-01 3.817695e-01
    outer loop
      vertex   -3.183283e+01 -4.111720e+01 2.313535e+00
      vertex   -3.172553e+01 -4.104404e+01 2.000000e+00
      vertex   -3.197674e+01 -4.093675e+01 2.313535e+00
    endloop
  endfacet
  facet normal 1.323599e-01 2.401977e-02 9.909107e-01
    outer loop
      vertex   -3.032006e+01 -4.173615e+01 1.350000e+00
      vertex   -3.040969e+01 -4.124223e+01 1.350000e+00
      vertex   -3.067277e+01 -4.161996e+01 1.394296e+00
    endloop
  endfacet
  facet normal 1.257585e-01 2.870356e-02 9.916456e-01
    outer loop
      vertex   -3.067277e+01 -4.161996e+01 1.394296e+00
      vertex   -3.040969e+01 -4.124223e+01 1.350000e+00
      vertex   -3.075470e+01 -4.126100e+01 1.394296e+00
    endloop
  endfacet
  facet normal 3.739812e-01 8.535876e-02 9.234999e-01
    outer loop
      vertex   -3.067277e+01 -4.161996e+01 1.394296e+00
      vertex   -3.075470e+01 -4.126100e+01 1.394296e+00
      vertex   -3.105431e+01 -4.135341e+01 1.524167e+00
    endloop
  endfacet
  facet normal 3.570820e-01 1.401444e-01 9.234999e-01
    outer loop
      vertex   -3.105431e+01 -4.135341e+01 1.524167e+00
      vertex   -3.075470e+01 -4.126100e+01 1.394296e+00
      vertex   -3.117171e+01 -4.105429e+01 1.524167e+00
    endloop
  endfacet
  facet normal 5.676786e-01 2.227974e-01 7.925291e-01
    outer loop
      vertex   -3.105431e+01 -4.135341e+01 1.524167e+00
      vertex   -3.117171e+01 -4.105429e+01 1.524167e+00
      vertex   -3.141428e+01 -4.117110e+01 1.730761e+00
    endloop
  endfacet
  facet normal 5.281319e-01 3.049171e-01 7.925291e-01
    outer loop
      vertex   -3.141428e+01 -4.117110e+01 1.730761e+00
      vertex   -3.117171e+01 -4.105429e+01 1.524167e+00
      vertex   -3.155483e+01 -4.092767e+01 1.730761e+00
    endloop
  endfacet
  facet normal 6.877762e-01 3.970878e-01 6.076884e-01
    outer loop
      vertex   -3.141428e+01 -4.117110e+01 1.730761e+00
      vertex   -3.155483e+01 -4.092767e+01 1.730761e+00
      vertex   -3.172553e+01 -4.104404e+01 2.000000e+00
    endloop
  endfacet
  facet normal 6.209115e-01 4.951604e-01 6.076884e-01
    outer loop
      vertex   -3.172553e+01 -4.104404e+01 2.000000e+00
      vertex   -3.155483e+01 -4.092767e+01 1.730761e+00
      vertex   -3.188154e+01 -4.084841e+01 2.000000e+00
    endloop
  endfacet
  facet normal 7.226137e-01 5.762652e-01 3.817695e-01
    outer loop
      vertex   -3.172553e+01 -4.104404e+01 2.000000e+00
      vertex   -3.188154e+01 -4.084841e+01 2.000000e+00
      vertex   -3.197674e+01 -4.093675e+01 2.313535e+00
    endloop
  endfacet
  facet normal 1.247028e-01 4.680176e-02 9.910897e-01
    outer loop
      vertex   -3.040969e+01 -4.124223e+01 1.350000e+00
      vertex   -3.058608e+01 -4.077226e+01 1.350000e+00
      vertex   -3.075470e+01 -4.126100e+01 1.394296e+00
    endloop
  endfacet
  facet normal 1.218383e-01 4.781800e-02 9.913974e-01
    outer loop
      vertex   -3.075470e+01 -4.126100e+01 1.394296e+00
      vertex   -3.058608e+01 -4.077226e+01 1.350000e+00
      vertex   -3.088922e+01 -4.091825e+01 1.394296e+00
    endloop
  endfacet
  facet normal 3.570820e-01 1.401444e-01 9.234999e-01
    outer loop
      vertex   -3.075470e+01 -4.126100e+01 1.394296e+00
      vertex   -3.088922e+01 -4.091825e+01 1.394296e+00
      vertex   -3.117171e+01 -4.105429e+01 1.524167e+00
    endloop
  endfacet
  facet normal 3.322063e-01 1.917994e-01 9.234999e-01
    outer loop
      vertex   -3.117171e+01 -4.105429e+01 1.524167e+00
      vertex   -3.088922e+01 -4.091825e+01 1.394296e+00
      vertex   -3.133238e+01 -4.077600e+01 1.524167e+00
    endloop
  endfacet
  facet normal 5.281319e-01 3.049171e-01 7.925291e-01
    outer loop
      vertex   -3.117171e+01 -4.105429e+01 1.524167e+00
      vertex   -3.133238e+01 -4.077600e+01 1.524167e+00
      vertex   -3.155483e+01 -4.092767e+01 1.730761e+00
    endloop
  endfacet
  facet normal 4.767875e-01 3.802254e-01 7.925291e-01
    outer loop
      vertex   -3.155483e+01 -4.092767e+01 1.730761e+00
      vertex   -3.133238e+01 -4.077600e+01 1.524167e+00
      vertex   -3.173009e+01 -4.070789e+01 1.730761e+00
    endloop
  endfacet
  facet normal 6.209115e-01 4.951604e-01 6.076884e-01
    outer loop
      vertex   -3.155483e+01 -4.092767e+01 1.730761e+00
      vertex   -3.173009e+01 -4.070789e+01 1.730761e+00
      vertex   -3.188154e+01 -4.084841e+01 2.000000e+00
    endloop
  endfacet
  facet normal 1.133505e-01 6.544297e-02 9.913974e-01
    outer loop
      vertex   -3.088922e+01 -4.091825e+01 1.394296e+00
      vertex   -3.058608e+01 -4.077226e+01 1.350000e+00
      vertex   -3.107332e+01 -4.059938e+01 1.394296e+00
    endloop
  endfacet
  facet normal 1.143420e-01 6.831619e-02 9.910897e-01
    outer loop
      vertex   -3.107332e+01 -4.059938e+01 1.394296e+00
      vertex   -3.058608e+01 -4.077226e+01 1.350000e+00
      vertex   -3.084354e+01 -4.034134e+01 1.350000e+00
    endloop
  endfacet
  facet normal 1.008505e-01 8.042557e-02 9.916456e-01
    outer loop
      vertex   -3.107332e+01 -4.059938e+01 1.394296e+00
      vertex   -3.084354e+01 -4.034134e+01 1.350000e+00
      vertex   -3.130289e+01 -4.031151e+01 1.394296e+00
    endloop
  endfacet
  facet normal 1.013044e-01 8.850702e-02 9.909107e-01
    outer loop
      vertex   -3.130289e+01 -4.031151e+01 1.394296e+00
      vertex   -3.084354e+01 -4.034134e+01 1.350000e+00
      vertex   -3.117381e+01 -3.996331e+01 1.350000e+00
    endloop
  endfacet
  facet normal 7.214201e-02 1.058129e-01 9.917657e-01
    outer loop
      vertex   -3.157280e+01 -4.006107e+01 1.394296e+00
      vertex   -3.156628e+01 -3.965033e+01 1.350000e+00
      vertex   -3.187702e+01 -3.985365e+01 1.394296e+00
    endloop
  endfacet
  facet normal 6.374560e-02 1.184592e-01 9.909107e-01
    outer loop
      vertex   -3.187702e+01 -3.985365e+01 1.394296e+00
      vertex   -3.156628e+01 -3.965033e+01 1.350000e+00
      vertex   -3.200832e+01 -3.941246e+01 1.350000e+00
    endloop
  endfacet
  facet normal -7.337734e-02 1.111619e-01 9.910897e-01
    outer loop
      vertex   -3.443562e+01 -3.952147e+01 1.350000e+00
      vertex   -3.485456e+01 -3.979801e+01 1.350000e+00
      vertex   -3.434056e+01 -3.985365e+01 1.394296e+00
    endloop
  endfacet
  facet normal -7.373067e-02 1.081430e-01 9.913974e-01
    outer loop
      vertex   -3.434056e+01 -3.985365e+01 1.394296e+00
      vertex   -3.485456e+01 -3.979801e+01 1.350000e+00
      vertex   -3.464478e+01 -4.006107e+01 1.394296e+00
    endloop
  endfacet
  facet normal -2.160889e-01 3.169442e-01 9.234999e-01
    outer loop
      vertex   -3.434056e+01 -3.985365e+01 1.394296e+00
      vertex   -3.464478e+01 -4.006107e+01 1.394296e+00
      vertex   -3.444929e+01 -4.030620e+01 1.524167e+00
    endloop
  endfacet
  facet normal -2.609134e-01 2.811978e-01 9.234999e-01
    outer loop
      vertex   -3.444929e+01 -4.030620e+01 1.524167e+00
      vertex   -3.464478e+01 -4.006107e+01 1.394296e+00
      vertex   -3.468485e+01 -4.052476e+01 1.524167e+00
    endloop
  endfacet
  facet normal -4.147926e-01 4.470401e-01 7.925291e-01
    outer loop
      vertex   -3.444929e+01 -4.030620e+01 1.524167e+00
      vertex   -3.468485e+01 -4.052476e+01 1.524167e+00
      vertex   -3.448748e+01 -4.070789e+01 1.730761e+00
    endloop
  endfacet
  facet normal -4.767875e-01 3.802254e-01 7.925291e-01
    outer loop
      vertex   -3.448748e+01 -4.070789e+01 1.730761e+00
      vertex   -3.468485e+01 -4.052476e+01 1.524167e+00
      vertex   -3.466275e+01 -4.092767e+01 1.730761e+00
    endloop
  endfacet
  facet normal -6.209115e-01 4.951604e-01 6.076884e-01
    outer loop
      vertex   -3.448748e+01 -4.070789e+01 1.730761e+00
      vertex   -3.466275e+01 -4.092767e+01 1.730761e+00
      vertex   -3.449205e+01 -4.104404e+01 2.000000e+00
    endloop
  endfacet
  facet normal -6.877762e-01 3.970878e-01 6.076884e-01
    outer loop
      vertex   -3.449205e+01 -4.104404e+01 2.000000e+00
      vertex   -3.466275e+01 -4.092767e+01 1.730761e+00
      vertex   -3.461716e+01 -4.126074e+01 2.000000e+00
    endloop
  endfacet
  facet normal -8.004305e-01 4.621288e-01 3.817695e-01
    outer loop
      vertex   -3.449205e+01 -4.104404e+01 2.000000e+00
      vertex   -3.461716e+01 -4.126074e+01 2.000000e+00
      vertex   -3.450015e+01 -4.131709e+01 2.313535e+00
    endloop
  endfacet
  facet normal -8.603671e-01 3.376692e-01 3.817695e-01
    outer loop
      vertex   -3.450015e+01 -4.131709e+01 2.313535e+00
      vertex   -3.461716e+01 -4.126074e+01 2.000000e+00
      vertex   -3.458448e+01 -4.153195e+01 2.313535e+00
    endloop
  endfacet
  facet normal -8.902504e-02 9.594618e-02 9.913974e-01
    outer loop
      vertex   -3.464478e+01 -4.006107e+01 1.394296e+00
      vertex   -3.485456e+01 -3.979801e+01 1.350000e+00
      vertex   -3.491469e+01 -4.031151e+01 1.394296e+00
    endloop
  endfacet
  facet normal -9.204686e-02 9.627347e-02 9.910897e-01
    outer loop
      vertex   -3.491469e+01 -4.031151e+01 1.394296e+00
      vertex   -3.485456e+01 -3.979801e+01 1.350000e+00
      vertex   -3.521739e+01 -4.014491e+01 1.350000e+00
    endloop
  endfacet
  facet normal -1.008505e-01 8.042557e-02 9.916456e-01
    outer loop
      vertex   -3.491469e+01 -4.031151e+01 1.394296e+00
      vertex   -3.521739e+01 -4.014491e+01 1.350000e+00
      vertex   -3.514426e+01 -4.059938e+01 1.394296e+00
    endloop
  endfacet
  facet normal -1.088303e-01 7.906985e-02 9.909107e-01
    outer loop
      vertex   -3.514426e+01 -4.059938e+01 1.394296e+00
      vertex   -3.521739e+01 -4.014491e+01 1.350000e+00
      vertex   -3.551245e+01 -4.055102e+01 1.350000e+00
    endloop
  endfacet
  facet normal -1.109082e-01 6.403288e-02 9.917657e-01
    outer loop
      vertex   -3.514426e+01 -4.059938e+01 1.394296e+00
      vertex   -3.551245e+01 -4.055102e+01 1.350000e+00
      vertex   -3.532836e+01 -4.091825e+01 1.394296e+00
    endloop
  endfacet
  facet normal -1.216033e-01 5.856107e-02 9.908498e-01
    outer loop
      vertex   -3.532836e+01 -4.091825e+01 1.394296e+00
      vertex   -3.551245e+01 -4.055102e+01 1.350000e+00
      vertex   -3.573025e+01 -4.100329e+01 1.350000e+00
    endloop
  endfacet
  facet normal -1.192130e-01 4.678767e-02 9.917657e-01
    outer loop
      vertex   -3.532836e+01 -4.091825e+01 1.394296e+00
      vertex   -3.573025e+01 -4.100329e+01 1.350000e+00
      vertex   -3.546288e+01 -4.126100e+01 1.394296e+00
    endloop
  endfacet
  facet normal -1.296739e-01 3.578772e-02 9.909107e-01
    outer loop
      vertex   -3.546288e+01 -4.126100e+01 1.394296e+00
      vertex   -3.573025e+01 -4.100329e+01 1.350000e+00
      vertex   -3.586379e+01 -4.148718e+01 1.350000e+00
    endloop
  endfacet
  facet normal -1.257585e-01 2.870356e-02 9.916456e-01
    outer loop
      vertex   -3.546288e+01 -4.126100e+01 1.394296e+00
      vertex   -3.586379e+01 -4.148718e+01 1.350000e+00
      vertex   -3.554481e+01 -4.161996e+01 1.394296e+00
    endloop
  endfacet
  facet normal -1.326599e-01 1.193961e-02 9.910897e-01
    outer loop
      vertex   -3.554481e+01 -4.161996e+01 1.394296e+00
      vertex   -3.586379e+01 -4.148718e+01 1.350000e+00
      vertex   -3.590879e+01 -4.198714e+01 1.350000e+00
    endloop
  endfacet
  facet normal -1.305199e-01 9.781118e-03 9.913974e-01
    outer loop
      vertex   -3.554481e+01 -4.161996e+01 1.394296e+00
      vertex   -3.590879e+01 -4.198714e+01 1.350000e+00
      vertex   -3.557232e+01 -4.198714e+01 1.394296e+00
    endloop
  endfacet
  facet normal 9.216731e-01 -6.906985e-02 3.817695e-01
    outer loop
      vertex   -3.145332e+01 -4.223666e+01 2.000000e+00
      vertex   -3.156449e+01 -4.198714e+01 2.313535e+00
      vertex   -3.158174e+01 -4.221730e+01 2.313535e+00
    endloop
  endfacet
  facet normal -9.216731e-01 6.906985e-02 3.817695e-01
    outer loop
      vertex   -3.478296e+01 -4.198714e+01 2.000000e+00
      vertex   -3.465309e+01 -4.198714e+01 2.313535e+00
      vertex   -3.476426e+01 -4.173761e+01 2.000000e+00
    endloop
  endfacet
  facet normal -9.216731e-01 6.906985e-02 3.817695e-01
    outer loop
      vertex   -3.476426e+01 -4.173761e+01 2.000000e+00
      vertex   -3.465309e+01 -4.198714e+01 2.313535e+00
      vertex   -3.463584e+01 -4.175697e+01 2.313535e+00
    endloop
  endfacet
  facet normal -9.010845e-01 2.056667e-01 3.817695e-01
    outer loop
      vertex   -3.476426e+01 -4.173761e+01 2.000000e+00
      vertex   -3.463584e+01 -4.175697e+01 2.313535e+00
      vertex   -3.470858e+01 -4.149367e+01 2.000000e+00
    endloop
  endfacet
  facet normal -9.010845e-01 2.056667e-01 3.817695e-01
    outer loop
      vertex   -3.470858e+01 -4.149367e+01 2.000000e+00
      vertex   -3.463584e+01 -4.175697e+01 2.313535e+00
      vertex   -3.458448e+01 -4.153195e+01 2.313535e+00
    endloop
  endfacet
  facet normal -8.603671e-01 3.376692e-01 3.817695e-01
    outer loop
      vertex   -3.470858e+01 -4.149367e+01 2.000000e+00
      vertex   -3.458448e+01 -4.153195e+01 2.313535e+00
      vertex   -3.461716e+01 -4.126074e+01 2.000000e+00
    endloop
  endfacet
  facet normal -7.919549e-01 5.934882e-02 6.076884e-01
    outer loop
      vertex   -3.498955e+01 -4.198714e+01 1.730761e+00
      vertex   -3.478296e+01 -4.198714e+01 2.000000e+00
      vertex   -3.496854e+01 -4.170682e+01 1.730761e+00
    endloop
  endfacet
  facet normal -7.919549e-01 5.934882e-02 6.076884e-01
    outer loop
      vertex   -3.496854e+01 -4.170682e+01 1.730761e+00
      vertex   -3.478296e+01 -4.198714e+01 2.000000e+00
      vertex   -3.476426e+01 -4.173761e+01 2.000000e+00
    endloop
  endfacet
  facet normal -7.742639e-01 1.767207e-01 6.076884e-01
    outer loop
      vertex   -3.496854e+01 -4.170682e+01 1.730761e+00
      vertex   -3.476426e+01 -4.173761e+01 2.000000e+00
      vertex   -3.490599e+01 -4.143277e+01 1.730761e+00
    endloop
  endfacet
  facet normal -7.742639e-01 1.767207e-01 6.076884e-01
    outer loop
      vertex   -3.490599e+01 -4.143277e+01 1.730761e+00
      vertex   -3.476426e+01 -4.173761e+01 2.000000e+00
      vertex   -3.470858e+01 -4.149367e+01 2.000000e+00
    endloop
  endfacet
  facet normal -7.392772e-01 2.901449e-01 6.076884e-01
    outer loop
      vertex   -3.490599e+01 -4.143277e+01 1.730761e+00
      vertex   -3.470858e+01 -4.149367e+01 2.000000e+00
      vertex   -3.480330e+01 -4.117110e+01 1.730761e+00
    endloop
  endfacet
  facet normal -7.392772e-01 2.901449e-01 6.076884e-01
    outer loop
      vertex   -3.480330e+01 -4.117110e+01 1.730761e+00
      vertex   -3.470858e+01 -4.149367e+01 2.000000e+00
      vertex   -3.461716e+01 -4.126074e+01 2.000000e+00
    endloop
  endfacet
  facet normal -6.877762e-01 3.970878e-01 6.076884e-01
    outer loop
      vertex   -3.480330e+01 -4.117110e+01 1.730761e+00
      vertex   -3.461716e+01 -4.126074e+01 2.000000e+00
      vertex   -3.466275e+01 -4.092767e+01 1.730761e+00
    endloop
  endfacet
  facet normal -6.081289e-01 4.557296e-02 7.925291e-01
    outer loop
      vertex   -3.525879e+01 -4.198714e+01 1.524167e+00
      vertex   -3.498955e+01 -4.198714e+01 1.730761e+00
      vertex   -3.523478e+01 -4.166669e+01 1.524167e+00
    endloop
  endfacet
  facet normal -6.081289e-01 4.557296e-02 7.925291e-01
    outer loop
      vertex   -3.523478e+01 -4.166669e+01 1.524167e+00
      vertex   -3.498955e+01 -4.198714e+01 1.730761e+00
      vertex   -3.496854e+01 -4.170682e+01 1.730761e+00
    endloop
  endfacet
  facet normal -5.945443e-01 1.357009e-01 7.925291e-01
    outer loop
      vertex   -3.523478e+01 -4.166669e+01 1.524167e+00
      vertex   -3.496854e+01 -4.170682e+01 1.730761e+00
      vertex   -3.516327e+01 -4.135341e+01 1.524167e+00
    endloop
  endfacet
  facet normal -5.945443e-01 1.357009e-01 7.925291e-01
    outer loop
      vertex   -3.516327e+01 -4.135341e+01 1.524167e+00
      vertex   -3.496854e+01 -4.170682e+01 1.730761e+00
      vertex   -3.490599e+01 -4.143277e+01 1.730761e+00
    endloop
  endfacet
  facet normal -5.676786e-01 2.227974e-01 7.925291e-01
    outer loop
      vertex   -3.516327e+01 -4.135341e+01 1.524167e+00
      vertex   -3.490599e+01 -4.143277e+01 1.730761e+00
      vertex   -3.504587e+01 -4.105429e+01 1.524167e+00
    endloop
  endfacet
  facet normal -5.676786e-01 2.227974e-01 7.925291e-01
    outer loop
      vertex   -3.504587e+01 -4.105429e+01 1.524167e+00
      vertex   -3.490599e+01 -4.143277e+01 1.730761e+00
      vertex   -3.480330e+01 -4.117110e+01 1.730761e+00
    endloop
  endfacet
  facet normal -5.281319e-01 3.049171e-01 7.925291e-01
    outer loop
      vertex   -3.504587e+01 -4.105429e+01 1.524167e+00
      vertex   -3.480330e+01 -4.117110e+01 1.730761e+00
      vertex   -3.488520e+01 -4.077600e+01 1.524167e+00
    endloop
  endfacet
  facet normal -5.281319e-01 3.049171e-01 7.925291e-01
    outer loop
      vertex   -3.488520e+01 -4.077600e+01 1.524167e+00
      vertex   -3.480330e+01 -4.117110e+01 1.730761e+00
      vertex   -3.466275e+01 -4.092767e+01 1.730761e+00
    endloop
  endfacet
  facet normal -4.767875e-01 3.802254e-01 7.925291e-01
    outer loop
      vertex   -3.488520e+01 -4.077600e+01 1.524167e+00
      vertex   -3.466275e+01 -4.092767e+01 1.730761e+00
      vertex   -3.468485e+01 -4.052476e+01 1.524167e+00
    endloop
  endfacet
  facet normal -3.825262e-01 2.866637e-02 9.234999e-01
    outer loop
      vertex   -3.557232e+01 -4.198714e+01 1.394296e+00
      vertex   -3.525879e+01 -4.198714e+01 1.524167e+00
      vertex   -3.554481e+01 -4.161996e+01 1.394296e+00
    endloop
  endfacet
  facet normal -3.825262e-01 2.866637e-02 9.234999e-01
    outer loop
      vertex   -3.554481e+01 -4.161996e+01 1.394296e+00
      vertex   -3.525879e+01 -4.198714e+01 1.524167e+00
      vertex   -3.523478e+01 -4.166669e+01 1.524167e+00
    endloop
  endfacet
  facet normal -3.739812e-01 8.535876e-02 9.234999e-01
    outer loop
      vertex   -3.554481e+01 -4.161996e+01 1.394296e+00
      vertex   -3.523478e+01 -4.166669e+01 1.524167e+00
      vertex   -3.546288e+01 -4.126100e+01 1.394296e+00
    endloop
  endfacet
  facet normal -3.739812e-01 8.535876e-02 9.234999e-01
    outer loop
      vertex   -3.546288e+01 -4.126100e+01 1.394296e+00
      vertex   -3.523478e+01 -4.166669e+01 1.524167e+00
      vertex   -3.516327e+01 -4.135341e+01 1.524167e+00
    endloop
  endfacet
  facet normal -3.570820e-01 1.401444e-01 9.234999e-01
    outer loop
      vertex   -3.546288e+01 -4.126100e+01 1.394296e+00
      vertex   -3.516327e+01 -4.135341e+01 1.524167e+00
      vertex   -3.532836e+01 -4.091825e+01 1.394296e+00
    endloop
  endfacet
  facet normal -3.570820e-01 1.401444e-01 9.234999e-01
    outer loop
      vertex   -3.532836e+01 -4.091825e+01 1.394296e+00
      vertex   -3.516327e+01 -4.135341e+01 1.524167e+00
      vertex   -3.504587e+01 -4.105429e+01 1.524167e+00
    endloop
  endfacet
  facet normal -3.322063e-01 1.917994e-01 9.234999e-01
    outer loop
      vertex   -3.532836e+01 -4.091825e+01 1.394296e+00
      vertex   -3.504587e+01 -4.105429e+01 1.524167e+00
      vertex   -3.514426e+01 -4.059938e+01 1.394296e+00
    endloop
  endfacet
  facet normal -3.322063e-01 1.917994e-01 9.234999e-01
    outer loop
      vertex   -3.514426e+01 -4.059938e+01 1.394296e+00
      vertex   -3.504587e+01 -4.105429e+01 1.524167e+00
      vertex   -3.488520e+01 -4.077600e+01 1.524167e+00
    endloop
  endfacet
  facet normal -2.999096e-01 2.391699e-01 9.234999e-01
    outer loop
      vertex   -3.514426e+01 -4.059938e+01 1.394296e+00
      vertex   -3.488520e+01 -4.077600e+01 1.524167e+00
      vertex   -3.491469e+01 -4.031151e+01 1.394296e+00
    endloop
  endfacet
  facet normal -2.999096e-01 2.391699e-01 9.234999e-01
    outer loop
      vertex   -3.491469e+01 -4.031151e+01 1.394296e+00
      vertex   -3.488520e+01 -4.077600e+01 1.524167e+00
      vertex   -3.468485e+01 -4.052476e+01 1.524167e+00
    endloop
  endfacet
  facet normal -2.609134e-01 2.811978e-01 9.234999e-01
    outer loop
      vertex   -3.491469e+01 -4.031151e+01 1.394296e+00
      vertex   -3.468485e+01 -4.052476e+01 1.524167e+00
      vertex   -3.464478e+01 -4.006107e+01 1.394296e+00
    endloop
  endfacet
  facet normal -5.206528e-01 7.636574e-01 3.817695e-01
    outer loop
      vertex   -3.407164e+01 -4.077976e+01 2.313535e+00
      vertex   -3.388094e+01 -4.064974e+01 2.313535e+00
      vertex   -3.394587e+01 -4.053726e+01 2.000000e+00
    endloop
  endfacet
  facet normal -4.010203e-01 8.327273e-01 3.817695e-01
    outer loop
      vertex   -3.394587e+01 -4.053726e+01 2.000000e+00
      vertex   -3.388094e+01 -4.064974e+01 2.313535e+00
      vertex   -3.372043e+01 -4.042870e+01 2.000000e+00
    endloop
  endfacet
  facet normal -3.445799e-01 7.155275e-01 6.076884e-01
    outer loop
      vertex   -3.394587e+01 -4.053726e+01 2.000000e+00
      vertex   -3.372043e+01 -4.042870e+01 2.000000e+00
      vertex   -3.379591e+01 -4.023638e+01 1.730761e+00
    endloop
  endfacet
  facet normal -2.340874e-01 7.588926e-01 6.076884e-01
    outer loop
      vertex   -3.379591e+01 -4.023638e+01 1.730761e+00
      vertex   -3.372043e+01 -4.042870e+01 2.000000e+00
      vertex   -3.352730e+01 -4.015353e+01 1.730761e+00
    endloop
  endfacet
  facet normal -1.797518e-01 5.827409e-01 7.925291e-01
    outer loop
      vertex   -3.379591e+01 -4.023638e+01 1.730761e+00
      vertex   -3.352730e+01 -4.015353e+01 1.730761e+00
      vertex   -3.358721e+01 -3.989104e+01 1.524167e+00
    endloop
  endfacet
  facet normal -9.089106e-02 6.030228e-01 7.925291e-01
    outer loop
      vertex   -3.358721e+01 -3.989104e+01 1.524167e+00
      vertex   -3.352730e+01 -4.015353e+01 1.730761e+00
      vertex   -3.326946e+01 -3.984315e+01 1.524167e+00
    endloop
  endfacet
  facet normal -5.717243e-02 3.793143e-01 9.234999e-01
    outer loop
      vertex   -3.358721e+01 -3.989104e+01 1.524167e+00
      vertex   -3.326946e+01 -3.984315e+01 1.524167e+00
      vertex   -3.329289e+01 -3.953049e+01 1.394296e+00
    endloop
  endfacet
  facet normal -0.000000e+00 3.835988e-01 9.234999e-01
    outer loop
      vertex   -3.329289e+01 -3.953049e+01 1.394296e+00
      vertex   -3.326946e+01 -3.984315e+01 1.524167e+00
      vertex   -3.292469e+01 -3.953049e+01 1.394296e+00
    endloop
  endfacet
  facet normal -2.724297e-01 8.831954e-01 3.817695e-01
    outer loop
      vertex   -3.367298e+01 -4.054959e+01 2.313535e+00
      vertex   -3.348133e+01 -4.035494e+01 2.000000e+00
      vertex   -3.372043e+01 -4.042870e+01 2.000000e+00
    endloop
  endfacet
  facet normal -2.340874e-01 7.588926e-01 6.076884e-01
    outer loop
      vertex   -3.372043e+01 -4.042870e+01 2.000000e+00
      vertex   -3.348133e+01 -4.035494e+01 2.000000e+00
      vertex   -3.352730e+01 -4.015353e+01 1.730761e+00
    endloop
  endfacet
  facet normal -9.089106e-02 6.030228e-01 7.925291e-01
    outer loop
      vertex   -3.326946e+01 -3.984315e+01 1.524167e+00
      vertex   -3.352730e+01 -4.015353e+01 1.730761e+00
      vertex   -3.324934e+01 -4.011163e+01 1.730761e+00
    endloop
  endfacet
  facet normal -1.183657e-01 7.853053e-01 6.076884e-01
    outer loop
      vertex   -3.324934e+01 -4.011163e+01 1.730761e+00
      vertex   -3.352730e+01 -4.015353e+01 1.730761e+00
      vertex   -3.348133e+01 -4.035494e+01 2.000000e+00
    endloop
  endfacet
  facet normal -4.010203e-01 8.327273e-01 3.817695e-01
    outer loop
      vertex   -3.388094e+01 -4.064974e+01 2.313535e+00
      vertex   -3.367298e+01 -4.054959e+01 2.313535e+00
      vertex   -3.372043e+01 -4.042870e+01 2.000000e+00
    endloop
  endfacet
  facet normal 0.000000e+00 3.835988e-01 9.234999e-01
    outer loop
      vertex   -3.292469e+01 -3.953049e+01 1.394296e+00
      vertex   -3.326946e+01 -3.984315e+01 1.524167e+00
      vertex   -3.294812e+01 -3.984315e+01 1.524167e+00
    endloop
  endfacet
  facet normal 0.000000e+00 6.098342e-01 7.925291e-01
    outer loop
      vertex   -3.294812e+01 -3.984315e+01 1.524167e+00
      vertex   -3.326946e+01 -3.984315e+01 1.524167e+00
      vertex   -3.324934e+01 -4.011163e+01 1.730761e+00
    endloop
  endfacet
  facet normal 1.377534e-01 9.139344e-01 3.817695e-01
    outer loop
      vertex   -3.276515e+01 -4.048156e+01 2.313535e+00
      vertex   -3.273625e+01 -4.035494e+01 2.000000e+00
      vertex   -3.299338e+01 -4.044716e+01 2.313535e+00
    endloop
  endfacet
  facet normal 5.717243e-02 3.793143e-01 9.234999e-01
    outer loop
      vertex   -3.292469e+01 -3.953049e+01 1.394296e+00
      vertex   -3.294812e+01 -3.984315e+01 1.524167e+00
      vertex   -3.256060e+01 -3.958537e+01 1.394296e+00
    endloop
  endfacet
  facet normal 5.206528e-01 7.636574e-01 3.817695e-01
    outer loop
      vertex   -3.227171e+01 -4.053726e+01 2.000000e+00
      vertex   -3.233664e+01 -4.064974e+01 2.313535e+00
      vertex   -3.206496e+01 -4.067822e+01 2.000000e+00
    endloop
  endfacet
  facet normal 5.206528e-01 7.636574e-01 3.817695e-01
    outer loop
      vertex   -3.206496e+01 -4.067822e+01 2.000000e+00
      vertex   -3.233664e+01 -4.064974e+01 2.313535e+00
      vertex   -3.214594e+01 -4.077976e+01 2.313535e+00
    endloop
  endfacet
  facet normal 4.473750e-01 6.561787e-01 6.076884e-01
    outer loop
      vertex   -3.216841e+01 -4.035835e+01 1.730761e+00
      vertex   -3.227171e+01 -4.053726e+01 2.000000e+00
      vertex   -3.193615e+01 -4.051670e+01 1.730761e+00
    endloop
  endfacet
  facet normal 4.473750e-01 6.561787e-01 6.076884e-01
    outer loop
      vertex   -3.193615e+01 -4.051670e+01 1.730761e+00
      vertex   -3.227171e+01 -4.053726e+01 2.000000e+00
      vertex   -3.206496e+01 -4.067822e+01 2.000000e+00
    endloop
  endfacet
  facet normal 3.435318e-01 5.038686e-01 7.925291e-01
    outer loop
      vertex   -3.203379e+01 -4.012518e+01 1.524167e+00
      vertex   -3.216841e+01 -4.035835e+01 1.730761e+00
      vertex   -3.176829e+01 -4.030620e+01 1.524167e+00
    endloop
  endfacet
  facet normal 3.435318e-01 5.038686e-01 7.925291e-01
    outer loop
      vertex   -3.176829e+01 -4.030620e+01 1.524167e+00
      vertex   -3.216841e+01 -4.035835e+01 1.730761e+00
      vertex   -3.193615e+01 -4.051670e+01 1.730761e+00
    endloop
  endfacet
  facet normal 2.160889e-01 3.169442e-01 9.234999e-01
    outer loop
      vertex   -3.187702e+01 -3.985365e+01 1.394296e+00
      vertex   -3.203379e+01 -4.012518e+01 1.524167e+00
      vertex   -3.157280e+01 -4.006107e+01 1.394296e+00
    endloop
  endfacet
  facet normal 2.160889e-01 3.169442e-01 9.234999e-01
    outer loop
      vertex   -3.157280e+01 -4.006107e+01 1.394296e+00
      vertex   -3.203379e+01 -4.012518e+01 1.524167e+00
      vertex   -3.176829e+01 -4.030620e+01 1.524167e+00
    endloop
  endfacet
  facet normal 4.767875e-01 3.802254e-01 7.925291e-01
    outer loop
      vertex   -3.153273e+01 -4.052476e+01 1.524167e+00
      vertex   -3.173009e+01 -4.070789e+01 1.730761e+00
      vertex   -3.133238e+01 -4.077600e+01 1.524167e+00
    endloop
  endfacet
  facet normal 2.999096e-01 2.391699e-01 9.234999e-01
    outer loop
      vertex   -3.130289e+01 -4.031151e+01 1.394296e+00
      vertex   -3.153273e+01 -4.052476e+01 1.524167e+00
      vertex   -3.107332e+01 -4.059938e+01 1.394296e+00
    endloop
  endfacet
  facet normal 2.999096e-01 2.391699e-01 9.234999e-01
    outer loop
      vertex   -3.107332e+01 -4.059938e+01 1.394296e+00
      vertex   -3.153273e+01 -4.052476e+01 1.524167e+00
      vertex   -3.133238e+01 -4.077600e+01 1.524167e+00
    endloop
  endfacet
  facet normal 3.322063e-01 1.917994e-01 9.234999e-01
    outer loop
      vertex   -3.107332e+01 -4.059938e+01 1.394296e+00
      vertex   -3.133238e+01 -4.077600e+01 1.524167e+00
      vertex   -3.088922e+01 -4.091825e+01 1.394296e+00
    endloop
  endfacet
  facet normal 9.010845e-01 -2.056667e-01 3.817695e-01
    outer loop
      vertex   -3.145332e+01 -4.223666e+01 2.000000e+00
      vertex   -3.158174e+01 -4.221730e+01 2.313535e+00
      vertex   -3.150900e+01 -4.248060e+01 2.000000e+00
    endloop
  endfacet
  facet normal 9.010845e-01 -2.056667e-01 3.817695e-01
    outer loop
      vertex   -3.150900e+01 -4.248060e+01 2.000000e+00
      vertex   -3.158174e+01 -4.221730e+01 2.313535e+00
      vertex   -3.163310e+01 -4.244232e+01 2.313535e+00
    endloop
  endfacet
  facet normal 8.603671e-01 -3.376692e-01 3.817695e-01
    outer loop
      vertex   -3.150900e+01 -4.248060e+01 2.000000e+00
      vertex   -3.163310e+01 -4.244232e+01 2.313535e+00
      vertex   -3.160042e+01 -4.271353e+01 2.000000e+00
    endloop
  endfacet
  facet normal 8.603671e-01 -3.376692e-01 3.817695e-01
    outer loop
      vertex   -3.160042e+01 -4.271353e+01 2.000000e+00
      vertex   -3.163310e+01 -4.244232e+01 2.313535e+00
      vertex   -3.171743e+01 -4.265718e+01 2.313535e+00
    endloop
  endfacet
  facet normal 8.004305e-01 -4.621288e-01 3.817695e-01
    outer loop
      vertex   -3.160042e+01 -4.271353e+01 2.000000e+00
      vertex   -3.171743e+01 -4.265718e+01 2.313535e+00
      vertex   -3.172553e+01 -4.293023e+01 2.000000e+00
    endloop
  endfacet
  facet normal 7.742639e-01 -1.767207e-01 6.076884e-01
    outer loop
      vertex   -3.145332e+01 -4.223666e+01 2.000000e+00
      vertex   -3.150900e+01 -4.248060e+01 2.000000e+00
      vertex   -3.131159e+01 -4.254150e+01 1.730761e+00
    endloop
  endfacet
  facet normal 7.392772e-01 -2.901449e-01 6.076884e-01
    outer loop
      vertex   -3.131159e+01 -4.254150e+01 1.730761e+00
      vertex   -3.150900e+01 -4.248060e+01 2.000000e+00
      vertex   -3.141428e+01 -4.280317e+01 1.730761e+00
    endloop
  endfacet
  facet normal 5.676786e-01 -2.227974e-01 7.925291e-01
    outer loop
      vertex   -3.131159e+01 -4.254150e+01 1.730761e+00
      vertex   -3.141428e+01 -4.280317e+01 1.730761e+00
      vertex   -3.117171e+01 -4.291999e+01 1.524167e+00
    endloop
  endfacet
  facet normal 5.281319e-01 -3.049171e-01 7.925291e-01
    outer loop
      vertex   -3.117171e+01 -4.291999e+01 1.524167e+00
      vertex   -3.141428e+01 -4.280317e+01 1.730761e+00
      vertex   -3.133238e+01 -4.319827e+01 1.524167e+00
    endloop
  endfacet
  facet normal 3.322063e-01 -1.917994e-01 9.234999e-01
    outer loop
      vertex   -3.117171e+01 -4.291999e+01 1.524167e+00
      vertex   -3.133238e+01 -4.319827e+01 1.524167e+00
      vertex   -3.107332e+01 -4.337489e+01 1.394296e+00
    endloop
  endfacet
  facet normal 2.999096e-01 -2.391699e-01 9.234999e-01
    outer loop
      vertex   -3.107332e+01 -4.337489e+01 1.394296e+00
      vertex   -3.133238e+01 -4.319827e+01 1.524167e+00
      vertex   -3.130289e+01 -4.366277e+01 1.394296e+00
    endloop
  endfacet
  facet normal 7.392772e-01 -2.901449e-01 6.076884e-01
    outer loop
      vertex   -3.141428e+01 -4.280317e+01 1.730761e+00
      vertex   -3.150900e+01 -4.248060e+01 2.000000e+00
      vertex   -3.160042e+01 -4.271353e+01 2.000000e+00
    endloop
  endfacet
  facet normal 6.877762e-01 -3.970878e-01 6.076884e-01
    outer loop
      vertex   -3.141428e+01 -4.280317e+01 1.730761e+00
      vertex   -3.160042e+01 -4.271353e+01 2.000000e+00
      vertex   -3.155483e+01 -4.304661e+01 1.730761e+00
    endloop
  endfacet
  facet normal 6.877762e-01 -3.970878e-01 6.076884e-01
    outer loop
      vertex   -3.155483e+01 -4.304661e+01 1.730761e+00
      vertex   -3.160042e+01 -4.271353e+01 2.000000e+00
      vertex   -3.172553e+01 -4.293023e+01 2.000000e+00
    endloop
  endfacet
  facet normal 6.209115e-01 -4.951604e-01 6.076884e-01
    outer loop
      vertex   -3.155483e+01 -4.304661e+01 1.730761e+00
      vertex   -3.172553e+01 -4.293023e+01 2.000000e+00
      vertex   -3.173009e+01 -4.326638e+01 1.730761e+00
    endloop
  endfacet
  facet normal 5.281319e-01 -3.049171e-01 7.925291e-01
    outer loop
      vertex   -3.141428e+01 -4.280317e+01 1.730761e+00
      vertex   -3.155483e+01 -4.304661e+01 1.730761e+00
      vertex   -3.133238e+01 -4.319827e+01 1.524167e+00
    endloop
  endfacet
  facet normal 4.767875e-01 -3.802254e-01 7.925291e-01
    outer loop
      vertex   -3.133238e+01 -4.319827e+01 1.524167e+00
      vertex   -3.155483e+01 -4.304661e+01 1.730761e+00
      vertex   -3.153273e+01 -4.344951e+01 1.524167e+00
    endloop
  endfacet
  facet normal 2.999096e-01 -2.391699e-01 9.234999e-01
    outer loop
      vertex   -3.133238e+01 -4.319827e+01 1.524167e+00
      vertex   -3.153273e+01 -4.344951e+01 1.524167e+00
      vertex   -3.130289e+01 -4.366277e+01 1.394296e+00
    endloop
  endfacet
  facet normal 2.609134e-01 -2.811978e-01 9.234999e-01
    outer loop
      vertex   -3.130289e+01 -4.366277e+01 1.394296e+00
      vertex   -3.153273e+01 -4.344951e+01 1.524167e+00
      vertex   -3.157280e+01 -4.391321e+01 1.394296e+00
    endloop
  endfacet
  facet normal 4.767875e-01 -3.802254e-01 7.925291e-01
    outer loop
      vertex   -3.153273e+01 -4.344951e+01 1.524167e+00
      vertex   -3.155483e+01 -4.304661e+01 1.730761e+00
      vertex   -3.173009e+01 -4.326638e+01 1.730761e+00
    endloop
  endfacet
  facet normal 2.609134e-01 -2.811978e-01 9.234999e-01
    outer loop
      vertex   -3.157280e+01 -4.391321e+01 1.394296e+00
      vertex   -3.153273e+01 -4.344951e+01 1.524167e+00
      vertex   -3.176829e+01 -4.366807e+01 1.524167e+00
    endloop
  endfacet
  facet normal 4.147926e-01 -4.470401e-01 7.925291e-01
    outer loop
      vertex   -3.176829e+01 -4.366807e+01 1.524167e+00
      vertex   -3.153273e+01 -4.344951e+01 1.524167e+00
      vertex   -3.173009e+01 -4.326638e+01 1.730761e+00
    endloop
  endfacet
  facet normal 5.206528e-01 -7.636574e-01 3.817695e-01
    outer loop
      vertex   -3.214594e+01 -4.319452e+01 2.313535e+00
      vertex   -3.233664e+01 -4.332454e+01 2.313535e+00
      vertex   -3.227171e+01 -4.343701e+01 2.000000e+00
    endloop
  endfacet
  facet normal 4.010203e-01 -8.327273e-01 3.817695e-01
    outer loop
      vertex   -3.227171e+01 -4.343701e+01 2.000000e+00
      vertex   -3.233664e+01 -4.332454e+01 2.313535e+00
      vertex   -3.249715e+01 -4.354557e+01 2.000000e+00
    endloop
  endfacet
  facet normal 3.445799e-01 -7.155275e-01 6.076884e-01
    outer loop
      vertex   -3.227171e+01 -4.343701e+01 2.000000e+00
      vertex   -3.249715e+01 -4.354557e+01 2.000000e+00
      vertex   -3.242167e+01 -4.373789e+01 1.730761e+00
    endloop
  endfacet
  facet normal 2.340874e-01 -7.588926e-01 6.076884e-01
    outer loop
      vertex   -3.242167e+01 -4.373789e+01 1.730761e+00
      vertex   -3.249715e+01 -4.354557e+01 2.000000e+00
      vertex   -3.269028e+01 -4.382074e+01 1.730761e+00
    endloop
  endfacet
  facet normal 1.797518e-01 -5.827409e-01 7.925291e-01
    outer loop
      vertex   -3.242167e+01 -4.373789e+01 1.730761e+00
      vertex   -3.269028e+01 -4.382074e+01 1.730761e+00
      vertex   -3.263037e+01 -4.408323e+01 1.524167e+00
    endloop
  endfacet
  facet normal 2.160889e-01 -3.169442e-01 9.234999e-01
    outer loop
      vertex   -3.157280e+01 -4.391321e+01 1.394296e+00
      vertex   -3.176829e+01 -4.366807e+01 1.524167e+00
      vertex   -3.187702e+01 -4.412062e+01 1.394296e+00
    endloop
  endfacet
  facet normal 2.724297e-01 -8.831954e-01 3.817695e-01
    outer loop
      vertex   -3.254459e+01 -4.342468e+01 2.313535e+00
      vertex   -3.273625e+01 -4.361933e+01 2.000000e+00
      vertex   -3.249715e+01 -4.354557e+01 2.000000e+00
    endloop
  endfacet
  facet normal 2.340874e-01 -7.588926e-01 6.076884e-01
    outer loop
      vertex   -3.249715e+01 -4.354557e+01 2.000000e+00
      vertex   -3.273625e+01 -4.361933e+01 2.000000e+00
      vertex   -3.269028e+01 -4.382074e+01 1.730761e+00
    endloop
  endfacet
  facet normal 4.010203e-01 -8.327273e-01 3.817695e-01
    outer loop
      vertex   -3.233664e+01 -4.332454e+01 2.313535e+00
      vertex   -3.254459e+01 -4.342468e+01 2.313535e+00
      vertex   -3.249715e+01 -4.354557e+01 2.000000e+00
    endloop
  endfacet
  facet normal -1.377534e-01 -9.139344e-01 3.817695e-01
    outer loop
      vertex   -3.323390e+01 -4.365662e+01 2.000000e+00
      vertex   -3.322419e+01 -4.352711e+01 2.313535e+00
      vertex   -3.348133e+01 -4.361933e+01 2.000000e+00
    endloop
  endfacet
  facet normal -1.183657e-01 -7.853053e-01 6.076884e-01
    outer loop
      vertex   -3.324934e+01 -4.386264e+01 1.730761e+00
      vertex   -3.323390e+01 -4.365662e+01 2.000000e+00
      vertex   -3.352730e+01 -4.382074e+01 1.730761e+00
    endloop
  endfacet
  facet normal -1.183657e-01 -7.853053e-01 6.076884e-01
    outer loop
      vertex   -3.352730e+01 -4.382074e+01 1.730761e+00
      vertex   -3.323390e+01 -4.365662e+01 2.000000e+00
      vertex   -3.348133e+01 -4.361933e+01 2.000000e+00
    endloop
  endfacet
  facet normal -2.340874e-01 -7.588926e-01 6.076884e-01
    outer loop
      vertex   -3.352730e+01 -4.382074e+01 1.730761e+00
      vertex   -3.348133e+01 -4.361933e+01 2.000000e+00
      vertex   -3.379591e+01 -4.373789e+01 1.730761e+00
    endloop
  endfacet
  facet normal -9.089106e-02 -6.030228e-01 7.925291e-01
    outer loop
      vertex   -3.326946e+01 -4.413112e+01 1.524167e+00
      vertex   -3.324934e+01 -4.386264e+01 1.730761e+00
      vertex   -3.358721e+01 -4.408323e+01 1.524167e+00
    endloop
  endfacet
  facet normal -9.089106e-02 -6.030228e-01 7.925291e-01
    outer loop
      vertex   -3.358721e+01 -4.408323e+01 1.524167e+00
      vertex   -3.324934e+01 -4.386264e+01 1.730761e+00
      vertex   -3.352730e+01 -4.382074e+01 1.730761e+00
    endloop
  endfacet
  facet normal -1.797518e-01 -5.827409e-01 7.925291e-01
    outer loop
      vertex   -3.358721e+01 -4.408323e+01 1.524167e+00
      vertex   -3.352730e+01 -4.382074e+01 1.730761e+00
      vertex   -3.389427e+01 -4.398851e+01 1.524167e+00
    endloop
  endfacet
  facet normal -1.797518e-01 -5.827409e-01 7.925291e-01
    outer loop
      vertex   -3.389427e+01 -4.398851e+01 1.524167e+00
      vertex   -3.352730e+01 -4.382074e+01 1.730761e+00
      vertex   -3.379591e+01 -4.373789e+01 1.730761e+00
    endloop
  endfacet
  facet normal -2.645971e-01 -5.494416e-01 7.925291e-01
    outer loop
      vertex   -3.389427e+01 -4.398851e+01 1.524167e+00
      vertex   -3.379591e+01 -4.373789e+01 1.730761e+00
      vertex   -3.418379e+01 -4.384909e+01 1.524167e+00
    endloop
  endfacet
  facet normal -5.717243e-02 -3.793143e-01 9.234999e-01
    outer loop
      vertex   -3.329289e+01 -4.444378e+01 1.394296e+00
      vertex   -3.326946e+01 -4.413112e+01 1.524167e+00
      vertex   -3.365698e+01 -4.438890e+01 1.394296e+00
    endloop
  endfacet
  facet normal -5.717243e-02 -3.793143e-01 9.234999e-01
    outer loop
      vertex   -3.365698e+01 -4.438890e+01 1.394296e+00
      vertex   -3.326946e+01 -4.413112e+01 1.524167e+00
      vertex   -3.358721e+01 -4.408323e+01 1.524167e+00
    endloop
  endfacet
  facet normal -1.130677e-01 -3.665566e-01 9.234999e-01
    outer loop
      vertex   -3.365698e+01 -4.438890e+01 1.394296e+00
      vertex   -3.358721e+01 -4.408323e+01 1.524167e+00
      vertex   -3.400882e+01 -4.428038e+01 1.394296e+00
    endloop
  endfacet
  facet normal -1.130677e-01 -3.665566e-01 9.234999e-01
    outer loop
      vertex   -3.400882e+01 -4.428038e+01 1.394296e+00
      vertex   -3.358721e+01 -4.408323e+01 1.524167e+00
      vertex   -3.389427e+01 -4.398851e+01 1.524167e+00
    endloop
  endfacet
  facet normal -1.664373e-01 -3.456106e-01 9.234999e-01
    outer loop
      vertex   -3.400882e+01 -4.428038e+01 1.394296e+00
      vertex   -3.389427e+01 -4.398851e+01 1.524167e+00
      vertex   -3.434056e+01 -4.412062e+01 1.394296e+00
    endloop
  endfacet
  facet normal -1.664373e-01 -3.456106e-01 9.234999e-01
    outer loop
      vertex   -3.434056e+01 -4.412062e+01 1.394296e+00
      vertex   -3.389427e+01 -4.398851e+01 1.524167e+00
      vertex   -3.418379e+01 -4.384909e+01 1.524167e+00
    endloop
  endfacet
  facet normal -2.160889e-01 -3.169442e-01 9.234999e-01
    outer loop
      vertex   -3.434056e+01 -4.412062e+01 1.394296e+00
      vertex   -3.418379e+01 -4.384909e+01 1.524167e+00
      vertex   -3.464478e+01 -4.391321e+01 1.394296e+00
    endloop
  endfacet
  facet normal -7.226137e-01 -5.762652e-01 3.817695e-01
    outer loop
      vertex   -3.424084e+01 -4.303752e+01 2.313535e+00
      vertex   -3.438475e+01 -4.285707e+01 2.313535e+00
      vertex   -3.449205e+01 -4.293023e+01 2.000000e+00
    endloop
  endfacet
  facet normal -8.004305e-01 -4.621288e-01 3.817695e-01
    outer loop
      vertex   -3.449205e+01 -4.293023e+01 2.000000e+00
      vertex   -3.438475e+01 -4.285707e+01 2.313535e+00
      vertex   -3.461716e+01 -4.271353e+01 2.000000e+00
    endloop
  endfacet
  facet normal -6.877762e-01 -3.970878e-01 6.076884e-01
    outer loop
      vertex   -3.449205e+01 -4.293023e+01 2.000000e+00
      vertex   -3.461716e+01 -4.271353e+01 2.000000e+00
      vertex   -3.480330e+01 -4.280317e+01 1.730761e+00
    endloop
  endfacet
  facet normal -7.392772e-01 -2.901449e-01 6.076884e-01
    outer loop
      vertex   -3.480330e+01 -4.280317e+01 1.730761e+00
      vertex   -3.461716e+01 -4.271353e+01 2.000000e+00
      vertex   -3.490599e+01 -4.254150e+01 1.730761e+00
    endloop
  endfacet
  facet normal -5.676786e-01 -2.227974e-01 7.925291e-01
    outer loop
      vertex   -3.480330e+01 -4.280317e+01 1.730761e+00
      vertex   -3.490599e+01 -4.254150e+01 1.730761e+00
      vertex   -3.516327e+01 -4.262086e+01 1.524167e+00
    endloop
  endfacet
  facet normal -5.945443e-01 -1.357009e-01 7.925291e-01
    outer loop
      vertex   -3.516327e+01 -4.262086e+01 1.524167e+00
      vertex   -3.490599e+01 -4.254150e+01 1.730761e+00
      vertex   -3.523478e+01 -4.230758e+01 1.524167e+00
    endloop
  endfacet
  facet normal -3.739812e-01 -8.535876e-02 9.234999e-01
    outer loop
      vertex   -3.516327e+01 -4.262086e+01 1.524167e+00
      vertex   -3.523478e+01 -4.230758e+01 1.524167e+00
      vertex   -3.554481e+01 -4.235431e+01 1.394296e+00
    endloop
  endfacet
  facet normal -8.004305e-01 -4.621288e-01 3.817695e-01
    outer loop
      vertex   -3.438475e+01 -4.285707e+01 2.313535e+00
      vertex   -3.450015e+01 -4.265718e+01 2.313535e+00
      vertex   -3.461716e+01 -4.271353e+01 2.000000e+00
    endloop
  endfacet
  facet normal -8.603671e-01 -3.376692e-01 3.817695e-01
    outer loop
      vertex   -3.461716e+01 -4.271353e+01 2.000000e+00
      vertex   -3.450015e+01 -4.265718e+01 2.313535e+00
      vertex   -3.470858e+01 -4.248060e+01 2.000000e+00
    endloop
  endfacet
  facet normal -7.392772e-01 -2.901449e-01 6.076884e-01
    outer loop
      vertex   -3.461716e+01 -4.271353e+01 2.000000e+00
      vertex   -3.470858e+01 -4.248060e+01 2.000000e+00
      vertex   -3.490599e+01 -4.254150e+01 1.730761e+00
    endloop
  endfacet
  facet normal -7.742639e-01 -1.767207e-01 6.076884e-01
    outer loop
      vertex   -3.490599e+01 -4.254150e+01 1.730761e+00
      vertex   -3.470858e+01 -4.248060e+01 2.000000e+00
      vertex   -3.496854e+01 -4.226745e+01 1.730761e+00
    endloop
  endfacet
  facet normal -5.945443e-01 -1.357009e-01 7.925291e-01
    outer loop
      vertex   -3.490599e+01 -4.254150e+01 1.730761e+00
      vertex   -3.496854e+01 -4.226745e+01 1.730761e+00
      vertex   -3.523478e+01 -4.230758e+01 1.524167e+00
    endloop
  endfacet
  facet normal -9.010845e-01 -2.056667e-01 3.817695e-01
    outer loop
      vertex   -3.458448e+01 -4.244232e+01 2.313535e+00
      vertex   -3.476426e+01 -4.223666e+01 2.000000e+00
      vertex   -3.470858e+01 -4.248060e+01 2.000000e+00
    endloop
  endfacet
  facet normal -7.742639e-01 -1.767207e-01 6.076884e-01
    outer loop
      vertex   -3.470858e+01 -4.248060e+01 2.000000e+00
      vertex   -3.476426e+01 -4.223666e+01 2.000000e+00
      vertex   -3.496854e+01 -4.226745e+01 1.730761e+00
    endloop
  endfacet
  facet normal -8.603671e-01 -3.376692e-01 3.817695e-01
    outer loop
      vertex   -3.450015e+01 -4.265718e+01 2.313535e+00
      vertex   -3.458448e+01 -4.244232e+01 2.313535e+00
      vertex   -3.470858e+01 -4.248060e+01 2.000000e+00
    endloop
  endfacet
  facet normal -9.927089e-01 1.205367e-01 0.000000e+00
    outer loop
      vertex   -3.456520e+01 -4.162816e+01 6.300000e+00
      vertex   -3.456520e+01 -4.162816e+01 2.650000e+00
      vertex   -3.460879e+01 -4.198714e+01 6.300000e+00
    endloop
  endfacet
  facet normal -9.927089e-01 1.205367e-01 0.000000e+00
    outer loop
      vertex   -3.460879e+01 -4.198714e+01 6.300000e+00
      vertex   -3.456520e+01 -4.162816e+01 2.650000e+00
      vertex   -3.460879e+01 -4.198714e+01 2.650000e+00
    endloop
  endfacet
  facet normal -9.927089e-01 -1.205367e-01 -0.000000e+00
    outer loop
      vertex   -3.460879e+01 -4.198714e+01 6.300000e+00
      vertex   -3.460879e+01 -4.198714e+01 2.650000e+00
      vertex   -3.456520e+01 -4.234611e+01 6.300000e+00
    endloop
  endfacet
  facet normal -9.927089e-01 -1.205367e-01 -0.000000e+00
    outer loop
      vertex   -3.456520e+01 -4.234611e+01 6.300000e+00
      vertex   -3.460879e+01 -4.198714e+01 2.650000e+00
      vertex   -3.456520e+01 -4.234611e+01 2.650000e+00
    endloop
  endfacet
  facet normal -9.350162e-01 -3.546049e-01 -0.000000e+00
    outer loop
      vertex   -3.456520e+01 -4.234611e+01 6.300000e+00
      vertex   -3.456520e+01 -4.234611e+01 2.650000e+00
      vertex   -3.443697e+01 -4.268422e+01 6.300000e+00
    endloop
  endfacet
  facet normal -9.350162e-01 -3.546049e-01 -0.000000e+00
    outer loop
      vertex   -3.443697e+01 -4.268422e+01 6.300000e+00
      vertex   -3.456520e+01 -4.234611e+01 2.650000e+00
      vertex   -3.443697e+01 -4.268422e+01 2.650000e+00
    endloop
  endfacet
  facet normal -8.229839e-01 -5.680647e-01 -0.000000e+00
    outer loop
      vertex   -3.443697e+01 -4.268422e+01 6.300000e+00
      vertex   -3.443697e+01 -4.268422e+01 2.650000e+00
      vertex   -3.423156e+01 -4.298182e+01 6.300000e+00
    endloop
  endfacet
  facet normal -8.229839e-01 -5.680647e-01 -0.000000e+00
    outer loop
      vertex   -3.423156e+01 -4.298182e+01 6.300000e+00
      vertex   -3.443697e+01 -4.268422e+01 2.650000e+00
      vertex   -3.423156e+01 -4.298182e+01 2.650000e+00
    endloop
  endfacet
  facet normal -6.631227e-01 -7.485107e-01 -0.000000e+00
    outer loop
      vertex   -3.423156e+01 -4.298182e+01 6.300000e+00
      vertex   -3.423156e+01 -4.298182e+01 2.650000e+00
      vertex   -3.396089e+01 -4.322161e+01 6.300000e+00
    endloop
  endfacet
  facet normal -6.631227e-01 -7.485107e-01 -0.000000e+00
    outer loop
      vertex   -3.396089e+01 -4.322161e+01 6.300000e+00
      vertex   -3.423156e+01 -4.298182e+01 2.650000e+00
      vertex   -3.396089e+01 -4.322161e+01 2.650000e+00
    endloop
  endfacet
  facet normal -4.647232e-01 -8.854560e-01 -0.000000e+00
    outer loop
      vertex   -3.396089e+01 -4.322161e+01 6.300000e+00
      vertex   -3.396089e+01 -4.322161e+01 2.650000e+00
      vertex   -3.364070e+01 -4.338966e+01 6.300000e+00
    endloop
  endfacet
  facet normal -4.647232e-01 -8.854560e-01 -0.000000e+00
    outer loop
      vertex   -3.364070e+01 -4.338966e+01 6.300000e+00
      vertex   -3.396089e+01 -4.322161e+01 2.650000e+00
      vertex   -3.364070e+01 -4.338966e+01 2.650000e+00
    endloop
  endfacet
  facet normal -2.393157e-01 -9.709418e-01 -0.000000e+00
    outer loop
      vertex   -3.364070e+01 -4.338966e+01 6.300000e+00
      vertex   -3.364070e+01 -4.338966e+01 2.650000e+00
      vertex   -3.328959e+01 -4.347620e+01 6.300000e+00
    endloop
  endfacet
  facet normal -2.393157e-01 -9.709418e-01 -0.000000e+00
    outer loop
      vertex   -3.328959e+01 -4.347620e+01 6.300000e+00
      vertex   -3.364070e+01 -4.338966e+01 2.650000e+00
      vertex   -3.328959e+01 -4.347620e+01 2.650000e+00
    endloop
  endfacet
  facet normal 0.000000e+00 -1.000000e+00 0.000000e+00
    outer loop
      vertex   -3.328959e+01 -4.347620e+01 6.300000e+00
      vertex   -3.328959e+01 -4.347620e+01 2.650000e+00
      vertex   -3.292798e+01 -4.347620e+01 6.300000e+00
    endloop
  endfacet
  facet normal 0.000000e+00 -1.000000e+00 -0.000000e+00
    outer loop
      vertex   -3.292798e+01 -4.347620e+01 6.300000e+00
      vertex   -3.328959e+01 -4.347620e+01 2.650000e+00
      vertex   -3.292798e+01 -4.347620e+01 2.650000e+00
    endloop
  endfacet
  facet normal 2.393157e-01 -9.709418e-01 0.000000e+00
    outer loop
      vertex   -3.292798e+01 -4.347620e+01 6.300000e+00
      vertex   -3.292798e+01 -4.347620e+01 2.650000e+00
      vertex   -3.257688e+01 -4.338966e+01 6.300000e+00
    endloop
  endfacet
  facet normal 2.393157e-01 -9.709418e-01 0.000000e+00
    outer loop
      vertex   -3.257688e+01 -4.338966e+01 6.300000e+00
      vertex   -3.292798e+01 -4.347620e+01 2.650000e+00
      vertex   -3.257688e+01 -4.338966e+01 2.650000e+00
    endloop
  endfacet
  facet normal 4.647232e-01 -8.854560e-01 0.000000e+00
    outer loop
      vertex   -3.257688e+01 -4.338966e+01 6.300000e+00
      vertex   -3.257688e+01 -4.338966e+01 2.650000e+00
      vertex   -3.225669e+01 -4.322161e+01 6.300000e+00
    endloop
  endfacet
  facet normal 4.647232e-01 -8.854560e-01 0.000000e+00
    outer loop
      vertex   -3.225669e+01 -4.322161e+01 6.300000e+00
      vertex   -3.257688e+01 -4.338966e+01 2.650000e+00
      vertex   -3.225669e+01 -4.322161e+01 2.650000e+00
    endloop
  endfacet
  facet normal 6.631227e-01 -7.485107e-01 0.000000e+00
    outer loop
      vertex   -3.225669e+01 -4.322161e+01 6.300000e+00
      vertex   -3.225669e+01 -4.322161e+01 2.650000e+00
      vertex   -3.198602e+01 -4.298182e+01 6.300000e+00
    endloop
  endfacet
  facet normal 6.631227e-01 -7.485107e-01 0.000000e+00
    outer loop
      vertex   -3.198602e+01 -4.298182e+01 6.300000e+00
      vertex   -3.225669e+01 -4.322161e+01 2.650000e+00
      vertex   -3.198602e+01 -4.298182e+01 2.650000e+00
    endloop
  endfacet
  facet normal 8.229839e-01 -5.680647e-01 0.000000e+00
    outer loop
      vertex   -3.198602e+01 -4.298182e+01 6.300000e+00
      vertex   -3.198602e+01 -4.298182e+01 2.650000e+00
      vertex   -3.178061e+01 -4.268422e+01 6.300000e+00
    endloop
  endfacet
  facet normal 8.229839e-01 -5.680647e-01 0.000000e+00
    outer loop
      vertex   -3.178061e+01 -4.268422e+01 6.300000e+00
      vertex   -3.198602e+01 -4.298182e+01 2.650000e+00
      vertex   -3.178061e+01 -4.268422e+01 2.650000e+00
    endloop
  endfacet
  facet normal 9.350162e-01 -3.546049e-01 0.000000e+00
    outer loop
      vertex   -3.178061e+01 -4.268422e+01 6.300000e+00
      vertex   -3.178061e+01 -4.268422e+01 2.650000e+00
      vertex   -3.165238e+01 -4.234611e+01 6.300000e+00
    endloop
  endfacet
  facet normal 9.350162e-01 -3.546049e-01 0.000000e+00
    outer loop
      vertex   -3.165238e+01 -4.234611e+01 6.300000e+00
      vertex   -3.178061e+01 -4.268422e+01 2.650000e+00
      vertex   -3.165238e+01 -4.234611e+01 2.650000e+00
    endloop
  endfacet
  facet normal 9.927089e-01 -1.205367e-01 0.000000e+00
    outer loop
      vertex   -3.165238e+01 -4.234611e+01 6.300000e+00
      vertex   -3.165238e+01 -4.234611e+01 2.650000e+00
      vertex   -3.160879e+01 -4.198714e+01 6.300000e+00
    endloop
  endfacet
  facet normal 9.927089e-01 -1.205367e-01 0.000000e+00
    outer loop
      vertex   -3.160879e+01 -4.198714e+01 6.300000e+00
      vertex   -3.165238e+01 -4.234611e+01 2.650000e+00
      vertex   -3.160879e+01 -4.198714e+01 2.650000e+00
    endloop
  endfacet
  facet normal 9.927089e-01 1.205367e-01 0.000000e+00
    outer loop
      vertex   -3.160879e+01 -4.198714e+01 6.300000e+00
      vertex   -3.160879e+01 -4.198714e+01 2.650000e+00
      vertex   -3.165238e+01 -4.162816e+01 6.300000e+00
    endloop
  endfacet
  facet normal 9.927089e-01 1.205367e-01 0.000000e+00
    outer loop
      vertex   -3.165238e+01 -4.162816e+01 6.300000e+00
      vertex   -3.160879e+01 -4.198714e+01 2.650000e+00
      vertex   -3.165238e+01 -4.162816e+01 2.650000e+00
    endloop
  endfacet
  facet normal 9.350162e-01 3.546049e-01 0.000000e+00
    outer loop
      vertex   -3.165238e+01 -4.162816e+01 6.300000e+00
      vertex   -3.165238e+01 -4.162816e+01 2.650000e+00
      vertex   -3.178061e+01 -4.129005e+01 6.300000e+00
    endloop
  endfacet
  facet normal 9.350162e-01 3.546049e-01 0.000000e+00
    outer loop
      vertex   -3.178061e+01 -4.129005e+01 6.300000e+00
      vertex   -3.165238e+01 -4.162816e+01 2.650000e+00
      vertex   -3.178061e+01 -4.129005e+01 2.650000e+00
    endloop
  endfacet
  facet normal 8.229839e-01 5.680647e-01 0.000000e+00
    outer loop
      vertex   -3.178061e+01 -4.129005e+01 6.300000e+00
      vertex   -3.178061e+01 -4.129005e+01 2.650000e+00
      vertex   -3.198602e+01 -4.099245e+01 6.300000e+00
    endloop
  endfacet
  facet normal 8.229839e-01 5.680647e-01 0.000000e+00
    outer loop
      vertex   -3.198602e+01 -4.099245e+01 6.300000e+00
      vertex   -3.178061e+01 -4.129005e+01 2.650000e+00
      vertex   -3.198602e+01 -4.099245e+01 2.650000e+00
    endloop
  endfacet
  facet normal 6.631227e-01 7.485107e-01 0.000000e+00
    outer loop
      vertex   -3.198602e+01 -4.099245e+01 6.300000e+00
      vertex   -3.198602e+01 -4.099245e+01 2.650000e+00
      vertex   -3.225669e+01 -4.075266e+01 6.300000e+00
    endloop
  endfacet
  facet normal 6.631227e-01 7.485107e-01 0.000000e+00
    outer loop
      vertex   -3.225669e+01 -4.075266e+01 6.300000e+00
      vertex   -3.198602e+01 -4.099245e+01 2.650000e+00
      vertex   -3.225669e+01 -4.075266e+01 2.650000e+00
    endloop
  endfacet
  facet normal 4.647232e-01 8.854560e-01 0.000000e+00
    outer loop
      vertex   -3.225669e+01 -4.075266e+01 6.300000e+00
      vertex   -3.225669e+01 -4.075266e+01 2.650000e+00
      vertex   -3.257688e+01 -4.058461e+01 6.300000e+00
    endloop
  endfacet
  facet normal 4.647232e-01 8.854560e-01 0.000000e+00
    outer loop
      vertex   -3.257688e+01 -4.058461e+01 6.300000e+00
      vertex   -3.225669e+01 -4.075266e+01 2.650000e+00
      vertex   -3.257688e+01 -4.058461e+01 2.650000e+00
    endloop
  endfacet
  facet normal 2.393157e-01 9.709418e-01 0.000000e+00
    outer loop
      vertex   -3.257688e+01 -4.058461e+01 6.300000e+00
      vertex   -3.257688e+01 -4.058461e+01 2.650000e+00
      vertex   -3.292798e+01 -4.049807e+01 6.300000e+00
    endloop
  endfacet
  facet normal 2.393157e-01 9.709418e-01 0.000000e+00
    outer loop
      vertex   -3.292798e+01 -4.049807e+01 6.300000e+00
      vertex   -3.257688e+01 -4.058461e+01 2.650000e+00
      vertex   -3.292798e+01 -4.049807e+01 2.650000e+00
    endloop
  endfacet
  facet normal 0.000000e+00 1.000000e+00 0.000000e+00
    outer loop
      vertex   -3.292798e+01 -4.049807e+01 6.300000e+00
      vertex   -3.292798e+01 -4.049807e+01 2.650000e+00
      vertex   -3.328959e+01 -4.049807e+01 6.300000e+00
    endloop
  endfacet
  facet normal 0.000000e+00 1.000000e+00 0.000000e+00
    outer loop
      vertex   -3.328959e+01 -4.049807e+01 6.300000e+00
      vertex   -3.292798e+01 -4.049807e+01 2.650000e+00
      vertex   -3.328959e+01 -4.049807e+01 2.650000e+00
    endloop
  endfacet
  facet normal -2.393157e-01 9.709418e-01 0.000000e+00
    outer loop
      vertex   -3.328959e+01 -4.049807e+01 6.300000e+00
      vertex   -3.328959e+01 -4.049807e+01 2.650000e+00
      vertex   -3.364070e+01 -4.058461e+01 6.300000e+00
    endloop
  endfacet
  facet normal -2.393157e-01 9.709418e-01 0.000000e+00
    outer loop
      vertex   -3.364070e+01 -4.058461e+01 6.300000e+00
      vertex   -3.328959e+01 -4.049807e+01 2.650000e+00
      vertex   -3.364070e+01 -4.058461e+01 2.650000e+00
    endloop
  endfacet
  facet normal -4.647232e-01 8.854560e-01 0.000000e+00
    outer loop
      vertex   -3.364070e+01 -4.058461e+01 6.300000e+00
      vertex   -3.364070e+01 -4.058461e+01 2.650000e+00
      vertex   -3.396089e+01 -4.075266e+01 6.300000e+00
    endloop
  endfacet
  facet normal -4.647232e-01 8.854560e-01 0.000000e+00
    outer loop
      vertex   -3.396089e+01 -4.075266e+01 6.300000e+00
      vertex   -3.364070e+01 -4.058461e+01 2.650000e+00
      vertex   -3.396089e+01 -4.075266e+01 2.650000e+00
    endloop
  endfacet
  facet normal -6.631227e-01 7.485107e-01 0.000000e+00
    outer loop
      vertex   -3.396089e+01 -4.075266e+01 6.300000e+00
      vertex   -3.396089e+01 -4.075266e+01 2.650000e+00
      vertex   -3.423156e+01 -4.099245e+01 6.300000e+00
    endloop
  endfacet
  facet normal -6.631227e-01 7.485107e-01 0.000000e+00
    outer loop
      vertex   -3.423156e+01 -4.099245e+01 6.300000e+00
      vertex   -3.396089e+01 -4.075266e+01 2.650000e+00
      vertex   -3.423156e+01 -4.099245e+01 2.650000e+00
    endloop
  endfacet
  facet normal -8.229839e-01 5.680647e-01 0.000000e+00
    outer loop
      vertex   -3.423156e+01 -4.099245e+01 6.300000e+00
      vertex   -3.423156e+01 -4.099245e+01 2.650000e+00
      vertex   -3.443697e+01 -4.129005e+01 6.300000e+00
    endloop
  endfacet
  facet normal -8.229839e-01 5.680647e-01 0.000000e+00
    outer loop
      vertex   -3.443697e+01 -4.129005e+01 6.300000e+00
      vertex   -3.423156e+01 -4.099245e+01 2.650000e+00
      vertex   -3.443697e+01 -4.129005e+01 2.650000e+00
    endloop
  endfacet
  facet normal -9.350162e-01 3.546049e-01 0.000000e+00
    outer loop
      vertex   -3.443697e+01 -4.129005e+01 6.300000e+00
      vertex   -3.443697e+01 -4.129005e+01 2.650000e+00
      vertex   -3.456520e+01 -4.162816e+01 6.300000e+00
    endloop
  endfacet
  facet normal -9.350162e-01 3.546049e-01 0.000000e+00
    outer loop
      vertex   -3.456520e+01 -4.162816e+01 6.300000e+00
      vertex   -3.443697e+01 -4.129005e+01 2.650000e+00
      vertex   -3.456520e+01 -4.162816e+01 2.650000e+00
    endloop
  endfacet
  facet normal -9.798935e-01 1.189806e-01 1.601633e-01
    outer loop
      vertex   3.070183e+01 -4.162816e+01 2.650000e+00
      vertex   3.063120e+01 -4.175697e+01 2.313535e+00
      vertex   3.065825e+01 -4.198714e+01 2.650000e+00
    endloop
  endfacet
  facet normal -9.887196e-01 7.409429e-02 1.301674e-01
    outer loop
      vertex   3.065825e+01 -4.198714e+01 2.650000e+00
      vertex   3.063120e+01 -4.175697e+01 2.313535e+00
      vertex   3.061395e+01 -4.198714e+01 2.313535e+00
    endloop
  endfacet
  facet normal -9.887196e-01 -7.409429e-02 1.301674e-01
    outer loop
      vertex   3.065825e+01 -4.198714e+01 2.650000e+00
      vertex   3.061395e+01 -4.198714e+01 2.313535e+00
      vertex   3.063120e+01 -4.221730e+01 2.313535e+00
    endloop
  endfacet
  facet normal -9.216731e-01 -6.906985e-02 3.817695e-01
    outer loop
      vertex   3.063120e+01 -4.221730e+01 2.313535e+00
      vertex   3.061395e+01 -4.198714e+01 2.313535e+00
      vertex   3.048408e+01 -4.198714e+01 2.000000e+00
    endloop
  endfacet
  facet normal -9.216731e-01 -6.906985e-02 3.817695e-01
    outer loop
      vertex   3.063120e+01 -4.221730e+01 2.313535e+00
      vertex   3.048408e+01 -4.198714e+01 2.000000e+00
      vertex   3.050278e+01 -4.223666e+01 2.000000e+00
    endloop
  endfacet
  facet normal -7.919549e-01 -5.934882e-02 6.076884e-01
    outer loop
      vertex   3.050278e+01 -4.223666e+01 2.000000e+00
      vertex   3.048408e+01 -4.198714e+01 2.000000e+00
      vertex   3.027749e+01 -4.198714e+01 1.730761e+00
    endloop
  endfacet
  facet normal -7.919549e-01 -5.934882e-02 6.076884e-01
    outer loop
      vertex   3.050278e+01 -4.223666e+01 2.000000e+00
      vertex   3.027749e+01 -4.198714e+01 1.730761e+00
      vertex   3.029849e+01 -4.226745e+01 1.730761e+00
    endloop
  endfacet
  facet normal -6.081289e-01 -4.557296e-02 7.925291e-01
    outer loop
      vertex   3.029849e+01 -4.226745e+01 1.730761e+00
      vertex   3.027749e+01 -4.198714e+01 1.730761e+00
      vertex   3.000825e+01 -4.198714e+01 1.524167e+00
    endloop
  endfacet
  facet normal -6.081289e-01 -4.557296e-02 7.925291e-01
    outer loop
      vertex   3.029849e+01 -4.226745e+01 1.730761e+00
      vertex   3.000825e+01 -4.198714e+01 1.524167e+00
      vertex   3.003226e+01 -4.230758e+01 1.524167e+00
    endloop
  endfacet
  facet normal -3.825262e-01 -2.866637e-02 9.234999e-01
    outer loop
      vertex   3.003226e+01 -4.230758e+01 1.524167e+00
      vertex   3.000825e+01 -4.198714e+01 1.524167e+00
      vertex   2.969471e+01 -4.198714e+01 1.394296e+00
    endloop
  endfacet
  facet normal -3.825262e-01 -2.866637e-02 9.234999e-01
    outer loop
      vertex   3.003226e+01 -4.230758e+01 1.524167e+00
      vertex   2.969471e+01 -4.198714e+01 1.394296e+00
      vertex   2.972223e+01 -4.235431e+01 1.394296e+00
    endloop
  endfacet
  facet normal -1.305199e-01 -9.781118e-03 9.913974e-01
    outer loop
      vertex   2.972223e+01 -4.235431e+01 1.394296e+00
      vertex   2.969471e+01 -4.198714e+01 1.394296e+00
      vertex   2.935825e+01 -4.198714e+01 1.350000e+00
    endloop
  endfacet
  facet normal -1.326599e-01 -1.193961e-02 9.910897e-01
    outer loop
      vertex   2.972223e+01 -4.235431e+01 1.394296e+00
      vertex   2.935825e+01 -4.198714e+01 1.350000e+00
      vertex   2.940324e+01 -4.248709e+01 1.350000e+00
    endloop
  endfacet
  facet normal -9.680425e-01 2.209494e-01 1.186389e-01
    outer loop
      vertex   3.063120e+01 -4.175697e+01 2.313535e+00
      vertex   3.070183e+01 -4.162816e+01 2.650000e+00
      vertex   3.068256e+01 -4.153195e+01 2.313535e+00
    endloop
  endfacet
  facet normal -9.239874e-01 3.504222e-01 1.531393e-01
    outer loop
      vertex   3.068256e+01 -4.153195e+01 2.313535e+00
      vertex   3.070183e+01 -4.162816e+01 2.650000e+00
      vertex   3.083006e+01 -4.129005e+01 2.650000e+00
    endloop
  endfacet
  facet normal -9.211829e-01 3.615377e-01 1.439186e-01
    outer loop
      vertex   3.068256e+01 -4.153195e+01 2.313535e+00
      vertex   3.083006e+01 -4.129005e+01 2.650000e+00
      vertex   3.076688e+01 -4.131709e+01 2.313535e+00
    endloop
  endfacet
  facet normal -8.596066e-01 4.962941e-01 1.215266e-01
    outer loop
      vertex   3.076688e+01 -4.131709e+01 2.313535e+00
      vertex   3.083006e+01 -4.129005e+01 2.650000e+00
      vertex   3.088229e+01 -4.111720e+01 2.313535e+00
    endloop
  endfacet
  facet normal -8.004305e-01 4.621288e-01 3.817695e-01
    outer loop
      vertex   3.076688e+01 -4.131709e+01 2.313535e+00
      vertex   3.088229e+01 -4.111720e+01 2.313535e+00
      vertex   3.077498e+01 -4.104404e+01 2.000000e+00
    endloop
  endfacet
  facet normal -7.226137e-01 5.762652e-01 3.817695e-01
    outer loop
      vertex   3.077498e+01 -4.104404e+01 2.000000e+00
      vertex   3.088229e+01 -4.111720e+01 2.313535e+00
      vertex   3.093100e+01 -4.084841e+01 2.000000e+00
    endloop
  endfacet
  facet normal -6.209115e-01 4.951604e-01 6.076884e-01
    outer loop
      vertex   3.077498e+01 -4.104404e+01 2.000000e+00
      vertex   3.093100e+01 -4.084841e+01 2.000000e+00
      vertex   3.077955e+01 -4.070789e+01 1.730761e+00
    endloop
  endfacet
  facet normal -5.401766e-01 5.821719e-01 6.076884e-01
    outer loop
      vertex   3.077955e+01 -4.070789e+01 1.730761e+00
      vertex   3.093100e+01 -4.084841e+01 2.000000e+00
      vertex   3.098561e+01 -4.051670e+01 1.730761e+00
    endloop
  endfacet
  facet normal -4.147926e-01 4.470401e-01 7.925291e-01
    outer loop
      vertex   3.077955e+01 -4.070789e+01 1.730761e+00
      vertex   3.098561e+01 -4.051670e+01 1.730761e+00
      vertex   3.081774e+01 -4.030620e+01 1.524167e+00
    endloop
  endfacet
  facet normal -3.435318e-01 5.038686e-01 7.925291e-01
    outer loop
      vertex   3.081774e+01 -4.030620e+01 1.524167e+00
      vertex   3.098561e+01 -4.051670e+01 1.730761e+00
      vertex   3.108325e+01 -4.012518e+01 1.524167e+00
    endloop
  endfacet
  facet normal -2.160889e-01 3.169442e-01 9.234999e-01
    outer loop
      vertex   3.081774e+01 -4.030620e+01 1.524167e+00
      vertex   3.108325e+01 -4.012518e+01 1.524167e+00
      vertex   3.092648e+01 -3.985365e+01 1.394296e+00
    endloop
  endfacet
  facet normal -1.664373e-01 3.456106e-01 9.234999e-01
    outer loop
      vertex   3.092648e+01 -3.985365e+01 1.394296e+00
      vertex   3.108325e+01 -4.012518e+01 1.524167e+00
      vertex   3.125822e+01 -3.969390e+01 1.394296e+00
    endloop
  endfacet
  facet normal -5.596779e-02 1.162183e-01 9.916456e-01
    outer loop
      vertex   3.092648e+01 -3.985365e+01 1.394296e+00
      vertex   3.125822e+01 -3.969390e+01 1.394296e+00
      vertex   3.083141e+01 -3.952147e+01 1.350000e+00
    endloop
  endfacet
  facet normal -5.287038e-02 1.236964e-01 9.909107e-01
    outer loop
      vertex   3.083141e+01 -3.952147e+01 1.350000e+00
      vertex   3.125822e+01 -3.969390e+01 1.394296e+00
      vertex   3.129300e+01 -3.932418e+01 1.350000e+00
    endloop
  endfacet
  facet normal -3.774804e-02 1.223762e-01 9.917657e-01
    outer loop
      vertex   3.129300e+01 -3.932418e+01 1.350000e+00
      vertex   3.125822e+01 -3.969390e+01 1.394296e+00
      vertex   3.161006e+01 -3.958537e+01 1.394296e+00
    endloop
  endfacet
  facet normal -3.003354e-02 1.315855e-01 9.908498e-01
    outer loop
      vertex   3.129300e+01 -3.932418e+01 1.350000e+00
      vertex   3.161006e+01 -3.958537e+01 1.394296e+00
      vertex   3.178239e+01 -3.921248e+01 1.350000e+00
    endloop
  endfacet
  facet normal -1.908721e-02 1.266354e-01 9.917657e-01
    outer loop
      vertex   3.178239e+01 -3.921248e+01 1.350000e+00
      vertex   3.161006e+01 -3.958537e+01 1.394296e+00
      vertex   3.197415e+01 -3.953049e+01 1.394296e+00
    endloop
  endfacet
  facet normal -6.035292e-03 1.343862e-01 9.909107e-01
    outer loop
      vertex   3.178239e+01 -3.921248e+01 1.350000e+00
      vertex   3.197415e+01 -3.953049e+01 1.394296e+00
      vertex   3.228387e+01 -3.918996e+01 1.350000e+00
    endloop
  endfacet
  facet normal 0.000000e+00 1.289926e-01 9.916456e-01
    outer loop
      vertex   3.228387e+01 -3.918996e+01 1.350000e+00
      vertex   3.197415e+01 -3.953049e+01 1.394296e+00
      vertex   3.234235e+01 -3.953049e+01 1.394296e+00
    endloop
  endfacet
  facet normal 1.787935e-02 1.319907e-01 9.910897e-01
    outer loop
      vertex   3.228387e+01 -3.918996e+01 1.350000e+00
      vertex   3.234235e+01 -3.953049e+01 1.394296e+00
      vertex   3.278131e+01 -3.925734e+01 1.350000e+00
    endloop
  endfacet
  facet normal 1.950754e-02 1.294240e-01 9.913974e-01
    outer loop
      vertex   3.278131e+01 -3.925734e+01 1.350000e+00
      vertex   3.234235e+01 -3.953049e+01 1.394296e+00
      vertex   3.270643e+01 -3.958537e+01 1.394296e+00
    endloop
  endfacet
  facet normal 3.857931e-02 1.250710e-01 9.913974e-01
    outer loop
      vertex   3.278131e+01 -3.925734e+01 1.350000e+00
      vertex   3.270643e+01 -3.958537e+01 1.394296e+00
      vertex   3.305828e+01 -3.969390e+01 1.394296e+00
    endloop
  endfacet
  facet normal 1.130677e-01 3.665566e-01 9.234999e-01
    outer loop
      vertex   3.305828e+01 -3.969390e+01 1.394296e+00
      vertex   3.270643e+01 -3.958537e+01 1.394296e+00
      vertex   3.263667e+01 -3.989104e+01 1.524167e+00
    endloop
  endfacet
  facet normal 1.130677e-01 3.665566e-01 9.234999e-01
    outer loop
      vertex   3.305828e+01 -3.969390e+01 1.394296e+00
      vertex   3.263667e+01 -3.989104e+01 1.524167e+00
      vertex   3.294373e+01 -3.998576e+01 1.524167e+00
    endloop
  endfacet
  facet normal 1.797518e-01 5.827409e-01 7.925291e-01
    outer loop
      vertex   3.294373e+01 -3.998576e+01 1.524167e+00
      vertex   3.263667e+01 -3.989104e+01 1.524167e+00
      vertex   3.257676e+01 -4.015353e+01 1.730761e+00
    endloop
  endfacet
  facet normal 1.797518e-01 5.827409e-01 7.925291e-01
    outer loop
      vertex   3.294373e+01 -3.998576e+01 1.524167e+00
      vertex   3.257676e+01 -4.015353e+01 1.730761e+00
      vertex   3.284537e+01 -4.023638e+01 1.730761e+00
    endloop
  endfacet
  facet normal 2.340874e-01 7.588926e-01 6.076884e-01
    outer loop
      vertex   3.284537e+01 -4.023638e+01 1.730761e+00
      vertex   3.257676e+01 -4.015353e+01 1.730761e+00
      vertex   3.253078e+01 -4.035494e+01 2.000000e+00
    endloop
  endfacet
  facet normal 2.340874e-01 7.588926e-01 6.076884e-01
    outer loop
      vertex   3.284537e+01 -4.023638e+01 1.730761e+00
      vertex   3.253078e+01 -4.035494e+01 2.000000e+00
      vertex   3.276989e+01 -4.042870e+01 2.000000e+00
    endloop
  endfacet
  facet normal 2.724297e-01 8.831954e-01 3.817695e-01
    outer loop
      vertex   3.276989e+01 -4.042870e+01 2.000000e+00
      vertex   3.253078e+01 -4.035494e+01 2.000000e+00
      vertex   3.250188e+01 -4.048156e+01 2.313535e+00
    endloop
  endfacet
  facet normal 2.724297e-01 8.831954e-01 3.817695e-01
    outer loop
      vertex   3.276989e+01 -4.042870e+01 2.000000e+00
      vertex   3.250188e+01 -4.048156e+01 2.313535e+00
      vertex   3.272244e+01 -4.054959e+01 2.313535e+00
    endloop
  endfacet
  facet normal 2.923792e-01 9.478701e-01 1.267152e-01
    outer loop
      vertex   3.272244e+01 -4.054959e+01 2.313535e+00
      vertex   3.250188e+01 -4.048156e+01 2.313535e+00
      vertex   3.269015e+01 -4.058461e+01 2.650000e+00
    endloop
  endfacet
  facet normal 4.604374e-01 8.772903e-01 1.354960e-01
    outer loop
      vertex   3.272244e+01 -4.054959e+01 2.313535e+00
      vertex   3.269015e+01 -4.058461e+01 2.650000e+00
      vertex   3.301034e+01 -4.075266e+01 2.650000e+00
    endloop
  endfacet
  facet normal -8.121242e-01 5.605689e-01 1.619161e-01
    outer loop
      vertex   3.083006e+01 -4.129005e+01 2.650000e+00
      vertex   3.103548e+01 -4.099245e+01 2.650000e+00
      vertex   3.088229e+01 -4.111720e+01 2.313535e+00
    endloop
  endfacet
  facet normal -7.758137e-01 6.186908e-01 1.238342e-01
    outer loop
      vertex   3.088229e+01 -4.111720e+01 2.313535e+00
      vertex   3.103548e+01 -4.099245e+01 2.650000e+00
      vertex   3.102620e+01 -4.093675e+01 2.313535e+00
    endloop
  endfacet
  facet normal -7.226137e-01 5.762652e-01 3.817695e-01
    outer loop
      vertex   3.088229e+01 -4.111720e+01 2.313535e+00
      vertex   3.102620e+01 -4.093675e+01 2.313535e+00
      vertex   3.093100e+01 -4.084841e+01 2.000000e+00
    endloop
  endfacet
  facet normal -6.286548e-01 6.775287e-01 3.817695e-01
    outer loop
      vertex   3.093100e+01 -4.084841e+01 2.000000e+00
      vertex   3.102620e+01 -4.093675e+01 2.313535e+00
      vertex   3.111442e+01 -4.067822e+01 2.000000e+00
    endloop
  endfacet
  facet normal -5.401766e-01 5.821719e-01 6.076884e-01
    outer loop
      vertex   3.093100e+01 -4.084841e+01 2.000000e+00
      vertex   3.111442e+01 -4.067822e+01 2.000000e+00
      vertex   3.098561e+01 -4.051670e+01 1.730761e+00
    endloop
  endfacet
  facet normal -4.473750e-01 6.561787e-01 6.076884e-01
    outer loop
      vertex   3.098561e+01 -4.051670e+01 1.730761e+00
      vertex   3.111442e+01 -4.067822e+01 2.000000e+00
      vertex   3.121787e+01 -4.035835e+01 1.730761e+00
    endloop
  endfacet
  facet normal -3.435318e-01 5.038686e-01 7.925291e-01
    outer loop
      vertex   3.098561e+01 -4.051670e+01 1.730761e+00
      vertex   3.121787e+01 -4.035835e+01 1.730761e+00
      vertex   3.108325e+01 -4.012518e+01 1.524167e+00
    endloop
  endfacet
  facet normal -2.645971e-01 5.494416e-01 7.925291e-01
    outer loop
      vertex   3.108325e+01 -4.012518e+01 1.524167e+00
      vertex   3.121787e+01 -4.035835e+01 1.730761e+00
      vertex   3.137276e+01 -3.998576e+01 1.524167e+00
    endloop
  endfacet
  facet normal -1.664373e-01 3.456106e-01 9.234999e-01
    outer loop
      vertex   3.108325e+01 -4.012518e+01 1.524167e+00
      vertex   3.137276e+01 -3.998576e+01 1.524167e+00
      vertex   3.125822e+01 -3.969390e+01 1.394296e+00
    endloop
  endfacet
  facet normal -1.130677e-01 3.665566e-01 9.234999e-01
    outer loop
      vertex   3.125822e+01 -3.969390e+01 1.394296e+00
      vertex   3.137276e+01 -3.998576e+01 1.524167e+00
      vertex   3.161006e+01 -3.958537e+01 1.394296e+00
    endloop
  endfacet
  facet normal -6.565166e-01 7.410540e-01 1.408009e-01
    outer loop
      vertex   3.103548e+01 -4.099245e+01 2.650000e+00
      vertex   3.130615e+01 -4.075266e+01 2.650000e+00
      vertex   3.102620e+01 -4.093675e+01 2.313535e+00
    endloop
  endfacet
  facet normal -6.711136e-01 7.232885e-01 1.626662e-01
    outer loop
      vertex   3.102620e+01 -4.093675e+01 2.313535e+00
      vertex   3.130615e+01 -4.075266e+01 2.650000e+00
      vertex   3.119539e+01 -4.077976e+01 2.313535e+00
    endloop
  endfacet
  facet normal -6.286548e-01 6.775287e-01 3.817695e-01
    outer loop
      vertex   3.102620e+01 -4.093675e+01 2.313535e+00
      vertex   3.119539e+01 -4.077976e+01 2.313535e+00
      vertex   3.111442e+01 -4.067822e+01 2.000000e+00
    endloop
  endfacet
  facet normal -5.206528e-01 7.636574e-01 3.817695e-01
    outer loop
      vertex   3.111442e+01 -4.067822e+01 2.000000e+00
      vertex   3.119539e+01 -4.077976e+01 2.313535e+00
      vertex   3.132116e+01 -4.053726e+01 2.000000e+00
    endloop
  endfacet
  facet normal -4.473750e-01 6.561787e-01 6.076884e-01
    outer loop
      vertex   3.111442e+01 -4.067822e+01 2.000000e+00
      vertex   3.132116e+01 -4.053726e+01 2.000000e+00
      vertex   3.121787e+01 -4.035835e+01 1.730761e+00
    endloop
  endfacet
  facet normal -3.445799e-01 7.155275e-01 6.076884e-01
    outer loop
      vertex   3.121787e+01 -4.035835e+01 1.730761e+00
      vertex   3.132116e+01 -4.053726e+01 2.000000e+00
      vertex   3.147113e+01 -4.023638e+01 1.730761e+00
    endloop
  endfacet
  facet normal -2.645971e-01 5.494416e-01 7.925291e-01
    outer loop
      vertex   3.121787e+01 -4.035835e+01 1.730761e+00
      vertex   3.147113e+01 -4.023638e+01 1.730761e+00
      vertex   3.137276e+01 -3.998576e+01 1.524167e+00
    endloop
  endfacet
  facet normal -1.797518e-01 5.827409e-01 7.925291e-01
    outer loop
      vertex   3.137276e+01 -3.998576e+01 1.524167e+00
      vertex   3.147113e+01 -4.023638e+01 1.730761e+00
      vertex   3.167983e+01 -3.989104e+01 1.524167e+00
    endloop
  endfacet
  facet normal -1.130677e-01 3.665566e-01 9.234999e-01
    outer loop
      vertex   3.137276e+01 -3.998576e+01 1.524167e+00
      vertex   3.167983e+01 -3.989104e+01 1.524167e+00
      vertex   3.161006e+01 -3.958537e+01 1.394296e+00
    endloop
  endfacet
  facet normal -5.717243e-02 3.793143e-01 9.234999e-01
    outer loop
      vertex   3.161006e+01 -3.958537e+01 1.394296e+00
      vertex   3.167983e+01 -3.989104e+01 1.524167e+00
      vertex   3.197415e+01 -3.953049e+01 1.394296e+00
    endloop
  endfacet
  facet normal -5.593804e-01 8.204604e-01 1.180609e-01
    outer loop
      vertex   3.119539e+01 -4.077976e+01 2.313535e+00
      vertex   3.130615e+01 -4.075266e+01 2.650000e+00
      vertex   3.138610e+01 -4.064974e+01 2.313535e+00
    endloop
  endfacet
  facet normal -4.588554e-01 8.742759e-01 1.584092e-01
    outer loop
      vertex   3.138610e+01 -4.064974e+01 2.313535e+00
      vertex   3.130615e+01 -4.075266e+01 2.650000e+00
      vertex   3.162634e+01 -4.058461e+01 2.650000e+00
    endloop
  endfacet
  facet normal -4.299597e-01 8.928204e-01 1.341878e-01
    outer loop
      vertex   3.138610e+01 -4.064974e+01 2.313535e+00
      vertex   3.162634e+01 -4.058461e+01 2.650000e+00
      vertex   3.159405e+01 -4.054959e+01 2.313535e+00
    endloop
  endfacet
  facet normal -2.923792e-01 9.478701e-01 1.267152e-01
    outer loop
      vertex   3.159405e+01 -4.054959e+01 2.313535e+00
      vertex   3.162634e+01 -4.058461e+01 2.650000e+00
      vertex   3.181461e+01 -4.048156e+01 2.313535e+00
    endloop
  endfacet
  facet normal -2.724297e-01 8.831954e-01 3.817695e-01
    outer loop
      vertex   3.159405e+01 -4.054959e+01 2.313535e+00
      vertex   3.181461e+01 -4.048156e+01 2.313535e+00
      vertex   3.178571e+01 -4.035494e+01 2.000000e+00
    endloop
  endfacet
  facet normal -1.377534e-01 9.139344e-01 3.817695e-01
    outer loop
      vertex   3.178571e+01 -4.035494e+01 2.000000e+00
      vertex   3.181461e+01 -4.048156e+01 2.313535e+00
      vertex   3.203314e+01 -4.031765e+01 2.000000e+00
    endloop
  endfacet
  facet normal -1.183657e-01 7.853053e-01 6.076884e-01
    outer loop
      vertex   3.178571e+01 -4.035494e+01 2.000000e+00
      vertex   3.203314e+01 -4.031765e+01 2.000000e+00
      vertex   3.201770e+01 -4.011163e+01 1.730761e+00
    endloop
  endfacet
  facet normal -0.000000e+00 7.941756e-01 6.076884e-01
    outer loop
      vertex   3.201770e+01 -4.011163e+01 1.730761e+00
      vertex   3.203314e+01 -4.031765e+01 2.000000e+00
      vertex   3.229880e+01 -4.011163e+01 1.730761e+00
    endloop
  endfacet
  facet normal -0.000000e+00 6.098342e-01 7.925291e-01
    outer loop
      vertex   3.201770e+01 -4.011163e+01 1.730761e+00
      vertex   3.229880e+01 -4.011163e+01 1.730761e+00
      vertex   3.231892e+01 -3.984315e+01 1.524167e+00
    endloop
  endfacet
  facet normal 9.089106e-02 6.030228e-01 7.925291e-01
    outer loop
      vertex   3.231892e+01 -3.984315e+01 1.524167e+00
      vertex   3.229880e+01 -4.011163e+01 1.730761e+00
      vertex   3.263667e+01 -3.989104e+01 1.524167e+00
    endloop
  endfacet
  facet normal 5.717243e-02 3.793143e-01 9.234999e-01
    outer loop
      vertex   3.231892e+01 -3.984315e+01 1.524167e+00
      vertex   3.263667e+01 -3.989104e+01 1.524167e+00
      vertex   3.270643e+01 -3.958537e+01 1.394296e+00
    endloop
  endfacet
  facet normal -2.361807e-01 9.582227e-01 1.613320e-01
    outer loop
      vertex   3.162634e+01 -4.058461e+01 2.650000e+00
      vertex   3.197744e+01 -4.049807e+01 2.650000e+00
      vertex   3.181461e+01 -4.048156e+01 2.313535e+00
    endloop
  endfacet
  facet normal -1.479690e-01 9.817100e-01 1.197944e-01
    outer loop
      vertex   3.181461e+01 -4.048156e+01 2.313535e+00
      vertex   3.197744e+01 -4.049807e+01 2.650000e+00
      vertex   3.204284e+01 -4.044716e+01 2.313535e+00
    endloop
  endfacet
  facet normal -1.377534e-01 9.139344e-01 3.817695e-01
    outer loop
      vertex   3.181461e+01 -4.048156e+01 2.313535e+00
      vertex   3.204284e+01 -4.044716e+01 2.313535e+00
      vertex   3.203314e+01 -4.031765e+01 2.000000e+00
    endloop
  endfacet
  facet normal -0.000000e+00 9.242576e-01 3.817695e-01
    outer loop
      vertex   3.203314e+01 -4.031765e+01 2.000000e+00
      vertex   3.204284e+01 -4.044716e+01 2.313535e+00
      vertex   3.228336e+01 -4.031765e+01 2.000000e+00
    endloop
  endfacet
  facet normal -0.000000e+00 7.941756e-01 6.076884e-01
    outer loop
      vertex   3.203314e+01 -4.031765e+01 2.000000e+00
      vertex   3.228336e+01 -4.031765e+01 2.000000e+00
      vertex   3.229880e+01 -4.011163e+01 1.730761e+00
    endloop
  endfacet
  facet normal 1.183657e-01 7.853053e-01 6.076884e-01
    outer loop
      vertex   3.229880e+01 -4.011163e+01 1.730761e+00
      vertex   3.228336e+01 -4.031765e+01 2.000000e+00
      vertex   3.257676e+01 -4.015353e+01 1.730761e+00
    endloop
  endfacet
  facet normal 9.089106e-02 6.030228e-01 7.925291e-01
    outer loop
      vertex   3.229880e+01 -4.011163e+01 1.730761e+00
      vertex   3.257676e+01 -4.015353e+01 1.730761e+00
      vertex   3.263667e+01 -3.989104e+01 1.524167e+00
    endloop
  endfacet
  facet normal -0.000000e+00 9.887436e-01 1.496199e-01
    outer loop
      vertex   3.197744e+01 -4.049807e+01 2.650000e+00
      vertex   3.233905e+01 -4.049807e+01 2.650000e+00
      vertex   3.204284e+01 -4.044716e+01 2.313535e+00
    endloop
  endfacet
  facet normal -0.000000e+00 9.887436e-01 1.496199e-01
    outer loop
      vertex   3.204284e+01 -4.044716e+01 2.313535e+00
      vertex   3.233905e+01 -4.049807e+01 2.650000e+00
      vertex   3.227365e+01 -4.044716e+01 2.313535e+00
    endloop
  endfacet
  facet normal -0.000000e+00 9.242576e-01 3.817695e-01
    outer loop
      vertex   3.204284e+01 -4.044716e+01 2.313535e+00
      vertex   3.227365e+01 -4.044716e+01 2.313535e+00
      vertex   3.228336e+01 -4.031765e+01 2.000000e+00
    endloop
  endfacet
  facet normal 1.377534e-01 9.139344e-01 3.817695e-01
    outer loop
      vertex   3.228336e+01 -4.031765e+01 2.000000e+00
      vertex   3.227365e+01 -4.044716e+01 2.313535e+00
      vertex   3.253078e+01 -4.035494e+01 2.000000e+00
    endloop
  endfacet
  facet normal 1.183657e-01 7.853053e-01 6.076884e-01
    outer loop
      vertex   3.228336e+01 -4.031765e+01 2.000000e+00
      vertex   3.253078e+01 -4.035494e+01 2.000000e+00
      vertex   3.257676e+01 -4.015353e+01 1.730761e+00
    endloop
  endfacet
  facet normal 1.479690e-01 9.817100e-01 1.197944e-01
    outer loop
      vertex   3.227365e+01 -4.044716e+01 2.313535e+00
      vertex   3.233905e+01 -4.049807e+01 2.650000e+00
      vertex   3.250188e+01 -4.048156e+01 2.313535e+00
    endloop
  endfacet
  facet normal 2.361807e-01 9.582227e-01 1.613320e-01
    outer loop
      vertex   3.250188e+01 -4.048156e+01 2.313535e+00
      vertex   3.233905e+01 -4.049807e+01 2.650000e+00
      vertex   3.269015e+01 -4.058461e+01 2.650000e+00
    endloop
  endfacet
  facet normal 6.549969e-01 7.393387e-01 1.560684e-01
    outer loop
      vertex   3.328101e+01 -4.099245e+01 2.650000e+00
      vertex   3.312110e+01 -4.077976e+01 2.313535e+00
      vertex   3.301034e+01 -4.075266e+01 2.650000e+00
    endloop
  endfacet
  facet normal 5.593804e-01 8.204604e-01 1.180609e-01
    outer loop
      vertex   3.301034e+01 -4.075266e+01 2.650000e+00
      vertex   3.312110e+01 -4.077976e+01 2.313535e+00
      vertex   3.293039e+01 -4.064974e+01 2.313535e+00
    endloop
  endfacet
  facet normal 4.275684e-01 8.878549e-01 1.699972e-01
    outer loop
      vertex   3.301034e+01 -4.075266e+01 2.650000e+00
      vertex   3.293039e+01 -4.064974e+01 2.313535e+00
      vertex   3.272244e+01 -4.054959e+01 2.313535e+00
    endloop
  endfacet
  facet normal 4.010203e-01 8.327273e-01 3.817695e-01
    outer loop
      vertex   3.272244e+01 -4.054959e+01 2.313535e+00
      vertex   3.293039e+01 -4.064974e+01 2.313535e+00
      vertex   3.299533e+01 -4.053726e+01 2.000000e+00
    endloop
  endfacet
  facet normal 4.010203e-01 8.327273e-01 3.817695e-01
    outer loop
      vertex   3.272244e+01 -4.054959e+01 2.313535e+00
      vertex   3.299533e+01 -4.053726e+01 2.000000e+00
      vertex   3.276989e+01 -4.042870e+01 2.000000e+00
    endloop
  endfacet
  facet normal 3.445799e-01 7.155275e-01 6.076884e-01
    outer loop
      vertex   3.276989e+01 -4.042870e+01 2.000000e+00
      vertex   3.299533e+01 -4.053726e+01 2.000000e+00
      vertex   3.309863e+01 -4.035835e+01 1.730761e+00
    endloop
  endfacet
  facet normal 3.445799e-01 7.155275e-01 6.076884e-01
    outer loop
      vertex   3.276989e+01 -4.042870e+01 2.000000e+00
      vertex   3.309863e+01 -4.035835e+01 1.730761e+00
      vertex   3.284537e+01 -4.023638e+01 1.730761e+00
    endloop
  endfacet
  facet normal 2.645971e-01 5.494416e-01 7.925291e-01
    outer loop
      vertex   3.284537e+01 -4.023638e+01 1.730761e+00
      vertex   3.309863e+01 -4.035835e+01 1.730761e+00
      vertex   3.323325e+01 -4.012518e+01 1.524167e+00
    endloop
  endfacet
  facet normal 2.645971e-01 5.494416e-01 7.925291e-01
    outer loop
      vertex   3.284537e+01 -4.023638e+01 1.730761e+00
      vertex   3.323325e+01 -4.012518e+01 1.524167e+00
      vertex   3.294373e+01 -3.998576e+01 1.524167e+00
    endloop
  endfacet
  facet normal 1.664373e-01 3.456106e-01 9.234999e-01
    outer loop
      vertex   3.294373e+01 -3.998576e+01 1.524167e+00
      vertex   3.323325e+01 -4.012518e+01 1.524167e+00
      vertex   3.339001e+01 -3.985365e+01 1.394296e+00
    endloop
  endfacet
  facet normal 1.664373e-01 3.456106e-01 9.234999e-01
    outer loop
      vertex   3.294373e+01 -3.998576e+01 1.524167e+00
      vertex   3.339001e+01 -3.985365e+01 1.394296e+00
      vertex   3.305828e+01 -3.969390e+01 1.394296e+00
    endloop
  endfacet
  facet normal 5.596779e-02 1.162183e-01 9.916456e-01
    outer loop
      vertex   3.305828e+01 -3.969390e+01 1.394296e+00
      vertex   3.339001e+01 -3.985365e+01 1.394296e+00
      vertex   3.325872e+01 -3.941246e+01 1.350000e+00
    endloop
  endfacet
  facet normal 4.115986e-02 1.266770e-01 9.910897e-01
    outer loop
      vertex   3.305828e+01 -3.969390e+01 1.394296e+00
      vertex   3.325872e+01 -3.941246e+01 1.350000e+00
      vertex   3.278131e+01 -3.925734e+01 1.350000e+00
    endloop
  endfacet
  facet normal 8.121242e-01 5.605689e-01 1.619161e-01
    outer loop
      vertex   3.348643e+01 -4.129005e+01 2.650000e+00
      vertex   3.343420e+01 -4.111720e+01 2.313535e+00
      vertex   3.328101e+01 -4.099245e+01 2.650000e+00
    endloop
  endfacet
  facet normal 7.758137e-01 6.186908e-01 1.238342e-01
    outer loop
      vertex   3.328101e+01 -4.099245e+01 2.650000e+00
      vertex   3.343420e+01 -4.111720e+01 2.313535e+00
      vertex   3.329030e+01 -4.093675e+01 2.313535e+00
    endloop
  endfacet
  facet normal 6.735915e-01 7.259590e-01 1.387729e-01
    outer loop
      vertex   3.328101e+01 -4.099245e+01 2.650000e+00
      vertex   3.329030e+01 -4.093675e+01 2.313535e+00
      vertex   3.312110e+01 -4.077976e+01 2.313535e+00
    endloop
  endfacet
  facet normal 6.286548e-01 6.775287e-01 3.817695e-01
    outer loop
      vertex   3.312110e+01 -4.077976e+01 2.313535e+00
      vertex   3.329030e+01 -4.093675e+01 2.313535e+00
      vertex   3.338550e+01 -4.084841e+01 2.000000e+00
    endloop
  endfacet
  facet normal 6.286548e-01 6.775287e-01 3.817695e-01
    outer loop
      vertex   3.312110e+01 -4.077976e+01 2.313535e+00
      vertex   3.338550e+01 -4.084841e+01 2.000000e+00
      vertex   3.320207e+01 -4.067822e+01 2.000000e+00
    endloop
  endfacet
  facet normal 5.401766e-01 5.821719e-01 6.076884e-01
    outer loop
      vertex   3.320207e+01 -4.067822e+01 2.000000e+00
      vertex   3.338550e+01 -4.084841e+01 2.000000e+00
      vertex   3.353694e+01 -4.070789e+01 1.730761e+00
    endloop
  endfacet
  facet normal 5.401766e-01 5.821719e-01 6.076884e-01
    outer loop
      vertex   3.320207e+01 -4.067822e+01 2.000000e+00
      vertex   3.353694e+01 -4.070789e+01 1.730761e+00
      vertex   3.333088e+01 -4.051670e+01 1.730761e+00
    endloop
  endfacet
  facet normal 4.147926e-01 4.470401e-01 7.925291e-01
    outer loop
      vertex   3.333088e+01 -4.051670e+01 1.730761e+00
      vertex   3.353694e+01 -4.070789e+01 1.730761e+00
      vertex   3.373431e+01 -4.052476e+01 1.524167e+00
    endloop
  endfacet
  facet normal 4.147926e-01 4.470401e-01 7.925291e-01
    outer loop
      vertex   3.333088e+01 -4.051670e+01 1.730761e+00
      vertex   3.373431e+01 -4.052476e+01 1.524167e+00
      vertex   3.349875e+01 -4.030620e+01 1.524167e+00
    endloop
  endfacet
  facet normal 2.609134e-01 2.811978e-01 9.234999e-01
    outer loop
      vertex   3.349875e+01 -4.030620e+01 1.524167e+00
      vertex   3.373431e+01 -4.052476e+01 1.524167e+00
      vertex   3.396415e+01 -4.031151e+01 1.394296e+00
    endloop
  endfacet
  facet normal 2.609134e-01 2.811978e-01 9.234999e-01
    outer loop
      vertex   3.349875e+01 -4.030620e+01 1.524167e+00
      vertex   3.396415e+01 -4.031151e+01 1.394296e+00
      vertex   3.369424e+01 -4.006107e+01 1.394296e+00
    endloop
  endfacet
  facet normal 8.710683e-02 9.387884e-02 9.917657e-01
    outer loop
      vertex   3.369424e+01 -4.006107e+01 1.394296e+00
      vertex   3.396415e+01 -4.031151e+01 1.394296e+00
      vertex   3.409322e+01 -3.996331e+01 1.350000e+00
    endloop
  endfacet
  facet normal 8.415210e-02 1.055234e-01 9.908498e-01
    outer loop
      vertex   3.369424e+01 -4.006107e+01 1.394296e+00
      vertex   3.409322e+01 -3.996331e+01 1.350000e+00
      vertex   3.370076e+01 -3.965033e+01 1.350000e+00
    endloop
  endfacet
  facet normal 8.596066e-01 4.962941e-01 1.215266e-01
    outer loop
      vertex   3.343420e+01 -4.111720e+01 2.313535e+00
      vertex   3.348643e+01 -4.129005e+01 2.650000e+00
      vertex   3.354961e+01 -4.131709e+01 2.313535e+00
    endloop
  endfacet
  facet normal 9.250649e-01 3.508309e-01 1.455080e-01
    outer loop
      vertex   3.354961e+01 -4.131709e+01 2.313535e+00
      vertex   3.348643e+01 -4.129005e+01 2.650000e+00
      vertex   3.361466e+01 -4.162816e+01 2.650000e+00
    endloop
  endfacet
  facet normal 9.194960e-01 3.608756e-01 1.558713e-01
    outer loop
      vertex   3.354961e+01 -4.131709e+01 2.313535e+00
      vertex   3.361466e+01 -4.162816e+01 2.650000e+00
      vertex   3.363393e+01 -4.153195e+01 2.313535e+00
    endloop
  endfacet
  facet normal 9.680425e-01 2.209494e-01 1.186389e-01
    outer loop
      vertex   3.363393e+01 -4.153195e+01 2.313535e+00
      vertex   3.361466e+01 -4.162816e+01 2.650000e+00
      vertex   3.368529e+01 -4.175697e+01 2.313535e+00
    endloop
  endfacet
  facet normal 9.010845e-01 2.056667e-01 3.817695e-01
    outer loop
      vertex   3.363393e+01 -4.153195e+01 2.313535e+00
      vertex   3.368529e+01 -4.175697e+01 2.313535e+00
      vertex   3.381371e+01 -4.173761e+01 2.000000e+00
    endloop
  endfacet
  facet normal 9.216731e-01 6.906985e-02 3.817695e-01
    outer loop
      vertex   3.381371e+01 -4.173761e+01 2.000000e+00
      vertex   3.368529e+01 -4.175697e+01 2.313535e+00
      vertex   3.383241e+01 -4.198714e+01 2.000000e+00
    endloop
  endfacet
  facet normal 7.919549e-01 5.934882e-02 6.076884e-01
    outer loop
      vertex   3.381371e+01 -4.173761e+01 2.000000e+00
      vertex   3.383241e+01 -4.198714e+01 2.000000e+00
      vertex   3.403901e+01 -4.198714e+01 1.730761e+00
    endloop
  endfacet
  facet normal 7.919549e-01 -5.934882e-02 6.076884e-01
    outer loop
      vertex   3.403901e+01 -4.198714e+01 1.730761e+00
      vertex   3.383241e+01 -4.198714e+01 2.000000e+00
      vertex   3.401800e+01 -4.226745e+01 1.730761e+00
    endloop
  endfacet
  facet normal 6.081289e-01 -4.557296e-02 7.925291e-01
    outer loop
      vertex   3.403901e+01 -4.198714e+01 1.730761e+00
      vertex   3.401800e+01 -4.226745e+01 1.730761e+00
      vertex   3.428423e+01 -4.230758e+01 1.524167e+00
    endloop
  endfacet
  facet normal 5.945443e-01 -1.357009e-01 7.925291e-01
    outer loop
      vertex   3.428423e+01 -4.230758e+01 1.524167e+00
      vertex   3.401800e+01 -4.226745e+01 1.730761e+00
      vertex   3.421273e+01 -4.262086e+01 1.524167e+00
    endloop
  endfacet
  facet normal 3.739812e-01 -8.535876e-02 9.234999e-01
    outer loop
      vertex   3.428423e+01 -4.230758e+01 1.524167e+00
      vertex   3.421273e+01 -4.262086e+01 1.524167e+00
      vertex   3.451233e+01 -4.271328e+01 1.394296e+00
    endloop
  endfacet
  facet normal 3.570820e-01 -1.401444e-01 9.234999e-01
    outer loop
      vertex   3.451233e+01 -4.271328e+01 1.394296e+00
      vertex   3.421273e+01 -4.262086e+01 1.524167e+00
      vertex   3.437782e+01 -4.305602e+01 1.394296e+00
    endloop
  endfacet
  facet normal 1.218383e-01 -4.781800e-02 9.913974e-01
    outer loop
      vertex   3.451233e+01 -4.271328e+01 1.394296e+00
      vertex   3.437782e+01 -4.305602e+01 1.394296e+00
      vertex   3.468096e+01 -4.320201e+01 1.350000e+00
    endloop
  endfacet
  facet normal 1.133505e-01 -6.544297e-02 9.913974e-01
    outer loop
      vertex   3.468096e+01 -4.320201e+01 1.350000e+00
      vertex   3.437782e+01 -4.305602e+01 1.394296e+00
      vertex   3.419371e+01 -4.337489e+01 1.394296e+00
    endloop
  endfacet
  facet normal 1.143420e-01 -6.831619e-02 9.910897e-01
    outer loop
      vertex   3.468096e+01 -4.320201e+01 1.350000e+00
      vertex   3.419371e+01 -4.337489e+01 1.394296e+00
      vertex   3.442349e+01 -4.363293e+01 1.350000e+00
    endloop
  endfacet
  facet normal 1.008505e-01 -8.042557e-02 9.916456e-01
    outer loop
      vertex   3.442349e+01 -4.363293e+01 1.350000e+00
      vertex   3.419371e+01 -4.337489e+01 1.394296e+00
      vertex   3.396415e+01 -4.366277e+01 1.394296e+00
    endloop
  endfacet
  facet normal 1.013044e-01 -8.850702e-02 9.909107e-01
    outer loop
      vertex   3.442349e+01 -4.363293e+01 1.350000e+00
      vertex   3.396415e+01 -4.366277e+01 1.394296e+00
      vertex   3.409322e+01 -4.401096e+01 1.350000e+00
    endloop
  endfacet
  facet normal 8.710683e-02 -9.387884e-02 9.917657e-01
    outer loop
      vertex   3.409322e+01 -4.401096e+01 1.350000e+00
      vertex   3.396415e+01 -4.366277e+01 1.394296e+00
      vertex   3.369424e+01 -4.391321e+01 1.394296e+00
    endloop
  endfacet
  facet normal 8.415210e-02 -1.055234e-01 9.908498e-01
    outer loop
      vertex   3.409322e+01 -4.401096e+01 1.350000e+00
      vertex   3.369424e+01 -4.391321e+01 1.394296e+00
      vertex   3.370076e+01 -4.432394e+01 1.350000e+00
    endloop
  endfacet
  facet normal 7.214201e-02 -1.058129e-01 9.917657e-01
    outer loop
      vertex   3.370076e+01 -4.432394e+01 1.350000e+00
      vertex   3.369424e+01 -4.391321e+01 1.394296e+00
      vertex   3.339001e+01 -4.412062e+01 1.394296e+00
    endloop
  endfacet
  facet normal 6.374560e-02 -1.184592e-01 9.909107e-01
    outer loop
      vertex   3.370076e+01 -4.432394e+01 1.350000e+00
      vertex   3.339001e+01 -4.412062e+01 1.394296e+00
      vertex   3.325872e+01 -4.456181e+01 1.350000e+00
    endloop
  endfacet
  facet normal 5.596779e-02 -1.162183e-01 9.916456e-01
    outer loop
      vertex   3.325872e+01 -4.456181e+01 1.350000e+00
      vertex   3.339001e+01 -4.412062e+01 1.394296e+00
      vertex   3.305828e+01 -4.428038e+01 1.394296e+00
    endloop
  endfacet
  facet normal 4.115986e-02 -1.266770e-01 9.910897e-01
    outer loop
      vertex   3.325872e+01 -4.456181e+01 1.350000e+00
      vertex   3.305828e+01 -4.428038e+01 1.394296e+00
      vertex   3.278131e+01 -4.471693e+01 1.350000e+00
    endloop
  endfacet
  facet normal 3.857931e-02 -1.250710e-01 9.913974e-01
    outer loop
      vertex   3.278131e+01 -4.471693e+01 1.350000e+00
      vertex   3.305828e+01 -4.428038e+01 1.394296e+00
      vertex   3.270643e+01 -4.438890e+01 1.394296e+00
    endloop
  endfacet
  facet normal 1.950754e-02 -1.294240e-01 9.913974e-01
    outer loop
      vertex   3.278131e+01 -4.471693e+01 1.350000e+00
      vertex   3.270643e+01 -4.438890e+01 1.394296e+00
      vertex   3.234235e+01 -4.444378e+01 1.394296e+00
    endloop
  endfacet
  facet normal 5.717243e-02 -3.793143e-01 9.234999e-01
    outer loop
      vertex   3.234235e+01 -4.444378e+01 1.394296e+00
      vertex   3.270643e+01 -4.438890e+01 1.394296e+00
      vertex   3.263667e+01 -4.408323e+01 1.524167e+00
    endloop
  endfacet
  facet normal 5.717243e-02 -3.793143e-01 9.234999e-01
    outer loop
      vertex   3.234235e+01 -4.444378e+01 1.394296e+00
      vertex   3.263667e+01 -4.408323e+01 1.524167e+00
      vertex   3.231892e+01 -4.413112e+01 1.524167e+00
    endloop
  endfacet
  facet normal 9.089106e-02 -6.030228e-01 7.925291e-01
    outer loop
      vertex   3.231892e+01 -4.413112e+01 1.524167e+00
      vertex   3.263667e+01 -4.408323e+01 1.524167e+00
      vertex   3.257676e+01 -4.382074e+01 1.730761e+00
    endloop
  endfacet
  facet normal 9.089106e-02 -6.030228e-01 7.925291e-01
    outer loop
      vertex   3.231892e+01 -4.413112e+01 1.524167e+00
      vertex   3.257676e+01 -4.382074e+01 1.730761e+00
      vertex   3.229880e+01 -4.386264e+01 1.730761e+00
    endloop
  endfacet
  facet normal 1.183657e-01 -7.853053e-01 6.076884e-01
    outer loop
      vertex   3.229880e+01 -4.386264e+01 1.730761e+00
      vertex   3.257676e+01 -4.382074e+01 1.730761e+00
      vertex   3.253078e+01 -4.361933e+01 2.000000e+00
    endloop
  endfacet
  facet normal 1.183657e-01 -7.853053e-01 6.076884e-01
    outer loop
      vertex   3.229880e+01 -4.386264e+01 1.730761e+00
      vertex   3.253078e+01 -4.361933e+01 2.000000e+00
      vertex   3.228336e+01 -4.365662e+01 2.000000e+00
    endloop
  endfacet
  facet normal 1.377534e-01 -9.139344e-01 3.817695e-01
    outer loop
      vertex   3.228336e+01 -4.365662e+01 2.000000e+00
      vertex   3.253078e+01 -4.361933e+01 2.000000e+00
      vertex   3.250188e+01 -4.349271e+01 2.313535e+00
    endloop
  endfacet
  facet normal 1.377534e-01 -9.139344e-01 3.817695e-01
    outer loop
      vertex   3.228336e+01 -4.365662e+01 2.000000e+00
      vertex   3.250188e+01 -4.349271e+01 2.313535e+00
      vertex   3.227365e+01 -4.352711e+01 2.313535e+00
    endloop
  endfacet
  facet normal 1.479690e-01 -9.817100e-01 1.197944e-01
    outer loop
      vertex   3.227365e+01 -4.352711e+01 2.313535e+00
      vertex   3.250188e+01 -4.349271e+01 2.313535e+00
      vertex   3.233905e+01 -4.347620e+01 2.650000e+00
    endloop
  endfacet
  facet normal 0.000000e+00 -9.887436e-01 1.496199e-01
    outer loop
      vertex   3.227365e+01 -4.352711e+01 2.313535e+00
      vertex   3.233905e+01 -4.347620e+01 2.650000e+00
      vertex   3.197744e+01 -4.347620e+01 2.650000e+00
    endloop
  endfacet
  facet normal 9.798935e-01 1.189806e-01 1.601633e-01
    outer loop
      vertex   3.361466e+01 -4.162816e+01 2.650000e+00
      vertex   3.365825e+01 -4.198714e+01 2.650000e+00
      vertex   3.368529e+01 -4.175697e+01 2.313535e+00
    endloop
  endfacet
  facet normal 9.887196e-01 7.409429e-02 1.301674e-01
    outer loop
      vertex   3.368529e+01 -4.175697e+01 2.313535e+00
      vertex   3.365825e+01 -4.198714e+01 2.650000e+00
      vertex   3.370254e+01 -4.198714e+01 2.313535e+00
    endloop
  endfacet
  facet normal 9.216731e-01 6.906985e-02 3.817695e-01
    outer loop
      vertex   3.368529e+01 -4.175697e+01 2.313535e+00
      vertex   3.370254e+01 -4.198714e+01 2.313535e+00
      vertex   3.383241e+01 -4.198714e+01 2.000000e+00
    endloop
  endfacet
  facet normal 9.216731e-01 -6.906985e-02 3.817695e-01
    outer loop
      vertex   3.383241e+01 -4.198714e+01 2.000000e+00
      vertex   3.370254e+01 -4.198714e+01 2.313535e+00
      vertex   3.381371e+01 -4.223666e+01 2.000000e+00
    endloop
  endfacet
  facet normal 7.919549e-01 -5.934882e-02 6.076884e-01
    outer loop
      vertex   3.383241e+01 -4.198714e+01 2.000000e+00
      vertex   3.381371e+01 -4.223666e+01 2.000000e+00
      vertex   3.401800e+01 -4.226745e+01 1.730761e+00
    endloop
  endfacet
  facet normal 7.742639e-01 -1.767207e-01 6.076884e-01
    outer loop
      vertex   3.401800e+01 -4.226745e+01 1.730761e+00
      vertex   3.381371e+01 -4.223666e+01 2.000000e+00
      vertex   3.395545e+01 -4.254150e+01 1.730761e+00
    endloop
  endfacet
  facet normal 5.945443e-01 -1.357009e-01 7.925291e-01
    outer loop
      vertex   3.401800e+01 -4.226745e+01 1.730761e+00
      vertex   3.395545e+01 -4.254150e+01 1.730761e+00
      vertex   3.421273e+01 -4.262086e+01 1.524167e+00
    endloop
  endfacet
  facet normal 5.676786e-01 -2.227974e-01 7.925291e-01
    outer loop
      vertex   3.421273e+01 -4.262086e+01 1.524167e+00
      vertex   3.395545e+01 -4.254150e+01 1.730761e+00
      vertex   3.409533e+01 -4.291999e+01 1.524167e+00
    endloop
  endfacet
  facet normal 3.570820e-01 -1.401444e-01 9.234999e-01
    outer loop
      vertex   3.421273e+01 -4.262086e+01 1.524167e+00
      vertex   3.409533e+01 -4.291999e+01 1.524167e+00
      vertex   3.437782e+01 -4.305602e+01 1.394296e+00
    endloop
  endfacet
  facet normal 3.322063e-01 -1.917994e-01 9.234999e-01
    outer loop
      vertex   3.437782e+01 -4.305602e+01 1.394296e+00
      vertex   3.409533e+01 -4.291999e+01 1.524167e+00
      vertex   3.419371e+01 -4.337489e+01 1.394296e+00
    endloop
  endfacet
  facet normal 9.887196e-01 -7.409429e-02 1.301674e-01
    outer loop
      vertex   3.370254e+01 -4.198714e+01 2.313535e+00
      vertex   3.365825e+01 -4.198714e+01 2.650000e+00
      vertex   3.368529e+01 -4.221730e+01 2.313535e+00
    endloop
  endfacet
  facet normal 9.798935e-01 -1.189806e-01 1.601633e-01
    outer loop
      vertex   3.368529e+01 -4.221730e+01 2.313535e+00
      vertex   3.365825e+01 -4.198714e+01 2.650000e+00
      vertex   3.361466e+01 -4.234611e+01 2.650000e+00
    endloop
  endfacet
  facet normal 9.680425e-01 -2.209494e-01 1.186389e-01
    outer loop
      vertex   3.368529e+01 -4.221730e+01 2.313535e+00
      vertex   3.361466e+01 -4.234611e+01 2.650000e+00
      vertex   3.363393e+01 -4.244232e+01 2.313535e+00
    endloop
  endfacet
  facet normal 9.239874e-01 -3.504222e-01 1.531393e-01
    outer loop
      vertex   3.363393e+01 -4.244232e+01 2.313535e+00
      vertex   3.361466e+01 -4.234611e+01 2.650000e+00
      vertex   3.348643e+01 -4.268422e+01 2.650000e+00
    endloop
  endfacet
  facet normal 9.211829e-01 -3.615377e-01 1.439186e-01
    outer loop
      vertex   3.363393e+01 -4.244232e+01 2.313535e+00
      vertex   3.348643e+01 -4.268422e+01 2.650000e+00
      vertex   3.354961e+01 -4.265718e+01 2.313535e+00
    endloop
  endfacet
  facet normal 8.596066e-01 -4.962941e-01 1.215266e-01
    outer loop
      vertex   3.354961e+01 -4.265718e+01 2.313535e+00
      vertex   3.348643e+01 -4.268422e+01 2.650000e+00
      vertex   3.343420e+01 -4.285707e+01 2.313535e+00
    endloop
  endfacet
  facet normal 8.004305e-01 -4.621288e-01 3.817695e-01
    outer loop
      vertex   3.354961e+01 -4.265718e+01 2.313535e+00
      vertex   3.343420e+01 -4.285707e+01 2.313535e+00
      vertex   3.354151e+01 -4.293023e+01 2.000000e+00
    endloop
  endfacet
  facet normal 7.226137e-01 -5.762652e-01 3.817695e-01
    outer loop
      vertex   3.354151e+01 -4.293023e+01 2.000000e+00
      vertex   3.343420e+01 -4.285707e+01 2.313535e+00
      vertex   3.338550e+01 -4.312586e+01 2.000000e+00
    endloop
  endfacet
  facet normal 6.209115e-01 -4.951604e-01 6.076884e-01
    outer loop
      vertex   3.354151e+01 -4.293023e+01 2.000000e+00
      vertex   3.338550e+01 -4.312586e+01 2.000000e+00
      vertex   3.353694e+01 -4.326638e+01 1.730761e+00
    endloop
  endfacet
  facet normal 5.401766e-01 -5.821719e-01 6.076884e-01
    outer loop
      vertex   3.353694e+01 -4.326638e+01 1.730761e+00
      vertex   3.338550e+01 -4.312586e+01 2.000000e+00
      vertex   3.333088e+01 -4.345757e+01 1.730761e+00
    endloop
  endfacet
  facet normal 4.147926e-01 -4.470401e-01 7.925291e-01
    outer loop
      vertex   3.353694e+01 -4.326638e+01 1.730761e+00
      vertex   3.333088e+01 -4.345757e+01 1.730761e+00
      vertex   3.349875e+01 -4.366807e+01 1.524167e+00
    endloop
  endfacet
  facet normal 3.435318e-01 -5.038686e-01 7.925291e-01
    outer loop
      vertex   3.349875e+01 -4.366807e+01 1.524167e+00
      vertex   3.333088e+01 -4.345757e+01 1.730761e+00
      vertex   3.323325e+01 -4.384909e+01 1.524167e+00
    endloop
  endfacet
  facet normal 2.160889e-01 -3.169442e-01 9.234999e-01
    outer loop
      vertex   3.349875e+01 -4.366807e+01 1.524167e+00
      vertex   3.323325e+01 -4.384909e+01 1.524167e+00
      vertex   3.339001e+01 -4.412062e+01 1.394296e+00
    endloop
  endfacet
  facet normal 1.664373e-01 -3.456106e-01 9.234999e-01
    outer loop
      vertex   3.339001e+01 -4.412062e+01 1.394296e+00
      vertex   3.323325e+01 -4.384909e+01 1.524167e+00
      vertex   3.305828e+01 -4.428038e+01 1.394296e+00
    endloop
  endfacet
  facet normal 8.121242e-01 -5.605689e-01 1.619161e-01
    outer loop
      vertex   3.348643e+01 -4.268422e+01 2.650000e+00
      vertex   3.328101e+01 -4.298182e+01 2.650000e+00
      vertex   3.343420e+01 -4.285707e+01 2.313535e+00
    endloop
  endfacet
  facet normal 7.758137e-01 -6.186908e-01 1.238342e-01
    outer loop
      vertex   3.343420e+01 -4.285707e+01 2.313535e+00
      vertex   3.328101e+01 -4.298182e+01 2.650000e+00
      vertex   3.329030e+01 -4.303752e+01 2.313535e+00
    endloop
  endfacet
  facet normal 7.226137e-01 -5.762652e-01 3.817695e-01
    outer loop
      vertex   3.343420e+01 -4.285707e+01 2.313535e+00
      vertex   3.329030e+01 -4.303752e+01 2.313535e+00
      vertex   3.338550e+01 -4.312586e+01 2.000000e+00
    endloop
  endfacet
  facet normal 6.286548e-01 -6.775287e-01 3.817695e-01
    outer loop
      vertex   3.338550e+01 -4.312586e+01 2.000000e+00
      vertex   3.329030e+01 -4.303752e+01 2.313535e+00
      vertex   3.320207e+01 -4.329605e+01 2.000000e+00
    endloop
  endfacet
  facet normal 5.401766e-01 -5.821719e-01 6.076884e-01
    outer loop
      vertex   3.338550e+01 -4.312586e+01 2.000000e+00
      vertex   3.320207e+01 -4.329605e+01 2.000000e+00
      vertex   3.333088e+01 -4.345757e+01 1.730761e+00
    endloop
  endfacet
  facet normal 4.473750e-01 -6.561787e-01 6.076884e-01
    outer loop
      vertex   3.333088e+01 -4.345757e+01 1.730761e+00
      vertex   3.320207e+01 -4.329605e+01 2.000000e+00
      vertex   3.309863e+01 -4.361592e+01 1.730761e+00
    endloop
  endfacet
  facet normal 3.435318e-01 -5.038686e-01 7.925291e-01
    outer loop
      vertex   3.333088e+01 -4.345757e+01 1.730761e+00
      vertex   3.309863e+01 -4.361592e+01 1.730761e+00
      vertex   3.323325e+01 -4.384909e+01 1.524167e+00
    endloop
  endfacet
  facet normal 2.645971e-01 -5.494416e-01 7.925291e-01
    outer loop
      vertex   3.323325e+01 -4.384909e+01 1.524167e+00
      vertex   3.309863e+01 -4.361592e+01 1.730761e+00
      vertex   3.294373e+01 -4.398851e+01 1.524167e+00
    endloop
  endfacet
  facet normal 1.664373e-01 -3.456106e-01 9.234999e-01
    outer loop
      vertex   3.323325e+01 -4.384909e+01 1.524167e+00
      vertex   3.294373e+01 -4.398851e+01 1.524167e+00
      vertex   3.305828e+01 -4.428038e+01 1.394296e+00
    endloop
  endfacet
  facet normal 1.130677e-01 -3.665566e-01 9.234999e-01
    outer loop
      vertex   3.305828e+01 -4.428038e+01 1.394296e+00
      vertex   3.294373e+01 -4.398851e+01 1.524167e+00
      vertex   3.270643e+01 -4.438890e+01 1.394296e+00
    endloop
  endfacet
  facet normal 6.565166e-01 -7.410540e-01 1.408009e-01
    outer loop
      vertex   3.328101e+01 -4.298182e+01 2.650000e+00
      vertex   3.301034e+01 -4.322161e+01 2.650000e+00
      vertex   3.329030e+01 -4.303752e+01 2.313535e+00
    endloop
  endfacet
  facet normal 6.711136e-01 -7.232885e-01 1.626662e-01
    outer loop
      vertex   3.329030e+01 -4.303752e+01 2.313535e+00
      vertex   3.301034e+01 -4.322161e+01 2.650000e+00
      vertex   3.312110e+01 -4.319452e+01 2.313535e+00
    endloop
  endfacet
  facet normal 6.286548e-01 -6.775287e-01 3.817695e-01
    outer loop
      vertex   3.329030e+01 -4.303752e+01 2.313535e+00
      vertex   3.312110e+01 -4.319452e+01 2.313535e+00
      vertex   3.320207e+01 -4.329605e+01 2.000000e+00
    endloop
  endfacet
  facet normal 5.206528e-01 -7.636574e-01 3.817695e-01
    outer loop
      vertex   3.320207e+01 -4.329605e+01 2.000000e+00
      vertex   3.312110e+01 -4.319452e+01 2.313535e+00
      vertex   3.299533e+01 -4.343701e+01 2.000000e+00
    endloop
  endfacet
  facet normal 4.473750e-01 -6.561787e-01 6.076884e-01
    outer loop
      vertex   3.320207e+01 -4.329605e+01 2.000000e+00
      vertex   3.299533e+01 -4.343701e+01 2.000000e+00
      vertex   3.309863e+01 -4.361592e+01 1.730761e+00
    endloop
  endfacet
  facet normal 3.445799e-01 -7.155275e-01 6.076884e-01
    outer loop
      vertex   3.309863e+01 -4.361592e+01 1.730761e+00
      vertex   3.299533e+01 -4.343701e+01 2.000000e+00
      vertex   3.284537e+01 -4.373789e+01 1.730761e+00
    endloop
  endfacet
  facet normal 2.645971e-01 -5.494416e-01 7.925291e-01
    outer loop
      vertex   3.309863e+01 -4.361592e+01 1.730761e+00
      vertex   3.284537e+01 -4.373789e+01 1.730761e+00
      vertex   3.294373e+01 -4.398851e+01 1.524167e+00
    endloop
  endfacet
  facet normal 1.797518e-01 -5.827409e-01 7.925291e-01
    outer loop
      vertex   3.294373e+01 -4.398851e+01 1.524167e+00
      vertex   3.284537e+01 -4.373789e+01 1.730761e+00
      vertex   3.263667e+01 -4.408323e+01 1.524167e+00
    endloop
  endfacet
  facet normal 1.130677e-01 -3.665566e-01 9.234999e-01
    outer loop
      vertex   3.294373e+01 -4.398851e+01 1.524167e+00
      vertex   3.263667e+01 -4.408323e+01 1.524167e+00
      vertex   3.270643e+01 -4.438890e+01 1.394296e+00
    endloop
  endfacet
  facet normal 5.593804e-01 -8.204604e-01 1.180609e-01
    outer loop
      vertex   3.312110e+01 -4.319452e+01 2.313535e+00
      vertex   3.301034e+01 -4.322161e+01 2.650000e+00
      vertex   3.293039e+01 -4.332454e+01 2.313535e+00
    endloop
  endfacet
  facet normal 4.588554e-01 -8.742759e-01 1.584092e-01
    outer loop
      vertex   3.293039e+01 -4.332454e+01 2.313535e+00
      vertex   3.301034e+01 -4.322161e+01 2.650000e+00
      vertex   3.269015e+01 -4.338966e+01 2.650000e+00
    endloop
  endfacet
  facet normal 4.299597e-01 -8.928204e-01 1.341878e-01
    outer loop
      vertex   3.293039e+01 -4.332454e+01 2.313535e+00
      vertex   3.269015e+01 -4.338966e+01 2.650000e+00
      vertex   3.272244e+01 -4.342468e+01 2.313535e+00
    endloop
  endfacet
  facet normal 2.923792e-01 -9.478701e-01 1.267152e-01
    outer loop
      vertex   3.272244e+01 -4.342468e+01 2.313535e+00
      vertex   3.269015e+01 -4.338966e+01 2.650000e+00
      vertex   3.250188e+01 -4.349271e+01 2.313535e+00
    endloop
  endfacet
  facet normal 2.724297e-01 -8.831954e-01 3.817695e-01
    outer loop
      vertex   3.272244e+01 -4.342468e+01 2.313535e+00
      vertex   3.250188e+01 -4.349271e+01 2.313535e+00
      vertex   3.253078e+01 -4.361933e+01 2.000000e+00
    endloop
  endfacet
  facet normal 2.361807e-01 -9.582227e-01 1.613320e-01
    outer loop
      vertex   3.269015e+01 -4.338966e+01 2.650000e+00
      vertex   3.233905e+01 -4.347620e+01 2.650000e+00
      vertex   3.250188e+01 -4.349271e+01 2.313535e+00
    endloop
  endfacet
  facet normal -2.361807e-01 -9.582227e-01 1.613320e-01
    outer loop
      vertex   3.162634e+01 -4.338966e+01 2.650000e+00
      vertex   3.181461e+01 -4.349271e+01 2.313535e+00
      vertex   3.197744e+01 -4.347620e+01 2.650000e+00
    endloop
  endfacet
  facet normal -1.479690e-01 -9.817100e-01 1.197944e-01
    outer loop
      vertex   3.197744e+01 -4.347620e+01 2.650000e+00
      vertex   3.181461e+01 -4.349271e+01 2.313535e+00
      vertex   3.204284e+01 -4.352711e+01 2.313535e+00
    endloop
  endfacet
  facet normal 0.000000e+00 -9.887436e-01 1.496199e-01
    outer loop
      vertex   3.197744e+01 -4.347620e+01 2.650000e+00
      vertex   3.204284e+01 -4.352711e+01 2.313535e+00
      vertex   3.227365e+01 -4.352711e+01 2.313535e+00
    endloop
  endfacet
  facet normal 0.000000e+00 -9.242576e-01 3.817695e-01
    outer loop
      vertex   3.227365e+01 -4.352711e+01 2.313535e+00
      vertex   3.204284e+01 -4.352711e+01 2.313535e+00
      vertex   3.203314e+01 -4.365662e+01 2.000000e+00
    endloop
  endfacet
  facet normal 0.000000e+00 -9.242576e-01 3.817695e-01
    outer loop
      vertex   3.227365e+01 -4.352711e+01 2.313535e+00
      vertex   3.203314e+01 -4.365662e+01 2.000000e+00
      vertex   3.228336e+01 -4.365662e+01 2.000000e+00
    endloop
  endfacet
  facet normal 0.000000e+00 -7.941756e-01 6.076884e-01
    outer loop
      vertex   3.228336e+01 -4.365662e+01 2.000000e+00
      vertex   3.203314e+01 -4.365662e+01 2.000000e+00
      vertex   3.201770e+01 -4.386264e+01 1.730761e+00
    endloop
  endfacet
  facet normal 0.000000e+00 -7.941756e-01 6.076884e-01
    outer loop
      vertex   3.228336e+01 -4.365662e+01 2.000000e+00
      vertex   3.201770e+01 -4.386264e+01 1.730761e+00
      vertex   3.229880e+01 -4.386264e+01 1.730761e+00
    endloop
  endfacet
  facet normal 0.000000e+00 -6.098342e-01 7.925291e-01
    outer loop
      vertex   3.229880e+01 -4.386264e+01 1.730761e+00
      vertex   3.201770e+01 -4.386264e+01 1.730761e+00
      vertex   3.199758e+01 -4.413112e+01 1.524167e+00
    endloop
  endfacet
  facet normal 0.000000e+00 -6.098342e-01 7.925291e-01
    outer loop
      vertex   3.229880e+01 -4.386264e+01 1.730761e+00
      vertex   3.199758e+01 -4.413112e+01 1.524167e+00
      vertex   3.231892e+01 -4.413112e+01 1.524167e+00
    endloop
  endfacet
  facet normal 0.000000e+00 -3.835988e-01 9.234999e-01
    outer loop
      vertex   3.231892e+01 -4.413112e+01 1.524167e+00
      vertex   3.199758e+01 -4.413112e+01 1.524167e+00
      vertex   3.197415e+01 -4.444378e+01 1.394296e+00
    endloop
  endfacet
  facet normal 0.000000e+00 -3.835988e-01 9.234999e-01
    outer loop
      vertex   3.231892e+01 -4.413112e+01 1.524167e+00
      vertex   3.197415e+01 -4.444378e+01 1.394296e+00
      vertex   3.234235e+01 -4.444378e+01 1.394296e+00
    endloop
  endfacet
  facet normal 0.000000e+00 -1.289926e-01 9.916456e-01
    outer loop
      vertex   3.234235e+01 -4.444378e+01 1.394296e+00
      vertex   3.197415e+01 -4.444378e+01 1.394296e+00
      vertex   3.228387e+01 -4.478432e+01 1.350000e+00
    endloop
  endfacet
  facet normal 1.787935e-02 -1.319907e-01 9.910897e-01
    outer loop
      vertex   3.234235e+01 -4.444378e+01 1.394296e+00
      vertex   3.228387e+01 -4.478432e+01 1.350000e+00
      vertex   3.278131e+01 -4.471693e+01 1.350000e+00
    endloop
  endfacet
  facet normal -2.923792e-01 -9.478701e-01 1.267152e-01
    outer loop
      vertex   3.181461e+01 -4.349271e+01 2.313535e+00
      vertex   3.162634e+01 -4.338966e+01 2.650000e+00
      vertex   3.159405e+01 -4.342468e+01 2.313535e+00
    endloop
  endfacet
  facet normal -4.604374e-01 -8.772903e-01 1.354960e-01
    outer loop
      vertex   3.159405e+01 -4.342468e+01 2.313535e+00
      vertex   3.162634e+01 -4.338966e+01 2.650000e+00
      vertex   3.130615e+01 -4.322161e+01 2.650000e+00
    endloop
  endfacet
  facet normal -4.275684e-01 -8.878549e-01 1.699972e-01
    outer loop
      vertex   3.159405e+01 -4.342468e+01 2.313535e+00
      vertex   3.130615e+01 -4.322161e+01 2.650000e+00
      vertex   3.138610e+01 -4.332454e+01 2.313535e+00
    endloop
  endfacet
  facet normal -5.593804e-01 -8.204604e-01 1.180609e-01
    outer loop
      vertex   3.138610e+01 -4.332454e+01 2.313535e+00
      vertex   3.130615e+01 -4.322161e+01 2.650000e+00
      vertex   3.119539e+01 -4.319452e+01 2.313535e+00
    endloop
  endfacet
  facet normal -5.206528e-01 -7.636574e-01 3.817695e-01
    outer loop
      vertex   3.138610e+01 -4.332454e+01 2.313535e+00
      vertex   3.119539e+01 -4.319452e+01 2.313535e+00
      vertex   3.111442e+01 -4.329605e+01 2.000000e+00
    endloop
  endfacet
  facet normal -6.286548e-01 -6.775287e-01 3.817695e-01
    outer loop
      vertex   3.111442e+01 -4.329605e+01 2.000000e+00
      vertex   3.119539e+01 -4.319452e+01 2.313535e+00
      vertex   3.093100e+01 -4.312586e+01 2.000000e+00
    endloop
  endfacet
  facet normal -5.401766e-01 -5.821719e-01 6.076884e-01
    outer loop
      vertex   3.111442e+01 -4.329605e+01 2.000000e+00
      vertex   3.093100e+01 -4.312586e+01 2.000000e+00
      vertex   3.077955e+01 -4.326638e+01 1.730761e+00
    endloop
  endfacet
  facet normal -6.209115e-01 -4.951604e-01 6.076884e-01
    outer loop
      vertex   3.077955e+01 -4.326638e+01 1.730761e+00
      vertex   3.093100e+01 -4.312586e+01 2.000000e+00
      vertex   3.060429e+01 -4.304661e+01 1.730761e+00
    endloop
  endfacet
  facet normal -4.767875e-01 -3.802254e-01 7.925291e-01
    outer loop
      vertex   3.077955e+01 -4.326638e+01 1.730761e+00
      vertex   3.060429e+01 -4.304661e+01 1.730761e+00
      vertex   3.038183e+01 -4.319827e+01 1.524167e+00
    endloop
  endfacet
  facet normal -5.281319e-01 -3.049171e-01 7.925291e-01
    outer loop
      vertex   3.038183e+01 -4.319827e+01 1.524167e+00
      vertex   3.060429e+01 -4.304661e+01 1.730761e+00
      vertex   3.022116e+01 -4.291999e+01 1.524167e+00
    endloop
  endfacet
  facet normal -3.322063e-01 -1.917994e-01 9.234999e-01
    outer loop
      vertex   3.038183e+01 -4.319827e+01 1.524167e+00
      vertex   3.022116e+01 -4.291999e+01 1.524167e+00
      vertex   2.993868e+01 -4.305602e+01 1.394296e+00
    endloop
  endfacet
  facet normal -3.570820e-01 -1.401444e-01 9.234999e-01
    outer loop
      vertex   2.993868e+01 -4.305602e+01 1.394296e+00
      vertex   3.022116e+01 -4.291999e+01 1.524167e+00
      vertex   2.980416e+01 -4.271328e+01 1.394296e+00
    endloop
  endfacet
  facet normal -1.192130e-01 -4.678767e-02 9.917657e-01
    outer loop
      vertex   2.993868e+01 -4.305602e+01 1.394296e+00
      vertex   2.980416e+01 -4.271328e+01 1.394296e+00
      vertex   2.953679e+01 -4.297099e+01 1.350000e+00
    endloop
  endfacet
  facet normal -1.296739e-01 -3.578772e-02 9.909107e-01
    outer loop
      vertex   2.953679e+01 -4.297099e+01 1.350000e+00
      vertex   2.980416e+01 -4.271328e+01 1.394296e+00
      vertex   2.940324e+01 -4.248709e+01 1.350000e+00
    endloop
  endfacet
  facet normal -1.257585e-01 -2.870356e-02 9.916456e-01
    outer loop
      vertex   2.940324e+01 -4.248709e+01 1.350000e+00
      vertex   2.980416e+01 -4.271328e+01 1.394296e+00
      vertex   2.972223e+01 -4.235431e+01 1.394296e+00
    endloop
  endfacet
  facet normal -6.549969e-01 -7.393387e-01 1.560684e-01
    outer loop
      vertex   3.130615e+01 -4.322161e+01 2.650000e+00
      vertex   3.103548e+01 -4.298182e+01 2.650000e+00
      vertex   3.119539e+01 -4.319452e+01 2.313535e+00
    endloop
  endfacet
  facet normal -6.735915e-01 -7.259590e-01 1.387729e-01
    outer loop
      vertex   3.119539e+01 -4.319452e+01 2.313535e+00
      vertex   3.103548e+01 -4.298182e+01 2.650000e+00
      vertex   3.102620e+01 -4.303752e+01 2.313535e+00
    endloop
  endfacet
  facet normal -6.286548e-01 -6.775287e-01 3.817695e-01
    outer loop
      vertex   3.119539e+01 -4.319452e+01 2.313535e+00
      vertex   3.102620e+01 -4.303752e+01 2.313535e+00
      vertex   3.093100e+01 -4.312586e+01 2.000000e+00
    endloop
  endfacet
  facet normal -7.226137e-01 -5.762652e-01 3.817695e-01
    outer loop
      vertex   3.093100e+01 -4.312586e+01 2.000000e+00
      vertex   3.102620e+01 -4.303752e+01 2.313535e+00
      vertex   3.077498e+01 -4.293023e+01 2.000000e+00
    endloop
  endfacet
  facet normal -6.209115e-01 -4.951604e-01 6.076884e-01
    outer loop
      vertex   3.093100e+01 -4.312586e+01 2.000000e+00
      vertex   3.077498e+01 -4.293023e+01 2.000000e+00
      vertex   3.060429e+01 -4.304661e+01 1.730761e+00
    endloop
  endfacet
  facet normal -6.877762e-01 -3.970878e-01 6.076884e-01
    outer loop
      vertex   3.060429e+01 -4.304661e+01 1.730761e+00
      vertex   3.077498e+01 -4.293023e+01 2.000000e+00
      vertex   3.046374e+01 -4.280317e+01 1.730761e+00
    endloop
  endfacet
  facet normal -5.281319e-01 -3.049171e-01 7.925291e-01
    outer loop
      vertex   3.060429e+01 -4.304661e+01 1.730761e+00
      vertex   3.046374e+01 -4.280317e+01 1.730761e+00
      vertex   3.022116e+01 -4.291999e+01 1.524167e+00
    endloop
  endfacet
  facet normal -5.676786e-01 -2.227974e-01 7.925291e-01
    outer loop
      vertex   3.022116e+01 -4.291999e+01 1.524167e+00
      vertex   3.046374e+01 -4.280317e+01 1.730761e+00
      vertex   3.010377e+01 -4.262086e+01 1.524167e+00
    endloop
  endfacet
  facet normal -3.570820e-01 -1.401444e-01 9.234999e-01
    outer loop
      vertex   3.022116e+01 -4.291999e+01 1.524167e+00
      vertex   3.010377e+01 -4.262086e+01 1.524167e+00
      vertex   2.980416e+01 -4.271328e+01 1.394296e+00
    endloop
  endfacet
  facet normal -3.739812e-01 -8.535876e-02 9.234999e-01
    outer loop
      vertex   2.980416e+01 -4.271328e+01 1.394296e+00
      vertex   3.010377e+01 -4.262086e+01 1.524167e+00
      vertex   2.972223e+01 -4.235431e+01 1.394296e+00
    endloop
  endfacet
  facet normal -7.758137e-01 -6.186908e-01 1.238342e-01
    outer loop
      vertex   3.102620e+01 -4.303752e+01 2.313535e+00
      vertex   3.103548e+01 -4.298182e+01 2.650000e+00
      vertex   3.088229e+01 -4.285707e+01 2.313535e+00
    endloop
  endfacet
  facet normal -8.121242e-01 -5.605689e-01 1.619161e-01
    outer loop
      vertex   3.088229e+01 -4.285707e+01 2.313535e+00
      vertex   3.103548e+01 -4.298182e+01 2.650000e+00
      vertex   3.083006e+01 -4.268422e+01 2.650000e+00
    endloop
  endfacet
  facet normal -8.596066e-01 -4.962941e-01 1.215266e-01
    outer loop
      vertex   3.088229e+01 -4.285707e+01 2.313535e+00
      vertex   3.083006e+01 -4.268422e+01 2.650000e+00
      vertex   3.076688e+01 -4.265718e+01 2.313535e+00
    endloop
  endfacet
  facet normal -9.250649e-01 -3.508309e-01 1.455080e-01
    outer loop
      vertex   3.076688e+01 -4.265718e+01 2.313535e+00
      vertex   3.083006e+01 -4.268422e+01 2.650000e+00
      vertex   3.070183e+01 -4.234611e+01 2.650000e+00
    endloop
  endfacet
  facet normal -9.194960e-01 -3.608756e-01 1.558713e-01
    outer loop
      vertex   3.076688e+01 -4.265718e+01 2.313535e+00
      vertex   3.070183e+01 -4.234611e+01 2.650000e+00
      vertex   3.068256e+01 -4.244232e+01 2.313535e+00
    endloop
  endfacet
  facet normal -9.680425e-01 -2.209494e-01 1.186389e-01
    outer loop
      vertex   3.068256e+01 -4.244232e+01 2.313535e+00
      vertex   3.070183e+01 -4.234611e+01 2.650000e+00
      vertex   3.063120e+01 -4.221730e+01 2.313535e+00
    endloop
  endfacet
  facet normal -9.010845e-01 -2.056667e-01 3.817695e-01
    outer loop
      vertex   3.068256e+01 -4.244232e+01 2.313535e+00
      vertex   3.063120e+01 -4.221730e+01 2.313535e+00
      vertex   3.050278e+01 -4.223666e+01 2.000000e+00
    endloop
  endfacet
  facet normal -9.798935e-01 -1.189806e-01 1.601633e-01
    outer loop
      vertex   3.070183e+01 -4.234611e+01 2.650000e+00
      vertex   3.065825e+01 -4.198714e+01 2.650000e+00
      vertex   3.063120e+01 -4.221730e+01 2.313535e+00
    endloop
  endfacet
  facet normal -1.216033e-01 -5.856107e-02 9.908498e-01
    outer loop
      vertex   2.953679e+01 -4.297099e+01 1.350000e+00
      vertex   2.975459e+01 -4.342325e+01 1.350000e+00
      vertex   2.993868e+01 -4.305602e+01 1.394296e+00
    endloop
  endfacet
  facet normal -1.109082e-01 -6.403288e-02 9.917657e-01
    outer loop
      vertex   2.993868e+01 -4.305602e+01 1.394296e+00
      vertex   2.975459e+01 -4.342325e+01 1.350000e+00
      vertex   3.012278e+01 -4.337489e+01 1.394296e+00
    endloop
  endfacet
  facet normal -3.322063e-01 -1.917994e-01 9.234999e-01
    outer loop
      vertex   2.993868e+01 -4.305602e+01 1.394296e+00
      vertex   3.012278e+01 -4.337489e+01 1.394296e+00
      vertex   3.038183e+01 -4.319827e+01 1.524167e+00
    endloop
  endfacet
  facet normal -2.999096e-01 -2.391699e-01 9.234999e-01
    outer loop
      vertex   3.038183e+01 -4.319827e+01 1.524167e+00
      vertex   3.012278e+01 -4.337489e+01 1.394296e+00
      vertex   3.058219e+01 -4.344951e+01 1.524167e+00
    endloop
  endfacet
  facet normal -4.767875e-01 -3.802254e-01 7.925291e-01
    outer loop
      vertex   3.038183e+01 -4.319827e+01 1.524167e+00
      vertex   3.058219e+01 -4.344951e+01 1.524167e+00
      vertex   3.077955e+01 -4.326638e+01 1.730761e+00
    endloop
  endfacet
  facet normal -4.147926e-01 -4.470401e-01 7.925291e-01
    outer loop
      vertex   3.077955e+01 -4.326638e+01 1.730761e+00
      vertex   3.058219e+01 -4.344951e+01 1.524167e+00
      vertex   3.098561e+01 -4.345757e+01 1.730761e+00
    endloop
  endfacet
  facet normal -5.401766e-01 -5.821719e-01 6.076884e-01
    outer loop
      vertex   3.077955e+01 -4.326638e+01 1.730761e+00
      vertex   3.098561e+01 -4.345757e+01 1.730761e+00
      vertex   3.111442e+01 -4.329605e+01 2.000000e+00
    endloop
  endfacet
  facet normal -4.473750e-01 -6.561787e-01 6.076884e-01
    outer loop
      vertex   3.111442e+01 -4.329605e+01 2.000000e+00
      vertex   3.098561e+01 -4.345757e+01 1.730761e+00
      vertex   3.132116e+01 -4.343701e+01 2.000000e+00
    endloop
  endfacet
  facet normal -5.206528e-01 -7.636574e-01 3.817695e-01
    outer loop
      vertex   3.111442e+01 -4.329605e+01 2.000000e+00
      vertex   3.132116e+01 -4.343701e+01 2.000000e+00
      vertex   3.138610e+01 -4.332454e+01 2.313535e+00
    endloop
  endfacet
  facet normal -4.010203e-01 -8.327273e-01 3.817695e-01
    outer loop
      vertex   3.138610e+01 -4.332454e+01 2.313535e+00
      vertex   3.132116e+01 -4.343701e+01 2.000000e+00
      vertex   3.159405e+01 -4.342468e+01 2.313535e+00
    endloop
  endfacet
  facet normal -1.088303e-01 -7.906985e-02 9.909107e-01
    outer loop
      vertex   2.975459e+01 -4.342325e+01 1.350000e+00
      vertex   3.004965e+01 -4.382936e+01 1.350000e+00
      vertex   3.012278e+01 -4.337489e+01 1.394296e+00
    endloop
  endfacet
  facet normal -1.008505e-01 -8.042557e-02 9.916456e-01
    outer loop
      vertex   3.012278e+01 -4.337489e+01 1.394296e+00
      vertex   3.004965e+01 -4.382936e+01 1.350000e+00
      vertex   3.035235e+01 -4.366277e+01 1.394296e+00
    endloop
  endfacet
  facet normal -2.999096e-01 -2.391699e-01 9.234999e-01
    outer loop
      vertex   3.012278e+01 -4.337489e+01 1.394296e+00
      vertex   3.035235e+01 -4.366277e+01 1.394296e+00
      vertex   3.058219e+01 -4.344951e+01 1.524167e+00
    endloop
  endfacet
  facet normal -2.609134e-01 -2.811978e-01 9.234999e-01
    outer loop
      vertex   3.058219e+01 -4.344951e+01 1.524167e+00
      vertex   3.035235e+01 -4.366277e+01 1.394296e+00
      vertex   3.081774e+01 -4.366807e+01 1.524167e+00
    endloop
  endfacet
  facet normal -4.147926e-01 -4.470401e-01 7.925291e-01
    outer loop
      vertex   3.058219e+01 -4.344951e+01 1.524167e+00
      vertex   3.081774e+01 -4.366807e+01 1.524167e+00
      vertex   3.098561e+01 -4.345757e+01 1.730761e+00
    endloop
  endfacet
  facet normal -3.435318e-01 -5.038686e-01 7.925291e-01
    outer loop
      vertex   3.098561e+01 -4.345757e+01 1.730761e+00
      vertex   3.081774e+01 -4.366807e+01 1.524167e+00
      vertex   3.121787e+01 -4.361592e+01 1.730761e+00
    endloop
  endfacet
  facet normal -4.473750e-01 -6.561787e-01 6.076884e-01
    outer loop
      vertex   3.098561e+01 -4.345757e+01 1.730761e+00
      vertex   3.121787e+01 -4.361592e+01 1.730761e+00
      vertex   3.132116e+01 -4.343701e+01 2.000000e+00
    endloop
  endfacet
  facet normal -3.445799e-01 -7.155275e-01 6.076884e-01
    outer loop
      vertex   3.132116e+01 -4.343701e+01 2.000000e+00
      vertex   3.121787e+01 -4.361592e+01 1.730761e+00
      vertex   3.154660e+01 -4.354557e+01 2.000000e+00
    endloop
  endfacet
  facet normal -4.010203e-01 -8.327273e-01 3.817695e-01
    outer loop
      vertex   3.132116e+01 -4.343701e+01 2.000000e+00
      vertex   3.154660e+01 -4.354557e+01 2.000000e+00
      vertex   3.159405e+01 -4.342468e+01 2.313535e+00
    endloop
  endfacet
  facet normal -2.724297e-01 -8.831954e-01 3.817695e-01
    outer loop
      vertex   3.159405e+01 -4.342468e+01 2.313535e+00
      vertex   3.154660e+01 -4.354557e+01 2.000000e+00
      vertex   3.181461e+01 -4.349271e+01 2.313535e+00
    endloop
  endfacet
  facet normal -9.204686e-02 -9.627347e-02 9.910897e-01
    outer loop
      vertex   3.004965e+01 -4.382936e+01 1.350000e+00
      vertex   3.041248e+01 -4.417626e+01 1.350000e+00
      vertex   3.035235e+01 -4.366277e+01 1.394296e+00
    endloop
  endfacet
  facet normal -8.902504e-02 -9.594618e-02 9.913974e-01
    outer loop
      vertex   3.035235e+01 -4.366277e+01 1.394296e+00
      vertex   3.041248e+01 -4.417626e+01 1.350000e+00
      vertex   3.062226e+01 -4.391321e+01 1.394296e+00
    endloop
  endfacet
  facet normal -2.609134e-01 -2.811978e-01 9.234999e-01
    outer loop
      vertex   3.035235e+01 -4.366277e+01 1.394296e+00
      vertex   3.062226e+01 -4.391321e+01 1.394296e+00
      vertex   3.081774e+01 -4.366807e+01 1.524167e+00
    endloop
  endfacet
  facet normal -2.160889e-01 -3.169442e-01 9.234999e-01
    outer loop
      vertex   3.081774e+01 -4.366807e+01 1.524167e+00
      vertex   3.062226e+01 -4.391321e+01 1.394296e+00
      vertex   3.108325e+01 -4.384909e+01 1.524167e+00
    endloop
  endfacet
  facet normal -3.435318e-01 -5.038686e-01 7.925291e-01
    outer loop
      vertex   3.081774e+01 -4.366807e+01 1.524167e+00
      vertex   3.108325e+01 -4.384909e+01 1.524167e+00
      vertex   3.121787e+01 -4.361592e+01 1.730761e+00
    endloop
  endfacet
  facet normal -2.645971e-01 -5.494416e-01 7.925291e-01
    outer loop
      vertex   3.121787e+01 -4.361592e+01 1.730761e+00
      vertex   3.108325e+01 -4.384909e+01 1.524167e+00
      vertex   3.147113e+01 -4.373789e+01 1.730761e+00
    endloop
  endfacet
  facet normal -3.445799e-01 -7.155275e-01 6.076884e-01
    outer loop
      vertex   3.121787e+01 -4.361592e+01 1.730761e+00
      vertex   3.147113e+01 -4.373789e+01 1.730761e+00
      vertex   3.154660e+01 -4.354557e+01 2.000000e+00
    endloop
  endfacet
  facet normal -2.340874e-01 -7.588926e-01 6.076884e-01
    outer loop
      vertex   3.154660e+01 -4.354557e+01 2.000000e+00
      vertex   3.147113e+01 -4.373789e+01 1.730761e+00
      vertex   3.178571e+01 -4.361933e+01 2.000000e+00
    endloop
  endfacet
  facet normal -2.724297e-01 -8.831954e-01 3.817695e-01
    outer loop
      vertex   3.154660e+01 -4.354557e+01 2.000000e+00
      vertex   3.178571e+01 -4.361933e+01 2.000000e+00
      vertex   3.181461e+01 -4.349271e+01 2.313535e+00
    endloop
  endfacet
  facet normal -1.377534e-01 -9.139344e-01 3.817695e-01
    outer loop
      vertex   3.181461e+01 -4.349271e+01 2.313535e+00
      vertex   3.178571e+01 -4.361933e+01 2.000000e+00
      vertex   3.204284e+01 -4.352711e+01 2.313535e+00
    endloop
  endfacet
  facet normal -7.373067e-02 -1.081430e-01 9.913974e-01
    outer loop
      vertex   3.062226e+01 -4.391321e+01 1.394296e+00
      vertex   3.041248e+01 -4.417626e+01 1.350000e+00
      vertex   3.092648e+01 -4.412062e+01 1.394296e+00
    endloop
  endfacet
  facet normal -7.337734e-02 -1.111619e-01 9.910897e-01
    outer loop
      vertex   3.092648e+01 -4.412062e+01 1.394296e+00
      vertex   3.041248e+01 -4.417626e+01 1.350000e+00
      vertex   3.083141e+01 -4.445280e+01 1.350000e+00
    endloop
  endfacet
  facet normal -5.596779e-02 -1.162183e-01 9.916456e-01
    outer loop
      vertex   3.092648e+01 -4.412062e+01 1.394296e+00
      vertex   3.083141e+01 -4.445280e+01 1.350000e+00
      vertex   3.125822e+01 -4.428038e+01 1.394296e+00
    endloop
  endfacet
  facet normal -5.287038e-02 -1.236964e-01 9.909107e-01
    outer loop
      vertex   3.125822e+01 -4.428038e+01 1.394296e+00
      vertex   3.083141e+01 -4.445280e+01 1.350000e+00
      vertex   3.129300e+01 -4.465009e+01 1.350000e+00
    endloop
  endfacet
  facet normal -3.774804e-02 -1.223762e-01 9.917657e-01
    outer loop
      vertex   3.125822e+01 -4.428038e+01 1.394296e+00
      vertex   3.129300e+01 -4.465009e+01 1.350000e+00
      vertex   3.161006e+01 -4.438890e+01 1.394296e+00
    endloop
  endfacet
  facet normal -3.003354e-02 -1.315855e-01 9.908498e-01
    outer loop
      vertex   3.161006e+01 -4.438890e+01 1.394296e+00
      vertex   3.129300e+01 -4.465009e+01 1.350000e+00
      vertex   3.178239e+01 -4.476179e+01 1.350000e+00
    endloop
  endfacet
  facet normal -1.908721e-02 -1.266354e-01 9.917657e-01
    outer loop
      vertex   3.161006e+01 -4.438890e+01 1.394296e+00
      vertex   3.178239e+01 -4.476179e+01 1.350000e+00
      vertex   3.197415e+01 -4.444378e+01 1.394296e+00
    endloop
  endfacet
  facet normal -6.035292e-03 -1.343862e-01 9.909107e-01
    outer loop
      vertex   3.197415e+01 -4.444378e+01 1.394296e+00
      vertex   3.178239e+01 -4.476179e+01 1.350000e+00
      vertex   3.228387e+01 -4.478432e+01 1.350000e+00
    endloop
  endfacet
  facet normal 1.247028e-01 -4.680176e-02 9.910897e-01
    outer loop
      vertex   3.468096e+01 -4.320201e+01 1.350000e+00
      vertex   3.485734e+01 -4.273204e+01 1.350000e+00
      vertex   3.451233e+01 -4.271328e+01 1.394296e+00
    endloop
  endfacet
  facet normal 1.257585e-01 -2.870356e-02 9.916456e-01
    outer loop
      vertex   3.451233e+01 -4.271328e+01 1.394296e+00
      vertex   3.485734e+01 -4.273204e+01 1.350000e+00
      vertex   3.459427e+01 -4.235431e+01 1.394296e+00
    endloop
  endfacet
  facet normal 3.739812e-01 -8.535876e-02 9.234999e-01
    outer loop
      vertex   3.451233e+01 -4.271328e+01 1.394296e+00
      vertex   3.459427e+01 -4.235431e+01 1.394296e+00
      vertex   3.428423e+01 -4.230758e+01 1.524167e+00
    endloop
  endfacet
  facet normal 3.825262e-01 -2.866637e-02 9.234999e-01
    outer loop
      vertex   3.428423e+01 -4.230758e+01 1.524167e+00
      vertex   3.459427e+01 -4.235431e+01 1.394296e+00
      vertex   3.430825e+01 -4.198714e+01 1.524167e+00
    endloop
  endfacet
  facet normal 6.081289e-01 -4.557296e-02 7.925291e-01
    outer loop
      vertex   3.428423e+01 -4.230758e+01 1.524167e+00
      vertex   3.430825e+01 -4.198714e+01 1.524167e+00
      vertex   3.403901e+01 -4.198714e+01 1.730761e+00
    endloop
  endfacet
  facet normal 6.081289e-01 4.557296e-02 7.925291e-01
    outer loop
      vertex   3.403901e+01 -4.198714e+01 1.730761e+00
      vertex   3.430825e+01 -4.198714e+01 1.524167e+00
      vertex   3.401800e+01 -4.170682e+01 1.730761e+00
    endloop
  endfacet
  facet normal 7.919549e-01 5.934882e-02 6.076884e-01
    outer loop
      vertex   3.403901e+01 -4.198714e+01 1.730761e+00
      vertex   3.401800e+01 -4.170682e+01 1.730761e+00
      vertex   3.381371e+01 -4.173761e+01 2.000000e+00
    endloop
  endfacet
  facet normal 7.742639e-01 1.767207e-01 6.076884e-01
    outer loop
      vertex   3.381371e+01 -4.173761e+01 2.000000e+00
      vertex   3.401800e+01 -4.170682e+01 1.730761e+00
      vertex   3.375804e+01 -4.149367e+01 2.000000e+00
    endloop
  endfacet
  facet normal 9.010845e-01 2.056667e-01 3.817695e-01
    outer loop
      vertex   3.381371e+01 -4.173761e+01 2.000000e+00
      vertex   3.375804e+01 -4.149367e+01 2.000000e+00
      vertex   3.363393e+01 -4.153195e+01 2.313535e+00
    endloop
  endfacet
  facet normal 8.603671e-01 3.376692e-01 3.817695e-01
    outer loop
      vertex   3.363393e+01 -4.153195e+01 2.313535e+00
      vertex   3.375804e+01 -4.149367e+01 2.000000e+00
      vertex   3.354961e+01 -4.131709e+01 2.313535e+00
    endloop
  endfacet
  facet normal 1.323599e-01 -2.401977e-02 9.909107e-01
    outer loop
      vertex   3.485734e+01 -4.273204e+01 1.350000e+00
      vertex   3.494697e+01 -4.223813e+01 1.350000e+00
      vertex   3.459427e+01 -4.235431e+01 1.394296e+00
    endloop
  endfacet
  facet normal 1.277077e-01 -9.570366e-03 9.917657e-01
    outer loop
      vertex   3.459427e+01 -4.235431e+01 1.394296e+00
      vertex   3.494697e+01 -4.223813e+01 1.350000e+00
      vertex   3.462178e+01 -4.198714e+01 1.394296e+00
    endloop
  endfacet
  facet normal 3.825262e-01 -2.866637e-02 9.234999e-01
    outer loop
      vertex   3.459427e+01 -4.235431e+01 1.394296e+00
      vertex   3.462178e+01 -4.198714e+01 1.394296e+00
      vertex   3.430825e+01 -4.198714e+01 1.524167e+00
    endloop
  endfacet
  facet normal 3.825262e-01 2.866637e-02 9.234999e-01
    outer loop
      vertex   3.430825e+01 -4.198714e+01 1.524167e+00
      vertex   3.462178e+01 -4.198714e+01 1.394296e+00
      vertex   3.428423e+01 -4.166669e+01 1.524167e+00
    endloop
  endfacet
  facet normal 6.081289e-01 4.557296e-02 7.925291e-01
    outer loop
      vertex   3.430825e+01 -4.198714e+01 1.524167e+00
      vertex   3.428423e+01 -4.166669e+01 1.524167e+00
      vertex   3.401800e+01 -4.170682e+01 1.730761e+00
    endloop
  endfacet
  facet normal 5.945443e-01 1.357009e-01 7.925291e-01
    outer loop
      vertex   3.401800e+01 -4.170682e+01 1.730761e+00
      vertex   3.428423e+01 -4.166669e+01 1.524167e+00
      vertex   3.395545e+01 -4.143277e+01 1.730761e+00
    endloop
  endfacet
  facet normal 7.742639e-01 1.767207e-01 6.076884e-01
    outer loop
      vertex   3.401800e+01 -4.170682e+01 1.730761e+00
      vertex   3.395545e+01 -4.143277e+01 1.730761e+00
      vertex   3.375804e+01 -4.149367e+01 2.000000e+00
    endloop
  endfacet
  facet normal 7.392772e-01 2.901449e-01 6.076884e-01
    outer loop
      vertex   3.375804e+01 -4.149367e+01 2.000000e+00
      vertex   3.395545e+01 -4.143277e+01 1.730761e+00
      vertex   3.366662e+01 -4.126074e+01 2.000000e+00
    endloop
  endfacet
  facet normal 8.603671e-01 3.376692e-01 3.817695e-01
    outer loop
      vertex   3.375804e+01 -4.149367e+01 2.000000e+00
      vertex   3.366662e+01 -4.126074e+01 2.000000e+00
      vertex   3.354961e+01 -4.131709e+01 2.313535e+00
    endloop
  endfacet
  facet normal 8.004305e-01 4.621288e-01 3.817695e-01
    outer loop
      vertex   3.354961e+01 -4.131709e+01 2.313535e+00
      vertex   3.366662e+01 -4.126074e+01 2.000000e+00
      vertex   3.343420e+01 -4.111720e+01 2.313535e+00
    endloop
  endfacet
  facet normal 1.349695e-01 -0.000000e+00 9.908498e-01
    outer loop
      vertex   3.494697e+01 -4.223813e+01 1.350000e+00
      vertex   3.494697e+01 -4.173615e+01 1.350000e+00
      vertex   3.462178e+01 -4.198714e+01 1.394296e+00
    endloop
  endfacet
  facet normal 1.277077e-01 9.570366e-03 9.917657e-01
    outer loop
      vertex   3.462178e+01 -4.198714e+01 1.394296e+00
      vertex   3.494697e+01 -4.173615e+01 1.350000e+00
      vertex   3.459427e+01 -4.161996e+01 1.394296e+00
    endloop
  endfacet
  facet normal 3.825262e-01 2.866637e-02 9.234999e-01
    outer loop
      vertex   3.462178e+01 -4.198714e+01 1.394296e+00
      vertex   3.459427e+01 -4.161996e+01 1.394296e+00
      vertex   3.428423e+01 -4.166669e+01 1.524167e+00
    endloop
  endfacet
  facet normal 3.739812e-01 8.535876e-02 9.234999e-01
    outer loop
      vertex   3.428423e+01 -4.166669e+01 1.524167e+00
      vertex   3.459427e+01 -4.161996e+01 1.394296e+00
      vertex   3.421273e+01 -4.135341e+01 1.524167e+00
    endloop
  endfacet
  facet normal 5.945443e-01 1.357009e-01 7.925291e-01
    outer loop
      vertex   3.428423e+01 -4.166669e+01 1.524167e+00
      vertex   3.421273e+01 -4.135341e+01 1.524167e+00
      vertex   3.395545e+01 -4.143277e+01 1.730761e+00
    endloop
  endfacet
  facet normal 5.676786e-01 2.227974e-01 7.925291e-01
    outer loop
      vertex   3.395545e+01 -4.143277e+01 1.730761e+00
      vertex   3.421273e+01 -4.135341e+01 1.524167e+00
      vertex   3.385275e+01 -4.117110e+01 1.730761e+00
    endloop
  endfacet
  facet normal 7.392772e-01 2.901449e-01 6.076884e-01
    outer loop
      vertex   3.395545e+01 -4.143277e+01 1.730761e+00
      vertex   3.385275e+01 -4.117110e+01 1.730761e+00
      vertex   3.366662e+01 -4.126074e+01 2.000000e+00
    endloop
  endfacet
  facet normal 6.877762e-01 3.970878e-01 6.076884e-01
    outer loop
      vertex   3.366662e+01 -4.126074e+01 2.000000e+00
      vertex   3.385275e+01 -4.117110e+01 1.730761e+00
      vertex   3.354151e+01 -4.104404e+01 2.000000e+00
    endloop
  endfacet
  facet normal 8.004305e-01 4.621288e-01 3.817695e-01
    outer loop
      vertex   3.366662e+01 -4.126074e+01 2.000000e+00
      vertex   3.354151e+01 -4.104404e+01 2.000000e+00
      vertex   3.343420e+01 -4.111720e+01 2.313535e+00
    endloop
  endfacet
  facet normal 7.226137e-01 5.762652e-01 3.817695e-01
    outer loop
      vertex   3.343420e+01 -4.111720e+01 2.313535e+00
      vertex   3.354151e+01 -4.104404e+01 2.000000e+00
      vertex   3.329030e+01 -4.093675e+01 2.313535e+00
    endloop
  endfacet
  facet normal 1.323599e-01 2.401977e-02 9.909107e-01
    outer loop
      vertex   3.494697e+01 -4.173615e+01 1.350000e+00
      vertex   3.485734e+01 -4.124223e+01 1.350000e+00
      vertex   3.459427e+01 -4.161996e+01 1.394296e+00
    endloop
  endfacet
  facet normal 1.257585e-01 2.870356e-02 9.916456e-01
    outer loop
      vertex   3.459427e+01 -4.161996e+01 1.394296e+00
      vertex   3.485734e+01 -4.124223e+01 1.350000e+00
      vertex   3.451233e+01 -4.126100e+01 1.394296e+00
    endloop
  endfacet
  facet normal 3.739812e-01 8.535876e-02 9.234999e-01
    outer loop
      vertex   3.459427e+01 -4.161996e+01 1.394296e+00
      vertex   3.451233e+01 -4.126100e+01 1.394296e+00
      vertex   3.421273e+01 -4.135341e+01 1.524167e+00
    endloop
  endfacet
  facet normal 3.570820e-01 1.401444e-01 9.234999e-01
    outer loop
      vertex   3.421273e+01 -4.135341e+01 1.524167e+00
      vertex   3.451233e+01 -4.126100e+01 1.394296e+00
      vertex   3.409533e+01 -4.105429e+01 1.524167e+00
    endloop
  endfacet
  facet normal 5.676786e-01 2.227974e-01 7.925291e-01
    outer loop
      vertex   3.421273e+01 -4.135341e+01 1.524167e+00
      vertex   3.409533e+01 -4.105429e+01 1.524167e+00
      vertex   3.385275e+01 -4.117110e+01 1.730761e+00
    endloop
  endfacet
  facet normal 5.281319e-01 3.049171e-01 7.925291e-01
    outer loop
      vertex   3.385275e+01 -4.117110e+01 1.730761e+00
      vertex   3.409533e+01 -4.105429e+01 1.524167e+00
      vertex   3.371220e+01 -4.092767e+01 1.730761e+00
    endloop
  endfacet
  facet normal 6.877762e-01 3.970878e-01 6.076884e-01
    outer loop
      vertex   3.385275e+01 -4.117110e+01 1.730761e+00
      vertex   3.371220e+01 -4.092767e+01 1.730761e+00
      vertex   3.354151e+01 -4.104404e+01 2.000000e+00
    endloop
  endfacet
  facet normal 6.209115e-01 4.951604e-01 6.076884e-01
    outer loop
      vertex   3.354151e+01 -4.104404e+01 2.000000e+00
      vertex   3.371220e+01 -4.092767e+01 1.730761e+00
      vertex   3.338550e+01 -4.084841e+01 2.000000e+00
    endloop
  endfacet
  facet normal 7.226137e-01 5.762652e-01 3.817695e-01
    outer loop
      vertex   3.354151e+01 -4.104404e+01 2.000000e+00
      vertex   3.338550e+01 -4.084841e+01 2.000000e+00
      vertex   3.329030e+01 -4.093675e+01 2.313535e+00
    endloop
  endfacet
  facet normal 1.247028e-01 4.680176e-02 9.910897e-01
    outer loop
      vertex   3.485734e+01 -4.124223e+01 1.350000e+00
      vertex   3.468096e+01 -4.077226e+01 1.350000e+00
      vertex   3.451233e+01 -4.126100e+01 1.394296e+00
    endloop
  endfacet
  facet normal 1.218383e-01 4.781800e-02 9.913974e-01
    outer loop
      vertex   3.451233e+01 -4.126100e+01 1.394296e+00
      vertex   3.468096e+01 -4.077226e+01 1.350000e+00
      vertex   3.437782e+01 -4.091825e+01 1.394296e+00
    endloop
  endfacet
  facet normal 3.570820e-01 1.401444e-01 9.234999e-01
    outer loop
      vertex   3.451233e+01 -4.126100e+01 1.394296e+00
      vertex   3.437782e+01 -4.091825e+01 1.394296e+00
      vertex   3.409533e+01 -4.105429e+01 1.524167e+00
    endloop
  endfacet
  facet normal 3.322063e-01 1.917994e-01 9.234999e-01
    outer loop
      vertex   3.409533e+01 -4.105429e+01 1.524167e+00
      vertex   3.437782e+01 -4.091825e+01 1.394296e+00
      vertex   3.393466e+01 -4.077600e+01 1.524167e+00
    endloop
  endfacet
  facet normal 5.281319e-01 3.049171e-01 7.925291e-01
    outer loop
      vertex   3.409533e+01 -4.105429e+01 1.524167e+00
      vertex   3.393466e+01 -4.077600e+01 1.524167e+00
      vertex   3.371220e+01 -4.092767e+01 1.730761e+00
    endloop
  endfacet
  facet normal 4.767875e-01 3.802254e-01 7.925291e-01
    outer loop
      vertex   3.371220e+01 -4.092767e+01 1.730761e+00
      vertex   3.393466e+01 -4.077600e+01 1.524167e+00
      vertex   3.353694e+01 -4.070789e+01 1.730761e+00
    endloop
  endfacet
  facet normal 6.209115e-01 4.951604e-01 6.076884e-01
    outer loop
      vertex   3.371220e+01 -4.092767e+01 1.730761e+00
      vertex   3.353694e+01 -4.070789e+01 1.730761e+00
      vertex   3.338550e+01 -4.084841e+01 2.000000e+00
    endloop
  endfacet
  facet normal 1.133505e-01 6.544297e-02 9.913974e-01
    outer loop
      vertex   3.437782e+01 -4.091825e+01 1.394296e+00
      vertex   3.468096e+01 -4.077226e+01 1.350000e+00
      vertex   3.419371e+01 -4.059938e+01 1.394296e+00
    endloop
  endfacet
  facet normal 1.143420e-01 6.831619e-02 9.910897e-01
    outer loop
      vertex   3.419371e+01 -4.059938e+01 1.394296e+00
      vertex   3.468096e+01 -4.077226e+01 1.350000e+00
      vertex   3.442349e+01 -4.034134e+01 1.350000e+00
    endloop
  endfacet
  facet normal 1.008505e-01 8.042557e-02 9.916456e-01
    outer loop
      vertex   3.419371e+01 -4.059938e+01 1.394296e+00
      vertex   3.442349e+01 -4.034134e+01 1.350000e+00
      vertex   3.396415e+01 -4.031151e+01 1.394296e+00
    endloop
  endfacet
  facet normal 1.013044e-01 8.850702e-02 9.909107e-01
    outer loop
      vertex   3.396415e+01 -4.031151e+01 1.394296e+00
      vertex   3.442349e+01 -4.034134e+01 1.350000e+00
      vertex   3.409322e+01 -3.996331e+01 1.350000e+00
    endloop
  endfacet
  facet normal 7.214201e-02 1.058129e-01 9.917657e-01
    outer loop
      vertex   3.369424e+01 -4.006107e+01 1.394296e+00
      vertex   3.370076e+01 -3.965033e+01 1.350000e+00
      vertex   3.339001e+01 -3.985365e+01 1.394296e+00
    endloop
  endfacet
  facet normal 6.374560e-02 1.184592e-01 9.909107e-01
    outer loop
      vertex   3.339001e+01 -3.985365e+01 1.394296e+00
      vertex   3.370076e+01 -3.965033e+01 1.350000e+00
      vertex   3.325872e+01 -3.941246e+01 1.350000e+00
    endloop
  endfacet
  facet normal -7.337734e-02 1.111619e-01 9.910897e-01
    outer loop
      vertex   3.083141e+01 -3.952147e+01 1.350000e+00
      vertex   3.041248e+01 -3.979801e+01 1.350000e+00
      vertex   3.092648e+01 -3.985365e+01 1.394296e+00
    endloop
  endfacet
  facet normal -7.373067e-02 1.081430e-01 9.913974e-01
    outer loop
      vertex   3.092648e+01 -3.985365e+01 1.394296e+00
      vertex   3.041248e+01 -3.979801e+01 1.350000e+00
      vertex   3.062226e+01 -4.006107e+01 1.394296e+00
    endloop
  endfacet
  facet normal -2.160889e-01 3.169442e-01 9.234999e-01
    outer loop
      vertex   3.092648e+01 -3.985365e+01 1.394296e+00
      vertex   3.062226e+01 -4.006107e+01 1.394296e+00
      vertex   3.081774e+01 -4.030620e+01 1.524167e+00
    endloop
  endfacet
  facet normal -2.609134e-01 2.811978e-01 9.234999e-01
    outer loop
      vertex   3.081774e+01 -4.030620e+01 1.524167e+00
      vertex   3.062226e+01 -4.006107e+01 1.394296e+00
      vertex   3.058219e+01 -4.052476e+01 1.524167e+00
    endloop
  endfacet
  facet normal -4.147926e-01 4.470401e-01 7.925291e-01
    outer loop
      vertex   3.081774e+01 -4.030620e+01 1.524167e+00
      vertex   3.058219e+01 -4.052476e+01 1.524167e+00
      vertex   3.077955e+01 -4.070789e+01 1.730761e+00
    endloop
  endfacet
  facet normal -4.767875e-01 3.802254e-01 7.925291e-01
    outer loop
      vertex   3.077955e+01 -4.070789e+01 1.730761e+00
      vertex   3.058219e+01 -4.052476e+01 1.524167e+00
      vertex   3.060429e+01 -4.092767e+01 1.730761e+00
    endloop
  endfacet
  facet normal -6.209115e-01 4.951604e-01 6.076884e-01
    outer loop
      vertex   3.077955e+01 -4.070789e+01 1.730761e+00
      vertex   3.060429e+01 -4.092767e+01 1.730761e+00
      vertex   3.077498e+01 -4.104404e+01 2.000000e+00
    endloop
  endfacet
  facet normal -6.877762e-01 3.970878e-01 6.076884e-01
    outer loop
      vertex   3.077498e+01 -4.104404e+01 2.000000e+00
      vertex   3.060429e+01 -4.092767e+01 1.730761e+00
      vertex   3.064987e+01 -4.126074e+01 2.000000e+00
    endloop
  endfacet
  facet normal -8.004305e-01 4.621288e-01 3.817695e-01
    outer loop
      vertex   3.077498e+01 -4.104404e+01 2.000000e+00
      vertex   3.064987e+01 -4.126074e+01 2.000000e+00
      vertex   3.076688e+01 -4.131709e+01 2.313535e+00
    endloop
  endfacet
  facet normal -8.603671e-01 3.376692e-01 3.817695e-01
    outer loop
      vertex   3.076688e+01 -4.131709e+01 2.313535e+00
      vertex   3.064987e+01 -4.126074e+01 2.000000e+00
      vertex   3.068256e+01 -4.153195e+01 2.313535e+00
    endloop
  endfacet
  facet normal -8.902504e-02 9.594618e-02 9.913974e-01
    outer loop
      vertex   3.062226e+01 -4.006107e+01 1.394296e+00
      vertex   3.041248e+01 -3.979801e+01 1.350000e+00
      vertex   3.035235e+01 -4.031151e+01 1.394296e+00
    endloop
  endfacet
  facet normal -9.204686e-02 9.627347e-02 9.910897e-01
    outer loop
      vertex   3.035235e+01 -4.031151e+01 1.394296e+00
      vertex   3.041248e+01 -3.979801e+01 1.350000e+00
      vertex   3.004965e+01 -4.014491e+01 1.350000e+00
    endloop
  endfacet
  facet normal -1.008505e-01 8.042557e-02 9.916456e-01
    outer loop
      vertex   3.035235e+01 -4.031151e+01 1.394296e+00
      vertex   3.004965e+01 -4.014491e+01 1.350000e+00
      vertex   3.012278e+01 -4.059938e+01 1.394296e+00
    endloop
  endfacet
  facet normal -1.088303e-01 7.906985e-02 9.909107e-01
    outer loop
      vertex   3.012278e+01 -4.059938e+01 1.394296e+00
      vertex   3.004965e+01 -4.014491e+01 1.350000e+00
      vertex   2.975459e+01 -4.055102e+01 1.350000e+00
    endloop
  endfacet
  facet normal -1.109082e-01 6.403288e-02 9.917657e-01
    outer loop
      vertex   3.012278e+01 -4.059938e+01 1.394296e+00
      vertex   2.975459e+01 -4.055102e+01 1.350000e+00
      vertex   2.993868e+01 -4.091825e+01 1.394296e+00
    endloop
  endfacet
  facet normal -1.216033e-01 5.856107e-02 9.908498e-01
    outer loop
      vertex   2.993868e+01 -4.091825e+01 1.394296e+00
      vertex   2.975459e+01 -4.055102e+01 1.350000e+00
      vertex   2.953679e+01 -4.100329e+01 1.350000e+00
    endloop
  endfacet
  facet normal -1.192130e-01 4.678767e-02 9.917657e-01
    outer loop
      vertex   2.993868e+01 -4.091825e+01 1.394296e+00
      vertex   2.953679e+01 -4.100329e+01 1.350000e+00
      vertex   2.980416e+01 -4.126100e+01 1.394296e+00
    endloop
  endfacet
  facet normal -1.296739e-01 3.578772e-02 9.909107e-01
    outer loop
      vertex   2.980416e+01 -4.126100e+01 1.394296e+00
      vertex   2.953679e+01 -4.100329e+01 1.350000e+00
      vertex   2.940324e+01 -4.148718e+01 1.350000e+00
    endloop
  endfacet
  facet normal -1.257585e-01 2.870356e-02 9.916456e-01
    outer loop
      vertex   2.980416e+01 -4.126100e+01 1.394296e+00
      vertex   2.940324e+01 -4.148718e+01 1.350000e+00
      vertex   2.972223e+01 -4.161996e+01 1.394296e+00
    endloop
  endfacet
  facet normal -1.326599e-01 1.193961e-02 9.910897e-01
    outer loop
      vertex   2.972223e+01 -4.161996e+01 1.394296e+00
      vertex   2.940324e+01 -4.148718e+01 1.350000e+00
      vertex   2.935825e+01 -4.198714e+01 1.350000e+00
    endloop
  endfacet
  facet normal -1.305199e-01 9.781118e-03 9.913974e-01
    outer loop
      vertex   2.972223e+01 -4.161996e+01 1.394296e+00
      vertex   2.935825e+01 -4.198714e+01 1.350000e+00
      vertex   2.969471e+01 -4.198714e+01 1.394296e+00
    endloop
  endfacet
  facet normal 9.216731e-01 -6.906985e-02 3.817695e-01
    outer loop
      vertex   3.381371e+01 -4.223666e+01 2.000000e+00
      vertex   3.370254e+01 -4.198714e+01 2.313535e+00
      vertex   3.368529e+01 -4.221730e+01 2.313535e+00
    endloop
  endfacet
  facet normal -9.216731e-01 6.906985e-02 3.817695e-01
    outer loop
      vertex   3.048408e+01 -4.198714e+01 2.000000e+00
      vertex   3.061395e+01 -4.198714e+01 2.313535e+00
      vertex   3.050278e+01 -4.173761e+01 2.000000e+00
    endloop
  endfacet
  facet normal -9.216731e-01 6.906985e-02 3.817695e-01
    outer loop
      vertex   3.050278e+01 -4.173761e+01 2.000000e+00
      vertex   3.061395e+01 -4.198714e+01 2.313535e+00
      vertex   3.063120e+01 -4.175697e+01 2.313535e+00
    endloop
  endfacet
  facet normal -9.010845e-01 2.056667e-01 3.817695e-01
    outer loop
      vertex   3.050278e+01 -4.173761e+01 2.000000e+00
      vertex   3.063120e+01 -4.175697e+01 2.313535e+00
      vertex   3.055846e+01 -4.149367e+01 2.000000e+00
    endloop
  endfacet
  facet normal -9.010845e-01 2.056667e-01 3.817695e-01
    outer loop
      vertex   3.055846e+01 -4.149367e+01 2.000000e+00
      vertex   3.063120e+01 -4.175697e+01 2.313535e+00
      vertex   3.068256e+01 -4.153195e+01 2.313535e+00
    endloop
  endfacet
  facet normal -8.603671e-01 3.376692e-01 3.817695e-01
    outer loop
      vertex   3.055846e+01 -4.149367e+01 2.000000e+00
      vertex   3.068256e+01 -4.153195e+01 2.313535e+00
      vertex   3.064987e+01 -4.126074e+01 2.000000e+00
    endloop
  endfacet
  facet normal -7.919549e-01 5.934882e-02 6.076884e-01
    outer loop
      vertex   3.027749e+01 -4.198714e+01 1.730761e+00
      vertex   3.048408e+01 -4.198714e+01 2.000000e+00
      vertex   3.029849e+01 -4.170682e+01 1.730761e+00
    endloop
  endfacet
  facet normal -7.919549e-01 5.934882e-02 6.076884e-01
    outer loop
      vertex   3.029849e+01 -4.170682e+01 1.730761e+00
      vertex   3.048408e+01 -4.198714e+01 2.000000e+00
      vertex   3.050278e+01 -4.173761e+01 2.000000e+00
    endloop
  endfacet
  facet normal -7.742639e-01 1.767207e-01 6.076884e-01
    outer loop
      vertex   3.029849e+01 -4.170682e+01 1.730761e+00
      vertex   3.050278e+01 -4.173761e+01 2.000000e+00
      vertex   3.036104e+01 -4.143277e+01 1.730761e+00
    endloop
  endfacet
  facet normal -7.742639e-01 1.767207e-01 6.076884e-01
    outer loop
      vertex   3.036104e+01 -4.143277e+01 1.730761e+00
      vertex   3.050278e+01 -4.173761e+01 2.000000e+00
      vertex   3.055846e+01 -4.149367e+01 2.000000e+00
    endloop
  endfacet
  facet normal -7.392772e-01 2.901449e-01 6.076884e-01
    outer loop
      vertex   3.036104e+01 -4.143277e+01 1.730761e+00
      vertex   3.055846e+01 -4.149367e+01 2.000000e+00
      vertex   3.046374e+01 -4.117110e+01 1.730761e+00
    endloop
  endfacet
  facet normal -7.392772e-01 2.901449e-01 6.076884e-01
    outer loop
      vertex   3.046374e+01 -4.117110e+01 1.730761e+00
      vertex   3.055846e+01 -4.149367e+01 2.000000e+00
      vertex   3.064987e+01 -4.126074e+01 2.000000e+00
    endloop
  endfacet
  facet normal -6.877762e-01 3.970878e-01 6.076884e-01
    outer loop
      vertex   3.046374e+01 -4.117110e+01 1.730761e+00
      vertex   3.064987e+01 -4.126074e+01 2.000000e+00
      vertex   3.060429e+01 -4.092767e+01 1.730761e+00
    endloop
  endfacet
  facet normal -6.081289e-01 4.557296e-02 7.925291e-01
    outer loop
      vertex   3.000825e+01 -4.198714e+01 1.524167e+00
      vertex   3.027749e+01 -4.198714e+01 1.730761e+00
      vertex   3.003226e+01 -4.166669e+01 1.524167e+00
    endloop
  endfacet
  facet normal -6.081289e-01 4.557296e-02 7.925291e-01
    outer loop
      vertex   3.003226e+01 -4.166669e+01 1.524167e+00
      vertex   3.027749e+01 -4.198714e+01 1.730761e+00
      vertex   3.029849e+01 -4.170682e+01 1.730761e+00
    endloop
  endfacet
  facet normal -5.945443e-01 1.357009e-01 7.925291e-01
    outer loop
      vertex   3.003226e+01 -4.166669e+01 1.524167e+00
      vertex   3.029849e+01 -4.170682e+01 1.730761e+00
      vertex   3.010377e+01 -4.135341e+01 1.524167e+00
    endloop
  endfacet
  facet normal -5.945443e-01 1.357009e-01 7.925291e-01
    outer loop
      vertex   3.010377e+01 -4.135341e+01 1.524167e+00
      vertex   3.029849e+01 -4.170682e+01 1.730761e+00
      vertex   3.036104e+01 -4.143277e+01 1.730761e+00
    endloop
  endfacet
  facet normal -5.676786e-01 2.227974e-01 7.925291e-01
    outer loop
      vertex   3.010377e+01 -4.135341e+01 1.524167e+00
      vertex   3.036104e+01 -4.143277e+01 1.730761e+00
      vertex   3.022116e+01 -4.105429e+01 1.524167e+00
    endloop
  endfacet
  facet normal -5.676786e-01 2.227974e-01 7.925291e-01
    outer loop
      vertex   3.022116e+01 -4.105429e+01 1.524167e+00
      vertex   3.036104e+01 -4.143277e+01 1.730761e+00
      vertex   3.046374e+01 -4.117110e+01 1.730761e+00
    endloop
  endfacet
  facet normal -5.281319e-01 3.049171e-01 7.925291e-01
    outer loop
      vertex   3.022116e+01 -4.105429e+01 1.524167e+00
      vertex   3.046374e+01 -4.117110e+01 1.730761e+00
      vertex   3.038183e+01 -4.077600e+01 1.524167e+00
    endloop
  endfacet
  facet normal -5.281319e-01 3.049171e-01 7.925291e-01
    outer loop
      vertex   3.038183e+01 -4.077600e+01 1.524167e+00
      vertex   3.046374e+01 -4.117110e+01 1.730761e+00
      vertex   3.060429e+01 -4.092767e+01 1.730761e+00
    endloop
  endfacet
  facet normal -4.767875e-01 3.802254e-01 7.925291e-01
    outer loop
      vertex   3.038183e+01 -4.077600e+01 1.524167e+00
      vertex   3.060429e+01 -4.092767e+01 1.730761e+00
      vertex   3.058219e+01 -4.052476e+01 1.524167e+00
    endloop
  endfacet
  facet normal -3.825262e-01 2.866637e-02 9.234999e-01
    outer loop
      vertex   2.969471e+01 -4.198714e+01 1.394296e+00
      vertex   3.000825e+01 -4.198714e+01 1.524167e+00
      vertex   2.972223e+01 -4.161996e+01 1.394296e+00
    endloop
  endfacet
  facet normal -3.825262e-01 2.866637e-02 9.234999e-01
    outer loop
      vertex   2.972223e+01 -4.161996e+01 1.394296e+00
      vertex   3.000825e+01 -4.198714e+01 1.524167e+00
      vertex   3.003226e+01 -4.166669e+01 1.524167e+00
    endloop
  endfacet
  facet normal -3.739812e-01 8.535876e-02 9.234999e-01
    outer loop
      vertex   2.972223e+01 -4.161996e+01 1.394296e+00
      vertex   3.003226e+01 -4.166669e+01 1.524167e+00
      vertex   2.980416e+01 -4.126100e+01 1.394296e+00
    endloop
  endfacet
  facet normal -3.739812e-01 8.535876e-02 9.234999e-01
    outer loop
      vertex   2.980416e+01 -4.126100e+01 1.394296e+00
      vertex   3.003226e+01 -4.166669e+01 1.524167e+00
      vertex   3.010377e+01 -4.135341e+01 1.524167e+00
    endloop
  endfacet
  facet normal -3.570820e-01 1.401444e-01 9.234999e-01
    outer loop
      vertex   2.980416e+01 -4.126100e+01 1.394296e+00
      vertex   3.010377e+01 -4.135341e+01 1.524167e+00
      vertex   2.993868e+01 -4.091825e+01 1.394296e+00
    endloop
  endfacet
  facet normal -3.570820e-01 1.401444e-01 9.234999e-01
    outer loop
      vertex   2.993868e+01 -4.091825e+01 1.394296e+00
      vertex   3.010377e+01 -4.135341e+01 1.524167e+00
      vertex   3.022116e+01 -4.105429e+01 1.524167e+00
    endloop
  endfacet
  facet normal -3.322063e-01 1.917994e-01 9.234999e-01
    outer loop
      vertex   2.993868e+01 -4.091825e+01 1.394296e+00
      vertex   3.022116e+01 -4.105429e+01 1.524167e+00
      vertex   3.012278e+01 -4.059938e+01 1.394296e+00
    endloop
  endfacet
  facet normal -3.322063e-01 1.917994e-01 9.234999e-01
    outer loop
      vertex   3.012278e+01 -4.059938e+01 1.394296e+00
      vertex   3.022116e+01 -4.105429e+01 1.524167e+00
      vertex   3.038183e+01 -4.077600e+01 1.524167e+00
    endloop
  endfacet
  facet normal -2.999096e-01 2.391699e-01 9.234999e-01
    outer loop
      vertex   3.012278e+01 -4.059938e+01 1.394296e+00
      vertex   3.038183e+01 -4.077600e+01 1.524167e+00
      vertex   3.035235e+01 -4.031151e+01 1.394296e+00
    endloop
  endfacet
  facet normal -2.999096e-01 2.391699e-01 9.234999e-01
    outer loop
      vertex   3.035235e+01 -4.031151e+01 1.394296e+00
      vertex   3.038183e+01 -4.077600e+01 1.524167e+00
      vertex   3.058219e+01 -4.052476e+01 1.524167e+00
    endloop
  endfacet
  facet normal -2.609134e-01 2.811978e-01 9.234999e-01
    outer loop
      vertex   3.035235e+01 -4.031151e+01 1.394296e+00
      vertex   3.058219e+01 -4.052476e+01 1.524167e+00
      vertex   3.062226e+01 -4.006107e+01 1.394296e+00
    endloop
  endfacet
  facet normal -5.206528e-01 7.636574e-01 3.817695e-01
    outer loop
      vertex   3.119539e+01 -4.077976e+01 2.313535e+00
      vertex   3.138610e+01 -4.064974e+01 2.313535e+00
      vertex   3.132116e+01 -4.053726e+01 2.000000e+00
    endloop
  endfacet
  facet normal -4.010203e-01 8.327273e-01 3.817695e-01
    outer loop
      vertex   3.132116e+01 -4.053726e+01 2.000000e+00
      vertex   3.138610e+01 -4.064974e+01 2.313535e+00
      vertex   3.154660e+01 -4.042870e+01 2.000000e+00
    endloop
  endfacet
  facet normal -3.445799e-01 7.155275e-01 6.076884e-01
    outer loop
      vertex   3.132116e+01 -4.053726e+01 2.000000e+00
      vertex   3.154660e+01 -4.042870e+01 2.000000e+00
      vertex   3.147113e+01 -4.023638e+01 1.730761e+00
    endloop
  endfacet
  facet normal -2.340874e-01 7.588926e-01 6.076884e-01
    outer loop
      vertex   3.147113e+01 -4.023638e+01 1.730761e+00
      vertex   3.154660e+01 -4.042870e+01 2.000000e+00
      vertex   3.173974e+01 -4.015353e+01 1.730761e+00
    endloop
  endfacet
  facet normal -1.797518e-01 5.827409e-01 7.925291e-01
    outer loop
      vertex   3.147113e+01 -4.023638e+01 1.730761e+00
      vertex   3.173974e+01 -4.015353e+01 1.730761e+00
      vertex   3.167983e+01 -3.989104e+01 1.524167e+00
    endloop
  endfacet
  facet normal -9.089106e-02 6.030228e-01 7.925291e-01
    outer loop
      vertex   3.167983e+01 -3.989104e+01 1.524167e+00
      vertex   3.173974e+01 -4.015353e+01 1.730761e+00
      vertex   3.199758e+01 -3.984315e+01 1.524167e+00
    endloop
  endfacet
  facet normal -5.717243e-02 3.793143e-01 9.234999e-01
    outer loop
      vertex   3.167983e+01 -3.989104e+01 1.524167e+00
      vertex   3.199758e+01 -3.984315e+01 1.524167e+00
      vertex   3.197415e+01 -3.953049e+01 1.394296e+00
    endloop
  endfacet
  facet normal -0.000000e+00 3.835988e-01 9.234999e-01
    outer loop
      vertex   3.197415e+01 -3.953049e+01 1.394296e+00
      vertex   3.199758e+01 -3.984315e+01 1.524167e+00
      vertex   3.234235e+01 -3.953049e+01 1.394296e+00
    endloop
  endfacet
  facet normal -2.724297e-01 8.831954e-01 3.817695e-01
    outer loop
      vertex   3.159405e+01 -4.054959e+01 2.313535e+00
      vertex   3.178571e+01 -4.035494e+01 2.000000e+00
      vertex   3.154660e+01 -4.042870e+01 2.000000e+00
    endloop
  endfacet
  facet normal -2.340874e-01 7.588926e-01 6.076884e-01
    outer loop
      vertex   3.154660e+01 -4.042870e+01 2.000000e+00
      vertex   3.178571e+01 -4.035494e+01 2.000000e+00
      vertex   3.173974e+01 -4.015353e+01 1.730761e+00
    endloop
  endfacet
  facet normal -9.089106e-02 6.030228e-01 7.925291e-01
    outer loop
      vertex   3.199758e+01 -3.984315e+01 1.524167e+00
      vertex   3.173974e+01 -4.015353e+01 1.730761e+00
      vertex   3.201770e+01 -4.011163e+01 1.730761e+00
    endloop
  endfacet
  facet normal -1.183657e-01 7.853053e-01 6.076884e-01
    outer loop
      vertex   3.201770e+01 -4.011163e+01 1.730761e+00
      vertex   3.173974e+01 -4.015353e+01 1.730761e+00
      vertex   3.178571e+01 -4.035494e+01 2.000000e+00
    endloop
  endfacet
  facet normal -4.010203e-01 8.327273e-01 3.817695e-01
    outer loop
      vertex   3.138610e+01 -4.064974e+01 2.313535e+00
      vertex   3.159405e+01 -4.054959e+01 2.313535e+00
      vertex   3.154660e+01 -4.042870e+01 2.000000e+00
    endloop
  endfacet
  facet normal 0.000000e+00 3.835988e-01 9.234999e-01
    outer loop
      vertex   3.234235e+01 -3.953049e+01 1.394296e+00
      vertex   3.199758e+01 -3.984315e+01 1.524167e+00
      vertex   3.231892e+01 -3.984315e+01 1.524167e+00
    endloop
  endfacet
  facet normal 0.000000e+00 6.098342e-01 7.925291e-01
    outer loop
      vertex   3.231892e+01 -3.984315e+01 1.524167e+00
      vertex   3.199758e+01 -3.984315e+01 1.524167e+00
      vertex   3.201770e+01 -4.011163e+01 1.730761e+00
    endloop
  endfacet
  facet normal 1.377534e-01 9.139344e-01 3.817695e-01
    outer loop
      vertex   3.250188e+01 -4.048156e+01 2.313535e+00
      vertex   3.253078e+01 -4.035494e+01 2.000000e+00
      vertex   3.227365e+01 -4.044716e+01 2.313535e+00
    endloop
  endfacet
  facet normal 5.717243e-02 3.793143e-01 9.234999e-01
    outer loop
      vertex   3.234235e+01 -3.953049e+01 1.394296e+00
      vertex   3.231892e+01 -3.984315e+01 1.524167e+00
      vertex   3.270643e+01 -3.958537e+01 1.394296e+00
    endloop
  endfacet
  facet normal 5.206528e-01 7.636574e-01 3.817695e-01
    outer loop
      vertex   3.299533e+01 -4.053726e+01 2.000000e+00
      vertex   3.293039e+01 -4.064974e+01 2.313535e+00
      vertex   3.320207e+01 -4.067822e+01 2.000000e+00
    endloop
  endfacet
  facet normal 5.206528e-01 7.636574e-01 3.817695e-01
    outer loop
      vertex   3.320207e+01 -4.067822e+01 2.000000e+00
      vertex   3.293039e+01 -4.064974e+01 2.313535e+00
      vertex   3.312110e+01 -4.077976e+01 2.313535e+00
    endloop
  endfacet
  facet normal 4.473750e-01 6.561787e-01 6.076884e-01
    outer loop
      vertex   3.309863e+01 -4.035835e+01 1.730761e+00
      vertex   3.299533e+01 -4.053726e+01 2.000000e+00
      vertex   3.333088e+01 -4.051670e+01 1.730761e+00
    endloop
  endfacet
  facet normal 4.473750e-01 6.561787e-01 6.076884e-01
    outer loop
      vertex   3.333088e+01 -4.051670e+01 1.730761e+00
      vertex   3.299533e+01 -4.053726e+01 2.000000e+00
      vertex   3.320207e+01 -4.067822e+01 2.000000e+00
    endloop
  endfacet
  facet normal 3.435318e-01 5.038686e-01 7.925291e-01
    outer loop
      vertex   3.323325e+01 -4.012518e+01 1.524167e+00
      vertex   3.309863e+01 -4.035835e+01 1.730761e+00
      vertex   3.349875e+01 -4.030620e+01 1.524167e+00
    endloop
  endfacet
  facet normal 3.435318e-01 5.038686e-01 7.925291e-01
    outer loop
      vertex   3.349875e+01 -4.030620e+01 1.524167e+00
      vertex   3.309863e+01 -4.035835e+01 1.730761e+00
      vertex   3.333088e+01 -4.051670e+01 1.730761e+00
    endloop
  endfacet
  facet normal 2.160889e-01 3.169442e-01 9.234999e-01
    outer loop
      vertex   3.339001e+01 -3.985365e+01 1.394296e+00
      vertex   3.323325e+01 -4.012518e+01 1.524167e+00
      vertex   3.369424e+01 -4.006107e+01 1.394296e+00
    endloop
  endfacet
  facet normal 2.160889e-01 3.169442e-01 9.234999e-01
    outer loop
      vertex   3.369424e+01 -4.006107e+01 1.394296e+00
      vertex   3.323325e+01 -4.012518e+01 1.524167e+00
      vertex   3.349875e+01 -4.030620e+01 1.524167e+00
    endloop
  endfacet
  facet normal 4.767875e-01 3.802254e-01 7.925291e-01
    outer loop
      vertex   3.373431e+01 -4.052476e+01 1.524167e+00
      vertex   3.353694e+01 -4.070789e+01 1.730761e+00
      vertex   3.393466e+01 -4.077600e+01 1.524167e+00
    endloop
  endfacet
  facet normal 2.999096e-01 2.391699e-01 9.234999e-01
    outer loop
      vertex   3.396415e+01 -4.031151e+01 1.394296e+00
      vertex   3.373431e+01 -4.052476e+01 1.524167e+00
      vertex   3.419371e+01 -4.059938e+01 1.394296e+00
    endloop
  endfacet
  facet normal 2.999096e-01 2.391699e-01 9.234999e-01
    outer loop
      vertex   3.419371e+01 -4.059938e+01 1.394296e+00
      vertex   3.373431e+01 -4.052476e+01 1.524167e+00
      vertex   3.393466e+01 -4.077600e+01 1.524167e+00
    endloop
  endfacet
  facet normal 3.322063e-01 1.917994e-01 9.234999e-01
    outer loop
      vertex   3.419371e+01 -4.059938e+01 1.394296e+00
      vertex   3.393466e+01 -4.077600e+01 1.524167e+00
      vertex   3.437782e+01 -4.091825e+01 1.394296e+00
    endloop
  endfacet
  facet normal 9.010845e-01 -2.056667e-01 3.817695e-01
    outer loop
      vertex   3.381371e+01 -4.223666e+01 2.000000e+00
      vertex   3.368529e+01 -4.221730e+01 2.313535e+00
      vertex   3.375804e+01 -4.248060e+01 2.000000e+00
    endloop
  endfacet
  facet normal 9.010845e-01 -2.056667e-01 3.817695e-01
    outer loop
      vertex   3.375804e+01 -4.248060e+01 2.000000e+00
      vertex   3.368529e+01 -4.221730e+01 2.313535e+00
      vertex   3.363393e+01 -4.244232e+01 2.313535e+00
    endloop
  endfacet
  facet normal 8.603671e-01 -3.376692e-01 3.817695e-01
    outer loop
      vertex   3.375804e+01 -4.248060e+01 2.000000e+00
      vertex   3.363393e+01 -4.244232e+01 2.313535e+00
      vertex   3.366662e+01 -4.271353e+01 2.000000e+00
    endloop
  endfacet
  facet normal 8.603671e-01 -3.376692e-01 3.817695e-01
    outer loop
      vertex   3.366662e+01 -4.271353e+01 2.000000e+00
      vertex   3.363393e+01 -4.244232e+01 2.313535e+00
      vertex   3.354961e+01 -4.265718e+01 2.313535e+00
    endloop
  endfacet
  facet normal 8.004305e-01 -4.621288e-01 3.817695e-01
    outer loop
      vertex   3.366662e+01 -4.271353e+01 2.000000e+00
      vertex   3.354961e+01 -4.265718e+01 2.313535e+00
      vertex   3.354151e+01 -4.293023e+01 2.000000e+00
    endloop
  endfacet
  facet normal 7.742639e-01 -1.767207e-01 6.076884e-01
    outer loop
      vertex   3.381371e+01 -4.223666e+01 2.000000e+00
      vertex   3.375804e+01 -4.248060e+01 2.000000e+00
      vertex   3.395545e+01 -4.254150e+01 1.730761e+00
    endloop
  endfacet
  facet normal 7.392772e-01 -2.901449e-01 6.076884e-01
    outer loop
      vertex   3.395545e+01 -4.254150e+01 1.730761e+00
      vertex   3.375804e+01 -4.248060e+01 2.000000e+00
      vertex   3.385275e+01 -4.280317e+01 1.730761e+00
    endloop
  endfacet
  facet normal 5.676786e-01 -2.227974e-01 7.925291e-01
    outer loop
      vertex   3.395545e+01 -4.254150e+01 1.730761e+00
      vertex   3.385275e+01 -4.280317e+01 1.730761e+00
      vertex   3.409533e+01 -4.291999e+01 1.524167e+00
    endloop
  endfacet
  facet normal 5.281319e-01 -3.049171e-01 7.925291e-01
    outer loop
      vertex   3.409533e+01 -4.291999e+01 1.524167e+00
      vertex   3.385275e+01 -4.280317e+01 1.730761e+00
      vertex   3.393466e+01 -4.319827e+01 1.524167e+00
    endloop
  endfacet
  facet normal 3.322063e-01 -1.917994e-01 9.234999e-01
    outer loop
      vertex   3.409533e+01 -4.291999e+01 1.524167e+00
      vertex   3.393466e+01 -4.319827e+01 1.524167e+00
      vertex   3.419371e+01 -4.337489e+01 1.394296e+00
    endloop
  endfacet
  facet normal 2.999096e-01 -2.391699e-01 9.234999e-01
    outer loop
      vertex   3.419371e+01 -4.337489e+01 1.394296e+00
      vertex   3.393466e+01 -4.319827e+01 1.524167e+00
      vertex   3.396415e+01 -4.366277e+01 1.394296e+00
    endloop
  endfacet
  facet normal 7.392772e-01 -2.901449e-01 6.076884e-01
    outer loop
      vertex   3.385275e+01 -4.280317e+01 1.730761e+00
      vertex   3.375804e+01 -4.248060e+01 2.000000e+00
      vertex   3.366662e+01 -4.271353e+01 2.000000e+00
    endloop
  endfacet
  facet normal 6.877762e-01 -3.970878e-01 6.076884e-01
    outer loop
      vertex   3.385275e+01 -4.280317e+01 1.730761e+00
      vertex   3.366662e+01 -4.271353e+01 2.000000e+00
      vertex   3.371220e+01 -4.304661e+01 1.730761e+00
    endloop
  endfacet
  facet normal 6.877762e-01 -3.970878e-01 6.076884e-01
    outer loop
      vertex   3.371220e+01 -4.304661e+01 1.730761e+00
      vertex   3.366662e+01 -4.271353e+01 2.000000e+00
      vertex   3.354151e+01 -4.293023e+01 2.000000e+00
    endloop
  endfacet
  facet normal 6.209115e-01 -4.951604e-01 6.076884e-01
    outer loop
      vertex   3.371220e+01 -4.304661e+01 1.730761e+00
      vertex   3.354151e+01 -4.293023e+01 2.000000e+00
      vertex   3.353694e+01 -4.326638e+01 1.730761e+00
    endloop
  endfacet
  facet normal 5.281319e-01 -3.049171e-01 7.925291e-01
    outer loop
      vertex   3.385275e+01 -4.280317e+01 1.730761e+00
      vertex   3.371220e+01 -4.304661e+01 1.730761e+00
      vertex   3.393466e+01 -4.319827e+01 1.524167e+00
    endloop
  endfacet
  facet normal 4.767875e-01 -3.802254e-01 7.925291e-01
    outer loop
      vertex   3.393466e+01 -4.319827e+01 1.524167e+00
      vertex   3.371220e+01 -4.304661e+01 1.730761e+00
      vertex   3.373431e+01 -4.344951e+01 1.524167e+00
    endloop
  endfacet
  facet normal 2.999096e-01 -2.391699e-01 9.234999e-01
    outer loop
      vertex   3.393466e+01 -4.319827e+01 1.524167e+00
      vertex   3.373431e+01 -4.344951e+01 1.524167e+00
      vertex   3.396415e+01 -4.366277e+01 1.394296e+00
    endloop
  endfacet
  facet normal 2.609134e-01 -2.811978e-01 9.234999e-01
    outer loop
      vertex   3.396415e+01 -4.366277e+01 1.394296e+00
      vertex   3.373431e+01 -4.344951e+01 1.524167e+00
      vertex   3.369424e+01 -4.391321e+01 1.394296e+00
    endloop
  endfacet
  facet normal 4.767875e-01 -3.802254e-01 7.925291e-01
    outer loop
      vertex   3.373431e+01 -4.344951e+01 1.524167e+00
      vertex   3.371220e+01 -4.304661e+01 1.730761e+00
      vertex   3.353694e+01 -4.326638e+01 1.730761e+00
    endloop
  endfacet
  facet normal 2.609134e-01 -2.811978e-01 9.234999e-01
    outer loop
      vertex   3.369424e+01 -4.391321e+01 1.394296e+00
      vertex   3.373431e+01 -4.344951e+01 1.524167e+00
      vertex   3.349875e+01 -4.366807e+01 1.524167e+00
    endloop
  endfacet
  facet normal 4.147926e-01 -4.470401e-01 7.925291e-01
    outer loop
      vertex   3.349875e+01 -4.366807e+01 1.524167e+00
      vertex   3.373431e+01 -4.344951e+01 1.524167e+00
      vertex   3.353694e+01 -4.326638e+01 1.730761e+00
    endloop
  endfacet
  facet normal 5.206528e-01 -7.636574e-01 3.817695e-01
    outer loop
      vertex   3.312110e+01 -4.319452e+01 2.313535e+00
      vertex   3.293039e+01 -4.332454e+01 2.313535e+00
      vertex   3.299533e+01 -4.343701e+01 2.000000e+00
    endloop
  endfacet
  facet normal 4.010203e-01 -8.327273e-01 3.817695e-01
    outer loop
      vertex   3.299533e+01 -4.343701e+01 2.000000e+00
      vertex   3.293039e+01 -4.332454e+01 2.313535e+00
      vertex   3.276989e+01 -4.354557e+01 2.000000e+00
    endloop
  endfacet
  facet normal 3.445799e-01 -7.155275e-01 6.076884e-01
    outer loop
      vertex   3.299533e+01 -4.343701e+01 2.000000e+00
      vertex   3.276989e+01 -4.354557e+01 2.000000e+00
      vertex   3.284537e+01 -4.373789e+01 1.730761e+00
    endloop
  endfacet
  facet normal 2.340874e-01 -7.588926e-01 6.076884e-01
    outer loop
      vertex   3.284537e+01 -4.373789e+01 1.730761e+00
      vertex   3.276989e+01 -4.354557e+01 2.000000e+00
      vertex   3.257676e+01 -4.382074e+01 1.730761e+00
    endloop
  endfacet
  facet normal 1.797518e-01 -5.827409e-01 7.925291e-01
    outer loop
      vertex   3.284537e+01 -4.373789e+01 1.730761e+00
      vertex   3.257676e+01 -4.382074e+01 1.730761e+00
      vertex   3.263667e+01 -4.408323e+01 1.524167e+00
    endloop
  endfacet
  facet normal 2.160889e-01 -3.169442e-01 9.234999e-01
    outer loop
      vertex   3.369424e+01 -4.391321e+01 1.394296e+00
      vertex   3.349875e+01 -4.366807e+01 1.524167e+00
      vertex   3.339001e+01 -4.412062e+01 1.394296e+00
    endloop
  endfacet
  facet normal 2.724297e-01 -8.831954e-01 3.817695e-01
    outer loop
      vertex   3.272244e+01 -4.342468e+01 2.313535e+00
      vertex   3.253078e+01 -4.361933e+01 2.000000e+00
      vertex   3.276989e+01 -4.354557e+01 2.000000e+00
    endloop
  endfacet
  facet normal 2.340874e-01 -7.588926e-01 6.076884e-01
    outer loop
      vertex   3.276989e+01 -4.354557e+01 2.000000e+00
      vertex   3.253078e+01 -4.361933e+01 2.000000e+00
      vertex   3.257676e+01 -4.382074e+01 1.730761e+00
    endloop
  endfacet
  facet normal 4.010203e-01 -8.327273e-01 3.817695e-01
    outer loop
      vertex   3.293039e+01 -4.332454e+01 2.313535e+00
      vertex   3.272244e+01 -4.342468e+01 2.313535e+00
      vertex   3.276989e+01 -4.354557e+01 2.000000e+00
    endloop
  endfacet
  facet normal -1.377534e-01 -9.139344e-01 3.817695e-01
    outer loop
      vertex   3.203314e+01 -4.365662e+01 2.000000e+00
      vertex   3.204284e+01 -4.352711e+01 2.313535e+00
      vertex   3.178571e+01 -4.361933e+01 2.000000e+00
    endloop
  endfacet
  facet normal -1.183657e-01 -7.853053e-01 6.076884e-01
    outer loop
      vertex   3.201770e+01 -4.386264e+01 1.730761e+00
      vertex   3.203314e+01 -4.365662e+01 2.000000e+00
      vertex   3.173974e+01 -4.382074e+01 1.730761e+00
    endloop
  endfacet
  facet normal -1.183657e-01 -7.853053e-01 6.076884e-01
    outer loop
      vertex   3.173974e+01 -4.382074e+01 1.730761e+00
      vertex   3.203314e+01 -4.365662e+01 2.000000e+00
      vertex   3.178571e+01 -4.361933e+01 2.000000e+00
    endloop
  endfacet
  facet normal -2.340874e-01 -7.588926e-01 6.076884e-01
    outer loop
      vertex   3.173974e+01 -4.382074e+01 1.730761e+00
      vertex   3.178571e+01 -4.361933e+01 2.000000e+00
      vertex   3.147113e+01 -4.373789e+01 1.730761e+00
    endloop
  endfacet
  facet normal -9.089106e-02 -6.030228e-01 7.925291e-01
    outer loop
      vertex   3.199758e+01 -4.413112e+01 1.524167e+00
      vertex   3.201770e+01 -4.386264e+01 1.730761e+00
      vertex   3.167983e+01 -4.408323e+01 1.524167e+00
    endloop
  endfacet
  facet normal -9.089106e-02 -6.030228e-01 7.925291e-01
    outer loop
      vertex   3.167983e+01 -4.408323e+01 1.524167e+00
      vertex   3.201770e+01 -4.386264e+01 1.730761e+00
      vertex   3.173974e+01 -4.382074e+01 1.730761e+00
    endloop
  endfacet
  facet normal -1.797518e-01 -5.827409e-01 7.925291e-01
    outer loop
      vertex   3.167983e+01 -4.408323e+01 1.524167e+00
      vertex   3.173974e+01 -4.382074e+01 1.730761e+00
      vertex   3.137276e+01 -4.398851e+01 1.524167e+00
    endloop
  endfacet
  facet normal -1.797518e-01 -5.827409e-01 7.925291e-01
    outer loop
      vertex   3.137276e+01 -4.398851e+01 1.524167e+00
      vertex   3.173974e+01 -4.382074e+01 1.730761e+00
      vertex   3.147113e+01 -4.373789e+01 1.730761e+00
    endloop
  endfacet
  facet normal -2.645971e-01 -5.494416e-01 7.925291e-01
    outer loop
      vertex   3.137276e+01 -4.398851e+01 1.524167e+00
      vertex   3.147113e+01 -4.373789e+01 1.730761e+00
      vertex   3.108325e+01 -4.384909e+01 1.524167e+00
    endloop
  endfacet
  facet normal -5.717243e-02 -3.793143e-01 9.234999e-01
    outer loop
      vertex   3.197415e+01 -4.444378e+01 1.394296e+00
      vertex   3.199758e+01 -4.413112e+01 1.524167e+00
      vertex   3.161006e+01 -4.438890e+01 1.394296e+00
    endloop
  endfacet
  facet normal -5.717243e-02 -3.793143e-01 9.234999e-01
    outer loop
      vertex   3.161006e+01 -4.438890e+01 1.394296e+00
      vertex   3.199758e+01 -4.413112e+01 1.524167e+00
      vertex   3.167983e+01 -4.408323e+01 1.524167e+00
    endloop
  endfacet
  facet normal -1.130677e-01 -3.665566e-01 9.234999e-01
    outer loop
      vertex   3.161006e+01 -4.438890e+01 1.394296e+00
      vertex   3.167983e+01 -4.408323e+01 1.524167e+00
      vertex   3.125822e+01 -4.428038e+01 1.394296e+00
    endloop
  endfacet
  facet normal -1.130677e-01 -3.665566e-01 9.234999e-01
    outer loop
      vertex   3.125822e+01 -4.428038e+01 1.394296e+00
      vertex   3.167983e+01 -4.408323e+01 1.524167e+00
      vertex   3.137276e+01 -4.398851e+01 1.524167e+00
    endloop
  endfacet
  facet normal -1.664373e-01 -3.456106e-01 9.234999e-01
    outer loop
      vertex   3.125822e+01 -4.428038e+01 1.394296e+00
      vertex   3.137276e+01 -4.398851e+01 1.524167e+00
      vertex   3.092648e+01 -4.412062e+01 1.394296e+00
    endloop
  endfacet
  facet normal -1.664373e-01 -3.456106e-01 9.234999e-01
    outer loop
      vertex   3.092648e+01 -4.412062e+01 1.394296e+00
      vertex   3.137276e+01 -4.398851e+01 1.524167e+00
      vertex   3.108325e+01 -4.384909e+01 1.524167e+00
    endloop
  endfacet
  facet normal -2.160889e-01 -3.169442e-01 9.234999e-01
    outer loop
      vertex   3.092648e+01 -4.412062e+01 1.394296e+00
      vertex   3.108325e+01 -4.384909e+01 1.524167e+00
      vertex   3.062226e+01 -4.391321e+01 1.394296e+00
    endloop
  endfacet
  facet normal -7.226137e-01 -5.762652e-01 3.817695e-01
    outer loop
      vertex   3.102620e+01 -4.303752e+01 2.313535e+00
      vertex   3.088229e+01 -4.285707e+01 2.313535e+00
      vertex   3.077498e+01 -4.293023e+01 2.000000e+00
    endloop
  endfacet
  facet normal -8.004305e-01 -4.621288e-01 3.817695e-01
    outer loop
      vertex   3.077498e+01 -4.293023e+01 2.000000e+00
      vertex   3.088229e+01 -4.285707e+01 2.313535e+00
      vertex   3.064987e+01 -4.271353e+01 2.000000e+00
    endloop
  endfacet
  facet normal -6.877762e-01 -3.970878e-01 6.076884e-01
    outer loop
      vertex   3.077498e+01 -4.293023e+01 2.000000e+00
      vertex   3.064987e+01 -4.271353e+01 2.000000e+00
      vertex   3.046374e+01 -4.280317e+01 1.730761e+00
    endloop
  endfacet
  facet normal -7.392772e-01 -2.901449e-01 6.076884e-01
    outer loop
      vertex   3.046374e+01 -4.280317e+01 1.730761e+00
      vertex   3.064987e+01 -4.271353e+01 2.000000e+00
      vertex   3.036104e+01 -4.254150e+01 1.730761e+00
    endloop
  endfacet
  facet normal -5.676786e-01 -2.227974e-01 7.925291e-01
    outer loop
      vertex   3.046374e+01 -4.280317e+01 1.730761e+00
      vertex   3.036104e+01 -4.254150e+01 1.730761e+00
      vertex   3.010377e+01 -4.262086e+01 1.524167e+00
    endloop
  endfacet
  facet normal -5.945443e-01 -1.357009e-01 7.925291e-01
    outer loop
      vertex   3.010377e+01 -4.262086e+01 1.524167e+00
      vertex   3.036104e+01 -4.254150e+01 1.730761e+00
      vertex   3.003226e+01 -4.230758e+01 1.524167e+00
    endloop
  endfacet
  facet normal -3.739812e-01 -8.535876e-02 9.234999e-01
    outer loop
      vertex   3.010377e+01 -4.262086e+01 1.524167e+00
      vertex   3.003226e+01 -4.230758e+01 1.524167e+00
      vertex   2.972223e+01 -4.235431e+01 1.394296e+00
    endloop
  endfacet
  facet normal -8.004305e-01 -4.621288e-01 3.817695e-01
    outer loop
      vertex   3.088229e+01 -4.285707e+01 2.313535e+00
      vertex   3.076688e+01 -4.265718e+01 2.313535e+00
      vertex   3.064987e+01 -4.271353e+01 2.000000e+00
    endloop
  endfacet
  facet normal -8.603671e-01 -3.376692e-01 3.817695e-01
    outer loop
      vertex   3.064987e+01 -4.271353e+01 2.000000e+00
      vertex   3.076688e+01 -4.265718e+01 2.313535e+00
      vertex   3.055846e+01 -4.248060e+01 2.000000e+00
    endloop
  endfacet
  facet normal -7.392772e-01 -2.901449e-01 6.076884e-01
    outer loop
      vertex   3.064987e+01 -4.271353e+01 2.000000e+00
      vertex   3.055846e+01 -4.248060e+01 2.000000e+00
      vertex   3.036104e+01 -4.254150e+01 1.730761e+00
    endloop
  endfacet
  facet normal -7.742639e-01 -1.767207e-01 6.076884e-01
    outer loop
      vertex   3.036104e+01 -4.254150e+01 1.730761e+00
      vertex   3.055846e+01 -4.248060e+01 2.000000e+00
      vertex   3.029849e+01 -4.226745e+01 1.730761e+00
    endloop
  endfacet
  facet normal -5.945443e-01 -1.357009e-01 7.925291e-01
    outer loop
      vertex   3.036104e+01 -4.254150e+01 1.730761e+00
      vertex   3.029849e+01 -4.226745e+01 1.730761e+00
      vertex   3.003226e+01 -4.230758e+01 1.524167e+00
    endloop
  endfacet
  facet normal -9.010845e-01 -2.056667e-01 3.817695e-01
    outer loop
      vertex   3.068256e+01 -4.244232e+01 2.313535e+00
      vertex   3.050278e+01 -4.223666e+01 2.000000e+00
      vertex   3.055846e+01 -4.248060e+01 2.000000e+00
    endloop
  endfacet
  facet normal -7.742639e-01 -1.767207e-01 6.076884e-01
    outer loop
      vertex   3.055846e+01 -4.248060e+01 2.000000e+00
      vertex   3.050278e+01 -4.223666e+01 2.000000e+00
      vertex   3.029849e+01 -4.226745e+01 1.730761e+00
    endloop
  endfacet
  facet normal -8.603671e-01 -3.376692e-01 3.817695e-01
    outer loop
      vertex   3.076688e+01 -4.265718e+01 2.313535e+00
      vertex   3.068256e+01 -4.244232e+01 2.313535e+00
      vertex   3.055846e+01 -4.248060e+01 2.000000e+00
    endloop
  endfacet
  facet normal -9.927089e-01 1.205367e-01 -9.385914e-16
    outer loop
      vertex   3.070183e+01 -4.162816e+01 6.300000e+00
      vertex   3.070183e+01 -4.162816e+01 2.650000e+00
      vertex   3.065825e+01 -4.198714e+01 6.300000e+00
    endloop
  endfacet
  facet normal -9.927089e-01 1.205367e-01 0.000000e+00
    outer loop
      vertex   3.065825e+01 -4.198714e+01 6.300000e+00
      vertex   3.070183e+01 -4.162816e+01 2.650000e+00
      vertex   3.065825e+01 -4.198714e+01 2.650000e+00
    endloop
  endfacet
  facet normal -9.927089e-01 -1.205367e-01 -0.000000e+00
    outer loop
      vertex   3.065825e+01 -4.198714e+01 6.300000e+00
      vertex   3.065825e+01 -4.198714e+01 2.650000e+00
      vertex   3.070183e+01 -4.234611e+01 6.300000e+00
    endloop
  endfacet
  facet normal -9.927089e-01 -1.205367e-01 9.385914e-16
    outer loop
      vertex   3.070183e+01 -4.234611e+01 6.300000e+00
      vertex   3.065825e+01 -4.198714e+01 2.650000e+00
      vertex   3.070183e+01 -4.234611e+01 2.650000e+00
    endloop
  endfacet
  facet normal -9.350162e-01 -3.546049e-01 2.761227e-15
    outer loop
      vertex   3.070183e+01 -4.234611e+01 6.300000e+00
      vertex   3.070183e+01 -4.234611e+01 2.650000e+00
      vertex   3.083006e+01 -4.268422e+01 6.300000e+00
    endloop
  endfacet
  facet normal -9.350162e-01 -3.546049e-01 -0.000000e+00
    outer loop
      vertex   3.083006e+01 -4.268422e+01 6.300000e+00
      vertex   3.070183e+01 -4.234611e+01 2.650000e+00
      vertex   3.083006e+01 -4.268422e+01 2.650000e+00
    endloop
  endfacet
  facet normal -8.229839e-01 -5.680647e-01 -0.000000e+00
    outer loop
      vertex   3.083006e+01 -4.268422e+01 6.300000e+00
      vertex   3.083006e+01 -4.268422e+01 2.650000e+00
      vertex   3.103548e+01 -4.298182e+01 6.300000e+00
    endloop
  endfacet
  facet normal -8.229839e-01 -5.680647e-01 -0.000000e+00
    outer loop
      vertex   3.103548e+01 -4.298182e+01 6.300000e+00
      vertex   3.083006e+01 -4.268422e+01 2.650000e+00
      vertex   3.103548e+01 -4.298182e+01 2.650000e+00
    endloop
  endfacet
  facet normal -6.631227e-01 -7.485107e-01 -0.000000e+00
    outer loop
      vertex   3.103548e+01 -4.298182e+01 6.300000e+00
      vertex   3.103548e+01 -4.298182e+01 2.650000e+00
      vertex   3.130615e+01 -4.322161e+01 6.300000e+00
    endloop
  endfacet
  facet normal -6.631227e-01 -7.485107e-01 -0.000000e+00
    outer loop
      vertex   3.130615e+01 -4.322161e+01 6.300000e+00
      vertex   3.103548e+01 -4.298182e+01 2.650000e+00
      vertex   3.130615e+01 -4.322161e+01 2.650000e+00
    endloop
  endfacet
  facet normal -4.647232e-01 -8.854560e-01 -0.000000e+00
    outer loop
      vertex   3.130615e+01 -4.322161e+01 6.300000e+00
      vertex   3.130615e+01 -4.322161e+01 2.650000e+00
      vertex   3.162634e+01 -4.338966e+01 6.300000e+00
    endloop
  endfacet
  facet normal -4.647232e-01 -8.854560e-01 -0.000000e+00
    outer loop
      vertex   3.162634e+01 -4.338966e+01 6.300000e+00
      vertex   3.130615e+01 -4.322161e+01 2.650000e+00
      vertex   3.162634e+01 -4.338966e+01 2.650000e+00
    endloop
  endfacet
  facet normal -2.393157e-01 -9.709418e-01 -0.000000e+00
    outer loop
      vertex   3.162634e+01 -4.338966e+01 6.300000e+00
      vertex   3.162634e+01 -4.338966e+01 2.650000e+00
      vertex   3.197744e+01 -4.347620e+01 6.300000e+00
    endloop
  endfacet
  facet normal -2.393157e-01 -9.709418e-01 -0.000000e+00
    outer loop
      vertex   3.197744e+01 -4.347620e+01 6.300000e+00
      vertex   3.162634e+01 -4.338966e+01 2.650000e+00
      vertex   3.197744e+01 -4.347620e+01 2.650000e+00
    endloop
  endfacet
  facet normal 0.000000e+00 -1.000000e+00 0.000000e+00
    outer loop
      vertex   3.197744e+01 -4.347620e+01 6.300000e+00
      vertex   3.197744e+01 -4.347620e+01 2.650000e+00
      vertex   3.233905e+01 -4.347620e+01 6.300000e+00
    endloop
  endfacet
  facet normal 0.000000e+00 -1.000000e+00 -0.000000e+00
    outer loop
      vertex   3.233905e+01 -4.347620e+01 6.300000e+00
      vertex   3.197744e+01 -4.347620e+01 2.650000e+00
      vertex   3.233905e+01 -4.347620e+01 2.650000e+00
    endloop
  endfacet
  facet normal 2.393157e-01 -9.709418e-01 0.000000e+00
    outer loop
      vertex   3.233905e+01 -4.347620e+01 6.300000e+00
      vertex   3.233905e+01 -4.347620e+01 2.650000e+00
      vertex   3.269015e+01 -4.338966e+01 6.300000e+00
    endloop
  endfacet
  facet normal 2.393157e-01 -9.709418e-01 0.000000e+00
    outer loop
      vertex   3.269015e+01 -4.338966e+01 6.300000e+00
      vertex   3.233905e+01 -4.347620e+01 2.650000e+00
      vertex   3.269015e+01 -4.338966e+01 2.650000e+00
    endloop
  endfacet
  facet normal 4.647232e-01 -8.854560e-01 0.000000e+00
    outer loop
      vertex   3.269015e+01 -4.338966e+01 6.300000e+00
      vertex   3.269015e+01 -4.338966e+01 2.650000e+00
      vertex   3.301034e+01 -4.322161e+01 6.300000e+00
    endloop
  endfacet
  facet normal 4.647232e-01 -8.854560e-01 0.000000e+00
    outer loop
      vertex   3.301034e+01 -4.322161e+01 6.300000e+00
      vertex   3.269015e+01 -4.338966e+01 2.650000e+00
      vertex   3.301034e+01 -4.322161e+01 2.650000e+00
    endloop
  endfacet
  facet normal 6.631227e-01 -7.485107e-01 0.000000e+00
    outer loop
      vertex   3.301034e+01 -4.322161e+01 6.300000e+00
      vertex   3.301034e+01 -4.322161e+01 2.650000e+00
      vertex   3.328101e+01 -4.298182e+01 6.300000e+00
    endloop
  endfacet
  facet normal 6.631227e-01 -7.485107e-01 0.000000e+00
    outer loop
      vertex   3.328101e+01 -4.298182e+01 6.300000e+00
      vertex   3.301034e+01 -4.322161e+01 2.650000e+00
      vertex   3.328101e+01 -4.298182e+01 2.650000e+00
    endloop
  endfacet
  facet normal 8.229839e-01 -5.680647e-01 0.000000e+00
    outer loop
      vertex   3.328101e+01 -4.298182e+01 6.300000e+00
      vertex   3.328101e+01 -4.298182e+01 2.650000e+00
      vertex   3.348643e+01 -4.268422e+01 6.300000e+00
    endloop
  endfacet
  facet normal 8.229839e-01 -5.680647e-01 0.000000e+00
    outer loop
      vertex   3.348643e+01 -4.268422e+01 6.300000e+00
      vertex   3.328101e+01 -4.298182e+01 2.650000e+00
      vertex   3.348643e+01 -4.268422e+01 2.650000e+00
    endloop
  endfacet
  facet normal 9.350162e-01 -3.546049e-01 0.000000e+00
    outer loop
      vertex   3.348643e+01 -4.268422e+01 6.300000e+00
      vertex   3.348643e+01 -4.268422e+01 2.650000e+00
      vertex   3.361466e+01 -4.234611e+01 6.300000e+00
    endloop
  endfacet
  facet normal 9.350162e-01 -3.546049e-01 0.000000e+00
    outer loop
      vertex   3.361466e+01 -4.234611e+01 6.300000e+00
      vertex   3.348643e+01 -4.268422e+01 2.650000e+00
      vertex   3.361466e+01 -4.234611e+01 2.650000e+00
    endloop
  endfacet
  facet normal 9.927089e-01 -1.205367e-01 0.000000e+00
    outer loop
      vertex   3.361466e+01 -4.234611e+01 6.300000e+00
      vertex   3.361466e+01 -4.234611e+01 2.650000e+00
      vertex   3.365825e+01 -4.198714e+01 6.300000e+00
    endloop
  endfacet
  facet normal 9.927089e-01 -1.205367e-01 0.000000e+00
    outer loop
      vertex   3.365825e+01 -4.198714e+01 6.300000e+00
      vertex   3.361466e+01 -4.234611e+01 2.650000e+00
      vertex   3.365825e+01 -4.198714e+01 2.650000e+00
    endloop
  endfacet
  facet normal 9.927089e-01 1.205367e-01 0.000000e+00
    outer loop
      vertex   3.365825e+01 -4.198714e+01 6.300000e+00
      vertex   3.365825e+01 -4.198714e+01 2.650000e+00
      vertex   3.361466e+01 -4.162816e+01 6.300000e+00
    endloop
  endfacet
  facet normal 9.927089e-01 1.205367e-01 0.000000e+00
    outer loop
      vertex   3.361466e+01 -4.162816e+01 6.300000e+00
      vertex   3.365825e+01 -4.198714e+01 2.650000e+00
      vertex   3.361466e+01 -4.162816e+01 2.650000e+00
    endloop
  endfacet
  facet normal 9.350162e-01 3.546049e-01 0.000000e+00
    outer loop
      vertex   3.361466e+01 -4.162816e+01 6.300000e+00
      vertex   3.361466e+01 -4.162816e+01 2.650000e+00
      vertex   3.348643e+01 -4.129005e+01 6.300000e+00
    endloop
  endfacet
  facet normal 9.350162e-01 3.546049e-01 0.000000e+00
    outer loop
      vertex   3.348643e+01 -4.129005e+01 6.300000e+00
      vertex   3.361466e+01 -4.162816e+01 2.650000e+00
      vertex   3.348643e+01 -4.129005e+01 2.650000e+00
    endloop
  endfacet
  facet normal 8.229839e-01 5.680647e-01 0.000000e+00
    outer loop
      vertex   3.348643e+01 -4.129005e+01 6.300000e+00
      vertex   3.348643e+01 -4.129005e+01 2.650000e+00
      vertex   3.328101e+01 -4.099245e+01 6.300000e+00
    endloop
  endfacet
  facet normal 8.229839e-01 5.680647e-01 0.000000e+00
    outer loop
      vertex   3.328101e+01 -4.099245e+01 6.300000e+00
      vertex   3.348643e+01 -4.129005e+01 2.650000e+00
      vertex   3.328101e+01 -4.099245e+01 2.650000e+00
    endloop
  endfacet
  facet normal 6.631227e-01 7.485107e-01 0.000000e+00
    outer loop
      vertex   3.328101e+01 -4.099245e+01 6.300000e+00
      vertex   3.328101e+01 -4.099245e+01 2.650000e+00
      vertex   3.301034e+01 -4.075266e+01 6.300000e+00
    endloop
  endfacet
  facet normal 6.631227e-01 7.485107e-01 0.000000e+00
    outer loop
      vertex   3.301034e+01 -4.075266e+01 6.300000e+00
      vertex   3.328101e+01 -4.099245e+01 2.650000e+00
      vertex   3.301034e+01 -4.075266e+01 2.650000e+00
    endloop
  endfacet
  facet normal 4.647232e-01 8.854560e-01 0.000000e+00
    outer loop
      vertex   3.301034e+01 -4.075266e+01 6.300000e+00
      vertex   3.301034e+01 -4.075266e+01 2.650000e+00
      vertex   3.269015e+01 -4.058461e+01 6.300000e+00
    endloop
  endfacet
  facet normal 4.647232e-01 8.854560e-01 0.000000e+00
    outer loop
      vertex   3.269015e+01 -4.058461e+01 6.300000e+00
      vertex   3.301034e+01 -4.075266e+01 2.650000e+00
      vertex   3.269015e+01 -4.058461e+01 2.650000e+00
    endloop
  endfacet
  facet normal 2.393157e-01 9.709418e-01 0.000000e+00
    outer loop
      vertex   3.269015e+01 -4.058461e+01 6.300000e+00
      vertex   3.269015e+01 -4.058461e+01 2.650000e+00
      vertex   3.233905e+01 -4.049807e+01 6.300000e+00
    endloop
  endfacet
  facet normal 2.393157e-01 9.709418e-01 0.000000e+00
    outer loop
      vertex   3.233905e+01 -4.049807e+01 6.300000e+00
      vertex   3.269015e+01 -4.058461e+01 2.650000e+00
      vertex   3.233905e+01 -4.049807e+01 2.650000e+00
    endloop
  endfacet
  facet normal 0.000000e+00 1.000000e+00 0.000000e+00
    outer loop
      vertex   3.233905e+01 -4.049807e+01 6.300000e+00
      vertex   3.233905e+01 -4.049807e+01 2.650000e+00
      vertex   3.197744e+01 -4.049807e+01 6.300000e+00
    endloop
  endfacet
  facet normal 0.000000e+00 1.000000e+00 0.000000e+00
    outer loop
      vertex   3.197744e+01 -4.049807e+01 6.300000e+00
      vertex   3.233905e+01 -4.049807e+01 2.650000e+00
      vertex   3.197744e+01 -4.049807e+01 2.650000e+00
    endloop
  endfacet
  facet normal -2.393157e-01 9.709418e-01 0.000000e+00
    outer loop
      vertex   3.197744e+01 -4.049807e+01 6.300000e+00
      vertex   3.197744e+01 -4.049807e+01 2.650000e+00
      vertex   3.162634e+01 -4.058461e+01 6.300000e+00
    endloop
  endfacet
  facet normal -2.393157e-01 9.709418e-01 0.000000e+00
    outer loop
      vertex   3.162634e+01 -4.058461e+01 6.300000e+00
      vertex   3.197744e+01 -4.049807e+01 2.650000e+00
      vertex   3.162634e+01 -4.058461e+01 2.650000e+00
    endloop
  endfacet
  facet normal -4.647232e-01 8.854560e-01 0.000000e+00
    outer loop
      vertex   3.162634e+01 -4.058461e+01 6.300000e+00
      vertex   3.162634e+01 -4.058461e+01 2.650000e+00
      vertex   3.130615e+01 -4.075266e+01 6.300000e+00
    endloop
  endfacet
  facet normal -4.647232e-01 8.854560e-01 0.000000e+00
    outer loop
      vertex   3.130615e+01 -4.075266e+01 6.300000e+00
      vertex   3.162634e+01 -4.058461e+01 2.650000e+00
      vertex   3.130615e+01 -4.075266e+01 2.650000e+00
    endloop
  endfacet
  facet normal -6.631227e-01 7.485107e-01 0.000000e+00
    outer loop
      vertex   3.130615e+01 -4.075266e+01 6.300000e+00
      vertex   3.130615e+01 -4.075266e+01 2.650000e+00
      vertex   3.103548e+01 -4.099245e+01 6.300000e+00
    endloop
  endfacet
  facet normal -6.631227e-01 7.485107e-01 0.000000e+00
    outer loop
      vertex   3.103548e+01 -4.099245e+01 6.300000e+00
      vertex   3.130615e+01 -4.075266e+01 2.650000e+00
      vertex   3.103548e+01 -4.099245e+01 2.650000e+00
    endloop
  endfacet
  facet normal -8.229839e-01 5.680647e-01 0.000000e+00
    outer loop
      vertex   3.103548e+01 -4.099245e+01 6.300000e+00
      vertex   3.103548e+01 -4.099245e+01 2.650000e+00
      vertex   3.083006e+01 -4.129005e+01 6.300000e+00
    endloop
  endfacet
  facet normal -8.229839e-01 5.680647e-01 0.000000e+00
    outer loop
      vertex   3.083006e+01 -4.129005e+01 6.300000e+00
      vertex   3.103548e+01 -4.099245e+01 2.650000e+00
      vertex   3.083006e+01 -4.129005e+01 2.650000e+00
    endloop
  endfacet
  facet normal -9.350162e-01 3.546049e-01 0.000000e+00
    outer loop
      vertex   3.083006e+01 -4.129005e+01 6.300000e+00
      vertex   3.083006e+01 -4.129005e+01 2.650000e+00
      vertex   3.070183e+01 -4.162816e+01 6.300000e+00
    endloop
  endfacet
  facet normal -9.350162e-01 3.546049e-01 -2.761227e-15
    outer loop
      vertex   3.070183e+01 -4.162816e+01 6.300000e+00
      vertex   3.083006e+01 -4.129005e+01 2.650000e+00
      vertex   3.070183e+01 -4.162816e+01 2.650000e+00
    endloop
  endfacet
  facet normal 0.000000e+00 -1.000000e+00 0.000000e+00
    outer loop
      vertex   -4.195503e+01 3.945772e+01 1.350000e+00
      vertex   3.704497e+01 3.945772e+01 1.350000e+00
      vertex   -4.195503e+01 3.945772e+01 7.000000e+00
    endloop
  endfacet
  facet normal 0.000000e+00 -1.000000e+00 0.000000e+00
    outer loop
      vertex   -4.195503e+01 3.945772e+01 7.000000e+00
      vertex   3.704497e+01 3.945772e+01 1.350000e+00
      vertex   3.704497e+01 3.945772e+01 7.000000e+00
    endloop
  endfacet
  facet normal -1.000000e+00 0.000000e+00 0.000000e+00
    outer loop
      vertex   3.704497e+01 3.945772e+01 1.350000e+00
      vertex   3.704497e+01 -4.754228e+01 1.350000e+00
      vertex   3.704497e+01 3.945772e+01 7.000000e+00
    endloop
  endfacet
  facet normal -1.000000e+00 -0.000000e+00 0.000000e+00
    outer loop
      vertex   3.704497e+01 3.945772e+01 7.000000e+00
      vertex   3.704497e+01 -4.754228e+01 1.350000e+00
      vertex   3.704497e+01 -4.754228e+01 7.000000e+00
    endloop
  endfacet
  facet normal 1.000000e+00 0.000000e+00 0.000000e+00
    outer loop
      vertex   -4.195503e+01 -4.754228e+01 1.350000e+00
      vertex   -4.195503e+01 3.945772e+01 1.350000e+00
      vertex   -4.195503e+01 -4.754228e+01 7.000000e+00
    endloop
  endfacet
  facet normal 1.000000e+00 -0.000000e+00 0.000000e+00
    outer loop
      vertex   -4.195503e+01 -4.754228e+01 7.000000e+00
      vertex   -4.195503e+01 3.945772e+01 1.350000e+00
      vertex   -4.195503e+01 3.945772e+01 7.000000e+00
    endloop
  endfacet
  facet normal 0.000000e+00 1.000000e+00 -0.000000e+00
    outer loop
      vertex   3.704497e+01 -4.754228e+01 1.350000e+00
      vertex   -4.195503e+01 -4.754228e+01 1.350000e+00
      vertex   3.704497e+01 -4.754228e+01 7.000000e+00
    endloop
  endfacet
  facet normal 0.000000e+00 1.000000e+00 0.000000e+00
    outer loop
      vertex   3.704497e+01 -4.754228e+01 7.000000e+00
      vertex   -4.195503e+01 -4.754228e+01 1.350000e+00
      vertex   -4.195503e+01 -4.754228e+01 7.000000e+00
    endloop
  endfacet
  facet normal -0.000000e+00 0.000000e+00 1.000000e+00
    outer loop
      vertex   -4.195503e+01 -4.754228e+01 7.000000e+00
      vertex   3.704497e+01 -4.874228e+01 7.000000e+00
      vertex   3.704497e+01 -4.754228e+01 7.000000e+00
    endloop
  endfacet
  facet normal 0.000000e+00 0.000000e+00 1.000000e+00
    outer loop
      vertex   3.704497e+01 -4.754228e+01 7.000000e+00
      vertex   3.704497e+01 -4.874228e+01 7.000000e+00
      vertex   3.735555e+01 -4.870139e+01 7.000000e+00
    endloop
  endfacet
  facet normal 0.000000e+00 0.000000e+00 1.000000e+00
    outer loop
      vertex   3.704497e+01 -4.754228e+01 7.000000e+00
      vertex   3.735555e+01 -4.870139e+01 7.000000e+00
      vertex   3.764497e+01 -4.858151e+01 7.000000e+00
    endloop
  endfacet
  facet normal 0.000000e+00 0.000000e+00 1.000000e+00
    outer loop
      vertex   -4.195503e+01 3.945772e+01 7.000000e+00
      vertex   -4.315503e+01 3.945772e+01 7.000000e+00
      vertex   -4.195503e+01 -4.754228e+01 7.000000e+00
    endloop
  endfacet
  facet normal 0.000000e+00 0.000000e+00 1.000000e+00
    outer loop
      vertex   -4.195503e+01 -4.754228e+01 7.000000e+00
      vertex   -4.315503e+01 3.945772e+01 7.000000e+00
      vertex   -4.315503e+01 -4.754228e+01 7.000000e+00
    endloop
  endfacet
  facet normal 0.000000e+00 0.000000e+00 1.000000e+00
    outer loop
      vertex   -4.195503e+01 -4.754228e+01 7.000000e+00
      vertex   -4.315503e+01 -4.754228e+01 7.000000e+00
      vertex   -4.311414e+01 -4.785286e+01 7.000000e+00
    endloop
  endfacet
  facet normal 0.000000e+00 0.000000e+00 1.000000e+00
    outer loop
      vertex   3.704497e+01 3.945772e+01 7.000000e+00
      vertex   -4.195503e+01 4.065772e+01 7.000000e+00
      vertex   -4.195503e+01 3.945772e+01 7.000000e+00
    endloop
  endfacet
  facet normal 0.000000e+00 -0.000000e+00 1.000000e+00
    outer loop
      vertex   -4.195503e+01 3.945772e+01 7.000000e+00
      vertex   -4.195503e+01 4.065772e+01 7.000000e+00
      vertex   -4.226561e+01 4.061683e+01 7.000000e+00
    endloop
  endfacet
  facet normal 0.000000e+00 0.000000e+00 1.000000e+00
    outer loop
      vertex   -4.195503e+01 3.945772e+01 7.000000e+00
      vertex   -4.226561e+01 4.061683e+01 7.000000e+00
      vertex   -4.255503e+01 4.049695e+01 7.000000e+00
    endloop
  endfacet
  facet normal 0.000000e+00 0.000000e+00 1.000000e+00
    outer loop
      vertex   3.704497e+01 -4.754228e+01 7.000000e+00
      vertex   3.824497e+01 -4.754228e+01 7.000000e+00
      vertex   3.704497e+01 3.945772e+01 7.000000e+00
    endloop
  endfacet
  facet normal -0.000000e+00 0.000000e+00 1.000000e+00
    outer loop
      vertex   3.704497e+01 3.945772e+01 7.000000e+00
      vertex   3.824497e+01 -4.754228e+01 7.000000e+00
      vertex   3.824497e+01 3.945772e+01 7.000000e+00
    endloop
  endfacet
  facet normal 0.000000e+00 0.000000e+00 1.000000e+00
    outer loop
      vertex   3.704497e+01 3.945772e+01 7.000000e+00
      vertex   3.824497e+01 3.945772e+01 7.000000e+00
      vertex   3.820408e+01 3.976830e+01 7.000000e+00
    endloop
  endfacet
  facet normal 0.000000e+00 0.000000e+00 1.000000e+00
    outer loop
      vertex   -4.255503e+01 4.049695e+01 7.000000e+00
      vertex   -4.280356e+01 4.030625e+01 7.000000e+00
      vertex   -4.195503e+01 3.945772e+01 7.000000e+00
    endloop
  endfacet
  facet normal 0.000000e+00 0.000000e+00 1.000000e+00
    outer loop
      vertex   -4.195503e+01 3.945772e+01 7.000000e+00
      vertex   -4.280356e+01 4.030625e+01 7.000000e+00
      vertex   -4.299426e+01 4.005772e+01 7.000000e+00
    endloop
  endfacet
  facet normal 0.000000e+00 0.000000e+00 1.000000e+00
    outer loop
      vertex   -4.195503e+01 3.945772e+01 7.000000e+00
      vertex   -4.299426e+01 4.005772e+01 7.000000e+00
      vertex   -4.311414e+01 3.976830e+01 7.000000e+00
    endloop
  endfacet
  facet normal 0.000000e+00 0.000000e+00 1.000000e+00
    outer loop
      vertex   -4.311414e+01 3.976830e+01 7.000000e+00
      vertex   -4.315503e+01 3.945772e+01 7.000000e+00
      vertex   -4.195503e+01 3.945772e+01 7.000000e+00
    endloop
  endfacet
  facet normal -0.000000e+00 0.000000e+00 1.000000e+00
    outer loop
      vertex   -4.311414e+01 -4.785286e+01 7.000000e+00
      vertex   -4.299426e+01 -4.814228e+01 7.000000e+00
      vertex   -4.195503e+01 -4.754228e+01 7.000000e+00
    endloop
  endfacet
  facet normal 0.000000e+00 0.000000e+00 1.000000e+00
    outer loop
      vertex   -4.195503e+01 -4.754228e+01 7.000000e+00
      vertex   -4.299426e+01 -4.814228e+01 7.000000e+00
      vertex   -4.280356e+01 -4.839081e+01 7.000000e+00
    endloop
  endfacet
  facet normal 0.000000e+00 0.000000e+00 1.000000e+00
    outer loop
      vertex   -4.195503e+01 -4.754228e+01 7.000000e+00
      vertex   -4.280356e+01 -4.839081e+01 7.000000e+00
      vertex   -4.255503e+01 -4.858151e+01 7.000000e+00
    endloop
  endfacet
  facet normal -0.000000e+00 0.000000e+00 1.000000e+00
    outer loop
      vertex   -4.255503e+01 -4.858151e+01 7.000000e+00
      vertex   -4.226561e+01 -4.870139e+01 7.000000e+00
      vertex   -4.195503e+01 -4.754228e+01 7.000000e+00
    endloop
  endfacet
  facet normal 0.000000e+00 0.000000e+00 1.000000e+00
    outer loop
      vertex   -4.195503e+01 -4.754228e+01 7.000000e+00
      vertex   -4.226561e+01 -4.870139e+01 7.000000e+00
      vertex   -4.195503e+01 -4.874228e+01 7.000000e+00
    endloop
  endfacet
  facet normal 0.000000e+00 0.000000e+00 1.000000e+00
    outer loop
      vertex   -4.195503e+01 -4.754228e+01 7.000000e+00
      vertex   -4.195503e+01 -4.874228e+01 7.000000e+00
      vertex   3.704497e+01 -4.874228e+01 7.000000e+00
    endloop
  endfacet
  facet normal 0.000000e+00 -0.000000e+00 1.000000e+00
    outer loop
      vertex   3.764497e+01 -4.858151e+01 7.000000e+00
      vertex   3.789350e+01 -4.839081e+01 7.000000e+00
      vertex   3.704497e+01 -4.754228e+01 7.000000e+00
    endloop
  endfacet
  facet normal 0.000000e+00 0.000000e+00 1.000000e+00
    outer loop
      vertex   3.704497e+01 -4.754228e+01 7.000000e+00
      vertex   3.789350e+01 -4.839081e+01 7.000000e+00
      vertex   3.808420e+01 -4.814228e+01 7.000000e+00
    endloop
  endfacet
  facet normal 0.000000e+00 0.000000e+00 1.000000e+00
    outer loop
      vertex   3.704497e+01 -4.754228e+01 7.000000e+00
      vertex   3.808420e+01 -4.814228e+01 7.000000e+00
      vertex   3.820408e+01 -4.785286e+01 7.000000e+00
    endloop
  endfacet
  facet normal 0.000000e+00 -0.000000e+00 1.000000e+00
    outer loop
      vertex   3.820408e+01 -4.785286e+01 7.000000e+00
      vertex   3.824497e+01 -4.754228e+01 7.000000e+00
      vertex   3.704497e+01 -4.754228e+01 7.000000e+00
    endloop
  endfacet
  facet normal 0.000000e+00 0.000000e+00 1.000000e+00
    outer loop
      vertex   3.820408e+01 3.976830e+01 7.000000e+00
      vertex   3.808420e+01 4.005772e+01 7.000000e+00
      vertex   3.704497e+01 3.945772e+01 7.000000e+00
    endloop
  endfacet
  facet normal 0.000000e+00 0.000000e+00 1.000000e+00
    outer loop
      vertex   3.704497e+01 3.945772e+01 7.000000e+00
      vertex   3.808420e+01 4.005772e+01 7.000000e+00
      vertex   3.789350e+01 4.030625e+01 7.000000e+00
    endloop
  endfacet
  facet normal 0.000000e+00 0.000000e+00 1.000000e+00
    outer loop
      vertex   3.704497e+01 3.945772e+01 7.000000e+00
      vertex   3.789350e+01 4.030625e+01 7.000000e+00
      vertex   3.764497e+01 4.049695e+01 7.000000e+00
    endloop
  endfacet
  facet normal 0.000000e+00 0.000000e+00 1.000000e+00
    outer loop
      vertex   3.764497e+01 4.049695e+01 7.000000e+00
      vertex   3.735555e+01 4.061683e+01 7.000000e+00
      vertex   3.704497e+01 3.945772e+01 7.000000e+00
    endloop
  endfacet
  facet normal 0.000000e+00 0.000000e+00 1.000000e+00
    outer loop
      vertex   3.704497e+01 3.945772e+01 7.000000e+00
      vertex   3.735555e+01 4.061683e+01 7.000000e+00
      vertex   3.704497e+01 4.065772e+01 7.000000e+00
    endloop
  endfacet
  facet normal 0.000000e+00 -0.000000e+00 1.000000e+00
    outer loop
      vertex   3.704497e+01 3.945772e+01 7.000000e+00
      vertex   3.704497e+01 4.065772e+01 7.000000e+00
      vertex   -4.195503e+01 4.065772e+01 7.000000e+00
    endloop
  endfacet
  facet normal 0.000000e+00 -0.000000e+00 1.000000e+00
    outer loop
      vertex   -3.480467e+01 3.482719e+01 6.300000e+00
      vertex   -3.189185e+01 3.482719e+01 6.300000e+00
      vertex   -3.484826e+01 3.518616e+01 6.300000e+00
    endloop
  endfacet
  facet normal -0.000000e+00 0.000000e+00 1.000000e+00
    outer loop
      vertex   -3.484826e+01 3.518616e+01 6.300000e+00
      vertex   -3.189185e+01 3.482719e+01 6.300000e+00
      vertex   -3.184826e+01 3.518616e+01 6.300000e+00
    endloop
  endfacet
  facet normal 0.000000e+00 0.000000e+00 1.000000e+00
    outer loop
      vertex   -3.484826e+01 3.518616e+01 6.300000e+00
      vertex   -3.184826e+01 3.518616e+01 6.300000e+00
      vertex   -3.480467e+01 3.554513e+01 6.300000e+00
    endloop
  endfacet
  facet normal 0.000000e+00 0.000000e+00 1.000000e+00
    outer loop
      vertex   -3.480467e+01 3.554513e+01 6.300000e+00
      vertex   -3.184826e+01 3.518616e+01 6.300000e+00
      vertex   -3.189185e+01 3.554513e+01 6.300000e+00
    endloop
  endfacet
  facet normal -0.000000e+00 0.000000e+00 1.000000e+00
    outer loop
      vertex   -3.480467e+01 3.554513e+01 6.300000e+00
      vertex   -3.189185e+01 3.554513e+01 6.300000e+00
      vertex   -3.467645e+01 3.588324e+01 6.300000e+00
    endloop
  endfacet
  facet normal -0.000000e+00 0.000000e+00 1.000000e+00
    outer loop
      vertex   -3.467645e+01 3.588324e+01 6.300000e+00
      vertex   -3.189185e+01 3.554513e+01 6.300000e+00
      vertex   -3.202008e+01 3.588324e+01 6.300000e+00
    endloop
  endfacet
  facet normal 0.000000e+00 0.000000e+00 1.000000e+00
    outer loop
      vertex   -3.467645e+01 3.588324e+01 6.300000e+00
      vertex   -3.202008e+01 3.588324e+01 6.300000e+00
      vertex   -3.447103e+01 3.618084e+01 6.300000e+00
    endloop
  endfacet
  facet normal -0.000000e+00 0.000000e+00 1.000000e+00
    outer loop
      vertex   -3.447103e+01 3.618084e+01 6.300000e+00
      vertex   -3.202008e+01 3.588324e+01 6.300000e+00
      vertex   -3.222550e+01 3.618084e+01 6.300000e+00
    endloop
  endfacet
  facet normal 0.000000e+00 0.000000e+00 1.000000e+00
    outer loop
      vertex   -3.447103e+01 3.618084e+01 6.300000e+00
      vertex   -3.222550e+01 3.618084e+01 6.300000e+00
      vertex   -3.420036e+01 3.642063e+01 6.300000e+00
    endloop
  endfacet
  facet normal -0.000000e+00 0.000000e+00 1.000000e+00
    outer loop
      vertex   -3.420036e+01 3.642063e+01 6.300000e+00
      vertex   -3.222550e+01 3.618084e+01 6.300000e+00
      vertex   -3.249616e+01 3.642063e+01 6.300000e+00
    endloop
  endfacet
  facet normal 0.000000e+00 0.000000e+00 1.000000e+00
    outer loop
      vertex   -3.420036e+01 3.642063e+01 6.300000e+00
      vertex   -3.249616e+01 3.642063e+01 6.300000e+00
      vertex   -3.388017e+01 3.658868e+01 6.300000e+00
    endloop
  endfacet
  facet normal -0.000000e+00 0.000000e+00 1.000000e+00
    outer loop
      vertex   -3.388017e+01 3.658868e+01 6.300000e+00
      vertex   -3.249616e+01 3.642063e+01 6.300000e+00
      vertex   -3.281635e+01 3.658868e+01 6.300000e+00
    endloop
  endfacet
  facet normal 0.000000e+00 0.000000e+00 1.000000e+00
    outer loop
      vertex   -3.388017e+01 3.658868e+01 6.300000e+00
      vertex   -3.281635e+01 3.658868e+01 6.300000e+00
      vertex   -3.352907e+01 3.667522e+01 6.300000e+00
    endloop
  endfacet
  facet normal -0.000000e+00 0.000000e+00 1.000000e+00
    outer loop
      vertex   -3.352907e+01 3.667522e+01 6.300000e+00
      vertex   -3.281635e+01 3.658868e+01 6.300000e+00
      vertex   -3.316746e+01 3.667522e+01 6.300000e+00
    endloop
  endfacet
  facet normal 0.000000e+00 0.000000e+00 1.000000e+00
    outer loop
      vertex   -3.189185e+01 3.482719e+01 6.300000e+00
      vertex   -3.480467e+01 3.482719e+01 6.300000e+00
      vertex   -3.202008e+01 3.448907e+01 6.300000e+00
    endloop
  endfacet
  facet normal 0.000000e+00 0.000000e+00 1.000000e+00
    outer loop
      vertex   -3.202008e+01 3.448907e+01 6.300000e+00
      vertex   -3.480467e+01 3.482719e+01 6.300000e+00
      vertex   -3.467645e+01 3.448907e+01 6.300000e+00
    endloop
  endfacet
  facet normal 0.000000e+00 0.000000e+00 1.000000e+00
    outer loop
      vertex   -3.202008e+01 3.448907e+01 6.300000e+00
      vertex   -3.467645e+01 3.448907e+01 6.300000e+00
      vertex   -3.222550e+01 3.419147e+01 6.300000e+00
    endloop
  endfacet
  facet normal 0.000000e+00 0.000000e+00 1.000000e+00
    outer loop
      vertex   -3.222550e+01 3.419147e+01 6.300000e+00
      vertex   -3.467645e+01 3.448907e+01 6.300000e+00
      vertex   -3.447103e+01 3.419147e+01 6.300000e+00
    endloop
  endfacet
  facet normal 0.000000e+00 0.000000e+00 1.000000e+00
    outer loop
      vertex   -3.222550e+01 3.419147e+01 6.300000e+00
      vertex   -3.447103e+01 3.419147e+01 6.300000e+00
      vertex   -3.249616e+01 3.395168e+01 6.300000e+00
    endloop
  endfacet
  facet normal 0.000000e+00 0.000000e+00 1.000000e+00
    outer loop
      vertex   -3.249616e+01 3.395168e+01 6.300000e+00
      vertex   -3.447103e+01 3.419147e+01 6.300000e+00
      vertex   -3.420036e+01 3.395168e+01 6.300000e+00
    endloop
  endfacet
  facet normal 0.000000e+00 0.000000e+00 1.000000e+00
    outer loop
      vertex   -3.249616e+01 3.395168e+01 6.300000e+00
      vertex   -3.420036e+01 3.395168e+01 6.300000e+00
      vertex   -3.281635e+01 3.378363e+01 6.300000e+00
    endloop
  endfacet
  facet normal 0.000000e+00 0.000000e+00 1.000000e+00
    outer loop
      vertex   -3.281635e+01 3.378363e+01 6.300000e+00
      vertex   -3.420036e+01 3.395168e+01 6.300000e+00
      vertex   -3.388017e+01 3.378363e+01 6.300000e+00
    endloop
  endfacet
  facet normal 0.000000e+00 0.000000e+00 1.000000e+00
    outer loop
      vertex   -3.281635e+01 3.378363e+01 6.300000e+00
      vertex   -3.388017e+01 3.378363e+01 6.300000e+00
      vertex   -3.316746e+01 3.369710e+01 6.300000e+00
    endloop
  endfacet
  facet normal 0.000000e+00 0.000000e+00 1.000000e+00
    outer loop
      vertex   -3.316746e+01 3.369710e+01 6.300000e+00
      vertex   -3.388017e+01 3.378363e+01 6.300000e+00
      vertex   -3.352907e+01 3.369710e+01 6.300000e+00
    endloop
  endfacet
  facet normal 0.000000e+00 -0.000000e+00 1.000000e+00
    outer loop
      vertex   -3.456520e+01 -4.234611e+01 6.300000e+00
      vertex   -3.165238e+01 -4.234611e+01 6.300000e+00
      vertex   -3.460879e+01 -4.198714e+01 6.300000e+00
    endloop
  endfacet
  facet normal -0.000000e+00 0.000000e+00 1.000000e+00
    outer loop
      vertex   -3.460879e+01 -4.198714e+01 6.300000e+00
      vertex   -3.165238e+01 -4.234611e+01 6.300000e+00
      vertex   -3.160879e+01 -4.198714e+01 6.300000e+00
    endloop
  endfacet
  facet normal 0.000000e+00 0.000000e+00 1.000000e+00
    outer loop
      vertex   -3.460879e+01 -4.198714e+01 6.300000e+00
      vertex   -3.160879e+01 -4.198714e+01 6.300000e+00
      vertex   -3.456520e+01 -4.162816e+01 6.300000e+00
    endloop
  endfacet
  facet normal -0.000000e+00 0.000000e+00 1.000000e+00
    outer loop
      vertex   -3.456520e+01 -4.162816e+01 6.300000e+00
      vertex   -3.160879e+01 -4.198714e+01 6.300000e+00
      vertex   -3.165238e+01 -4.162816e+01 6.300000e+00
    endloop
  endfacet
  facet normal 0.000000e+00 0.000000e+00 1.000000e+00
    outer loop
      vertex   -3.456520e+01 -4.162816e+01 6.300000e+00
      vertex   -3.165238e+01 -4.162816e+01 6.300000e+00
      vertex   -3.443697e+01 -4.129005e+01 6.300000e+00
    endloop
  endfacet
  facet normal -0.000000e+00 0.000000e+00 1.000000e+00
    outer loop
      vertex   -3.443697e+01 -4.129005e+01 6.300000e+00
      vertex   -3.165238e+01 -4.162816e+01 6.300000e+00
      vertex   -3.178061e+01 -4.129005e+01 6.300000e+00
    endloop
  endfacet
  facet normal 0.000000e+00 0.000000e+00 1.000000e+00
    outer loop
      vertex   -3.443697e+01 -4.129005e+01 6.300000e+00
      vertex   -3.178061e+01 -4.129005e+01 6.300000e+00
      vertex   -3.423156e+01 -4.099245e+01 6.300000e+00
    endloop
  endfacet
  facet normal -0.000000e+00 0.000000e+00 1.000000e+00
    outer loop
      vertex   -3.423156e+01 -4.099245e+01 6.300000e+00
      vertex   -3.178061e+01 -4.129005e+01 6.300000e+00
      vertex   -3.198602e+01 -4.099245e+01 6.300000e+00
    endloop
  endfacet
  facet normal 0.000000e+00 0.000000e+00 1.000000e+00
    outer loop
      vertex   -3.423156e+01 -4.099245e+01 6.300000e+00
      vertex   -3.198602e+01 -4.099245e+01 6.300000e+00
      vertex   -3.396089e+01 -4.075266e+01 6.300000e+00
    endloop
  endfacet
  facet normal -0.000000e+00 0.000000e+00 1.000000e+00
    outer loop
      vertex   -3.396089e+01 -4.075266e+01 6.300000e+00
      vertex   -3.198602e+01 -4.099245e+01 6.300000e+00
      vertex   -3.225669e+01 -4.075266e+01 6.300000e+00
    endloop
  endfacet
  facet normal 0.000000e+00 0.000000e+00 1.000000e+00
    outer loop
      vertex   -3.396089e+01 -4.075266e+01 6.300000e+00
      vertex   -3.225669e+01 -4.075266e+01 6.300000e+00
      vertex   -3.364070e+01 -4.058461e+01 6.300000e+00
    endloop
  endfacet
  facet normal -0.000000e+00 0.000000e+00 1.000000e+00
    outer loop
      vertex   -3.364070e+01 -4.058461e+01 6.300000e+00
      vertex   -3.225669e+01 -4.075266e+01 6.300000e+00
      vertex   -3.257688e+01 -4.058461e+01 6.300000e+00
    endloop
  endfacet
  facet normal 0.000000e+00 0.000000e+00 1.000000e+00
    outer loop
      vertex   -3.364070e+01 -4.058461e+01 6.300000e+00
      vertex   -3.257688e+01 -4.058461e+01 6.300000e+00
      vertex   -3.328959e+01 -4.049807e+01 6.300000e+00
    endloop
  endfacet
  facet normal -0.000000e+00 0.000000e+00 1.000000e+00
    outer loop
      vertex   -3.328959e+01 -4.049807e+01 6.300000e+00
      vertex   -3.257688e+01 -4.058461e+01 6.300000e+00
      vertex   -3.292798e+01 -4.049807e+01 6.300000e+00
    endloop
  endfacet
  facet normal 0.000000e+00 0.000000e+00 1.000000e+00
    outer loop
      vertex   -3.165238e+01 -4.234611e+01 6.300000e+00
      vertex   -3.456520e+01 -4.234611e+01 6.300000e+00
      vertex   -3.178061e+01 -4.268422e+01 6.300000e+00
    endloop
  endfacet
  facet normal 0.000000e+00 0.000000e+00 1.000000e+00
    outer loop
      vertex   -3.178061e+01 -4.268422e+01 6.300000e+00
      vertex   -3.456520e+01 -4.234611e+01 6.300000e+00
      vertex   -3.443697e+01 -4.268422e+01 6.300000e+00
    endloop
  endfacet
  facet normal 0.000000e+00 0.000000e+00 1.000000e+00
    outer loop
      vertex   -3.178061e+01 -4.268422e+01 6.300000e+00
      vertex   -3.443697e+01 -4.268422e+01 6.300000e+00
      vertex   -3.198602e+01 -4.298182e+01 6.300000e+00
    endloop
  endfacet
  facet normal 0.000000e+00 0.000000e+00 1.000000e+00
    outer loop
      vertex   -3.198602e+01 -4.298182e+01 6.300000e+00
      vertex   -3.443697e+01 -4.268422e+01 6.300000e+00
      vertex   -3.423156e+01 -4.298182e+01 6.300000e+00
    endloop
  endfacet
  facet normal 0.000000e+00 0.000000e+00 1.000000e+00
    outer loop
      vertex   -3.198602e+01 -4.298182e+01 6.300000e+00
      vertex   -3.423156e+01 -4.298182e+01 6.300000e+00
      vertex   -3.225669e+01 -4.322161e+01 6.300000e+00
    endloop
  endfacet
  facet normal 0.000000e+00 0.000000e+00 1.000000e+00
    outer loop
      vertex   -3.225669e+01 -4.322161e+01 6.300000e+00
      vertex   -3.423156e+01 -4.298182e+01 6.300000e+00
      vertex   -3.396089e+01 -4.322161e+01 6.300000e+00
    endloop
  endfacet
  facet normal 0.000000e+00 0.000000e+00 1.000000e+00
    outer loop
      vertex   -3.225669e+01 -4.322161e+01 6.300000e+00
      vertex   -3.396089e+01 -4.322161e+01 6.300000e+00
      vertex   -3.257688e+01 -4.338966e+01 6.300000e+00
    endloop
  endfacet
  facet normal 0.000000e+00 0.000000e+00 1.000000e+00
    outer loop
      vertex   -3.257688e+01 -4.338966e+01 6.300000e+00
      vertex   -3.396089e+01 -4.322161e+01 6.300000e+00
      vertex   -3.364070e+01 -4.338966e+01 6.300000e+00
    endloop
  endfacet
  facet normal 0.000000e+00 0.000000e+00 1.000000e+00
    outer loop
      vertex   -3.257688e+01 -4.338966e+01 6.300000e+00
      vertex   -3.364070e+01 -4.338966e+01 6.300000e+00
      vertex   -3.292798e+01 -4.347620e+01 6.300000e+00
    endloop
  endfacet
  facet normal 0.000000e+00 0.000000e+00 1.000000e+00
    outer loop
      vertex   -3.292798e+01 -4.347620e+01 6.300000e+00
      vertex   -3.364070e+01 -4.338966e+01 6.300000e+00
      vertex   -3.328959e+01 -4.347620e+01 6.300000e+00
    endloop
  endfacet
  facet normal 0.000000e+00 -0.000000e+00 1.000000e+00
    outer loop
      vertex   3.079263e+01 3.482719e+01 6.300000e+00
      vertex   3.370545e+01 3.482719e+01 6.300000e+00
      vertex   3.074904e+01 3.518616e+01 6.300000e+00
    endloop
  endfacet
  facet normal -0.000000e+00 0.000000e+00 1.000000e+00
    outer loop
      vertex   3.074904e+01 3.518616e+01 6.300000e+00
      vertex   3.370545e+01 3.482719e+01 6.300000e+00
      vertex   3.374904e+01 3.518616e+01 6.300000e+00
    endloop
  endfacet
  facet normal 0.000000e+00 0.000000e+00 1.000000e+00
    outer loop
      vertex   3.074904e+01 3.518616e+01 6.300000e+00
      vertex   3.374904e+01 3.518616e+01 6.300000e+00
      vertex   3.079263e+01 3.554513e+01 6.300000e+00
    endloop
  endfacet
  facet normal -0.000000e+00 0.000000e+00 1.000000e+00
    outer loop
      vertex   3.079263e+01 3.554513e+01 6.300000e+00
      vertex   3.374904e+01 3.518616e+01 6.300000e+00
      vertex   3.370545e+01 3.554513e+01 6.300000e+00
    endloop
  endfacet
  facet normal 0.000000e+00 0.000000e+00 1.000000e+00
    outer loop
      vertex   3.079263e+01 3.554513e+01 6.300000e+00
      vertex   3.370545e+01 3.554513e+01 6.300000e+00
      vertex   3.092085e+01 3.588324e+01 6.300000e+00
    endloop
  endfacet
  facet normal -0.000000e+00 0.000000e+00 1.000000e+00
    outer loop
      vertex   3.092085e+01 3.588324e+01 6.300000e+00
      vertex   3.370545e+01 3.554513e+01 6.300000e+00
      vertex   3.357722e+01 3.588324e+01 6.300000e+00
    endloop
  endfacet
  facet normal 0.000000e+00 0.000000e+00 1.000000e+00
    outer loop
      vertex   3.092085e+01 3.588324e+01 6.300000e+00
      vertex   3.357722e+01 3.588324e+01 6.300000e+00
      vertex   3.112627e+01 3.618084e+01 6.300000e+00
    endloop
  endfacet
  facet normal -0.000000e+00 0.000000e+00 1.000000e+00
    outer loop
      vertex   3.112627e+01 3.618084e+01 6.300000e+00
      vertex   3.357722e+01 3.588324e+01 6.300000e+00
      vertex   3.337180e+01 3.618084e+01 6.300000e+00
    endloop
  endfacet
  facet normal 0.000000e+00 0.000000e+00 1.000000e+00
    outer loop
      vertex   3.112627e+01 3.618084e+01 6.300000e+00
      vertex   3.337180e+01 3.618084e+01 6.300000e+00
      vertex   3.139694e+01 3.642063e+01 6.300000e+00
    endloop
  endfacet
  facet normal -0.000000e+00 0.000000e+00 1.000000e+00
    outer loop
      vertex   3.139694e+01 3.642063e+01 6.300000e+00
      vertex   3.337180e+01 3.618084e+01 6.300000e+00
      vertex   3.310114e+01 3.642063e+01 6.300000e+00
    endloop
  endfacet
  facet normal 0.000000e+00 0.000000e+00 1.000000e+00
    outer loop
      vertex   3.139694e+01 3.642063e+01 6.300000e+00
      vertex   3.310114e+01 3.642063e+01 6.300000e+00
      vertex   3.171713e+01 3.658868e+01 6.300000e+00
    endloop
  endfacet
  facet normal -0.000000e+00 0.000000e+00 1.000000e+00
    outer loop
      vertex   3.171713e+01 3.658868e+01 6.300000e+00
      vertex   3.310114e+01 3.642063e+01 6.300000e+00
      vertex   3.278095e+01 3.658868e+01 6.300000e+00
    endloop
  endfacet
  facet normal 0.000000e+00 0.000000e+00 1.000000e+00
    outer loop
      vertex   3.171713e+01 3.658868e+01 6.300000e+00
      vertex   3.278095e+01 3.658868e+01 6.300000e+00
      vertex   3.206823e+01 3.667522e+01 6.300000e+00
    endloop
  endfacet
  facet normal -0.000000e+00 0.000000e+00 1.000000e+00
    outer loop
      vertex   3.206823e+01 3.667522e+01 6.300000e+00
      vertex   3.278095e+01 3.658868e+01 6.300000e+00
      vertex   3.242984e+01 3.667522e+01 6.300000e+00
    endloop
  endfacet
  facet normal 0.000000e+00 0.000000e+00 1.000000e+00
    outer loop
      vertex   3.370545e+01 3.482719e+01 6.300000e+00
      vertex   3.079263e+01 3.482719e+01 6.300000e+00
      vertex   3.357722e+01 3.448907e+01 6.300000e+00
    endloop
  endfacet
  facet normal 0.000000e+00 0.000000e+00 1.000000e+00
    outer loop
      vertex   3.357722e+01 3.448907e+01 6.300000e+00
      vertex   3.079263e+01 3.482719e+01 6.300000e+00
      vertex   3.092085e+01 3.448907e+01 6.300000e+00
    endloop
  endfacet
  facet normal 0.000000e+00 0.000000e+00 1.000000e+00
    outer loop
      vertex   3.357722e+01 3.448907e+01 6.300000e+00
      vertex   3.092085e+01 3.448907e+01 6.300000e+00
      vertex   3.337180e+01 3.419147e+01 6.300000e+00
    endloop
  endfacet
  facet normal 0.000000e+00 0.000000e+00 1.000000e+00
    outer loop
      vertex   3.337180e+01 3.419147e+01 6.300000e+00
      vertex   3.092085e+01 3.448907e+01 6.300000e+00
      vertex   3.112627e+01 3.419147e+01 6.300000e+00
    endloop
  endfacet
  facet normal 0.000000e+00 0.000000e+00 1.000000e+00
    outer loop
      vertex   3.337180e+01 3.419147e+01 6.300000e+00
      vertex   3.112627e+01 3.419147e+01 6.300000e+00
      vertex   3.310114e+01 3.395168e+01 6.300000e+00
    endloop
  endfacet
  facet normal 0.000000e+00 0.000000e+00 1.000000e+00
    outer loop
      vertex   3.310114e+01 3.395168e+01 6.300000e+00
      vertex   3.112627e+01 3.419147e+01 6.300000e+00
      vertex   3.139694e+01 3.395168e+01 6.300000e+00
    endloop
  endfacet
  facet normal 0.000000e+00 0.000000e+00 1.000000e+00
    outer loop
      vertex   3.310114e+01 3.395168e+01 6.300000e+00
      vertex   3.139694e+01 3.395168e+01 6.300000e+00
      vertex   3.278095e+01 3.378363e+01 6.300000e+00
    endloop
  endfacet
  facet normal 0.000000e+00 0.000000e+00 1.000000e+00
    outer loop
      vertex   3.278095e+01 3.378363e+01 6.300000e+00
      vertex   3.139694e+01 3.395168e+01 6.300000e+00
      vertex   3.171713e+01 3.378363e+01 6.300000e+00
    endloop
  endfacet
  facet normal 0.000000e+00 0.000000e+00 1.000000e+00
    outer loop
      vertex   3.278095e+01 3.378363e+01 6.300000e+00
      vertex   3.171713e+01 3.378363e+01 6.300000e+00
      vertex   3.242984e+01 3.369710e+01 6.300000e+00
    endloop
  endfacet
  facet normal 0.000000e+00 0.000000e+00 1.000000e+00
    outer loop
      vertex   3.242984e+01 3.369710e+01 6.300000e+00
      vertex   3.171713e+01 3.378363e+01 6.300000e+00
      vertex   3.206823e+01 3.369710e+01 6.300000e+00
    endloop
  endfacet
  facet normal 0.000000e+00 -0.000000e+00 1.000000e+00
    outer loop
      vertex   3.070183e+01 -4.234611e+01 6.300000e+00
      vertex   3.361466e+01 -4.234611e+01 6.300000e+00
      vertex   3.065825e+01 -4.198714e+01 6.300000e+00
    endloop
  endfacet
  facet normal -0.000000e+00 0.000000e+00 1.000000e+00
    outer loop
      vertex   3.065825e+01 -4.198714e+01 6.300000e+00
      vertex   3.361466e+01 -4.234611e+01 6.300000e+00
      vertex   3.365825e+01 -4.198714e+01 6.300000e+00
    endloop
  endfacet
  facet normal 0.000000e+00 0.000000e+00 1.000000e+00
    outer loop
      vertex   3.065825e+01 -4.198714e+01 6.300000e+00
      vertex   3.365825e+01 -4.198714e+01 6.300000e+00
      vertex   3.070183e+01 -4.162816e+01 6.300000e+00
    endloop
  endfacet
  facet normal 0.000000e+00 0.000000e+00 1.000000e+00
    outer loop
      vertex   3.070183e+01 -4.162816e+01 6.300000e+00
      vertex   3.365825e+01 -4.198714e+01 6.300000e+00
      vertex   3.361466e+01 -4.162816e+01 6.300000e+00
    endloop
  endfacet
  facet normal -0.000000e+00 0.000000e+00 1.000000e+00
    outer loop
      vertex   3.070183e+01 -4.162816e+01 6.300000e+00
      vertex   3.361466e+01 -4.162816e+01 6.300000e+00
      vertex   3.083006e+01 -4.129005e+01 6.300000e+00
    endloop
  endfacet
  facet normal -0.000000e+00 0.000000e+00 1.000000e+00
    outer loop
      vertex   3.083006e+01 -4.129005e+01 6.300000e+00
      vertex   3.361466e+01 -4.162816e+01 6.300000e+00
      vertex   3.348643e+01 -4.129005e+01 6.300000e+00
    endloop
  endfacet
  facet normal 0.000000e+00 0.000000e+00 1.000000e+00
    outer loop
      vertex   3.083006e+01 -4.129005e+01 6.300000e+00
      vertex   3.348643e+01 -4.129005e+01 6.300000e+00
      vertex   3.103548e+01 -4.099245e+01 6.300000e+00
    endloop
  endfacet
  facet normal -0.000000e+00 0.000000e+00 1.000000e+00
    outer loop
      vertex   3.103548e+01 -4.099245e+01 6.300000e+00
      vertex   3.348643e+01 -4.129005e+01 6.300000e+00
      vertex   3.328101e+01 -4.099245e+01 6.300000e+00
    endloop
  endfacet
  facet normal 0.000000e+00 0.000000e+00 1.000000e+00
    outer loop
      vertex   3.103548e+01 -4.099245e+01 6.300000e+00
      vertex   3.328101e+01 -4.099245e+01 6.300000e+00
      vertex   3.130615e+01 -4.075266e+01 6.300000e+00
    endloop
  endfacet
  facet normal -0.000000e+00 0.000000e+00 1.000000e+00
    outer loop
      vertex   3.130615e+01 -4.075266e+01 6.300000e+00
      vertex   3.328101e+01 -4.099245e+01 6.300000e+00
      vertex   3.301034e+01 -4.075266e+01 6.300000e+00
    endloop
  endfacet
  facet normal 0.000000e+00 0.000000e+00 1.000000e+00
    outer loop
      vertex   3.130615e+01 -4.075266e+01 6.300000e+00
      vertex   3.301034e+01 -4.075266e+01 6.300000e+00
      vertex   3.162634e+01 -4.058461e+01 6.300000e+00
    endloop
  endfacet
  facet normal -0.000000e+00 0.000000e+00 1.000000e+00
    outer loop
      vertex   3.162634e+01 -4.058461e+01 6.300000e+00
      vertex   3.301034e+01 -4.075266e+01 6.300000e+00
      vertex   3.269015e+01 -4.058461e+01 6.300000e+00
    endloop
  endfacet
  facet normal 0.000000e+00 0.000000e+00 1.000000e+00
    outer loop
      vertex   3.162634e+01 -4.058461e+01 6.300000e+00
      vertex   3.269015e+01 -4.058461e+01 6.300000e+00
      vertex   3.197744e+01 -4.049807e+01 6.300000e+00
    endloop
  endfacet
  facet normal -0.000000e+00 0.000000e+00 1.000000e+00
    outer loop
      vertex   3.197744e+01 -4.049807e+01 6.300000e+00
      vertex   3.269015e+01 -4.058461e+01 6.300000e+00
      vertex   3.233905e+01 -4.049807e+01 6.300000e+00
    endloop
  endfacet
  facet normal 0.000000e+00 0.000000e+00 1.000000e+00
    outer loop
      vertex   3.361466e+01 -4.234611e+01 6.300000e+00
      vertex   3.070183e+01 -4.234611e+01 6.300000e+00
      vertex   3.348643e+01 -4.268422e+01 6.300000e+00
    endloop
  endfacet
  facet normal 0.000000e+00 0.000000e+00 1.000000e+00
    outer loop
      vertex   3.348643e+01 -4.268422e+01 6.300000e+00
      vertex   3.070183e+01 -4.234611e+01 6.300000e+00
      vertex   3.083006e+01 -4.268422e+01 6.300000e+00
    endloop
  endfacet
  facet normal 0.000000e+00 0.000000e+00 1.000000e+00
    outer loop
      vertex   3.348643e+01 -4.268422e+01 6.300000e+00
      vertex   3.083006e+01 -4.268422e+01 6.300000e+00
      vertex   3.328101e+01 -4.298182e+01 6.300000e+00
    endloop
  endfacet
  facet normal 0.000000e+00 0.000000e+00 1.000000e+00
    outer loop
      vertex   3.328101e+01 -4.298182e+01 6.300000e+00
      vertex   3.083006e+01 -4.268422e+01 6.300000e+00
      vertex   3.103548e+01 -4.298182e+01 6.300000e+00
    endloop
  endfacet
  facet normal 0.000000e+00 0.000000e+00 1.000000e+00
    outer loop
      vertex   3.328101e+01 -4.298182e+01 6.300000e+00
      vertex   3.103548e+01 -4.298182e+01 6.300000e+00
      vertex   3.301034e+01 -4.322161e+01 6.300000e+00
    endloop
  endfacet
  facet normal 0.000000e+00 0.000000e+00 1.000000e+00
    outer loop
      vertex   3.301034e+01 -4.322161e+01 6.300000e+00
      vertex   3.103548e+01 -4.298182e+01 6.300000e+00
      vertex   3.130615e+01 -4.322161e+01 6.300000e+00
    endloop
  endfacet
  facet normal 0.000000e+00 0.000000e+00 1.000000e+00
    outer loop
      vertex   3.301034e+01 -4.322161e+01 6.300000e+00
      vertex   3.130615e+01 -4.322161e+01 6.300000e+00
      vertex   3.269015e+01 -4.338966e+01 6.300000e+00
    endloop
  endfacet
  facet normal 0.000000e+00 0.000000e+00 1.000000e+00
    outer loop
      vertex   3.269015e+01 -4.338966e+01 6.300000e+00
      vertex   3.130615e+01 -4.322161e+01 6.300000e+00
      vertex   3.162634e+01 -4.338966e+01 6.300000e+00
    endloop
  endfacet
  facet normal 0.000000e+00 0.000000e+00 1.000000e+00
    outer loop
      vertex   3.269015e+01 -4.338966e+01 6.300000e+00
      vertex   3.162634e+01 -4.338966e+01 6.300000e+00
      vertex   3.233905e+01 -4.347620e+01 6.300000e+00
    endloop
  endfacet
  facet normal 0.000000e+00 0.000000e+00 1.000000e+00
    outer loop
      vertex   3.233905e+01 -4.347620e+01 6.300000e+00
      vertex   3.162634e+01 -4.338966e+01 6.300000e+00
      vertex   3.197744e+01 -4.347620e+01 6.300000e+00
    endloop
  endfacet
  facet normal 0.000000e+00 1.000000e+00 -1.015061e-15
    outer loop
      vertex   3.704497e+01 4.065772e+01 0.000000e+00
      vertex   -4.195503e+01 4.065772e+01 0.000000e+00
      vertex   3.704497e+01 4.065772e+01 7.000000e+00
    endloop
  endfacet
  facet normal 0.000000e+00 1.000000e+00 -1.015061e-15
    outer loop
      vertex   3.704497e+01 4.065772e+01 7.000000e+00
      vertex   -4.195503e+01 4.065772e+01 0.000000e+00
      vertex   -4.195503e+01 4.065772e+01 7.000000e+00
    endloop
  endfacet
  facet normal 9.914449e-01 1.305262e-01 0.000000e+00
    outer loop
      vertex   3.824497e+01 3.945772e+01 7.000000e+00
      vertex   3.824497e+01 3.945772e+01 0.000000e+00
      vertex   3.820408e+01 3.976830e+01 7.000000e+00
    endloop
  endfacet
  facet normal 9.914449e-01 1.305262e-01 0.000000e+00
    outer loop
      vertex   3.820408e+01 3.976830e+01 7.000000e+00
      vertex   3.824497e+01 3.945772e+01 0.000000e+00
      vertex   3.820408e+01 3.976830e+01 0.000000e+00
    endloop
  endfacet
  facet normal 9.238795e-01 3.826834e-01 0.000000e+00
    outer loop
      vertex   3.820408e+01 3.976830e+01 7.000000e+00
      vertex   3.820408e+01 3.976830e+01 0.000000e+00
      vertex   3.808420e+01 4.005772e+01 7.000000e+00
    endloop
  endfacet
  facet normal 9.238795e-01 3.826834e-01 0.000000e+00
    outer loop
      vertex   3.808420e+01 4.005772e+01 7.000000e+00
      vertex   3.820408e+01 3.976830e+01 0.000000e+00
      vertex   3.808420e+01 4.005772e+01 0.000000e+00
    endloop
  endfacet
  facet normal 7.933533e-01 6.087614e-01 0.000000e+00
    outer loop
      vertex   3.808420e+01 4.005772e+01 7.000000e+00
      vertex   3.808420e+01 4.005772e+01 0.000000e+00
      vertex   3.789350e+01 4.030625e+01 7.000000e+00
    endloop
  endfacet
  facet normal 7.933533e-01 6.087614e-01 0.000000e+00
    outer loop
      vertex   3.789350e+01 4.030625e+01 7.000000e+00
      vertex   3.808420e+01 4.005772e+01 0.000000e+00
      vertex   3.789350e+01 4.030625e+01 0.000000e+00
    endloop
  endfacet
  facet normal 6.087614e-01 7.933533e-01 0.000000e+00
    outer loop
      vertex   3.789350e+01 4.030625e+01 7.000000e+00
      vertex   3.789350e+01 4.030625e+01 0.000000e+00
      vertex   3.764497e+01 4.049695e+01 7.000000e+00
    endloop
  endfacet
  facet normal 6.087614e-01 7.933533e-01 0.000000e+00
    outer loop
      vertex   3.764497e+01 4.049695e+01 7.000000e+00
      vertex   3.789350e+01 4.030625e+01 0.000000e+00
      vertex   3.764497e+01 4.049695e+01 0.000000e+00
    endloop
  endfacet
  facet normal 3.826834e-01 9.238795e-01 0.000000e+00
    outer loop
      vertex   3.764497e+01 4.049695e+01 7.000000e+00
      vertex   3.764497e+01 4.049695e+01 0.000000e+00
      vertex   3.735555e+01 4.061683e+01 7.000000e+00
    endloop
  endfacet
  facet normal 3.826834e-01 9.238795e-01 0.000000e+00
    outer loop
      vertex   3.735555e+01 4.061683e+01 7.000000e+00
      vertex   3.764497e+01 4.049695e+01 0.000000e+00
      vertex   3.735555e+01 4.061683e+01 0.000000e+00
    endloop
  endfacet
  facet normal 1.305262e-01 9.914449e-01 0.000000e+00
    outer loop
      vertex   3.735555e+01 4.061683e+01 7.000000e+00
      vertex   3.735555e+01 4.061683e+01 0.000000e+00
      vertex   3.704497e+01 4.065772e+01 7.000000e+00
    endloop
  endfacet
  facet normal 1.305262e-01 9.914449e-01 -1.006377e-15
    outer loop
      vertex   3.704497e+01 4.065772e+01 7.000000e+00
      vertex   3.735555e+01 4.061683e+01 0.000000e+00
      vertex   3.704497e+01 4.065772e+01 0.000000e+00
    endloop
  endfacet
  facet normal 1.000000e+00 3.266863e-16 -0.000000e+00
    outer loop
      vertex   3.824497e+01 -4.754228e+01 0.000000e+00
      vertex   3.824497e+01 3.945772e+01 0.000000e+00
      vertex   3.824497e+01 -4.754228e+01 7.000000e+00
    endloop
  endfacet
  facet normal 1.000000e+00 3.266863e-16 0.000000e+00
    outer loop
      vertex   3.824497e+01 -4.754228e+01 7.000000e+00
      vertex   3.824497e+01 3.945772e+01 0.000000e+00
      vertex   3.824497e+01 3.945772e+01 7.000000e+00
    endloop
  endfacet
  facet normal 1.305262e-01 -9.914449e-01 0.000000e+00
    outer loop
      vertex   3.704497e+01 -4.874228e+01 7.000000e+00
      vertex   3.704497e+01 -4.874228e+01 0.000000e+00
      vertex   3.735555e+01 -4.870139e+01 7.000000e+00
    endloop
  endfacet
  facet normal 1.305262e-01 -9.914449e-01 0.000000e+00
    outer loop
      vertex   3.735555e+01 -4.870139e+01 7.000000e+00
      vertex   3.704497e+01 -4.874228e+01 0.000000e+00
      vertex   3.735555e+01 -4.870139e+01 0.000000e+00
    endloop
  endfacet
  facet normal 3.826834e-01 -9.238795e-01 0.000000e+00
    outer loop
      vertex   3.735555e+01 -4.870139e+01 7.000000e+00
      vertex   3.735555e+01 -4.870139e+01 0.000000e+00
      vertex   3.764497e+01 -4.858151e+01 7.000000e+00
    endloop
  endfacet
  facet normal 3.826834e-01 -9.238795e-01 0.000000e+00
    outer loop
      vertex   3.764497e+01 -4.858151e+01 7.000000e+00
      vertex   3.735555e+01 -4.870139e+01 0.000000e+00
      vertex   3.764497e+01 -4.858151e+01 0.000000e+00
    endloop
  endfacet
  facet normal 6.087614e-01 -7.933533e-01 0.000000e+00
    outer loop
      vertex   3.764497e+01 -4.858151e+01 7.000000e+00
      vertex   3.764497e+01 -4.858151e+01 0.000000e+00
      vertex   3.789350e+01 -4.839081e+01 7.000000e+00
    endloop
  endfacet
  facet normal 6.087614e-01 -7.933533e-01 0.000000e+00
    outer loop
      vertex   3.789350e+01 -4.839081e+01 7.000000e+00
      vertex   3.764497e+01 -4.858151e+01 0.000000e+00
      vertex   3.789350e+01 -4.839081e+01 0.000000e+00
    endloop
  endfacet
  facet normal 7.933533e-01 -6.087614e-01 0.000000e+00
    outer loop
      vertex   3.789350e+01 -4.839081e+01 7.000000e+00
      vertex   3.789350e+01 -4.839081e+01 0.000000e+00
      vertex   3.808420e+01 -4.814228e+01 7.000000e+00
    endloop
  endfacet
  facet normal 7.933533e-01 -6.087614e-01 0.000000e+00
    outer loop
      vertex   3.808420e+01 -4.814228e+01 7.000000e+00
      vertex   3.789350e+01 -4.839081e+01 0.000000e+00
      vertex   3.808420e+01 -4.814228e+01 0.000000e+00
    endloop
  endfacet
  facet normal 9.238795e-01 -3.826834e-01 0.000000e+00
    outer loop
      vertex   3.808420e+01 -4.814228e+01 7.000000e+00
      vertex   3.808420e+01 -4.814228e+01 0.000000e+00
      vertex   3.820408e+01 -4.785286e+01 7.000000e+00
    endloop
  endfacet
  facet normal 9.238795e-01 -3.826834e-01 0.000000e+00
    outer loop
      vertex   3.820408e+01 -4.785286e+01 7.000000e+00
      vertex   3.808420e+01 -4.814228e+01 0.000000e+00
      vertex   3.820408e+01 -4.785286e+01 0.000000e+00
    endloop
  endfacet
  facet normal 9.914449e-01 -1.305262e-01 0.000000e+00
    outer loop
      vertex   3.820408e+01 -4.785286e+01 7.000000e+00
      vertex   3.820408e+01 -4.785286e+01 0.000000e+00
      vertex   3.824497e+01 -4.754228e+01 7.000000e+00
    endloop
  endfacet
  facet normal 9.914449e-01 -1.305262e-01 0.000000e+00
    outer loop
      vertex   3.824497e+01 -4.754228e+01 7.000000e+00
      vertex   3.820408e+01 -4.785286e+01 0.000000e+00
      vertex   3.824497e+01 -4.754228e+01 0.000000e+00
    endloop
  endfacet
  facet normal 0.000000e+00 -1.000000e+00 0.000000e+00
    outer loop
      vertex   -4.195503e+01 -4.874228e+01 0.000000e+00
      vertex   3.704497e+01 -4.874228e+01 0.000000e+00
      vertex   -4.195503e+01 -4.874228e+01 7.000000e+00
    endloop
  endfacet
  facet normal 0.000000e+00 -1.000000e+00 0.000000e+00
    outer loop
      vertex   -4.195503e+01 -4.874228e+01 7.000000e+00
      vertex   3.704497e+01 -4.874228e+01 0.000000e+00
      vertex   3.704497e+01 -4.874228e+01 7.000000e+00
    endloop
  endfacet
  facet normal -9.914449e-01 -1.305262e-01 -0.000000e+00
    outer loop
      vertex   -4.315503e+01 -4.754228e+01 7.000000e+00
      vertex   -4.315503e+01 -4.754228e+01 0.000000e+00
      vertex   -4.311414e+01 -4.785286e+01 7.000000e+00
    endloop
  endfacet
  facet normal -9.914449e-01 -1.305262e-01 -0.000000e+00
    outer loop
      vertex   -4.311414e+01 -4.785286e+01 7.000000e+00
      vertex   -4.315503e+01 -4.754228e+01 0.000000e+00
      vertex   -4.311414e+01 -4.785286e+01 0.000000e+00
    endloop
  endfacet
  facet normal -9.238795e-01 -3.826834e-01 -0.000000e+00
    outer loop
      vertex   -4.311414e+01 -4.785286e+01 7.000000e+00
      vertex   -4.311414e+01 -4.785286e+01 0.000000e+00
      vertex   -4.299426e+01 -4.814228e+01 7.000000e+00
    endloop
  endfacet
  facet normal -9.238795e-01 -3.826834e-01 -0.000000e+00
    outer loop
      vertex   -4.299426e+01 -4.814228e+01 7.000000e+00
      vertex   -4.311414e+01 -4.785286e+01 0.000000e+00
      vertex   -4.299426e+01 -4.814228e+01 0.000000e+00
    endloop
  endfacet
  facet normal -7.933533e-01 -6.087614e-01 -0.000000e+00
    outer loop
      vertex   -4.299426e+01 -4.814228e+01 7.000000e+00
      vertex   -4.299426e+01 -4.814228e+01 0.000000e+00
      vertex   -4.280356e+01 -4.839081e+01 7.000000e+00
    endloop
  endfacet
  facet normal -7.933533e-01 -6.087614e-01 -0.000000e+00
    outer loop
      vertex   -4.280356e+01 -4.839081e+01 7.000000e+00
      vertex   -4.299426e+01 -4.814228e+01 0.000000e+00
      vertex   -4.280356e+01 -4.839081e+01 0.000000e+00
    endloop
  endfacet
  facet normal -6.087614e-01 -7.933533e-01 -0.000000e+00
    outer loop
      vertex   -4.280356e+01 -4.839081e+01 7.000000e+00
      vertex   -4.280356e+01 -4.839081e+01 0.000000e+00
      vertex   -4.255503e+01 -4.858151e+01 7.000000e+00
    endloop
  endfacet
  facet normal -6.087614e-01 -7.933533e-01 -0.000000e+00
    outer loop
      vertex   -4.255503e+01 -4.858151e+01 7.000000e+00
      vertex   -4.280356e+01 -4.839081e+01 0.000000e+00
      vertex   -4.255503e+01 -4.858151e+01 0.000000e+00
    endloop
  endfacet
  facet normal -3.826834e-01 -9.238795e-01 -0.000000e+00
    outer loop
      vertex   -4.255503e+01 -4.858151e+01 7.000000e+00
      vertex   -4.255503e+01 -4.858151e+01 0.000000e+00
      vertex   -4.226561e+01 -4.870139e+01 7.000000e+00
    endloop
  endfacet
  facet normal -3.826834e-01 -9.238795e-01 -0.000000e+00
    outer loop
      vertex   -4.226561e+01 -4.870139e+01 7.000000e+00
      vertex   -4.255503e+01 -4.858151e+01 0.000000e+00
      vertex   -4.226561e+01 -4.870139e+01 0.000000e+00
    endloop
  endfacet
  facet normal -1.305262e-01 -9.914449e-01 -0.000000e+00
    outer loop
      vertex   -4.226561e+01 -4.870139e+01 7.000000e+00
      vertex   -4.226561e+01 -4.870139e+01 0.000000e+00
      vertex   -4.195503e+01 -4.874228e+01 7.000000e+00
    endloop
  endfacet
  facet normal -1.305262e-01 -9.914449e-01 -0.000000e+00
    outer loop
      vertex   -4.195503e+01 -4.874228e+01 7.000000e+00
      vertex   -4.226561e+01 -4.870139e+01 0.000000e+00
      vertex   -4.195503e+01 -4.874228e+01 0.000000e+00
    endloop
  endfacet
  facet normal -1.000000e+00 -4.900295e-16 0.000000e+00
    outer loop
      vertex   -4.315503e+01 3.945772e+01 0.000000e+00
      vertex   -4.315503e+01 -4.754228e+01 0.000000e+00
      vertex   -4.315503e+01 3.945772e+01 7.000000e+00
    endloop
  endfacet
  facet normal -1.000000e+00 -4.900295e-16 0.000000e+00
    outer loop
      vertex   -4.315503e+01 3.945772e+01 7.000000e+00
      vertex   -4.315503e+01 -4.754228e+01 0.000000e+00
      vertex   -4.315503e+01 -4.754228e+01 7.000000e+00
    endloop
  endfacet
  facet normal -1.305262e-01 9.914449e-01 -1.006377e-15
    outer loop
      vertex   -4.195503e+01 4.065772e+01 7.000000e+00
      vertex   -4.195503e+01 4.065772e+01 0.000000e+00
      vertex   -4.226561e+01 4.061683e+01 7.000000e+00
    endloop
  endfacet
  facet normal -1.305262e-01 9.914449e-01 0.000000e+00
    outer loop
      vertex   -4.226561e+01 4.061683e+01 7.000000e+00
      vertex   -4.195503e+01 4.065772e+01 0.000000e+00
      vertex   -4.226561e+01 4.061683e+01 0.000000e+00
    endloop
  endfacet
  facet normal -3.826834e-01 9.238795e-01 0.000000e+00
    outer loop
      vertex   -4.226561e+01 4.061683e+01 7.000000e+00
      vertex   -4.226561e+01 4.061683e+01 0.000000e+00
      vertex   -4.255503e+01 4.049695e+01 7.000000e+00
    endloop
  endfacet
  facet normal -3.826834e-01 9.238795e-01 0.000000e+00
    outer loop
      vertex   -4.255503e+01 4.049695e+01 7.000000e+00
      vertex   -4.226561e+01 4.061683e+01 0.000000e+00
      vertex   -4.255503e+01 4.049695e+01 0.000000e+00
    endloop
  endfacet
  facet normal -6.087614e-01 7.933533e-01 0.000000e+00
    outer loop
      vertex   -4.255503e+01 4.049695e+01 7.000000e+00
      vertex   -4.255503e+01 4.049695e+01 0.000000e+00
      vertex   -4.280356e+01 4.030625e+01 7.000000e+00
    endloop
  endfacet
  facet normal -6.087614e-01 7.933533e-01 0.000000e+00
    outer loop
      vertex   -4.280356e+01 4.030625e+01 7.000000e+00
      vertex   -4.255503e+01 4.049695e+01 0.000000e+00
      vertex   -4.280356e+01 4.030625e+01 0.000000e+00
    endloop
  endfacet
  facet normal -7.933533e-01 6.087614e-01 0.000000e+00
    outer loop
      vertex   -4.280356e+01 4.030625e+01 7.000000e+00
      vertex   -4.280356e+01 4.030625e+01 0.000000e+00
      vertex   -4.299426e+01 4.005772e+01 7.000000e+00
    endloop
  endfacet
  facet normal -7.933533e-01 6.087614e-01 0.000000e+00
    outer loop
      vertex   -4.299426e+01 4.005772e+01 7.000000e+00
      vertex   -4.280356e+01 4.030625e+01 0.000000e+00
      vertex   -4.299426e+01 4.005772e+01 0.000000e+00
    endloop
  endfacet
  facet normal -9.238795e-01 3.826834e-01 0.000000e+00
    outer loop
      vertex   -4.299426e+01 4.005772e+01 7.000000e+00
      vertex   -4.299426e+01 4.005772e+01 0.000000e+00
      vertex   -4.311414e+01 3.976830e+01 7.000000e+00
    endloop
  endfacet
  facet normal -9.238795e-01 3.826834e-01 0.000000e+00
    outer loop
      vertex   -4.311414e+01 3.976830e+01 7.000000e+00
      vertex   -4.299426e+01 4.005772e+01 0.000000e+00
      vertex   -4.311414e+01 3.976830e+01 0.000000e+00
    endloop
  endfacet
  facet normal -9.914449e-01 1.305262e-01 0.000000e+00
    outer loop
      vertex   -4.311414e+01 3.976830e+01 7.000000e+00
      vertex   -4.311414e+01 3.976830e+01 0.000000e+00
      vertex   -4.315503e+01 3.945772e+01 7.000000e+00
    endloop
  endfacet
  facet normal -9.914449e-01 1.305262e-01 0.000000e+00
    outer loop
      vertex   -4.315503e+01 3.945772e+01 7.000000e+00
      vertex   -4.311414e+01 3.976830e+01 0.000000e+00
      vertex   -4.315503e+01 3.945772e+01 0.000000e+00
    endloop
  endfacet
  facet normal 0.000000e+00 -0.000000e+00 -1.000000e+00
    outer loop
      vertex   -4.311414e+01 3.976830e+01 0.000000e+00
      vertex   -4.299426e+01 4.005772e+01 0.000000e+00
      vertex   -4.315503e+01 3.945772e+01 0.000000e+00
    endloop
  endfacet
  facet normal 0.000000e+00 0.000000e+00 -1.000000e+00
    outer loop
      vertex   -4.315503e+01 3.945772e+01 0.000000e+00
      vertex   -4.299426e+01 4.005772e+01 0.000000e+00
      vertex   -4.280356e+01 4.030625e+01 0.000000e+00
    endloop
  endfacet
  facet normal 0.000000e+00 0.000000e+00 -1.000000e+00
    outer loop
      vertex   -4.315503e+01 3.945772e+01 0.000000e+00
      vertex   -4.280356e+01 4.030625e+01 0.000000e+00
      vertex   -4.255503e+01 4.049695e+01 0.000000e+00
    endloop
  endfacet
  facet normal 0.000000e+00 -0.000000e+00 -1.000000e+00
    outer loop
      vertex   -4.255503e+01 4.049695e+01 0.000000e+00
      vertex   -4.226561e+01 4.061683e+01 0.000000e+00
      vertex   -4.315503e+01 3.945772e+01 0.000000e+00
    endloop
  endfacet
  facet normal 0.000000e+00 0.000000e+00 -1.000000e+00
    outer loop
      vertex   -4.315503e+01 3.945772e+01 0.000000e+00
      vertex   -4.226561e+01 4.061683e+01 0.000000e+00
      vertex   -4.195503e+01 4.065772e+01 0.000000e+00
    endloop
  endfacet
  facet normal 0.000000e+00 0.000000e+00 -1.000000e+00
    outer loop
      vertex   -4.315503e+01 3.945772e+01 0.000000e+00
      vertex   -4.195503e+01 4.065772e+01 0.000000e+00
      vertex   -4.315503e+01 -4.754228e+01 0.000000e+00
    endloop
  endfacet
  facet normal 0.000000e+00 0.000000e+00 -1.000000e+00
    outer loop
      vertex   -4.315503e+01 -4.754228e+01 0.000000e+00
      vertex   -4.195503e+01 4.065772e+01 0.000000e+00
      vertex   -4.195503e+01 -4.874228e+01 0.000000e+00
    endloop
  endfacet
  facet normal 0.000000e+00 0.000000e+00 -1.000000e+00
    outer loop
      vertex   -4.315503e+01 -4.754228e+01 0.000000e+00
      vertex   -4.195503e+01 -4.874228e+01 0.000000e+00
      vertex   -4.226561e+01 -4.870139e+01 0.000000e+00
    endloop
  endfacet
  facet normal 0.000000e+00 0.000000e+00 -1.000000e+00
    outer loop
      vertex   -4.195503e+01 4.065772e+01 0.000000e+00
      vertex   3.704497e+01 4.065772e+01 0.000000e+00
      vertex   -4.195503e+01 -4.874228e+01 0.000000e+00
    endloop
  endfacet
  facet normal 0.000000e+00 0.000000e+00 -1.000000e+00
    outer loop
      vertex   -4.195503e+01 -4.874228e+01 0.000000e+00
      vertex   3.704497e+01 4.065772e+01 0.000000e+00
      vertex   3.704497e+01 -4.874228e+01 0.000000e+00
    endloop
  endfacet
  facet normal 0.000000e+00 0.000000e+00 -1.000000e+00
    outer loop
      vertex   3.704497e+01 -4.874228e+01 0.000000e+00
      vertex   3.704497e+01 4.065772e+01 0.000000e+00
      vertex   3.824497e+01 -4.754228e+01 0.000000e+00
    endloop
  endfacet
  facet normal 0.000000e+00 0.000000e+00 -1.000000e+00
    outer loop
      vertex   3.704497e+01 -4.874228e+01 0.000000e+00
      vertex   3.824497e+01 -4.754228e+01 0.000000e+00
      vertex   3.735555e+01 -4.870139e+01 0.000000e+00
    endloop
  endfacet
  facet normal 0.000000e+00 0.000000e+00 -1.000000e+00
    outer loop
      vertex   3.735555e+01 -4.870139e+01 0.000000e+00
      vertex   3.824497e+01 -4.754228e+01 0.000000e+00
      vertex   3.764497e+01 -4.858151e+01 0.000000e+00
    endloop
  endfacet
  facet normal 0.000000e+00 0.000000e+00 -1.000000e+00
    outer loop
      vertex   3.764497e+01 -4.858151e+01 0.000000e+00
      vertex   3.824497e+01 -4.754228e+01 0.000000e+00
      vertex   3.789350e+01 -4.839081e+01 0.000000e+00
    endloop
  endfacet
  facet normal 0.000000e+00 0.000000e+00 -1.000000e+00
    outer loop
      vertex   3.789350e+01 -4.839081e+01 0.000000e+00
      vertex   3.824497e+01 -4.754228e+01 0.000000e+00
      vertex   3.808420e+01 -4.814228e+01 0.000000e+00
    endloop
  endfacet
  facet normal 0.000000e+00 0.000000e+00 -1.000000e+00
    outer loop
      vertex   3.808420e+01 -4.814228e+01 0.000000e+00
      vertex   3.824497e+01 -4.754228e+01 0.000000e+00
      vertex   3.820408e+01 -4.785286e+01 0.000000e+00
    endloop
  endfacet
  facet normal 0.000000e+00 0.000000e+00 -1.000000e+00
    outer loop
      vertex   3.824497e+01 -4.754228e+01 0.000000e+00
      vertex   3.704497e+01 4.065772e+01 0.000000e+00
      vertex   3.824497e+01 3.945772e+01 0.000000e+00
    endloop
  endfacet
  facet normal 0.000000e+00 0.000000e+00 -1.000000e+00
    outer loop
      vertex   3.824497e+01 3.945772e+01 0.000000e+00
      vertex   3.704497e+01 4.065772e+01 0.000000e+00
      vertex   3.735555e+01 4.061683e+01 0.000000e+00
    endloop
  endfacet
  facet normal 0.000000e+00 0.000000e+00 -1.000000e+00
    outer loop
      vertex   3.824497e+01 3.945772e+01 0.000000e+00
      vertex   3.735555e+01 4.061683e+01 0.000000e+00
      vertex   3.764497e+01 4.049695e+01 0.000000e+00
    endloop
  endfacet
  facet normal 0.000000e+00 0.000000e+00 -1.000000e+00
    outer loop
      vertex   3.764497e+01 4.049695e+01 0.000000e+00
      vertex   3.789350e+01 4.030625e+01 0.000000e+00
      vertex   3.824497e+01 3.945772e+01 0.000000e+00
    endloop
  endfacet
  facet normal 0.000000e+00 0.000000e+00 -1.000000e+00
    outer loop
      vertex   3.824497e+01 3.945772e+01 0.000000e+00
      vertex   3.789350e+01 4.030625e+01 0.000000e+00
      vertex   3.808420e+01 4.005772e+01 0.000000e+00
    endloop
  endfacet
  facet normal 0.000000e+00 0.000000e+00 -1.000000e+00
    outer loop
      vertex   3.824497e+01 3.945772e+01 0.000000e+00
      vertex   3.808420e+01 4.005772e+01 0.000000e+00
      vertex   3.820408e+01 3.976830e+01 0.000000e+00
    endloop
  endfacet
  facet normal 0.000000e+00 0.000000e+00 -1.000000e+00
    outer loop
      vertex   -4.226561e+01 -4.870139e+01 0.000000e+00
      vertex   -4.255503e+01 -4.858151e+01 0.000000e+00
      vertex   -4.315503e+01 -4.754228e+01 0.000000e+00
    endloop
  endfacet
  facet normal 0.000000e+00 0.000000e+00 -1.000000e+00
    outer loop
      vertex   -4.315503e+01 -4.754228e+01 0.000000e+00
      vertex   -4.255503e+01 -4.858151e+01 0.000000e+00
      vertex   -4.280356e+01 -4.839081e+01 0.000000e+00
    endloop
  endfacet
  facet normal 0.000000e+00 0.000000e+00 -1.000000e+00
    outer loop
      vertex   -4.315503e+01 -4.754228e+01 0.000000e+00
      vertex   -4.280356e+01 -4.839081e+01 0.000000e+00
      vertex   -4.299426e+01 -4.814228e+01 0.000000e+00
    endloop
  endfacet
  facet normal 0.000000e+00 0.000000e+00 -1.000000e+00
    outer loop
      vertex   -4.299426e+01 -4.814228e+01 0.000000e+00
      vertex   -4.311414e+01 -4.785286e+01 0.000000e+00
      vertex   -4.315503e+01 -4.754228e+01 0.000000e+00
    endloop
  endfacet
endsolid
